# Plummer sphere, M=1, a=1, virial equilibrium; seed=20260821
# x y z vx vy vz mass
-0.677325092 5.8560049 2.06820019 -0.172701098 0.105861824 -0.11320572 0.000244140625
1.83160112 0.319564871 -0.717751402 0.210068112 -0.484517107 -0.308297332 0.000244140625
-2.07987365 1.08761305 -0.543869276 0.238217739 -0.384327408 -0.00116683927 0.000244140625
-0.774230641 -0.641415682 -0.901249311 -0.449960817 0.21207184 0.166272706 0.000244140625
1.46631257 -0.83125273 0.0212319784 0.0790749574 0.00124926796 -0.200605951 0.000244140625
-0.119432153 0.160343 -0.0630393892 -0.0297232982 -0.209028997 0.151009261 0.000244140625
-0.958443864 -0.488500274 -0.207159163 -0.49847537 0.247573108 0.189539777 0.000244140625
1.26189516 -1.0512245 0.0748542591 -0.0969683853 0.0801629773 0.643657964 0.000244140625
-0.689491858 -0.56078339 0.327161641 -0.33012673 -0.183459577 0.516589161 0.000244140625
1.25511062 1.06065764 -0.329852432 -0.376343336 0.406994504 -0.151815773 0.000244140625
0.0402501426 -0.127000956 -3.10425467 0.0615152158 0.284987717 -0.0578607549 0.000244140625
-0.504982348 0.173970403 -0.207032941 -0.486832897 0.398143767 0.522830809 0.000244140625
1.76438315 0.385955242 0.806056642 -0.48023601 -0.146196369 0.00574793061 0.000244140625
0.285326793 -1.71893294 0.275512787 -0.313937643 0.231803471 -0.042659583 0.000244140625
-0.329399193 0.0141205481 0.517990932 -0.611651644 0.147748455 -0.398875986 0.000244140625
-1.59959869 0.121469734 -0.40928464 0.00894614402 -0.44816002 -0.140489219 0.000244140625
-0.422988534 0.262383468 0.800177249 -0.822125936 0.00869861249 -0.410910338 0.000244140625
-0.825215449 1.57781281 1.0160369 0.478099257 0.184823232 -0.159326074 0.000244140625
0.566878179 -0.372693231 0.134561983 0.402954914 0.361579505 0.487303918 0.000244140625
0.290210647 -0.591741546 0.199561488 0.176528069 0.465087465 0.363878295 0.000244140625
-1.31411633 0.370707119 -0.235232701 -0.21234734 0.597850787 -0.167965613 0.000244140625
-0.0765767001 0.0415989632 0.35547224 -0.00792068226 -0.131439692 0.0756886373 0.000244140625
0.117205701 -0.140355122 0.0153825429 -0.325527932 0.796620302 -0.442603511 0.000244140625
3.54706007 -0.352952289 4.6914149 -0.0144740312 -0.200192152 0.032600037 0.000244140625
2.61200119 1.419817 0.337151769 0.372558724 -0.14961556 -0.268186461 0.000244140625
0.46425209 0.412481227 -1.11163237 -0.511176729 0.280635404 0.729769262 0.000244140625
0.732114851 -0.0492122141 -0.221638255 -0.0248230306 -0.385544056 -0.314767502 0.000244140625
-0.035587501 -0.0677583786 -0.334807863 -0.633849792 0.429324985 -0.147100405 0.000244140625
1.25307944 -1.61166208 -0.318015131 -0.627606856 -0.101740685 -0.174864871 0.000244140625
1.50752705 -0.876735803 0.12422547 0.166795055 0.53722213 0.322396588 0.000244140625
-0.190045082 0.330029489 -1.08668031 0.486750942 -0.579182324 0.457978248 0.000244140625
-0.905957415 0.79029208 -0.301885321 0.557992087 -0.487932759 -0.178308948 0.000244140625
0.0486877681 0.447743339 -0.564722301 -0.174086597 0.0121441835 -0.0503278451 0.000244140625
-0.412431585 -0.480728041 -0.280977047 -0.329048642 0.674169523 -0.227426212 0.000244140625
-1.41122358 -0.939449946 0.879403209 0.164936049 -0.0118896255 0.0873747388 0.000244140625
0.355463453 -0.325650945 0.634849642 0.217436892 -0.162888546 -0.235422707 0.000244140625
0.295003007 -0.662689025 0.156727667 -0.428502595 -0.132821218 0.499781707 0.000244140625
8.27787189 3.90576555 -2.00074974 0.289722063 0.135927003 -0.0194088481 0.000244140625
1.15607034 3.49727314 3.14579513 0.0672314251 -0.177190909 -0.034191186 0.000244140625
-0.0988094373 -0.140296202 0.332183011 -0.0957011123 -0.388276477 -0.730269271 0.000244140625
-0.310345632 -1.56515627 -1.29301745 -0.406396906 0.223845648 -0.0100522302 0.000244140625
-0.733030809 0.311076882 -0.190374673 -0.380583309 -0.470885106 -0.404827939 0.000244140625
0.47472191 -0.305073141 -1.59534355 0.6775804 -0.0366899602 0.529010606 0.000244140625
-0.591571776 -0.103897894 -0.114223604 0.709583451 -0.593242739 0.560356621 0.000244140625
0.0269467202 0.0350192983 -0.260326515 -0.0258347604 0.723430565 0.531293048 0.000244140625
0.113550042 -0.0772752595 0.358384423 -0.639728378 -0.627488791 -0.0236241464 0.000244140625
0.298371947 -0.0456295533 0.0894175948 -0.683869455 0.14505047 -0.143955479 0.000244140625
1.31439898 0.158799252 0.123427262 0.226682131 -0.006638291 -0.160203475 0.000244140625
-0.50401165 0.00638507874 -0.186227658 -0.00839650748 0.3332787 0.0118943184 0.000244140625
0.32221178 -0.00783446721 0.367975695 -0.134528181 0.0959407758 -0.0888298413 0.000244140625
-1.70634802 -2.98770482 -0.461562365 0.00731090901 -0.0918720832 0.333585252 0.000244140625
-0.977858951 0.0209989235 -0.520117676 -0.550923208 0.411567983 -0.316071007 0.000244140625
-0.686787502 -0.696861088 -7.92685728 0.15587548 -0.0685039165 0.0746722217 0.000244140625
0.601075984 0.635850187 -0.623122799 0.028506499 0.000433945489 0.116607213 0.000244140625
0.192405473 -0.256171693 -1.0573227 -0.264662599 0.0192928798 -0.440690892 0.000244140625
-0.88981684 0.860067265 0.199111127 0.291372844 0.389945541 -0.0751394061 0.000244140625
-0.0488588328 -0.354084641 -0.444060193 0.532233365 -0.743956747 -0.58971563 0.000244140625
-0.476814716 1.0409683 -0.461173679 0.127623344 -0.347392182 0.0339984173 0.000244140625
-0.786093886 1.04984099 -0.196812686 -0.103552499 -0.152525595 0.152557414 0.000244140625
0.241841219 0.445621399 -0.0761911954 -0.546894908 -0.092960897 0.421206473 0.000244140625
0.653444294 -0.0250829792 0.750106691 -0.0743225315 0.453253223 -0.350971327 0.000244140625
-1.12268394 0.188926895 0.25520068 0.107262462 0.155554003 -0.356086081 0.000244140625
-1.23842617 -1.6675831 -0.125091583 -0.648124717 -0.0654508932 0.0227785508 0.000244140625
3.59492568 -3.74096153 -2.07171209 0.0249844145 0.0835385678 0.353970876 0.000244140625
-0.231233622 -3.4248316 -1.49525028 -0.17307858 0.232486783 -0.142134376 0.000244140625
0.656554742 0.879787095 0.293509593 -0.373210423 -0.223020901 -0.79398676 0.000244140625
1.62319771 6.63112166 1.66220041 0.0384073938 0.0732389242 -0.112551493 0.000244140625
-0.316117239 0.0939066963 -0.710530613 0.0484141871 0.491224774 0.256946173 0.000244140625
1.48057151 -0.452017302 1.03938488 -0.476491571 0.168440267 -0.0972647279 0.000244140625
2.17069153 -0.524313299 0.876488672 0.159251195 -0.34489893 -0.0428811433 0.000244140625
3.60035958 11.4097466 0.417919778 0.206699165 0.154093417 0.182299597 0.000244140625
1.03099815 -1.28150623 -0.488787343 -0.295993687 0.339668177 0.459396017 0.000244140625
1.25969942 0.392262256 -0.487951086 0.569914539 -0.176159807 0.0117847111 0.000244140625
-0.47350384 0.0601868398 -0.316647588 0.128505115 -0.00693059158 0.0736261473 0.000244140625
-0.406231417 5.01507376 11.5833893 0.145585586 -0.171818242 -0.0852014159 0.000244140625
1.06117196 -1.47841142 1.2963133 0.3453354 0.295560505 -0.610353249 0.000244140625
-1.13909238 -0.708466503 0.772810152 -0.397119758 0.464011615 0.248582328 0.000244140625
-0.0811083652 -0.0871579405 -0.199977701 0.0320779901 -0.905929588 -0.0310179629 0.000244140625
0.743281643 0.685301116 -3.87402358 0.172994683 -0.375913352 -0.0719047981 0.000244140625
-2.13456 1.24862197 0.717782581 0.355672817 -0.0723547409 0.0631428879 0.000244140625
0.501972708 -0.344430877 -0.906807286 -0.0388731789 -0.102769469 0.81113984 0.000244140625
0.300474733 0.495101812 -0.271993179 -0.440641437 0.0459930389 0.572370067 0.000244140625
-0.977297111 0.596678362 -0.324820499 -0.0635593899 0.0602511923 0.500244048 0.000244140625
-0.472172736 -1.02800322 0.630263061 -0.378087652 0.0285460697 0.271578611 0.000244140625
-0.305421396 0.293823226 0.239232684 0.237053907 -0.139069813 -0.313418984 0.000244140625
0.503725969 0.486138479 0.911081727 0.283321286 0.541117513 0.0507162632 0.000244140625
1.03965286 0.35024638 -0.73501151 0.450490304 -0.413312418 -0.06426976 0.000244140625
0.750413767 2.06865009 -3.68035006 0.0798612882 0.0524279684 -0.212648642 0.000244140625
0.302327695 -0.216216652 -0.189021226 0.733115528 -0.222789898 0.512358207 0.000244140625
0.109676136 -1.50235713 3.67119934 -0.239452091 -0.199256859 -0.0933956538 0.000244140625
-3.55940656 -0.524975863 -0.596891404 -0.183302272 -0.0815422719 -0.0613364135 0.000244140625
0.344968446 -0.328013617 0.315693418 -0.868343625 -0.012665492 0.745361417 0.000244140625
1.03986611 -0.234206902 2.64283913 0.239497547 0.349862862 -0.247412671 0.000244140625
0.777708263 0.562085307 0.119654058 0.613215774 -0.185374828 -0.137656054 0.000244140625
0.0410352231 0.0785161976 -0.0876966105 -0.211899008 0.121394481 0.0882096433 0.000244140625
-0.789778829 -1.00628527 -0.77676086 -0.0230243691 -0.191589979 0.12746901 0.000244140625
-0.121857019 0.0239557625 0.49630615 -0.196028507 0.21733266 0.585240112 0.000244140625
2.26241848 -0.801490144 -2.31529642 -0.159528619 0.241447753 0.0517770452 0.000244140625
-1.01976204 -0.711680315 0.278015148 -0.458169448 0.383557951 -0.266216359 0.000244140625
0.707949907 1.36930198 0.324223052 -0.294485445 0.0858547118 0.0577647984 0.000244140625
0.774512355 0.714649811 1.26599238 0.0369376753 0.0933802003 -0.20019923 0.000244140625
-0.133308057 -0.605233762 -0.231077345 -0.39012928 -0.434355091 0.225818725 0.000244140625
4.92132179 0.0640558199 2.91340831 0.112716405 -0.202056689 0.220169387 0.000244140625
-0.289086787 -0.395107815 1.14679074 -0.841328547 0.394637709 -0.11193619 0.000244140625
-0.986731947 0.892810371 -0.310552318 0.191395487 0.271912703 0.0759510896 0.000244140625
0.0906144 -0.951878628 1.68040403 -0.149290684 0.398494686 0.0536551571 0.000244140625
1.41295354 -0.0168801559 0.916919843 0.0279867033 -0.13292048 0.0434291731 0.000244140625
-0.0650781871 -0.393352854 0.364093948 -0.00226154341 0.435875985 -0.181345483 0.000244140625
-0.461760188 -0.248437531 0.136629581 -0.106181074 -0.395572423 -0.240760988 0.000244140625
-0.622753872 2.10857258 0.428744874 0.00567121559 0.385397264 -0.278948454 0.000244140625
0.119549552 0.0559905509 0.140979067 0.290990544 0.36782891 -0.0788228987 0.000244140625
0.215622207 0.325330839 -0.325184418 0.298427163 -0.0974729382 -0.605462961 0.000244140625
0.331209328 -0.916116671 -0.264599013 -0.443945816 -0.604145795 -0.356051699 0.000244140625
-0.811936336 0.100034617 -0.724158758 -0.085958528 0.626109881 -0.067384753 0.000244140625
-0.651594871 0.612134818 -0.456833726 0.1644635 0.130611826 -0.381638943 0.000244140625
0.3499272 -0.99657524 -0.713893052 -0.172874813 0.198989383 0.323035242 0.000244140625
0.135619441 1.20391331 0.6588334 0.050636368 0.237555554 0.544295295 0.000244140625
-0.306443999 0.63765996 1.83960025 -0.366207921 0.0858701476 0.367792023 0.000244140625
-0.167683594 -0.404733875 -0.0675307127 0.0101256747 0.543518047 0.186726144 0.000244140625
-2.36860162 0.718010514 0.77288847 0.38093696 -0.3157927 0.0874382371 0.000244140625
3.27480645 -9.97433376 3.69754201 -0.0289520145 -0.0982350195 -0.170302334 0.000244140625
0.161781794 -0.224735902 0.032222612 -0.52414389 0.680912938 -0.508984471 0.000244140625
-0.039445508 -1.61570931 -0.0284002947 0.402140382 -0.0930623017 0.00852742699 0.000244140625
-0.65243089 0.928527017 0.436205991 0.180074581 -0.644344925 -0.161491574 0.000244140625
-0.0987366957 -1.09818193 0.362429507 -0.119526965 -0.19355779 -0.0637119071 0.000244140625
0.38232913 0.52376898 -0.677683369 -0.242193609 0.817894395 -0.26982723 0.000244140625
-0.43270395 -0.191846618 -0.315026858 -0.376118494 0.238387854 0.256537214 0.000244140625
-0.330118735 -0.194964963 1.14098004 0.200205243 -0.176619378 0.122717149 0.000244140625
-0.0461518781 0.670973024 -0.677189474 -0.0826575384 0.238598848 -0.276328431 0.000244140625
0.836909759 0.607398748 -0.250515686 -0.222533298 0.597754981 0.186242128 0.000244140625
-0.750893429 -1.16357414 -1.2736372 0.0769508392 -0.14620589 0.268361068 0.000244140625
0.242996749 -1.8849128 3.20937124 -0.152597764 0.198020013 0.160919916 0.000244140625
-0.196392729 0.292607832 0.803636751 -0.38679095 6.88220704e-05 0.247907853 0.000244140625
0.0680965 0.511882619 -0.465060062 0.125569134 -0.689150575 0.355642267 0.000244140625
-1.15267226 -0.99095508 -0.0329450562 -0.487630019 -0.132759944 0.327789248 0.000244140625
-1.3148111 -2.05696521 1.9736272 -0.383907229 0.283175287 0.303786902 0.000244140625
-0.110658435 0.212311179 -0.0105539605 -0.013891571 -0.396169356 -0.190333938 0.000244140625
-1.49047568 -0.515491509 -0.104811034 0.553336863 -0.0933802544 0.471841264 0.000244140625
0.287310432 -0.142841886 0.0384736908 -0.190372026 0.121071161 0.490442337 0.000244140625
1.1134571 -0.331516695 -1.01057372 0.186491563 0.174135745 0.574985186 0.000244140625
0.794175057 0.904125871 0.823210617 0.114999443 0.30428422 0.203093877 0.000244140625
-0.141773226 -0.376946162 -0.249164362 0.0162642158 0.460185386 0.0932040364 0.000244140625
0.0844034534 -0.0533989273 0.201958267 -0.354494663 -0.155938864 0.174790643 0.000244140625
0.191104032 -0.755352106 -0.486608237 -0.292807593 0.491898438 -0.242326951 0.000244140625
-1.14568584 -0.161694233 -0.234087684 -0.00155690666 -0.370187766 -0.289747819 0.000244140625
1.13476589 -0.679543666 1.16766873 -0.115941087 -0.402826301 0.00658709624 0.000244140625
0.629086752 -0.576373811 -0.0360990694 -0.287720908 0.069899267 0.0480680572 0.000244140625
1.45141823 0.820510968 -0.373852377 -0.286782835 -0.155996737 -0.229426801 0.000244140625
0.0618965039 -1.05059266 -0.201755367 0.417028362 -0.00267294737 0.593518518 0.000244140625
0.891706929 -2.62484572 0.849008495 0.511333553 0.143445111 0.0978121906 0.000244140625
-0.59770708 -0.0127527437 1.6508219 -0.0851211844 0.2662221 -0.16254966 0.000244140625
-0.208157005 1.13998352 -0.00271344315 -0.0246228456 0.087310177 0.00278048626 0.000244140625
0.0235401372 0.343218976 -0.090972908 0.261313839 0.325065014 -0.216841655 0.000244140625
-0.573209048 0.173963831 -0.289885642 0.309562877 -0.116733318 0.127826856 0.000244140625
1.63229806 -0.710357753 -2.42438476 0.226375654 0.158340927 -0.505490267 0.000244140625
0.68810722 -0.568521349 1.42149579 0.557798801 -0.295181371 -0.497754151 0.000244140625
2.14896713 -0.793938355 0.94034457 0.16747177 0.0590333471 -0.0656838109 0.000244140625
0.499652936 -0.334770403 -0.262262875 -0.490137434 -0.118780849 0.287774294 0.000244140625
0.141619462 -0.324679993 -0.612879249 -0.303987591 -0.28318344 0.0500604975 0.000244140625
0.520811508 -0.736817536 -0.734136499 -0.00775095096 0.226537915 -0.148539448 0.000244140625
-0.135936013 -0.538536564 0.329808405 0.17671049 0.298932382 0.247522921 0.000244140625
3.24548443 -2.73436592 0.681342767 0.0196308206 -0.0875141739 -0.00892064875 0.000244140625
1.34979681 -0.637909663 -0.998011878 -0.181974658 0.0430669489 0.44804309 0.000244140625
0.729646421 -0.395138018 -0.287157042 0.333304117 -0.145808637 0.585910161 0.000244140625
1.8984095 0.524860916 1.35920417 0.507105421 -0.293679596 -0.00776934185 0.000244140625
-0.715597115 -0.595994743 0.125635199 -0.0116642703 -0.294288173 -0.0328708857 0.000244140625
0.292129971 -4.22633584 -1.60929407 0.110974023 0.400512426 0.121811516 0.000244140625
0.441351275 -0.669241833 -0.659157938 -0.430165342 0.0548543782 -0.266345862 0.000244140625
0.168925135 -1.40832993 -0.801055267 -0.526138544 -0.164884175 0.351910573 0.000244140625
-0.928278845 -0.870795249 -1.3162083 -0.0142713074 -0.272947639 -0.256419864 0.000244140625
-0.132895054 0.0711503197 0.316415342 -0.167005734 0.104899274 0.878800327 0.000244140625
0.25401982 -1.04850852 -0.421750664 -0.270388666 0.430635881 0.0960084339 0.000244140625
0.0497329165 0.405933536 0.379391071 -0.177564934 -0.53727555 0.0477915089 0.000244140625
0.637639483 -0.194274756 0.0200995026 -0.28464294 0.444029584 -0.0529567412 0.000244140625
-0.0207821267 0.0166025024 -0.0318201064 -0.223209067 0.344854467 -0.16900963 0.000244140625
1.66606984 -1.17717972 -0.49036153 0.154900088 0.0757091294 0.0129470683 0.000244140625
0.757714986 0.0588143717 -0.0889697927 0.0084012292 -0.455181419 0.430661523 0.000244140625
0.179421676 -0.568046298 0.644746498 0.315424552 -0.545575061 0.0509412384 0.000244140625
-0.811719132 0.825248494 -0.344789716 0.051785716 -0.468188782 -0.56393847 0.000244140625
0.187962752 0.224247073 -1.04981552 -0.0348370954 -0.596284396 -0.194651794 0.000244140625
-0.411314874 0.353940107 0.553705599 0.758470956 -0.122214592 0.225566183 0.000244140625
-0.172684842 -0.301455763 -0.0495152732 -0.785220651 -0.291098241 -0.0687085452 0.000244140625
1.19268899 -0.637177321 -0.119936068 0.247058785 0.0118682647 -0.351951066 0.000244140625
0.21461841 -1.19296307 0.434473518 0.307929025 -0.183069374 -0.874443934 0.000244140625
4.53717212 1.99574675 -0.742430187 0.311787548 0.119260325 -0.0500151762 0.000244140625
-0.0111690597 0.0257839972 -0.447441705 0.145916875 -0.0542670535 0.591214595 0.000244140625
-0.646517997 1.1651533 -0.259198303 0.771885524 0.382211417 -0.0770198589 0.000244140625
0.512649283 0.172553823 -0.305197369 0.0261765458 0.0273418048 0.20583397 0.000244140625
0.782433296 -0.622895074 -0.706397172 0.0401411252 0.0972510013 0.517198707 0.000244140625
-0.147512019 -0.0376111742 0.335558585 -0.726596428 0.335461023 0.188081834 0.000244140625
0.327578296 0.244521599 -1.32213253 0.147338875 -0.318872028 0.329501528 0.000244140625
0.585051824 -0.00498453666 -0.548107859 -0.0016157812 0.656650321 0.00363740356 0.000244140625
1.61018969 2.67886201 -4.25753196 -0.276078438 0.0443572095 -0.225760029 0.000244140625
-0.696754297 -0.26693571 -0.97452282 -0.167358269 0.265886192 -0.703847668 0.000244140625
0.103631714 -0.997908857 0.54276261 0.423556987 -0.176096918 -0.334234657 0.000244140625
-0.161211562 -1.36146592 0.689897111 -0.226495916 0.199359758 -0.253878971 0.000244140625
4.30056594 8.9583538 0.879037843 -0.114296978 0.126834725 0.0737945973 0.000244140625
-0.0612924732 -0.413940692 -0.0408258248 0.0715074 -0.611787935 -0.104515373 0.000244140625
1.84714719 0.413721506 1.06766692 -0.215077261 -0.0149533155 -0.0133200742 0.000244140625
-0.199752869 -0.617826738 0.447577501 0.232253893 0.0167076144 -0.248809955 0.000244140625
-0.246366158 1.31591248 1.2094861 0.560318779 0.601201429 -0.169779192 0.000244140625
-1.46700455 -0.0808746349 1.2101231 0.341450364 0.235275536 0.316519891 0.000244140625
1.57486984 -0.157252369 0.144551438 0.366368403 -0.474936357 0.510994958 0.000244140625
-5.57195548 -2.23160567 -2.7894948 -0.139705681 0.122725871 -0.150259537 0.000244140625
1.37785209 2.89132827 0.771925035 0.0289244582 0.556072962 -0.158761626 0.000244140625
1.05306387 -0.688498062 0.482004762 -0.071326749 -0.326348628 0.541752368 0.000244140625
-0.13072835 0.498865813 -0.900385577 0.104951557 0.00543653182 0.535867423 0.000244140625
-2.14226023 0.0415141695 0.301346083 -0.549067235 -0.105039282 0.0642915725 0.000244140625
0.124575311 -0.233196 0.789096301 0.365209276 0.29298057 -0.0106414934 0.000244140625
-0.0438207506 -0.39637756 0.186316712 0.226101427 0.317598268 0.432832964 0.000244140625
-1.03740484 1.15720498 0.00841739274 0.0549259312 0.00338466362 0.574505913 0.000244140625
0.834043681 1.42362069 0.224695126 -0.670147946 -0.183900287 -0.0426947487 0.000244140625
0.0303535676 -0.686738583 -0.442062342 0.609301497 -0.124598096 -0.398957484 0.000244140625
-2.19295351 3.07623035 -0.593562253 -0.265819483 -0.113022703 -0.379840425 0.000244140625
0.483833223 -0.219906915 0.1830293 0.382484175 -0.096202479 -0.301434531 0.000244140625
-0.361579047 -0.391334097 0.364314676 0.24431535 0.509674111 -0.0486208214 0.000244140625
-0.331680119 0.410473873 -0.305366544 0.352491824 -0.394478426 -0.12922136 0.000244140625
0.604824679 -0.0881377972 -1.87928057 -0.220105095 -0.11597453 -0.0570472667 0.000244140625
-0.0609263992 -0.0126753072 0.0476345813 -0.0297595405 -0.231212517 -0.226276891 0.000244140625
-0.701571359 0.249312036 0.609267295 0.394989396 0.14122528 -0.234747585 0.000244140625
3.23139905 1.7169826 1.51134939 -0.189823345 0.0423151464 -0.16229279 0.000244140625
-0.470495709 -0.00740845543 0.83059932 -0.604048569 0.0100280936 -0.38067764 0.000244140625
-0.242438908 -0.13790189 -0.871907607 -0.24659922 -0.201841501 0.331970427 0.000244140625
0.685702401 0.0942711183 -1.16470836 0.210098596 -0.210466496 0.0738890912 0.000244140625
-0.050946301 1.59495821 7.59525043 0.0172654914 0.120044969 0.0407632231 0.000244140625
0.075756898 0.585584062 0.198846148 -0.233774827 -0.587446902 0.118051258 0.000244140625
1.6877316 -0.351530886 -1.12879088 0.158763835 -0.0624389211 0.171303241 0.000244140625
-0.172414274 -1.05052622 -2.78908689 0.37287167 -0.215748923 0.2747415 0.000244140625
-0.235229757 -1.20568241 -3.37743461 0.00584414061 0.276142642 0.145706086 0.000244140625
1.30704376 -3.71476073 2.54746323 0.118559907 -0.120858254 -0.185985902 0.000244140625
1.66591985 -1.46598093 -0.488426469 -0.134550083 0.078543588 0.09200024 0.000244140625
-0.860836173 0.108490791 0.0287139982 0.0281614186 -0.110779963 0.450044722 0.000244140625
0.467439456 0.81357949 -1.23854323 0.0534138006 0.142443514 0.683254118 0.000244140625
0.735663142 0.861180643 -2.06799176 0.0792222937 0.373022886 0.0731861431 0.000244140625
1.48069153 0.542725268 1.12311506 -0.22459995 0.595622253 -0.143837864 0.000244140625
-0.421183583 0.146541273 1.88610863 0.363105153 -0.11540987 0.011287586 0.000244140625
-0.353622574 -0.084158385 -0.00502749034 0.208178931 0.370536988 0.411719335 0.000244140625
-0.0734129835 0.0963940736 0.0632418828 -0.191380663 -0.338201684 0.373546108 0.000244140625
0.232899546 -1.68918622 -0.439654097 -0.506102501 0.0436893035 0.0276981617 0.000244140625
-0.310844734 -0.146083191 0.12668021 0.514288768 -0.03399711 0.0897652159 0.000244140625
-0.0162156499 -0.181390083 0.729174905 -0.258457361 0.162856662 0.152602652 0.000244140625
0.171320221 -0.00711944775 -0.150645308 0.73078308 -0.523418417 -0.129849106 0.000244140625
0.165083848 0.338541623 -0.508235532 0.026309463 -0.244844241 0.565720601 0.000244140625
-0.708683107 0.221501682 -0.0195059162 -0.0918666635 -0.270554297 -0.364348439 0.000244140625
-0.0027456207 0.0822099021 1.86374908 0.140627 0.464288631 -0.122518204 0.000244140625
0.765917849 -1.90602528 -2.62967771 -0.254248865 -0.229286553 0.32135845 0.000244140625
-0.251465649 -0.46534366 0.791234423 -0.22500191 0.108466008 -0.402002926 0.000244140625
-0.778766434 1.95834298 -1.26750543 0.201675531 -0.0177536145 0.181730805 0.000244140625
0.450442992 -0.0639491642 0.346999227 -0.00570390613 -0.147398727 -0.395900257 0.000244140625
0.514680001 1.78016132 -2.71709363 -0.0694798181 0.056834715 -0.179256433 0.000244140625
0.216343281 -0.254849744 -0.679011465 -0.187706002 -0.438540568 0.611987794 0.000244140625
-0.508796169 -0.305665018 0.0289196951 0.292007402 -0.360294659 -0.235472024 0.000244140625
0.688762109 0.310484605 0.761330919 0.239255836 -0.0440211227 -0.591329712 0.000244140625
0.652619836 -0.217584702 1.46940799 0.153507045 -0.415094335 0.423297907 0.000244140625
2.56396387 -2.39838802 0.33093697 0.0798629038 0.347350404 0.300892918 0.000244140625
-0.767347726 -0.746001348 0.347018116 -0.473697887 -0.335754423 0.122700063 0.000244140625
-0.820669716 -3.46029505 -2.12056447 -0.179026167 0.0520738762 0.222744626 0.000244140625
0.0602907006 0.168792487 -0.335188252 -0.365425458 -0.241715671 0.351145289 0.000244140625
0.0802640974 -1.09470353 1.4961701 0.00208062125 0.0487908891 -0.102178928 0.000244140625
-0.290479484 -0.0363003188 -0.558776279 0.0825500515 -0.232951281 -0.312951431 0.000244140625
-1.26654983 -0.548105813 -0.0230013987 0.638674528 0.121330099 -0.417023666 0.000244140625
-2.21917836 -0.468946167 -1.21607042 -0.0693395532 -0.372152026 0.331907987 0.000244140625
-0.524389071 -0.072139261 0.0337147492 0.42443811 0.13856257 0.417753571 0.000244140625
-2.3031625 -1.10730959 -0.139634462 0.267509012 0.134366918 -0.448244876 0.000244140625
-0.526157342 -0.438903805 -1.73967681 0.10397609 0.0202347324 -0.480656725 0.000244140625
0.190054927 0.296925584 0.695081876 0.0524826153 -0.469049992 0.443639378 0.000244140625
-0.287349928 0.784324221 0.905165812 -0.830877368 -0.0435603771 -0.0616876314 0.000244140625
0.478137703 0.835181089 -0.856134489 0.0903305762 0.339310553 -0.438696958 0.000244140625
-0.248484003 0.602786367 -0.243673804 -0.123009391 0.366962416 0.67426004 0.000244140625
1.59219314 -0.812995131 -0.361445788 -0.0554910407 -0.591799576 0.22322083 0.000244140625
0.0210273154 1.02057693 -0.752820576 0.254187002 -0.331773559 0.234284689 0.000244140625
0.715526914 0.929930777 -0.932680058 0.436733498 -0.205085489 0.29198845 0.000244140625
0.412128019 -0.362257547 0.363126348 -0.0271410682 -0.258489473 -0.914702661 0.000244140625
0.528375839 -0.792181903 -0.199072644 -0.492001341 -0.207641867 0.539413571 0.000244140625
-1.49231853 0.333997627 -0.477453476 -0.427271341 -0.242252999 -0.0551264696 0.000244140625
0.320092602 -0.0402622288 0.717678679 -0.300167803 0.584394414 -0.191656504 0.000244140625
-0.207900829 0.379438857 0.476177393 0.390743146 -0.493960898 0.391024762 0.000244140625
-0.812642864 -1.47094633 -0.284264389 0.158832806 0.172258956 -0.077787722 0.000244140625
-0.179640052 0.606070151 -0.496923465 -0.330716742 -0.17276839 0.519814036 0.000244140625
0.409682861 -0.500722993 0.425243346 0.111045482 0.822454049 -0.745965886 0.000244140625
0.399977616 1.12299357 0.0343576807 -0.449253437 -0.0117120646 0.0820115826 0.000244140625
0.435945008 0.606058214 -0.602795676 0.38942045 -0.811883754 0.170722375 0.000244140625
0.0782048009 -0.349987998 0.130544084 0.198923532 -0.164405969 -0.205687486 0.000244140625
0.644660193 2.28899837 3.42372954 0.503595153 -0.266984258 -0.102776973 0.000244140625
0.357056761 0.220718557 -0.713489836 -0.157795949 0.737287251 0.826342948 0.000244140625
-0.476339321 -0.424479403 -0.276610087 -0.113878499 0.0728008102 -0.451190751 0.000244140625
-0.2504018 -0.825277134 0.652492918 -0.0016939826 0.416098966 0.44736341 0.000244140625
-1.81731743 1.11569104 0.629465139 -0.0845499723 -0.307363681 0.372023755 0.000244140625
-1.44271488 -0.538513493 -1.29206004 0.0721382032 -0.330535833 0.424894752 0.000244140625
0.676387491 0.361990731 -0.103037528 0.0311547066 -0.00583802055 0.314372123 0.000244140625
2.27391889 -0.483636109 1.64775758 0.0500302854 0.475471153 -0.270176426 0.000244140625
0.293529342 -0.00541129519 -0.0077839694 0.448765154 0.0842079115 0.125535931 0.000244140625
-1.00975118 -2.63816657 2.26808136 -0.202828713 0.119005453 0.0618002261 0.000244140625
0.811465235 0.379939262 -0.591968481 0.0188125908 0.23571386 0.0284678585 0.000244140625
0.0464395532 0.68665321 -0.504271666 0.398067282 -0.320825052 0.125996718 0.000244140625
0.365556601 0.271239038 0.946095783 0.305426305 0.238184542 0.281080262 0.000244140625
-0.847200425 2.71013853 -4.75765739 0.0393586255 0.400730833 0.102130364 0.000244140625
-0.446427769 0.309422744 -0.560894648 -0.319307384 -0.566169731 0.00124737674 0.000244140625
1.92648527 0.366315786 -0.697886382 0.577268821 -0.122058815 -0.157400033 0.000244140625
-1.13690461 0.488925882 0.168680952 0.0373868087 0.0952488742 -0.0971436897 0.000244140625
-0.131731411 0.784347682 -0.507089561 -0.088217958 0.0312290577 -0.441037541 0.000244140625
-2.49326456 -0.284633444 -0.916820601 0.0831176297 -0.17007329 0.505903921 0.000244140625
0.67495316 0.203389333 0.174913134 -0.340767782 0.410452934 0.183767434 0.000244140625
0.832829085 -0.361985489 1.4506054 0.628495207 0.191938 0.369483832 0.000244140625
-0.358746006 -0.378389701 0.119412175 -0.516885896 0.202905686 0.503408633 0.000244140625
2.20701209 0.603680826 0.217449492 0.238304694 -0.064456655 -0.339771234 0.000244140625
0.162299248 -0.207958073 1.07568327 -0.211038201 -0.180344188 -0.702448205 0.000244140625
-0.363605257 2.10790866 -1.4908415 0.267197689 -0.270360461 -0.214140128 0.000244140625
1.78433525 -0.26384616 -0.966760897 -0.146138114 -0.288998199 -0.194693234 0.000244140625
-0.81473594 0.362249614 -0.892665362 -0.30592883 0.190484807 -0.37018012 0.000244140625
0.39775079 0.649902211 -0.573631698 -0.679389712 0.203211481 0.131034507 0.000244140625
-2.29544917 -0.0238027117 -0.313478327 -0.309342238 -0.130964233 -0.14161403 0.000244140625
-0.776669068 -1.31376297 1.01559738 -0.158532747 0.0684740576 0.127762863 0.000244140625
1.00076703 -0.138893829 -1.95000601 0.266599611 0.242491431 0.483602438 0.000244140625
-0.19592814 0.421422207 0.404375393 -0.295610645 0.406838312 0.218614786 0.000244140625
0.871141123 -0.436814472 0.639505397 0.434999727 -0.477625621 -0.147890425 0.000244140625
-3.1996349 -2.67153677 1.47098743 0.185188021 0.0797739573 0.0461107968 0.000244140625
1.63293192 1.29249408 -1.82709567 0.208324597 -0.171839842 0.257365678 0.000244140625
-0.145469569 -0.349359467 0.103400668 -0.423730895 0.0133578516 -0.767297615 0.000244140625
-0.200448564 -1.24660769 -0.397977313 0.0355629133 0.0784095529 -0.236302744 0.000244140625
-1.85721868 -2.89602106 -1.02735902 -0.216728342 0.194030505 0.00973944906 0.000244140625
0.946865744 -0.399626304 0.0504753221 -0.697641061 -0.271508391 0.161022373 0.000244140625
3.97382441 2.77496553 -1.94527799 -0.405457626 -0.139636747 -0.150884613 0.000244140625
0.175118383 0.00317259834 0.294539025 0.593732609 0.442781552 0.177762 0.000244140625
0.735037448 -0.105520575 -1.00673576 -0.52001567 0.00736563797 -0.230667151 0.000244140625
0.782339338 0.181930888 -0.843480269 0.465504925 -0.137145874 -0.65850017 0.000244140625
0.665460603 0.779477376 -0.658025237 0.0741601968 -0.231211469 0.183408329 0.000244140625
-1.05915411 0.335433318 -0.0343493036 0.421671317 0.207453907 -0.0724421175 0.000244140625
-1.43907505 1.54426003 0.474288184 0.319786801 -0.234731553 -0.0568185481 0.000244140625
0.371401065 1.06060761 0.0529145318 -0.023355227 0.256185051 -0.422248183 0.000244140625
0.309218176 -0.556831457 -0.426544665 -0.521670762 0.0539768832 0.23152706 0.000244140625
0.579316091 0.0747730045 -0.0729974301 0.183527363 -0.060156979 0.301680041 0.000244140625
0.144385497 0.197714504 -0.324786706 0.157965302 0.372508326 -0.324036765 0.000244140625
-0.820773963 1.14671462 1.4484775 -0.0766389799 -0.276488137 0.482334286 0.000244140625
0.665564939 1.09993258 0.554573725 0.367539298 -0.591999851 -0.463467193 0.000244140625
-9.28060512 2.3537835 0.229157593 0.123548655 0.109786926 0.117006657 0.000244140625
-0.686622581 0.357782613 0.702109092 0.101105836 -0.0753173745 0.340351568 0.000244140625
0.335592478 -2.4976984 -1.61965382 0.181840953 0.0587625811 0.408080683 0.000244140625
0.254791742 -0.275759536 0.284672309 -0.14272126 0.498709882 0.790103885 0.000244140625
-0.547591268 0.133818396 -0.194027626 0.055864231 0.421963995 0.444727607 0.000244140625
-0.936507677 0.276876034 -0.699537171 -0.323771208 -0.315454475 -0.223012102 0.000244140625
-0.210245599 0.335216696 -1.29502502 0.0313702286 -0.523914365 -0.429147101 0.000244140625
0.425601312 0.517965026 0.903570522 0.0296541677 -0.182084072 0.148989101 0.000244140625
0.129348866 -0.0436538177 -0.409821546 -0.541735594 -0.760964409 0.0237576671 0.000244140625
-0.726383675 1.10936138 0.560506656 -0.465631706 -0.499364202 -0.268841628 0.000244140625
-0.324690877 0.386687554 -2.24028886 -0.00248605207 -0.195929959 -0.275319692 0.000244140625
0.0213394981 -0.00883522737 0.0432916137 0.211029399 -0.187916115 0.0802630359 0.000244140625
-0.632012508 0.570999122 0.638951864 -0.213266561 -0.0171310765 -0.345800589 0.000244140625
2.46449525 -1.76878079 2.24335199 0.104982528 0.00251544449 -0.0959992082 0.000244140625
0.895580741 0.635371815 0.34894587 0.215825561 -0.573336067 0.0768299781 0.000244140625
-1.09734925 0.135982973 1.35351215 -0.072536038 -0.0602831709 0.420544456 0.000244140625
1.5864499 0.295438258 1.25574281 0.0248067429 0.176604018 -0.486377814 0.000244140625
0.146279604 -0.699265608 1.10629007 0.347239399 0.104614184 0.223659064 0.000244140625
3.5740878 -1.06511735 5.56700802 -0.13586935 -0.0036734256 -0.170716344 0.000244140625
-0.111274079 -0.1767402 1.8376573 -0.178704421 0.318514418 -0.173028572 0.000244140625
-0.144663341 -0.734773222 0.234633097 -0.48480705 0.232995709 -0.0445370974 0.000244140625
1.20793547 1.06892794 0.124833287 -0.332901361 -0.178939851 0.00976554448 0.000244140625
-1.07538511 1.03922111 -0.125116994 -0.50262138 0.419897545 -0.0552916215 0.000244140625
2.37025407 -0.615374291 -0.132017817 -0.23896379 0.127642143 -0.117674549 0.000244140625
-1.52605105 -0.131036569 -0.237043946 -0.0484284882 0.354556476 0.287598758 0.000244140625
-0.413532426 0.781434941 0.608803575 0.0735148514 -0.195905264 -0.109017524 0.000244140625
-1.79168653 -2.13670081 0.349189619 -0.432046863 -0.404429964 0.0578979077 0.000244140625
-2.42501076 1.49857345 2.00753776 0.336249432 0.184214699 0.186250073 0.000244140625
-0.207631291 0.126768359 -1.23927872 0.011876269 -0.478690486 -0.500386664 0.000244140625
0.37134255 -0.309839117 0.254923615 -0.596798377 -0.507054853 0.423570825 0.000244140625
-1.27757379 0.25346674 0.981850616 0.251459322 -0.165903335 0.0938429891 0.000244140625
1.03980837 -0.253621527 -1.87485491 0.127940145 0.208870677 0.18615057 0.000244140625
-1.65670196 0.0379102463 0.466505304 0.0742826664 0.129452708 -0.549955879 0.000244140625
0.390760675 1.00991271 -1.30281911 0.419502778 -0.180200789 -0.103044913 0.000244140625
2.24775126 -5.2081139 -1.22515112 0.068133503 -0.0145687733 -0.236372848 0.000244140625
0.570810749 -0.221834899 -0.44992379 0.412576937 -0.214343907 -0.0618896463 0.000244140625
0.261105556 0.962269396 -0.576094364 -0.267828664 -0.399646936 -0.0694872917 0.000244140625
-0.292469649 -0.282247886 -0.426483361 -0.489709305 0.0136585458 -0.0244279131 0.000244140625
-0.0253412037 -0.77999016 -0.702680057 -0.133845308 0.334913787 -0.280580575 0.000244140625
-2.61776965 -1.30265896 -0.0377738457 0.0991057808 -0.152461602 0.278094308 0.000244140625
0.875860129 0.185003705 1.26400452 -0.541138457 -0.133620739 -0.14361167 0.000244140625
-0.949322771 -1.5637847 0.392023976 -0.349154775 0.115704376 0.463679408 0.000244140625
-0.493295862 1.46852667 0.235956133 0.239673416 0.194226863 -0.267965659 0.000244140625
0.0879115261 0.275023311 2.33566178 -0.367308055 -0.037715764 -0.109756115 0.000244140625
1.60400249 1.14236846 -2.04959852 0.256596488 -0.188571289 0.176651365 0.000244140625
-0.549070363 -0.371922772 -0.311106015 -0.295994873 0.199794579 0.0823494908 0.000244140625
-1.87772701 0.179017966 0.629917967 -0.151179752 -0.0901245337 0.0302864314 0.000244140625
0.767762467 -0.782285146 0.325431571 -0.335273107 0.364380397 0.148123588 0.000244140625
1.48304928 -1.65956951 -0.14977465 -0.0680841026 0.417508478 0.0162164752 0.000244140625
0.764148274 -1.66473135 1.16223158 -0.157915741 0.389269691 -0.354528965 0.000244140625
0.948346146 0.0998197401 -0.365949864 0.0522242381 -0.153143222 0.251052744 0.000244140625
0.723694484 1.60705836 0.625343224 0.11566364 -0.065053677 0.45461015 0.000244140625
-0.91503797 -0.287032519 1.00061987 -0.0402610258 0.417695706 -0.378142004 0.000244140625
0.809989671 0.108481942 0.883410763 0.203495312 0.194972791 0.403785942 0.000244140625
-1.10702697 1.31963079 -0.570623712 0.0901352205 -0.317762634 -0.704233337 0.000244140625
0.918774666 1.88527477 1.2731923 0.682816754 0.203333734 -0.33990004 0.000244140625
-1.50340663 0.580016487 -1.23288336 -0.125515569 -0.0379605284 0.196198858 0.000244140625
-0.571208724 0.458415709 0.388623148 0.0290499824 -0.146132607 0.328348971 0.000244140625
0.293697659 -0.179087313 0.117357581 0.0557770981 -0.453063358 -0.415945021 0.000244140625
-0.812762335 -0.78695646 0.678458055 0.259339537 -0.46768822 -0.0104032593 0.000244140625
1.33975847 0.374586312 -0.670857381 0.336568204 0.271478706 -0.274276385 0.000244140625
-2.16823555 -1.20579299 2.67849981 0.210306292 0.497075074 0.228761169 0.000244140625
0.468149816 -1.77275131 -0.433868523 -0.3188377 -0.0692384272 0.182696414 0.000244140625
-0.163135836 -1.59905233 -1.30841288 0.0542986741 0.143442136 -0.138188315 0.000244140625
0.612353841 0.299942794 -2.59610909 -0.332167262 -0.0233812488 0.204250108 0.000244140625
-0.132044119 0.302926196 -0.482598564 0.362004008 -0.454694739 0.0282328068 0.000244140625
0.555084821 -0.0825339575 0.145150208 -0.187996722 -0.0532450162 0.0752655671 0.000244140625
0.638733248 0.455984813 -0.484412979 0.151232867 -0.29823987 0.213823054 0.000244140625
0.550061752 0.744033477 0.15561089 0.539538368 -0.100321741 -0.262508774 0.000244140625
-0.721069999 0.834805353 -0.95916198 0.0529555549 -0.0494344534 -0.119098367 0.000244140625
-0.153262156 -0.0903769674 0.238539341 0.825222115 0.013098365 -0.460499229 0.000244140625
-0.249100703 -1.41253457 -2.24260346 0.166901436 0.133609487 0.153195933 0.000244140625
1.09250093 0.0473088104 -0.210923759 0.168354064 0.0720861713 0.110643603 0.000244140625
1.80219672 4.69848175 5.19938533 0.111409923 -0.0931197814 0.0842791298 0.000244140625
-0.600119501 1.20653255 -0.0815167567 0.330339763 0.690989698 -0.110006005 0.000244140625
0.87011895 0.541325196 0.161781546 -0.214440534 0.000531837145 -0.556364133 0.000244140625
0.198304501 0.392213887 -0.551751327 0.593536688 -0.0538527843 0.754764678 0.000244140625
0.378618762 0.407071388 0.188405061 0.0632986558 0.779818548 0.230337686 0.000244140625
0.166189635 0.00537361866 -0.625926484 -0.252554193 0.697359256 0.253701682 0.000244140625
1.04155327 -0.997936663 0.845336289 0.143513942 0.420933591 -0.312812925 0.000244140625
0.850212699 0.403580926 0.960005994 0.20915336 0.0857930168 0.392073895 0.000244140625
0.949256951 -0.518872589 0.340598071 -0.434519441 0.139642634 -0.270595291 0.000244140625
-2.91817146 -0.805180072 1.22638755 0.271723053 -0.497952066 0.0240023854 0.000244140625
-1.86469367 1.17569903 0.0652247757 -0.193960259 -0.209862395 0.0756762644 0.000244140625
-0.228074441 0.0781198591 -0.966977857 0.132476133 0.31532809 -0.0312571743 0.000244140625
-0.144569975 0.928821472 -1.11049722 -0.590361809 0.00651428278 -0.273033236 0.000244140625
-0.129437977 -0.209920208 -0.583838252 0.673422083 0.363253975 -0.312019833 0.000244140625
0.114259882 -0.376197984 0.628627663 -0.431422758 -0.00999786269 -0.786666185 0.000244140625
-0.000905954109 -0.0487473318 0.923977322 0.151495212 -0.356406972 -0.393433507 0.000244140625
-3.46004547 -0.552628167 -0.77592747 -0.299202962 0.164607532 0.289766001 0.000244140625
-1.37952495 1.13372147 0.402183167 0.550912816 0.0490808147 -0.114937781 0.000244140625
-0.542354644 -1.52586014 0.0237451005 -0.0936327935 -0.467912598 -0.0168393737 0.000244140625
0.302777938 0.542290383 -0.365626145 0.459889967 -0.159462341 -0.00946466746 0.000244140625
1.61199936 0.218904254 -0.426565239 -0.0966756165 -0.277557698 0.16783901 0.000244140625
0.48367877 0.959790734 0.0273841507 0.556363678 0.0140957332 0.175771678 0.000244140625
-0.395808387 0.568927 -2.31841886 0.28420047 0.327361166 -0.343142145 0.000244140625
0.484143539 0.138321689 -0.0556331203 -0.250185012 0.164166557 -0.412798142 0.000244140625
-0.131193446 -0.196762907 -0.501000655 -0.00335616053 0.186527854 -0.239519595 0.000244140625
0.767162314 -0.341820598 0.598667083 0.0179583332 0.583365838 0.148359864 0.000244140625
-1.97928067 -1.66965178 -4.3810597 0.113679054 0.155716842 -0.276290833 0.000244140625
-0.142222304 -0.51891768 0.599162478 0.354148135 -0.276714635 -0.35859089 0.000244140625
-0.200018205 2.81633505 1.22183573 0.240252307 -0.16268027 0.112535418 0.000244140625
0.0196619049 -0.859209664 -0.111955917 0.300545968 -0.252573558 -0.479433786 0.000244140625
-0.0854287647 0.476583554 0.390625249 0.147446779 -0.0643641821 0.107995161 0.000244140625
0.916773557 0.0456826679 -0.495934465 -0.480226686 0.417416912 -0.375050501 0.000244140625
-0.637480248 0.963760965 0.564476665 -0.321982378 0.504001164 -0.579168491 0.000244140625
-1.68944871 4.29273907 -2.38014824 0.0328660669 0.00394308914 -0.00524523283 0.000244140625
-0.283837612 1.0093685 -0.582200496 0.156141689 -0.491350906 0.35548099 0.000244140625
-2.4736991 -1.79195412 -2.71877364 -0.118744909 -0.136366778 0.148536458 0.000244140625
1.59567921 0.499333303 0.487562186 -0.269393741 0.27403494 -0.339984498 0.000244140625
0.38822156 -2.07266433 -1.40728902 0.0143424008 -0.0822852939 -0.312283723 0.000244140625
-0.511127403 0.124939445 -0.467634503 -0.31587257 0.704161459 0.200207761 0.000244140625
-0.709732487 -1.9429651 4.43508195 -0.0663587865 0.0786645264 -0.18816532 0.000244140625
0.31900214 0.825704365 -0.139074091 0.937796532 -0.12965268 0.181925851 0.000244140625
0.959394925 0.563174069 1.2445784 -0.136455098 -0.412111555 -0.214463887 0.000244140625
-0.219749041 -0.80499935 0.195147105 -0.0840941804 0.316261748 0.140263215 0.000244140625
0.550740387 0.900187196 0.0347614469 0.108269311 -0.0817839603 0.241359167 0.000244140625
2.47123799 1.2834046 2.10857178 -0.0812246145 -0.26961163 0.0249066169 0.000244140625
-0.208008818 -0.939507237 0.666350286 0.553224844 0.30648865 0.268985257 0.000244140625
0.473368418 -0.168323709 -1.07191077 0.236148629 0.174102849 -0.16734482 0.000244140625
-0.800734741 0.540745315 -0.227368749 0.725975266 -0.0633800002 -0.235721491 0.000244140625
0.153820853 0.0671133257 -0.369433344 0.179300635 -0.00848477946 -0.560591933 0.000244140625
0.91717898 0.201756129 -0.415995083 -0.0269534738 -0.133588102 -0.306587023 0.000244140625
-0.556781967 0.57201403 1.0537292 0.209313418 0.246055044 -0.396577132 0.000244140625
0.151115095 -0.497707096 0.433503249 -0.27521084 0.290094084 0.429465526 0.000244140625
2.44465684 -2.43442275 0.802571955 -0.141289401 0.187648881 0.0519421811 0.000244140625
2.09069718 0.105037704 -0.947269335 -0.214562046 -0.0755868133 -0.113072717 0.000244140625
1.90734633 -0.306016509 0.238667329 0.17302974 0.0251723292 0.350561016 0.000244140625
-0.0619728679 0.264043051 -0.310746743 -0.374479033 0.345544153 0.470669337 0.000244140625
0.100166083 -2.08830196 -0.696720899 -0.0767373593 0.141684725 -0.00646108052 0.000244140625
0.574281852 0.177754319 1.0142316 -0.516461791 0.385671093 0.557406005 0.000244140625
0.540430109 1.67912208 -0.192526299 -0.0297215124 -0.563195904 -0.162583053 0.000244140625
-0.19218006 0.951681236 -3.28641068 -0.149093864 -0.398457136 -0.121513179 0.000244140625
2.45155024 -0.838359458 0.655214558 -0.0835882667 -0.430334911 0.0915585056 0.000244140625
0.247617627 0.498024363 -0.310426226 0.045355526 0.347972855 0.0637889157 0.000244140625
0.150166421 -0.139241471 0.493819132 0.219664194 0.137430398 0.533183345 0.000244140625
1.91545379 -1.69592046 2.22133384 0.287884349 0.015054227 0.269304134 0.000244140625
-0.096559913 0.407930537 0.850440509 -0.0669213728 -0.0559057225 0.315997612 0.000244140625
-0.132806806 0.293832594 0.611680268 -0.176686974 0.575950258 -0.0873957785 0.000244140625
-1.10858621 -0.0762288646 0.0429392521 -0.264973123 -0.0723525766 0.0901049155 0.000244140625
-0.482156446 0.648090804 0.596665345 0.474733082 0.184413911 -0.334430323 0.000244140625
0.532101913 0.224700629 0.359616391 0.476358438 0.0173482819 -0.439113853 0.000244140625
-2.19391608 1.01980293 -3.1223277 -0.0136707844 -0.324601109 0.389040434 0.000244140625
0.385672346 -1.12919372 -0.28117349 0.191477535 0.194335249 0.0369959346 0.000244140625
-1.63982033 0.377932302 -4.48999254 0.104607229 0.15641588 -0.215630208 0.000244140625
-0.117942111 0.874676449 -0.196509378 0.611813773 -0.566939559 -0.00579784508 0.000244140625
0.483782446 -1.68887922 -0.596820878 -0.378654892 -0.372615618 0.0592941779 0.000244140625
0.616101559 0.129709625 -0.411330553 0.474424876 0.058493752 -0.537064917 0.000244140625
-0.487749117 0.28970062 0.688421002 -0.178205456 0.141541255 0.0751683137 0.000244140625
0.7512082 0.851495477 0.932000378 -0.139901222 -0.0901546345 -0.272193593 0.000244140625
1.16433468 -0.137092824 1.02899259 0.350601912 0.337480694 -0.520528923 0.000244140625
0.113504351 0.572574866 -0.825821484 -0.111332754 0.248506781 -0.0273815053 0.000244140625
0.162354105 -0.22186166 -0.128455704 0.577357379 0.656046063 -0.0798555191 0.000244140625
-0.0594863055 0.0421347109 1.21189507 -0.341217559 0.0257183208 -0.190781918 0.000244140625
0.882994669 0.378465379 1.17273621 -0.201085456 0.329489525 -0.0990472965 0.000244140625
-1.3133356 -1.14718607 2.00136606 0.0998253287 0.386746014 -0.583792745 0.000244140625
-0.0694997831 0.334203585 0.817930441 -0.0763160611 0.339903361 0.242854884 0.000244140625
1.03890341 -0.0204705073 0.261592378 -0.0387616865 0.514909605 -0.171444238 0.000244140625
0.00962281221 -0.638733031 -1.00147474 0.272990076 -0.100283722 -0.0177100093 0.000244140625
-0.250884946 -0.151785675 0.279008568 0.388247154 -0.200980828 0.779242077 0.000244140625
0.440030772 1.20554185 -0.189099321 0.36855324 -0.386503559 0.0565118928 0.000244140625
0.531777348 -1.90117524 -0.00603418826 0.297823284 0.316862893 -0.378443187 0.000244140625
-0.148060214 1.34373588 -0.727354238 -0.287517306 -0.110523286 0.508495955 0.000244140625
0.0601909991 -0.759529517 0.112019284 -0.229129743 0.127207181 0.703408129 0.000244140625
0.106240274 -2.87466235 -0.423701496 0.109350568 -0.168455247 -0.0661380004 0.000244140625
-0.722335327 0.350092099 -0.363719235 0.346598432 -0.584023255 0.0488149831 0.000244140625
-0.2221571 0.555419538 -0.064561983 -0.0515245716 0.201810645 0.527530595 0.000244140625
0.227968766 5.18795801 -2.39980398 -0.130207768 0.0204223834 -0.0583540587 0.000244140625
1.47030263 0.0860465796 0.708449595 0.226364448 -0.390351827 -0.211058029 0.000244140625
-0.667991657 1.30636754 0.236597578 0.428218881 0.330003093 -0.139502872 0.000244140625
-0.658596096 -2.14926023 -1.81523639 -0.00611631721 -0.247262874 -0.0213436368 0.000244140625
-1.72024284 0.688837998 0.57543993 -0.28403192 -0.345397426 0.0144083052 0.000244140625
-0.139550892 -0.32742537 -1.05229654 -0.299132713 -0.530432518 0.257241568 0.000244140625
0.480454147 -0.317093524 0.262809022 -0.0349881035 -0.285649551 0.0133636529 0.000244140625
-1.2323972 0.974184032 -0.707918501 0.139110239 -0.33596616 0.0186205399 0.000244140625
0.520721169 -0.25222667 0.518391538 -0.360370067 -0.0149793361 -0.0318164576 0.000244140625
-0.64773551 -1.05720651 0.337654275 -0.240471261 -0.360104772 -0.252112194 0.000244140625
-0.692584041 0.0494548003 0.0595358407 0.240812922 0.190259233 0.333376288 0.000244140625
0.461019764 -0.833967862 1.67602592 -0.687147516 0.0157413694 -0.259583588 0.000244140625
3.87546827 -1.34950201 1.51452636 -0.130886064 0.186746417 -0.216052685 0.000244140625
-0.059474319 0.345424735 0.171866377 0.293359802 -0.063951802 0.395935405 0.000244140625
-1.17018325 1.17715745 -0.434702417 -0.509749016 0.323493306 -0.00257055087 0.000244140625
0.40965763 -0.434245306 0.339584905 0.226252685 -0.429173354 -0.590705789 0.000244140625
-0.191457655 0.0974501418 -0.47279885 -0.0101113027 0.192182519 0.619865765 0.000244140625
0.123526335 -1.86549391 -0.816911274 -0.00265787324 0.476597882 0.114077096 0.000244140625
-0.568169009 -0.351755913 0.279248271 0.145406752 0.506039582 0.626659213 0.000244140625
0.595733268 -0.0201927157 0.579222317 -0.0141028992 0.257888751 0.187597874 0.000244140625
0.414843348 0.408354323 -0.957921428 -0.313710057 -0.219409575 0.636101009 0.000244140625
0.228545727 -0.689218458 0.15544971 -0.0876335633 -0.0151758786 -0.818287556 0.000244140625
1.38724681 -2.11617272 0.500023278 0.182812747 -0.385937151 -0.216502684 0.000244140625
-0.247100287 -1.06625375 1.25587379 0.0291417572 0.0505285827 0.386586286 0.000244140625
0.563785404 -0.181612493 0.873379482 0.0675950965 -0.76017252 -0.219092027 0.000244140625
-2.76952986 1.17351949 0.162192721 0.334401474 -0.060162339 0.131666263 0.000244140625
1.22973502 0.292581906 -4.5285082 0.116458133 -0.277784146 0.0251044433 0.000244140625
0.237598642 0.964602778 0.357142099 -0.536556341 -0.112458765 -0.185871695 0.000244140625
-1.6129333 0.225340281 0.357415458 0.285813702 -0.302328282 0.6540015 0.000244140625
1.31692369 -0.7113852 -0.0436254057 -0.484611898 -0.0756985936 0.0457892681 0.000244140625
0.316042042 0.574535803 -1.03920345 0.191005695 0.0366608393 -0.35372662 0.000244140625
3.78961493 -0.553645918 -0.680146274 -0.163276272 -0.142598365 -0.0273323897 0.000244140625
-0.956785213 -0.0686628171 -0.376638377 -0.159966185 0.75837255 0.123759531 0.000244140625
0.506555406 0.360368213 -0.432149131 0.125309802 0.457811874 -0.230338898 0.000244140625
0.439936104 0.0648715861 0.0639056405 0.552200528 0.723341875 -0.00660535651 0.000244140625
1.2041967 -0.0414384217 -0.0495742688 -0.253428277 0.538837379 0.337987963 0.000244140625
-0.911755294 0.4297769 1.22395646 -0.0630134853 -0.321620154 0.405752136 0.000244140625
-0.837372555 0.521352603 -0.680473227 -0.283423733 -0.0127355208 0.0392779746 0.000244140625
-0.898206055 -0.344018799 0.495163643 0.605085525 0.391167348 0.152957633 0.000244140625
-1.36784118 0.191117579 -0.49240375 0.00966272315 0.00453368537 -0.0317333328 0.000244140625
0.127277128 -0.547689565 -0.695842037 0.285283208 -0.027447503 0.261293087 0.000244140625
0.233812189 0.318381807 -0.638266079 0.243231602 -0.149487685 -0.108121061 0.000244140625
-0.480190307 0.16165058 -0.258197337 -0.038553424 0.0269623639 0.0929058084 0.000244140625
1.3735551 0.710632828 -0.315871174 0.0669154963 -0.325475756 0.346598444 0.000244140625
-0.421281128 0.155759302 0.171798863 -0.26958747 -0.643566305 -0.307661371 0.000244140625
2.47762623 -1.46173079 9.10624464 0.169276511 0.285046298 -0.144748179 0.000244140625
1.00772529 -0.669659896 -0.187105053 -0.0219567496 -0.128573223 0.13313474 0.000244140625
-0.209900387 -0.170930146 0.605906811 0.167774148 -0.524768259 0.148614588 0.000244140625
0.172594506 -0.229666041 -0.135423356 0.08139531 0.753922485 -0.667611306 0.000244140625
0.185500504 0.392794197 -0.206714993 -0.271081744 0.389343191 0.745943813 0.000244140625
-0.218792811 0.240418851 -0.556100991 -0.736718744 -0.110467404 -0.340599207 0.000244140625
0.569040401 -0.156397409 -0.0744462639 -0.308566834 -0.022223828 0.471786398 0.000244140625
0.47501484 -0.436296069 -1.14130433 -0.238405115 0.00210081733 -0.358477219 0.000244140625
-0.311691146 -0.398849422 -0.210375677 -0.274163397 -0.664503433 0.225978815 0.000244140625
-0.497375608 -0.657757934 1.66522463 -0.000876646058 0.4155422 -0.19874902 0.000244140625
-0.123395801 -0.516017519 -0.0290400613 -0.317060517 -0.274657532 0.0818142677 0.000244140625
-0.0357606651 0.351090017 0.863909964 -0.174155166 -0.351928054 0.0681062075 0.000244140625
-0.0530120287 0.181553442 0.0806645158 0.0272717535 -0.170553708 -0.630832173 0.000244140625
-0.321181165 -0.499787622 0.530966335 -0.0361924948 0.679186851 -0.388885735 0.000244140625
3.24425357 0.950517535 0.224812398 -0.164315291 0.108592352 -0.409836569 0.000244140625
0.408239731 0.799842688 -0.183571826 -0.0690087967 -0.574358849 0.374630652 0.000244140625
0.0104206593 -0.00748364557 0.410464454 0.129595376 0.20601383 0.352419416 0.000244140625
0.0251212256 0.6122996 -0.318561651 -0.407919469 -0.410257957 0.397666145 0.000244140625
-4.56234633 -0.176643832 2.92040394 0.097342752 0.0452572153 0.141992399 0.000244140625
0.927536222 -0.469269109 -0.61621621 0.197678933 0.452458464 -0.0215473936 0.000244140625
-0.610203516 0.153512905 1.30415978 -0.00215557052 -0.0802931188 0.0172544528 0.000244140625
0.853172492 1.13951841 -1.68458143 -0.291467373 -0.560170817 -0.067991456 0.000244140625
-1.83207575 3.20584388 0.915364091 0.114544979 0.0307670211 0.160047969 0.000244140625
0.266175807 -0.560974247 -0.32739975 0.000716127956 0.551527536 -0.172681138 0.000244140625
-0.948241853 0.312642196 -0.601671025 -0.226283492 -0.655594074 -0.425222204 0.000244140625
-1.75271772 -1.10566527 1.2868407 0.206896584 -0.0693118635 0.070562492 0.000244140625
-0.328978161 -0.0752997115 0.263198826 0.00828071944 0.61305579 -0.460899122 0.000244140625
-0.506862001 -0.0636377003 0.650652569 -0.150457755 -0.128986093 0.0129601328 0.000244140625
-4.83952046 -3.653996 0.0835264776 0.0730224432 0.163711645 -0.027415098 0.000244140625
-0.30007844 -0.384699425 -0.357899472 -0.361290018 -0.20306778 -0.902492531 0.000244140625
2.30892361 0.675548614 -1.03556021 -0.207344569 0.0453694181 -0.21447734 0.000244140625
0.278166487 0.22641196 0.32305703 -0.0204865195 0.504900901 0.0181615925 0.000244140625
0.145087556 -0.96363766 -0.370134955 0.269021988 -0.451904679 0.501175251 0.000244140625
-2.27332025 2.25634833 0.838791377 0.00706151396 -0.215126969 -0.0657238595 0.000244140625
-0.0308946034 0.885991233 0.105093033 -0.0181044111 -0.0616479603 -0.574603376 0.000244140625
0.0492861879 0.215842507 -0.849225926 0.511095495 -0.0950272627 0.000773581633 0.000244140625
0.364806711 0.0198007193 0.0979472655 0.687763255 0.176558818 -0.548914642 0.000244140625
0.500623865 -0.742492679 0.51055881 -0.099203755 0.61586707 -0.256782901 0.000244140625
-0.966705657 0.265588216 1.06589774 0.477378653 0.324609208 -0.00305769243 0.000244140625
-6.89193817 -3.63648732 2.36853978 -0.180433722 0.202537279 0.108327783 0.000244140625
0.69442334 -0.491711509 -1.04959805 -0.119312941 -0.0786209814 -0.200728725 0.000244140625
-0.737316161 -0.706737302 -0.124619593 -0.420741942 -0.307422179 -0.175107458 0.000244140625
-1.99457957 -0.240902308 0.113952287 -0.201776975 0.135676056 0.131762457 0.000244140625
0.8905235 0.663444729 -0.849305037 -0.0530406083 0.310903735 -0.308443951 0.000244140625
0.740017468 -0.127626271 -1.75745363 0.167786114 -0.250402028 -0.0379577462 0.000244140625
5.57830752 -2.94424848 -0.53265983 -0.192956164 0.020434811 -0.149497546 0.000244140625
3.39437287 -0.281592298 -0.296900471 0.159474789 0.00173604302 0.184649497 0.000244140625
0.173091166 0.790819698 -0.165531807 -0.259886654 -0.329634453 0.117910947 0.000244140625
-0.0441003442 -2.22189131 1.75688841 0.161683368 0.0759120685 0.326909778 0.000244140625
-0.383404738 0.169767206 -0.176553076 -0.0423851461 -0.683717972 0.0378338734 0.000244140625
-0.694861121 1.34786794 -0.655934128 0.320559848 0.712808706 0.195377153 0.000244140625
-0.348413527 -0.0243964413 0.568562917 0.202309745 -0.370207405 -0.131281964 0.000244140625
-0.435384488 -0.739527263 -1.07641995 0.445815063 -0.214578205 -0.116403402 0.000244140625
-0.396921692 -0.857513765 -0.351217578 0.0497836777 -0.165342821 0.378175105 0.000244140625
-0.369846163 0.486135304 -0.17774663 0.230811612 0.476074523 0.080375104 0.000244140625
1.03367734 0.163781843 -0.551787922 -0.0865637297 0.15194394 -0.135748294 0.000244140625
-0.00770851825 -0.636836083 -0.268561872 -0.266773064 -0.211408093 -0.341659764 0.000244140625
-0.351121495 0.324113328 0.863430439 0.397410953 -0.212647382 0.18660035 0.000244140625
-0.091167158 0.0483850494 -0.297924346 0.140159204 -0.263203348 -0.0655215123 0.000244140625
0.0725092089 -0.213036158 0.0645599169 -0.0952283241 0.487841233 0.129625434 0.000244140625
0.396865296 0.47359602 0.300606386 0.182700451 -0.171357185 0.286270632 0.000244140625
-1.32750331 -5.14231445 0.203456095 -0.344391345 -0.0650480842 0.1718295 0.000244140625
-0.122515635 -0.0779832933 -0.0150098927 0.0331555543 0.472439072 0.0169504644 0.000244140625
0.0973293915 -0.533806966 0.902328591 -0.554629616 -0.43147481 -0.17133582 0.000244140625
-1.33935346 0.73920113 -3.04201273 0.17699781 0.252774992 -0.134600212 0.000244140625
-1.27886045 1.41670508 1.80850211 -0.136229152 0.100608773 0.198163296 0.000244140625
-0.278218558 -0.602507776 0.14655695 0.240983301 -0.313011363 -0.595428086 0.000244140625
-0.294002878 -0.00189013993 -1.14786315 0.117664702 0.184775096 -0.377512096 0.000244140625
-1.04931932 -0.567633574 1.60896806 0.0984416053 -0.221325303 0.0033398535 0.000244140625
0.631339655 -0.404135788 1.3628681 0.346668201 0.239680242 0.58825176 0.000244140625
0.758908389 -0.171037438 0.0969948739 0.386320005 -0.329880555 -0.175923485 0.000244140625
-0.195640297 -0.285994967 -0.00492946275 0.0588012211 -0.962252898 0.299847036 0.000244140625
-0.15063186 -0.292039258 -1.38124716 -0.345831633 0.36780467 0.0825789349 0.000244140625
0.327097786 -0.929265529 0.777285776 0.352910937 0.284924627 -0.036168624 0.000244140625
0.257957171 0.83743206 0.7115091 -0.114767499 0.349779172 -0.196467611 0.000244140625
-0.14988486 0.353647828 -0.201744825 0.31451841 0.20293269 0.257298256 0.000244140625
0.418272563 0.0918902826 -1.23055452 0.264180185 -0.348049239 0.292544196 0.000244140625
-1.27726933 -1.95577419 0.235691549 -0.0903128032 0.293696643 0.00685370633 0.000244140625
0.297048276 1.49125368 0.292452731 -0.113423187 -0.16953188 -0.278817806 0.000244140625
1.04006501 0.645453312 0.105575846 -0.242021695 0.175163241 0.253709964 0.000244140625
0.103633327 0.106537342 -0.225838746 -0.278288441 0.235000824 -0.625743405 0.000244140625
1.27271196 1.88669975 -1.09421747 -0.602412314 0.0862681785 0.268685919 0.000244140625
0.510877391 2.76040805 0.0736007771 0.305081396 -0.214661491 0.102475376 0.000244140625
0.93245743 -1.14929141 -0.239734252 -0.025580179 -0.508204838 0.20023694 0.000244140625
-1.26618863 1.61041207 1.28016589 -0.279737321 0.555857795 0.328626864 0.000244140625
0.339341558 0.0309699331 -0.0801344038 0.273283845 0.358419313 0.535842493 0.000244140625
0.103503949 0.163506 -2.46497048 0.0663376306 0.516749665 -0.19246484 0.000244140625
0.0477026421 -1.39970182 0.391965104 0.199214074 0.195831195 -0.336100791 0.000244140625
1.48020529 0.596272784 -0.563644659 0.0808217493 -0.276807772 0.483920372 0.000244140625
1.36806801 1.26959187 0.618219106 0.191984157 -0.141997251 0.277149733 0.000244140625
0.612326634 -1.15115083 -0.135712952 -0.629792802 -0.0160750845 -0.0134357461 0.000244140625
-1.00335501 0.0499656825 0.526171039 0.00622326834 -0.0262254397 -0.0256606254 0.000244140625
-0.107115706 0.585683183 -0.528673277 -0.369524651 0.0721012999 0.468507761 0.000244140625
1.37202236 -1.49482846 1.48590416 0.187043252 0.0712549736 0.162897971 0.000244140625
7.9727881 1.54956768 2.6687879 0.25648812 -0.141141424 0.00411810872 0.000244140625
4.90716484 7.54463086 0.240411592 -0.112187546 0.167852167 -0.00297044162 0.000244140625
0.555959895 1.07606992 -0.80758497 0.337068241 -0.136173455 0.136117677 0.000244140625
-0.62666564 0.122651457 -0.17668237 -0.478849557 0.284319441 -0.234643097 0.000244140625
0.167227619 -0.269810918 -1.31790441 0.285805614 0.0851892956 -0.536339697 0.000244140625
0.0274728635 0.235659664 0.0872768119 0.776179131 0.530807411 -0.0896975277 0.000244140625
0.59879548 0.373195256 -0.692098719 0.53093727 -0.0569976855 -0.530892193 0.000244140625
-0.507621248 1.14664807 -0.944761521 -0.448419403 -0.15889591 0.283866157 0.000244140625
-0.661072026 -0.0865667314 0.21076855 -0.423468008 0.00129309949 -0.593326519 0.000244140625
-0.551960097 4.36505704 2.82517329 0.0125377904 -0.260873094 -0.249692362 0.000244140625
-0.191052289 0.654248238 -0.341941739 -0.265586335 0.555214472 0.310575128 0.000244140625
-0.664720488 -0.475214725 0.661114049 -0.128303397 0.151615463 -0.182313243 0.000244140625
1.4252026 1.07711741 0.425210401 0.383307636 0.602324591 -0.121878733 0.000244140625
-0.179639547 0.952952824 -0.181193281 -0.546655177 0.205416971 0.624085487 0.000244140625
0.114602564 -0.324621272 -0.0322892724 0.664359335 0.224060746 0.594570734 0.000244140625
2.76466686 -0.546703931 -0.509218077 -0.161683271 -0.00780583641 -0.416357941 0.000244140625
-0.214157962 0.383747171 0.0546332347 -0.50607637 0.289058789 -0.615398266 0.000244140625
-0.166103838 0.410459684 0.754028346 0.0676288785 -0.123473839 0.248671097 0.000244140625
-0.603363032 -0.0561286902 -0.0626513639 0.260658001 -0.0916751619 -0.0903815733 0.000244140625
-0.265748223 -0.689972865 -0.951732596 0.279371398 0.586286398 -0.435721228 0.000244140625
-3.7314996 0.744357041 -1.1459603 -0.123054468 0.285701475 0.141366476 0.000244140625
0.00990542621 -0.451468004 0.0486657031 0.0198225001 0.173520412 -0.0169376018 0.000244140625
3.05206014 -5.10567005 1.63925951 0.324571333 -0.296969597 -0.0795655643 0.000244140625
-0.0509088196 -0.113006297 -0.747352548 0.652064054 0.543565929 0.0688572529 0.000244140625
0.73764395 -0.0545373818 -0.0601708487 0.570028022 0.258237874 0.065439276 0.000244140625
-1.78906621 1.17777458 0.288100786 -0.1154503 -0.486398418 0.322331373 0.000244140625
0.366142679 -0.0867390732 0.362208998 -0.458806183 0.129320776 -0.0167901962 0.000244140625
-1.78853607 0.548499312 0.612023487 0.0347471948 0.203736335 0.339409932 0.000244140625
-0.545847385 -0.432997207 -0.840852402 0.368352273 -0.400313779 0.0277225998 0.000244140625
-0.653967042 -1.88264176 -0.961813655 0.0592197834 0.242727652 -0.222693453 0.000244140625
-1.05467938 -0.0526573033 1.30177705 0.444605625 0.22611515 -0.0995384694 0.000244140625
-0.0177205069 -0.802391616 -0.321682685 -0.143628156 0.623489809 0.514812812 0.000244140625
-0.638235747 0.108435806 -0.25212097 -0.461710803 0.21789858 0.298499095 0.000244140625
-0.13606323 0.421119156 0.278843622 0.663328438 0.444383979 0.659111258 0.000244140625
-0.622834807 0.413342392 0.0754575096 -0.0858285067 -0.671353042 0.628465158 0.000244140625
0.3795172 1.11852736 -0.759153622 -0.0332295054 0.379985644 -0.181971946 0.000244140625
-0.0339352319 -1.12622537 0.762134506 0.611298112 -0.397371847 -0.270429951 0.000244140625
-0.182717831 -0.184384445 0.861452761 -0.166534522 0.32397719 -0.0217436802 0.000244140625
-1.62699995 0.0143487732 -0.0382042535 0.380579971 -0.332385328 -0.0293180957 0.000244140625
0.386503657 -0.048570153 -0.494340865 -0.422234853 -0.407238016 -0.370204324 0.000244140625
-0.515294082 0.092286464 0.169557241 -0.0710675507 0.151011388 -0.406841722 0.000244140625
0.0780342953 0.229121953 -1.21769757 -0.230849229 0.147597076 -0.0102326246 0.000244140625
-0.239055112 0.892622752 -0.784938656 -0.113841067 0.120733518 0.0638159342 0.000244140625
-0.0656313634 -0.0831797637 -0.870309008 -0.135016641 0.566006591 0.228614732 0.000244140625
-1.80705516 0.817038591 4.00422377 0.0881836518 -0.0579909796 0.203304252 0.000244140625
-0.347332754 1.02833009 -0.544826857 0.290608946 0.605229193 0.0359095133 0.000244140625
-0.390314159 -1.23229596 0.248271123 0.0378384315 -0.322304875 -0.522705037 0.000244140625
0.742940693 0.300230629 -0.494675295 0.448032485 -0.0808496005 -0.619308905 0.000244140625
0.186672627 0.045530004 0.196580748 -0.376315088 -0.101329263 0.310903524 0.000244140625
-0.6970723 -0.476254682 -0.341536392 -0.195159909 -0.344361781 -0.108683413 0.000244140625
-0.025696359 0.283084385 0.850024639 0.0909059036 -0.193973393 0.389731983 0.000244140625
-10.8080022 3.03389794 2.79899574 0.254125457 0.212133668 0.0468734744 0.000244140625
-0.66078265 0.0940600081 0.208963011 0.126249999 0.216352502 0.637015502 0.000244140625
-0.2526478 0.572004275 -0.311656322 0.179293413 0.597962727 -0.29202625 0.000244140625
-0.592023811 -0.193910801 -0.977833249 0.19889499 -0.174071527 0.398580594 0.000244140625
-9.59270645 0.0262366641 15.4787928 0.0534432769 -0.0516269689 0.103829071 0.000244140625
0.65217278 -0.856345513 -0.242918756 0.246707737 -0.303701049 0.231850335 0.000244140625
0.598762036 0.45983289 -1.40543143 -0.229801549 -0.525130728 -0.0760507493 0.000244140625
-0.59852257 -1.08419408 -0.238658703 -0.229934962 -0.430981215 -0.123035505 0.000244140625
0.0331461404 0.925074854 0.0827169216 -0.235078846 -0.0964697208 0.15253113 0.000244140625
-0.660688782 -0.0148261345 -0.461282989 0.60312315 -0.112848326 -0.408710916 0.000244140625
-0.10852928 0.526452506 0.131274364 -0.157268425 0.787985673 -0.482584651 0.000244140625
0.0821879906 -1.36215429 -0.856955755 0.14151342 -0.260886903 -0.488110703 0.000244140625
-0.104184511 0.444337438 -0.10453396 0.167346328 -0.82024483 0.148758889 0.000244140625
-1.60517092 1.52755564 0.0202216488 0.389301369 0.412734209 0.154917873 0.000244140625
0.870887769 0.681978653 -2.13485744 -0.566479369 -0.0859006215 -0.112235232 0.000244140625
0.838958099 -3.22068509 1.85758213 0.0342402551 0.1346749 0.140779003 0.000244140625
0.169857368 -0.0435490035 -0.0163417887 -0.319284036 -0.0755628946 0.46659953 0.000244140625
0.278770214 -0.991315434 0.665255274 -0.186170782 -0.0139989838 0.401736968 0.000244140625
-0.102791028 -0.631948486 -0.388474499 -0.4567192 -0.0702519274 0.291502583 0.000244140625
-0.331120528 0.35591053 0.597929554 -0.2483504 -0.234767446 -0.332047872 0.000244140625
1.9833226 1.73252859 3.44091062 -0.107175512 -0.254107146 -0.301396066 0.000244140625
-0.668951949 -1.46964297 0.0720774665 -0.0698358261 -0.0778781951 0.312812908 0.000244140625
0.0548728513 0.139698394 0.175219849 -0.256416777 -0.43510854 -0.0877161986 0.000244140625
0.304298896 -0.653093471 0.268015739 -0.423661421 0.0195424706 -0.128820843 0.000244140625
-1.16558095 0.772145524 2.90739007 0.316128524 -0.314886526 -0.0989582992 0.000244140625
-0.322397319 3.18776755 -0.13921157 0.0547433521 -0.216100653 -0.0202092124 0.000244140625
-1.08390413 1.72547088 0.616882745 0.305081811 0.0475793159 0.341578959 0.000244140625
0.321033266 0.977010929 1.74505912 -0.275722035 0.597914203 0.0912000466 0.000244140625
-1.50153433 -3.97242163 2.83279391 0.00681213703 0.27807601 0.0488222042 0.000244140625
0.0254724007 -0.515575284 0.361477718 -0.740041208 0.174400018 -0.320064018 0.000244140625
-0.187797112 0.322017935 2.72992129 -0.00776720054 0.235446091 0.136517084 0.000244140625
-1.18672928 -0.198642562 1.88628744 0.0839501389 0.0202359926 -0.198427437 0.000244140625
0.193864595 -1.62326589 1.07087936 0.436066617 0.149388122 0.259470955 0.000244140625
0.0500258975 -0.633209128 -0.51882064 -0.144191133 0.473399787 -0.167391977 0.000244140625
-5.11368163 0.102119937 0.837122232 -0.0861771821 -0.0629543437 0.168702042 0.000244140625
0.166437226 1.68129203 0.688752466 -0.352621752 0.00750479601 0.122375163 0.000244140625
-0.0698956701 0.356178685 -0.0899807294 -0.503355097 0.433299428 0.607236812 0.000244140625
-0.331817079 0.201723705 0.78018573 -0.528150597 0.44812347 0.278780363 0.000244140625
2.60558962 -0.736369276 0.653980154 -0.301760442 -0.214651726 0.257285532 0.000244140625
0.22947402 -1.58891923 -1.15039901 -0.585866988 -0.419243586 -0.0101639516 0.000244140625
-2.9872545 -2.76755014 -0.410093159 0.183926008 -0.458854015 -0.270071577 0.000244140625
0.340540378 1.08263503 0.11363499 -0.522265721 0.22895012 0.308033752 0.000244140625
-0.967358481 0.402581306 0.569510474 0.00685872875 0.0478455674 0.151538205 0.000244140625
-1.49190578 0.440480839 2.44855711 -0.191411243 -0.149653211 -0.097321755 0.000244140625
-0.52404277 -0.166444552 -0.507188328 -0.429362928 0.288425054 0.463128622 0.000244140625
-1.22369324 -0.0879133286 0.96194065 0.350966096 -0.23803191 -0.0112726077 0.000244140625
0.642601856 1.26118808 -1.57083102 0.375367043 0.119604933 0.349637032 0.000244140625
-0.394572682 0.266454536 0.458564225 -0.466759418 -0.811330318 0.109867375 0.000244140625
0.139595287 0.363219285 -0.165982087 -0.384617042 0.266566025 -0.320773644 0.000244140625
0.500343786 0.392964991 -0.0943064369 0.198572854 -0.0476988806 0.422461246 0.000244140625
0.814831432 -0.342945506 0.559268829 0.609951359 -0.101859636 0.495738712 0.000244140625
1.07977282 -3.65074008 -2.5410945 -0.044650923 0.19339896 -0.201418547 0.000244140625
-0.780701925 -1.53333674 -0.0834041086 0.02672926 0.514995504 -0.262216133 0.000244140625
0.086870741 1.54282567 -1.51173953 0.227070687 0.192062154 -0.0649606296 0.000244140625
-0.649175841 0.247328431 0.435332486 -0.0852742443 -0.040985692 -0.0465031582 0.000244140625
-0.273738936 -0.712452653 0.433870191 0.397938798 -0.099804214 -0.082105873 0.000244140625
-0.0880109786 1.18412809 1.67900496 0.0573038947 0.0690972216 0.0770024185 0.000244140625
0.25498862 -0.296993042 -0.0756320829 0.121132977 0.0327659102 -0.0752245447 0.000244140625
-0.763733741 -0.0500210786 -0.52269754 0.127974402 -0.0907358294 0.608186696 0.000244140625
0.0066776709 -0.431947594 -1.0679325 -0.288140946 -0.248835501 0.0126627276 0.000244140625
0.0195522346 0.776795279 -0.375730068 -0.293696868 0.0735267392 -0.356546651 0.000244140625
-0.780781172 -1.35954768 -0.63418109 0.11247028 0.56670742 -0.00586945316 0.000244140625
1.41999479 0.0875914068 -0.565736235 0.0494134372 -0.279413822 0.109936271 0.000244140625
10.3588142 -14.7761584 0.851261552 -0.0882062089 0.0613825656 -0.0206877027 0.000244140625
0.0748714483 -0.145259486 -0.19260322 -0.482347198 0.627244651 0.0766405269 0.000244140625
-0.616958787 1.38066278 -0.866389937 -0.236253154 0.43225581 0.169649412 0.000244140625
0.0661509391 0.502477549 -0.121455037 -0.0175331263 0.149742268 -0.432811811 0.000244140625
-0.940313737 -0.246804126 -0.465504052 0.182690291 -0.276828779 -0.188887294 0.000244140625
-0.365189563 0.702707088 -0.446114026 0.262013449 -0.598179853 -0.0734256912 0.000244140625
-1.00635899 0.110124613 0.0394078988 0.440204559 0.0568136156 0.0310121005 0.000244140625
0.0579582117 -0.445260407 0.663686231 0.113748432 -0.217447004 0.392257983 0.000244140625
0.0557937547 -0.307544531 0.0352562833 -0.0254051355 -0.282604388 -0.106163374 0.000244140625
-0.127736895 0.982130702 -0.485373743 0.581646789 0.0105072875 -0.0867667875 0.000244140625
-2.37279247 -0.456591966 0.507439552 0.0862454381 0.47601548 -0.192948559 0.000244140625
1.17006872 0.0558350639 1.43979019 0.281596911 -0.239910065 0.493144121 0.000244140625
-0.777840582 0.547147157 -0.708472659 0.183381116 0.708155779 0.0301776635 0.000244140625
-0.317280271 -1.17315926 -0.965092978 0.482818922 -0.487303353 -0.0354718459 0.000244140625
1.49171158 0.731534591 0.710005298 0.246697861 0.0683505231 0.0614689885 0.000244140625
1.30401684 -0.0506803725 0.209685354 -0.0309898264 0.328280736 0.377125425 0.000244140625
-0.623572388 -0.927397456 -0.410598459 0.152318657 0.250937851 0.480528674 0.000244140625
-0.235676279 -0.111019617 -0.0642650899 0.0232338933 -0.300681412 0.827328259 0.000244140625
2.22061603 3.04598629 0.358423886 -0.360087533 -0.30543105 0.163316291 0.000244140625
1.27677486 -0.455292199 -0.985728323 0.26504456 0.145957286 0.301186232 0.000244140625
0.21307358 2.33886295 -1.8575773 -0.23533484 -0.055795015 -0.200884883 0.000244140625
-0.018825628 -0.591752798 -0.761226159 -0.257158606 0.481778966 0.349624163 0.000244140625
0.59136308 0.608729622 0.523439386 0.244302938 -0.441423271 -0.0492248288 0.000244140625
-0.513122534 0.23533784 -0.402706591 -0.159898441 0.129161607 0.127534618 0.000244140625
0.176896974 -0.338317044 0.0904324228 -0.526398782 0.236813091 -0.213416879 0.000244140625
3.61565237 1.34020374 -2.27735343 -0.00363295358 -0.066350058 -0.103710496 0.000244140625
-1.61229193 -0.0341887645 1.20696006 0.213072092 0.01170954 -0.355020084 0.000244140625
1.04346425 -2.83591257 -0.461624638 -0.0732435924 -0.169219225 0.0418436751 0.000244140625
-0.296180875 -0.12095654 -0.808942247 -0.137032551 -0.0495776815 0.273469855 0.000244140625
-0.111360925 -0.0841313942 -1.72002572 -0.0619830873 -0.137719204 0.478281082 0.000244140625
0.870446413 1.26950979 -0.692337149 -0.101093677 0.135486675 -0.668161425 0.000244140625
0.413413363 -0.65307762 0.197910838 -0.50843946 -0.0873618083 -0.136156658 0.000244140625
0.184208791 -0.00145670746 -0.3223137 0.0300057185 -0.314474051 0.351581841 0.000244140625
-0.766127577 0.157285984 -0.270546738 0.280441061 0.391501526 -0.651698451 0.000244140625
-1.0084694 -0.0542925172 -1.08985437 0.590314146 0.162749494 -0.385816563 0.000244140625
0.983790633 0.579244814 -0.701454897 0.189677353 -0.366735144 -0.0719334171 0.000244140625
-2.26767 -1.0674132 0.565080942 -0.151007326 0.288828063 0.0869781102 0.000244140625
-0.655897017 1.93021234 0.50724127 0.179729124 -0.359445256 -0.533056885 0.000244140625
1.84596473 -0.328323242 -0.0791271122 0.28132291 0.161220647 0.294953554 0.000244140625
1.97676386 -1.21942666 0.976992385 -0.28215756 0.365227169 -0.0487567487 0.000244140625
0.554166565 0.556406673 -0.154594441 -0.201890165 -0.435849189 0.108085614 0.000244140625
9.16686604 -4.90484675 4.97856143 0.0437368 -0.0148138859 0.0806537028 0.000244140625
-3.41389861 0.735412786 3.02729974 -0.303552905 -0.0912928522 -0.13486532 0.000244140625
0.00361517541 -1.60300319 1.36299926 -0.307478977 -0.154433468 0.0222896188 0.000244140625
0.144611368 -0.0727175546 0.278187387 -0.847233108 0.337999697 -0.0900358599 0.000244140625
1.33967122 -0.280389893 -0.0589344214 -0.0538225235 -0.0704450724 -0.356601867 0.000244140625
-1.77624235 -3.40076425 -2.23426202 -0.500666485 -0.17788157 -0.173583505 0.000244140625
0.671245567 -0.348406594 0.191028033 0.271782578 -0.578346386 -0.632966104 0.000244140625
-1.54460582 0.674166454 -0.91648631 -0.301290805 0.0545164979 -0.199552414 0.000244140625
-0.0923360078 -1.38926105 -0.74144917 0.201055451 0.383645202 0.0207333929 0.000244140625
4.0654221 -2.04010008 -3.44821749 -0.110569555 0.15786501 0.0841797637 0.000244140625
1.45197945 -0.349198872 -1.23903652 0.133237049 0.353505549 -0.0691784813 0.000244140625
0.123259554 0.84561029 -0.743961832 0.129757416 0.0354834263 0.109618559 0.000244140625
0.811360048 -0.0663554992 -0.708934779 0.118235267 0.859090951 0.0369395025 0.000244140625
0.188788162 4.67895968 2.03350928 0.271753688 -0.155996978 -0.0824048924 0.000244140625
0.0435253716 -0.763012132 0.379943808 0.370705804 -0.133828553 -0.185583507 0.000244140625
-0.376492125 0.281758544 0.500117794 0.502145536 0.232443318 0.0146177702 0.000244140625
0.437367237 -0.718993954 0.37836802 -0.247437415 0.447145497 -0.498075791 0.000244140625
0.258695444 -0.363259269 0.00770052822 0.581800463 0.38647808 0.250764956 0.000244140625
1.26269771 0.782868069 -0.204939487 -0.279809809 0.580245863 -0.166659733 0.000244140625
-0.352307522 -1.04227627 0.321566844 -0.0478967171 -0.803635717 -0.356988559 0.000244140625
0.400443721 -0.101657386 -0.569193231 0.0381855835 0.0517021348 -0.3542007 0.000244140625
0.553372461 -2.25221459 2.76103142 -0.101179218 -0.150809824 -0.295634995 0.000244140625
0.762224004 -0.207831754 -0.132498935 -0.234357151 -0.22638152 -0.368137305 0.000244140625
0.328752779 0.159894639 0.0271738921 -0.695924884 -0.102126954 0.0513588205 0.000244140625
-0.39088625 0.357266732 0.177768783 -0.0725555375 -0.744734731 -0.188608359 0.000244140625
0.314018395 -0.394223429 -0.650287678 0.465787625 -0.0557719874 0.533460495 0.000244140625
-1.05105928 -1.3129901 0.849253601 -0.167877601 0.166927797 0.114584323 0.000244140625
1.7543757 -1.44625086 -1.56654227 -0.295103122 -0.258397585 0.227835669 0.000244140625
0.234920298 -0.572281817 -0.251581191 0.627946975 -0.223243984 0.660360588 0.000244140625
-0.885750322 1.00810624 0.284676154 0.301067369 -0.0578339413 -0.523274467 0.000244140625
1.69998256 1.0623552 -1.39263348 0.332812052 0.29679175 0.268380277 0.000244140625
-0.382011192 1.34639808 -1.41393805 0.200277562 -0.17469373 0.428480186 0.000244140625
0.138692269 -0.0666513735 1.47463229 0.330236885 -0.0535609201 0.0367107473 0.000244140625
1.34927732 -0.216748006 0.48373105 0.012464945 -0.462728982 0.420342612 0.000244140625
-1.31046419 -0.325069156 -0.30754806 -0.351861287 -0.21209184 0.135736441 0.000244140625
0.307498178 -0.388977479 -0.108103704 -0.719413161 0.363509407 0.226964325 0.000244140625
-8.72109563 1.81951879 0.921469615 0.146776182 0.0551810065 -0.013029636 0.000244140625
0.216597087 1.34887062 -0.302415309 0.510897912 -0.207831045 0.205196232 0.000244140625
-1.32207685 -2.67107921 -0.0769266311 -0.331727628 -0.00690843685 0.133979792 0.000244140625
-0.69001225 -0.321846973 0.282977065 0.15799684 0.76185854 -0.516643843 0.000244140625
-0.193564182 -0.0569328382 0.205915494 0.305965146 0.442549063 0.492021926 0.000244140625
0.513562151 1.31183674 -0.508225344 0.709854795 -0.036315813 0.051271136 0.000244140625
-2.65475632 1.82316868 1.23137011 -0.129877669 -0.188463797 -0.169616369 0.000244140625
1.15302436 5.42473359 -2.9538279 -0.0486336587 -0.077558045 0.0226061079 0.000244140625
2.2013314 0.508691594 2.18192848 -0.304676049 -0.0991315828 0.105781748 0.000244140625
1.2348639 -2.7841138 -1.15403256 0.167439887 0.106801938 -0.0905506749 0.000244140625
0.819890754 -1.64353192 -0.415257811 -0.0395950941 0.180793487 -0.32708196 0.000244140625
-0.98449886 1.0630456 0.463387985 0.244036971 0.0434936129 0.258756738 0.000244140625
-0.872840273 -2.88360274 -0.0146088857 -0.307078922 0.0232664661 0.182847904 0.000244140625
-1.47833085 -0.341889917 -1.7139489 0.102701009 -0.498477395 0.129322707 0.000244140625
-3.14483626 0.717240502 -0.413055187 -0.0359102292 -0.316469711 0.108023964 0.000244140625
0.898701439 -1.29180748 0.140477086 -0.371748845 0.372004841 0.0938616083 0.000244140625
-1.298943 1.05866679 1.99617079 -0.0489543029 0.191683595 0.210173677 0.000244140625
0.182936601 -0.49587215 0.163088845 -0.0131113693 -0.181673496 -0.110470982 0.000244140625
-0.925747744 0.0473059725 -0.891730366 -0.644874794 0.529759021 0.279280807 0.000244140625
0.146788514 -0.197003112 1.45739197 0.311122999 0.261274686 -0.35771288 0.000244140625
0.332325303 0.445343167 0.705176766 -0.471605278 -0.487122766 0.39289534 0.000244140625
1.42268348 -1.01123846 0.255671055 0.252422775 -0.597627492 0.0834740306 0.000244140625
-2.08452015 -1.66116555 -3.3934398 -0.0492960447 -0.179423143 0.286007496 0.000244140625
-0.93471019 -0.679148281 0.783609942 0.359093972 -0.0112033163 -0.0753939666 0.000244140625
0.758191484 -0.879029114 2.18869856 -0.38707293 -0.503147752 0.0786449 0.000244140625
-0.423820351 1.18435004 0.160850723 0.296832254 0.641721463 -0.00170265291 0.000244140625
-3.45212571 0.55073258 5.45130743 -0.162143372 0.102461009 0.125985405 0.000244140625
-1.22140822 0.967817023 0.584896345 0.60462203 0.41342412 0.404952297 0.000244140625
-0.114344653 1.34364248 1.78178271 0.0719907363 -0.252770285 -0.456480622 0.000244140625
-0.518763322 -3.12203826 -1.04493912 -0.485609066 -0.0153904456 -0.215263812 0.000244140625
0.772158127 0.066247301 0.185935994 -0.412528407 0.275471076 -0.200218411 0.000244140625
-2.87553194 -1.86267842 -0.305582881 -0.0350363872 0.217854301 0.0645476518 0.000244140625
0.223302463 -0.560177843 -0.178708639 0.113910295 -0.140581122 -0.0231725967 0.000244140625
-4.71956399 2.20604288 -2.00351791 0.286431649 0.110037146 -0.0313616468 0.000244140625
-0.797203982 -0.699428128 0.0690481068 -0.00157961852 0.28800093 -0.194663326 0.000244140625
2.72806941 -1.85798649 1.70897243 -0.0897590347 0.168674154 0.116016284 0.000244140625
-0.0225384794 0.519933574 -0.246311959 -0.385120965 0.097885795 -0.520076294 0.000244140625
-0.554872679 -0.398819249 0.72695389 0.34915085 -0.209480137 0.027361674 0.000244140625
-0.662193383 -0.00366118562 0.965196952 0.0189756802 0.0284167979 0.0229862869 0.000244140625
-0.940292755 -0.67793325 -2.15224649 -0.154649608 -0.104814724 0.193029211 0.000244140625
0.162666681 0.0455480335 -1.03776674 0.0481828079 0.69695665 -0.0604163667 0.000244140625
-3.84637828 0.712391444 0.702222574 -0.128453338 -0.412050967 0.102243246 0.000244140625
-0.18490985 0.717908171 0.403024746 -0.126298373 -0.195739172 -0.330867395 0.000244140625
1.88282197 -1.21417855 -2.02420443 -0.127746986 0.031590945 -0.259003472 0.000244140625
0.559476202 -0.224222622 -0.97771957 -0.374283678 -0.223334366 -0.124993778 0.000244140625
-2.61208329 5.84201431 -0.298494265 0.0768981321 0.0925292158 -0.183541969 0.000244140625
-0.659193701 0.161092836 -0.833149393 0.50014279 0.371551221 0.634369493 0.000244140625
-1.14226142 0.277430921 -1.12416266 0.186880773 0.429815801 -0.315353338 0.000244140625
0.47586869 -0.711154824 0.127460736 0.559294563 -0.303988356 0.198199322 0.000244140625
-0.237323099 -0.208437298 -0.12502206 -0.0525619509 -0.0913582111 -0.0937587705 0.000244140625
0.103316186 1.34284928 0.08787213 0.0868091414 0.234210572 0.374718086 0.000244140625
-0.104991139 1.05732082 -0.194335166 -0.411967193 -0.496039834 0.196349346 0.000244140625
-0.335752681 0.748140986 -0.297522602 -0.0674408202 -0.176704051 0.311122101 0.000244140625
0.414825959 0.311232932 0.399799163 0.10172606 -0.208473265 0.143806546 0.000244140625
-0.629180869 -0.497038344 -0.523755591 0.00637019371 -0.279369741 -0.616449204 0.000244140625
0.550302109 0.314775921 0.0996203491 -0.450349123 -0.0401957071 0.640099909 0.000244140625
8.70152614 -2.16696411 5.55080527 0.223198812 -0.0669111758 -0.0957231749 0.000244140625
0.439053738 0.375707748 0.569474963 0.116195307 -0.550200761 0.0803084234 0.000244140625
-0.545545529 -1.67180135 0.0594275258 0.306183658 -0.283159506 0.22475827 0.000244140625
-0.143782741 0.250278155 1.27687768 -0.249791503 0.499900384 0.371171955 0.000244140625
-0.579397111 -0.739726914 1.64155913 -0.0279972505 0.363247128 0.112874927 0.000244140625
1.99831084 0.465064991 -1.06644339 -0.298994608 -0.633560528 -0.0809049168 0.000244140625
-1.11132049 0.159724338 -0.920860537 0.183802165 0.191220311 0.0542822196 0.000244140625
-1.16517664 -0.251567203 -0.212795336 0.41659786 -0.402063245 -0.175157803 0.000244140625
-0.00767191723 -0.265532189 -0.662398746 0.249273788 0.20446031 0.476212409 0.000244140625
1.96897388 0.579376455 -0.177890182 -0.167137096 -0.346053524 -0.0059630014 0.000244140625
-0.21415879 -0.235129104 -0.0167704795 0.705689791 0.463107775 -0.575807271 0.000244140625
0.537355882 1.79597016 -0.417066221 0.112730094 -0.228068162 0.285320016 0.000244140625
0.245901014 0.79566435 0.189780189 0.184902456 -0.0652021971 0.226614148 0.000244140625
-0.157855772 -1.5833859 -0.0402564712 0.169898524 -0.147632857 -0.394087825 0.000244140625
-0.0122127741 0.393105109 -0.363039572 0.122287619 0.452923305 0.247449597 0.000244140625
-0.993693539 0.38247399 -0.265193639 0.0125484494 -0.278072259 -0.0141376968 0.000244140625
-0.152212195 -0.430031059 -0.445764181 -0.0843312894 0.014931694 0.607943813 0.000244140625
-0.905463427 -2.04502378 -0.843407814 0.166922265 -0.0465487243 -0.000512502172 0.000244140625
-0.496801618 -0.0603760597 1.01541066 0.0262029863 -0.328954691 -0.291370907 0.000244140625
0.939496628 -0.541280333 0.456636089 0.295346038 0.614483328 0.608129832 0.000244140625
1.57086726 -1.18619846 -0.978375945 0.454752255 0.465950191 0.255916536 0.000244140625
-0.637987764 -0.413538519 0.514560625 0.0196655858 -0.392195942 0.0564776712 0.000244140625
-1.39605772 -0.126112942 -0.685090288 0.150638675 0.219975157 -0.121993361 0.000244140625
-7.56332308 -6.32254807 0.593927392 0.194766544 -0.207357624 0.0297451231 0.000244140625
0.662289857 -0.0734837299 0.0431006909 -0.320857425 0.682282063 0.149136557 0.000244140625
-1.03024224 0.0211920528 0.0108524727 -0.349597651 0.00601740029 0.111299358 0.000244140625
0.00142243156 0.0817661088 0.279008032 0.17978156 0.704992808 -0.500567999 0.000244140625
-0.0427021817 0.815860988 -0.170997505 -0.0587233405 0.583319881 0.592530974 0.000244140625
0.125383434 0.0736071029 0.0407020418 -0.61568214 -0.611143241 -0.280670141 0.000244140625
0.376352755 -1.18566977 -0.350528579 0.122867586 -0.0183246033 0.157112813 0.000244140625
-0.534929228 -0.564572885 -1.59051974 -0.189937287 -0.448419497 -0.220715048 0.000244140625
0.434071147 -0.566678517 -0.845854871 0.296223502 0.241384253 -0.428719493 0.000244140625
-0.909559742 -0.849291723 -2.33226171 -0.163635425 0.173316338 -0.137178098 0.000244140625
0.668714158 -0.541371118 -0.0208554187 0.436589151 -0.025562447 -0.318918596 0.000244140625
-0.31230354 0.689680236 -0.376162286 -0.116234359 -0.31017532 0.933368559 0.000244140625
-0.84866728 0.279338881 -1.03940324 0.465750192 0.391478063 0.495399376 0.000244140625
-0.359690681 -0.844842713 0.34503148 0.497257025 0.218689634 0.00508028187 0.000244140625
0.970017372 -0.53040307 1.62265563 -0.161270885 0.211470075 -0.212492904 0.000244140625
0.181989179 -1.54581917 -1.83418108 0.404460701 0.181542207 -0.282496539 0.000244140625
0.976817508 0.176496241 0.224370338 -0.204145742 -0.400217229 0.370332127 0.000244140625
0.00814605171 0.199164838 -0.574890084 -0.600783316 0.202211707 -0.373586462 0.000244140625
0.0897747603 0.202190059 -1.41098713 -0.382923621 0.20968434 -0.520308855 0.000244140625
-0.244540054 0.410828446 -0.495514873 -0.0473008049 -0.316397709 0.30056806 0.000244140625
1.47574327 -1.17356857 0.572719825 -0.306237585 0.274356368 0.402008461 0.000244140625
1.38408339 -1.49075019 1.0226229 0.297811589 -0.189119543 -0.103364648 0.000244140625
0.356351747 0.264080983 0.820277389 -0.519408277 0.0188408692 -0.0885946307 0.000244140625
-0.938859787 -0.477727995 -0.0146143461 -0.231711183 0.272193569 -0.412799652 0.000244140625
0.923567581 -0.366623363 1.0882793 -0.0323271739 0.101544049 0.347530314 0.000244140625
-0.249703694 -0.596579748 -0.668959259 0.125126096 0.172359767 0.13491364 0.000244140625
0.750253462 -0.0706581335 -0.073392368 0.0817304491 -0.227720404 -0.14363999 0.000244140625
0.918442256 0.638613489 0.585025595 0.47498374 0.180980496 -0.371845322 0.000244140625
-0.467982671 -0.857763919 -0.165716256 0.194833804 -0.0212417152 0.266856256 0.000244140625
1.7901743 -1.70705197 0.117661714 -0.123378963 0.221768753 -0.247389478 0.000244140625
-0.259747118 0.0131122771 0.934908283 0.263610733 -0.0595102136 0.13223435 0.000244140625
0.73246494 0.0323376496 0.610401173 0.407310296 -0.350423751 0.377015327 0.000244140625
-1.08165948 -0.335677472 1.16183279 0.408703173 0.185991888 -0.202859701 0.000244140625
0.664047053 1.66440749 -1.22779719 0.0418101435 -0.351495534 0.461015735 0.000244140625
0.673005974 -0.695599724 0.466783672 -0.342503333 -0.341257258 0.0446607023 0.000244140625
-0.113197809 -0.422547149 -0.391681779 0.30842091 0.175733176 0.177888326 0.000244140625
6.64679023 0.972557444 4.69963166 0.168154666 -0.329234799 -0.141965787 0.000244140625
0.840618639 0.770186348 -0.202035528 0.0750743932 -0.446773878 -0.319804102 0.000244140625
0.573583587 0.783859755 0.527564048 -0.294224264 -0.552201718 -0.428959805 0.000244140625
1.74818394 0.159311712 -0.665404045 -0.0566396896 -0.0270268267 -0.303973142 0.000244140625
-0.759194388 0.586492556 0.0484738801 -0.117708087 -0.287134285 0.0074723554 0.000244140625
-0.141724894 -0.259393845 0.243084396 0.24528274 -0.280888511 -0.10135093 0.000244140625
2.25830001 1.44284863 -2.25851704 -0.40794419 0.237425778 -0.028510124 0.000244140625
-0.480974804 0.694201556 1.65792479 -0.155076173 0.0371284837 -0.230007039 0.000244140625
-0.539777582 -0.342132212 -0.77284927 -0.0345667162 0.236544288 0.334149509 0.000244140625
0.31902244 1.85620941 1.12575966 0.0853653547 -0.0974971314 0.564572039 0.000244140625
-0.0993503845 -0.27183946 0.473433277 -0.226538326 0.275885865 -0.512105982 0.000244140625
-0.722096101 -0.41784477 0.233278913 0.298693415 0.195488418 0.518031886 0.000244140625
0.595396743 -0.112462173 -0.0738361947 0.136905976 -0.0849711031 0.201504024 0.000244140625
-0.215384277 0.722900954 -0.323704424 -0.265195276 0.161045819 0.0319821417 0.000244140625
0.688816122 0.991899878 -1.48891581 0.164183424 -0.149309869 0.361901335 0.000244140625
-0.0197843902 -0.0226119738 1.69149194 0.156133183 -0.284904516 -0.0510508849 0.000244140625
0.240453459 0.479046969 0.492173162 -0.241769616 -0.0549501481 0.333310781 0.000244140625
0.0861955007 -0.0380757708 0.300681655 -0.444016626 -0.432217965 -0.475444196 0.000244140625
4.73518653 14.2643463 -5.55756038 0.138269691 -0.0412517392 -0.140693649 0.000244140625
-0.354972782 0.574751995 -1.47550452 -0.553647698 -0.415584421 0.0611877401 0.000244140625
-0.282629704 0.0938142628 0.47078457 0.48025814 -0.529853213 -0.82680491 0.000244140625
0.709884201 0.717144221 0.0490856918 -0.11940141 0.114224226 0.651460445 0.000244140625
-1.29779508 -0.935684244 -0.599381799 0.408514978 -0.263914706 -0.274172364 0.000244140625
0.537619796 -2.3768482 -0.455642724 0.156502856 -0.26534127 -0.114857276 0.000244140625
0.193993374 0.34002944 0.465917279 0.00220456276 -0.2322151 -0.298776303 0.000244140625
-0.022838875 0.920683022 0.31650837 0.0471317294 -0.0228804266 0.865551152 0.000244140625
0.7329581 -0.22680126 0.778555938 -0.328980207 -0.442567512 -0.70561363 0.000244140625
0.131754499 -0.598241271 -0.473368827 -0.0832427953 -0.610542922 0.368256194 0.000244140625
0.109181829 0.961220273 -0.375870411 -0.483617152 0.113687437 0.359104029 0.000244140625
-0.290868909 -0.0622028162 0.596988336 -0.601232749 -0.707710235 0.402120056 0.000244140625
-1.68452686 1.1340293 -1.30349896 -0.0705378208 0.326305634 0.114622673 0.000244140625
1.15328152 2.07368859 -1.68930762 0.362569601 0.404730781 0.108644145 0.000244140625
-4.08566973 0.989306897 2.28974181 0.123849159 -0.308608203 -0.048584304 0.000244140625
-0.588867457 -0.85987148 1.06507065 -0.450024927 -0.165732777 0.435167232 0.000244140625
0.0248903209 -1.43793925 0.205817536 0.00562621917 -0.0419253915 -0.00847823607 0.000244140625
2.43416286 -0.295853189 0.0416084268 0.0523310907 0.0182829968 -0.567416721 0.000244140625
0.0565166768 -0.299284958 0.981627018 -0.285762423 0.138017616 0.000605306595 0.000244140625
0.964410849 -0.0188027579 -1.33644275 0.248023502 -0.284119771 -0.432656576 0.000244140625
3.49853884 2.28246466 0.53048764 0.265796473 -0.279746265 -0.197334101 0.000244140625
0.342765644 0.351431945 -0.371776667 -0.597212609 -0.773347632 0.236263904 0.000244140625
-0.282287057 -0.0382987784 1.00468536 0.530393599 0.00602230413 -0.0725485789 0.000244140625
0.0923546509 -0.0848024811 0.529525076 -0.580428038 -0.129230963 -0.402344871 0.000244140625
0.838317812 -0.785912677 -0.136772872 0.545060402 0.190547941 0.358380406 0.000244140625
0.804229348 -2.19027057 -0.726783468 -0.201860204 -0.314470591 0.454094124 0.000244140625
1.58937536 0.0586516814 -0.559610995 0.174963275 -0.320772372 0.067338218 0.000244140625
-0.0927944724 -0.387941541 -0.273662283 -0.765173295 0.570723562 -0.154298685 0.000244140625
0.114914649 -0.219584681 -0.430831169 0.0999045589 -0.487572847 0.0827089241 0.000244140625
0.293298647 -0.313330314 -0.579179646 -0.0777285265 -0.318145681 -0.00347048984 0.000244140625
-0.269189382 0.110226094 -3.17984305 -0.0687423649 0.0413138874 -0.307387756 0.000244140625
0.0891663848 -0.622745244 0.108988291 -0.377466993 -0.539374546 -0.221900895 0.000244140625
1.19425318 0.883295887 0.911446154 -0.370288977 0.538911416 -0.152142855 0.000244140625
-1.35737813 0.769260019 1.49410077 0.161083922 0.218111209 0.0886742278 0.000244140625
-0.565648668 0.160834787 0.94992717 -0.548780384 -0.45456702 0.117430272 0.000244140625
-0.419192349 0.267290755 0.213714606 0.129050899 0.602098585 -0.915904185 0.000244140625
0.393091151 -1.50046342 -0.77554596 0.359272539 -0.0975962166 -0.580688604 0.000244140625
0.576297255 0.982939552 0.836523791 -0.312894477 -0.0462284335 -0.144954658 0.000244140625
0.456387873 0.415262362 -0.692218577 -0.761558254 -0.238787362 -0.359179961 0.000244140625
0.251979104 -0.394883804 -0.290708553 -0.539594552 0.430009054 -0.192830391 0.000244140625
-0.939357101 0.124683439 -0.824356376 -0.0723247602 0.379961637 -0.456951416 0.000244140625
1.09651436 1.10888255 1.30727604 -0.0672903309 -0.163161034 -0.0482244565 0.000244140625
0.828280065 -0.718329207 -0.225092259 -0.652679674 -0.164111774 0.0907072102 0.000244140625
-0.174805468 -1.85101609 1.9248603 0.111944779 0.301600313 -0.388303215 0.000244140625
1.60397005 0.664179134 -4.9699537 0.21631084 0.0281192619 -0.267052911 0.000244140625
-0.500932303 -0.367136091 0.29568712 0.250389126 -0.16990545 0.362427702 0.000244140625
1.48324836 0.361920979 0.0675606164 0.103453773 -0.152144289 0.719183379 0.000244140625
-0.0705316967 -1.876434 -0.854860453 0.209060328 0.0373597704 -0.548334951 0.000244140625
-0.316389822 0.696405485 -0.118202423 0.501117031 -0.608099695 -0.0885912139 0.000244140625
-0.365599778 1.65044455 4.06738709 0.0180144367 0.034035314 0.292693399 0.000244140625
2.23021843 4.98570007 3.87400995 0.00441658297 -0.184941922 0.114530378 0.000244140625
0.716121441 0.272485296 -0.540751616 0.505117331 0.0170041738 -0.263530449 0.000244140625
-0.238784615 0.514399697 -0.351148287 -0.0193083207 -0.176608628 0.262726447 0.000244140625
0.488219617 0.488085174 -1.08958945 -0.101021107 -0.303333242 0.414014334 0.000244140625
0.585366657 -0.324049962 -0.0271803502 -0.0308303719 -0.440367632 0.637075413 0.000244140625
-0.133988685 -0.0572681871 -1.19365986 -0.222005546 0.900487954 0.056341961 0.000244140625
-1.69127833 -0.473018183 4.16483918 0.0421533828 0.00551301314 -0.218523033 0.000244140625
-12.5215568 -3.62896837 -3.49566823 0.067652809 -0.0311811455 0.156009189 0.000244140625
-1.02605215 0.251799254 -0.101729378 -0.102572609 -0.365146423 0.0222068634 0.000244140625
0.0633986723 1.05023097 -1.29431316 -0.127110225 0.630725084 -0.021655864 0.000244140625
-0.0857091984 -2.68928265 2.67990099 -0.421748154 0.186965593 0.242861364 0.000244140625
-0.612345123 -0.743807189 -0.957605122 0.0983937799 0.240450452 0.350503581 0.000244140625
0.607635146 0.34853839 0.188767332 -0.265557993 -0.0588150888 -0.358618959 0.000244140625
-0.221085479 -0.27841019 -0.35097141 0.397259408 0.495467157 0.027484938 0.000244140625
0.267576601 -0.205080311 0.139905829 -0.595421598 0.323101665 0.350339971 0.000244140625
1.12097446 -0.278724144 -0.45972044 -0.0539573469 -0.254921957 -0.298972183 0.000244140625
2.85505103 -1.54080915 -0.0982728003 0.405983274 -0.0934483236 -0.353158674 0.000244140625
-0.171765991 -6.32635771 5.42766029 0.0269280556 0.0879233453 -0.0514667347 0.000244140625
0.936271892 0.00369528592 -0.0550329299 0.0234742205 0.00356652056 -0.0829203611 0.000244140625
0.754993931 -0.465219269 1.52347024 0.185061539 0.363264704 0.139780237 0.000244140625
-1.23960893 -1.84047288 -3.59627284 0.417463633 -0.198607013 0.175350749 0.000244140625
0.287650609 0.463057849 0.967621532 0.258526144 0.171076634 -0.198546779 0.000244140625
1.07479491 -0.295754632 -1.02002946 -0.256817351 -0.0275841289 0.429426461 0.000244140625
0.18571408 -0.642137338 -0.51388981 -0.0409232913 -0.524029479 -0.47058782 0.000244140625
-1.74009139 1.20484573 0.625014801 -0.432588132 0.00643623239 0.0561492053 0.000244140625
-0.835231827 0.150315261 -0.860090236 -0.591649825 0.193494714 0.333788114 0.000244140625
5.47045174 6.4415174 1.52523401 -0.0558909114 -0.273899798 0.116608586 0.000244140625
1.98021487 0.311293328 4.54967265 0.0414203042 0.0735749626 -0.0135196283 0.000244140625
0.831911994 -0.874513298 -0.775722142 -0.198099982 0.574405003 -0.0624389348 0.000244140625
-0.807728164 -0.36872224 0.330662015 -0.276282888 0.27158587 -0.693094541 0.000244140625
-0.447448976 0.315235283 0.308874633 -0.389946633 -0.141903823 -0.0191718055 0.000244140625
0.643096375 0.653605643 -0.62997407 -0.448156702 -0.278558515 -0.442387041 0.000244140625
0.781986517 -0.616648318 -0.294010147 -0.377655427 -0.249721297 0.556522269 0.000244140625
-0.326162336 -0.589594808 -0.325111588 -0.0931996672 -0.807495382 0.463725831 0.000244140625
0.343565647 -0.430974406 -0.309794303 -0.099659245 0.427051812 0.386841035 0.000244140625
-0.838340202 -0.625024931 0.142526407 -0.0155780923 0.452205245 -0.0504372821 0.000244140625
-0.303475219 -1.02994229 0.429591819 0.153368273 0.0809453236 0.558839747 0.000244140625
1.07383429 0.71560323 -0.538192918 -0.0579608543 0.0414900232 -0.159292707 0.000244140625
0.767281946 0.415448797 -0.0387437712 -0.715989719 -0.237034617 -0.263982418 0.000244140625
-0.454731226 -0.0993897813 -0.23054592 -0.0913013095 0.131725569 -0.0406331973 0.000244140625
-0.623774686 -0.00829715893 0.597403068 0.206908333 0.262866893 0.242913692 0.000244140625
-0.591893909 0.701285029 -0.24373207 -0.417304135 0.529521982 0.302317285 0.000244140625
-2.44934386 2.39569605 -5.81729363 -0.16444025 0.151687178 -0.0741064824 0.000244140625
1.31591713 -0.851962078 0.810554988 0.340843878 -0.0900962315 0.131066468 0.000244140625
1.52314702 1.78584335 -3.05109992 -0.101306838 -0.113849141 -0.353136448 0.000244140625
0.766477838 1.61043701 0.0549584672 0.143424434 0.109190344 -0.0878235373 0.000244140625
0.0307317665 -0.434479851 -0.0403917919 -0.503347243 -0.544844878 0.58917706 0.000244140625
0.825539106 -0.598478516 1.55865972 0.00830499971 -0.31737544 -0.169313103 0.000244140625
-1.09765168 0.0023428948 -0.202427972 -0.203454831 -0.410922331 0.148735578 0.000244140625
0.0662802606 -0.411959099 0.0696087621 0.49005335 0.362317694 -0.127604017 0.000244140625
-0.409135055 -0.129324052 0.0726164503 0.0368731768 0.141027579 -0.192987613 0.000244140625
0.376263883 -0.524484643 -1.48046868 0.0571407227 -0.418598112 -0.0531415306 0.000244140625
-0.768664773 0.420827766 0.0624916685 0.220725165 -0.486130424 0.352231406 0.000244140625
0.775869354 1.19929506 0.0430449272 0.176931294 0.083123439 0.443645657 0.000244140625
-0.622528212 0.0597015067 0.722955005 -0.459886961 -0.15679906 0.528545284 0.000244140625
-0.94582744 1.32620775 -0.831385545 0.194895712 0.448913022 0.0473919667 0.000244140625
1.09917618 1.15829981 -0.249801063 -0.0900274586 -0.485908582 0.0862850664 0.000244140625
-0.352858145 -0.0659013931 -0.535053204 0.701074087 0.259880224 -0.102291021 0.000244140625
-0.236141445 -0.793937884 -2.36841333 -0.094265706 0.402441302 0.163949781 0.000244140625
0.357930054 2.31680177 1.75801343 -0.094646846 -0.17937825 0.172475646 0.000244140625
-0.262946667 -0.0686264196 -0.549858916 -0.25552813 0.0437880715 -0.250883653 0.000244140625
0.578367009 0.135369614 0.426020448 -0.402053744 0.214929927 -0.197321351 0.000244140625
-1.15961038 -0.545583792 0.675943519 -0.205977097 -0.510347911 0.364410028 0.000244140625
-0.819917659 -1.01535977 1.08827313 0.174780833 0.205830434 -0.187446122 0.000244140625
-0.998054557 -0.542033519 -0.540818385 0.19029684 -0.0713213187 -0.501162211 0.000244140625
-0.853666951 -0.911768168 0.489104109 -0.230193366 0.14812686 0.423307415 0.000244140625
1.39383576 1.41149472 0.492871971 0.0265505801 0.244723362 -0.543117225 0.000244140625
1.68391546 0.846727344 -0.790548425 0.385151332 0.191450965 0.153322362 0.000244140625
1.29958349 0.741302702 3.37282467 0.11794244 -0.0728450332 0.178928127 0.000244140625
-0.0384063104 0.969628773 0.361151007 0.0300169458 0.297548135 -0.168435535 0.000244140625
3.35795502 -5.69981092 9.61838475 -0.100644845 -0.0618179081 -0.0170081183 0.000244140625
-0.823550341 -0.492374789 -0.138771011 0.0818193347 -0.256245266 -0.111877591 0.000244140625
0.493061534 -0.475701691 -0.571605427 -0.264699815 -0.62742703 -0.508814522 0.000244140625
-0.188061732 0.496463057 -0.108749603 0.111193034 -0.720186325 0.454977187 0.000244140625
0.0412464996 -0.481980704 0.569883115 0.972668964 0.160714864 -0.151843085 0.000244140625
-1.04583074 -0.333120439 0.909150927 -0.26073877 -0.479944576 0.177129654 0.000244140625
0.341455095 -0.853401778 -0.731249029 0.567854259 0.240419366 -0.348547656 0.000244140625
-0.535133416 -3.32391437 4.34826888 -0.0356586314 -0.217943839 -0.207355086 0.000244140625
0.0864395607 0.0343802105 -0.775570178 0.109762006 -0.17813035 0.441784365 0.000244140625
-0.321128433 -0.59023305 0.452623543 -0.203432511 -0.374574779 -0.242471804 0.000244140625
-0.544322724 -0.210002589 -0.159047638 -0.586556579 -0.316603753 -0.0448158722 0.000244140625
1.09631472 0.784946497 1.92637664 -0.0487841407 0.0360051819 0.325762896 0.000244140625
-1.94838466 -0.920659941 1.76558535 0.0370837204 0.254191517 0.0879207082 0.000244140625
-0.831210632 -0.30439461 -0.441448489 0.0694811609 0.358265878 -0.183863017 0.000244140625
0.204433874 -0.232953196 0.473195624 0.0609804764 0.708187398 0.348814615 0.000244140625
-0.549712801 -0.561193292 -0.935454975 -0.120723421 0.399766418 -0.120575695 0.000244140625
0.242025018 -0.154176475 0.264577746 -0.075870632 -0.368849875 0.196814179 0.000244140625
-0.857659786 -1.25706532 0.402085941 -0.189030076 0.00700276001 -0.0574857552 0.000244140625
0.520774456 1.55767816 -0.492737991 0.140422142 0.0577449948 0.0941592365 0.000244140625
0.699166839 -0.345787086 -0.20166756 -0.189573527 -0.711366625 -0.0237478073 0.000244140625
0.687885726 -0.432974197 -0.00203137192 0.0535118397 0.0975320701 -0.321705003 0.000244140625
-0.382097592 0.98959619 -1.77918185 0.285830034 -0.313916015 0.0399721221 0.000244140625
1.01120198 0.137229628 0.681598841 0.333375951 0.0828174034 0.778939363 0.000244140625
0.159599293 -0.618553196 -0.787872965 -0.427715036 -0.028111448 0.00867100819 0.000244140625
-0.103859453 -0.0969567626 -0.432503083 0.308370004 0.41902225 -0.819644754 0.000244140625
-0.327002338 -0.564641061 -0.544712498 0.456921417 -0.464911033 -0.584332987 0.000244140625
-2.54167731 0.998910097 -5.11910806 0.162559507 -0.119907993 0.162190876 0.000244140625
-1.65683045 0.582715448 -0.586189785 -0.295501409 0.349406463 -0.496314051 0.000244140625
0.541184741 -1.16309036 0.773844023 -0.217285941 0.256533541 -0.193720016 0.000244140625
-0.303949399 -0.220532785 1.1241611 0.362593827 0.101077619 0.0988530933 0.000244140625
0.613127119 2.3098196 -2.91281534 -0.0985652503 0.0292036359 0.106345727 0.000244140625
0.321818526 0.229182833 -1.06009691 0.272341662 0.438708325 -0.468107137 0.000244140625
1.23648409 0.539013673 0.0633959886 -0.445263011 -0.458061835 -0.513419127 0.000244140625
-5.64793311 2.8958922 -2.718412 -0.124291489 0.0157343633 0.152160181 0.000244140625
0.663922273 -0.0683722146 -0.209971852 -0.0471854588 0.193891295 -0.116741162 0.000244140625
0.502501784 -0.293183617 0.999323351 -0.338506005 -0.0356062116 0.249646346 0.000244140625
2.32211822 -2.07473757 -1.218267 0.321069084 0.343836987 0.408826076 0.000244140625
1.05385811 0.625966039 0.417127529 -0.226845754 0.320352098 0.371906636 0.000244140625
1.16780062 -0.216835069 -3.3110636 -0.00522920903 0.174703454 -0.294081513 0.000244140625
-0.152752019 -0.624987925 -0.0268860407 -0.465455019 -0.264643639 -0.537532396 0.000244140625
-1.57050531 -1.87744609 0.265707197 0.202071209 0.523353082 0.147717394 0.000244140625
-0.461249365 1.44126505 1.6597723 0.572978025 0.204923567 -0.148844288 0.000244140625
0.243744812 0.322955053 -0.74975827 0.547134935 0.0630531134 0.159111583 0.000244140625
0.173182084 0.631482643 -0.174049471 0.706727288 0.64670342 -0.161964427 0.000244140625
-0.780968582 1.38145262 -1.4300077 -0.269949031 -0.073305749 -0.331183992 0.000244140625
-0.399886725 -0.657493827 0.29803481 0.325209636 -0.107778942 -0.317301725 0.000244140625
-0.327700452 2.31231714 -1.66638085 0.285923716 0.341143935 0.09862154 0.000244140625
0.0668580478 -0.0787847721 -0.373888152 -0.205184734 0.0694656685 -0.590594267 0.000244140625
-0.362330721 -0.275632178 -0.443920453 0.198839597 0.276958419 0.0024626355 0.000244140625
0.755102962 0.695819171 -0.0931540596 0.123529212 0.132906604 -0.12575707 0.000244140625
2.26216088 0.604175723 -0.968159979 -0.283185668 -0.0118695526 -0.402336401 0.000244140625
-0.115128238 0.177052906 -0.755188597 0.175072171 -0.0176939601 0.0576459508 0.000244140625
3.84285937 1.3486015 0.140131905 -0.144266347 0.121831231 0.0991863641 0.000244140625
-0.00075225813 4.39327298 0.20278166 0.301197577 -0.0790899145 -0.0145064922 0.000244140625
-0.462014026 -0.442762915 -0.644951971 -0.179762728 -0.354708932 0.29702597 0.000244140625
-1.67403709 0.120603842 1.13825776 0.650005303 0.049345726 -0.105503425 0.000244140625
0.574774697 0.119359473 1.57223696 0.0441821736 -0.384711887 -0.040439408 0.000244140625
2.54890965 -2.67823235 0.0529685284 -0.0621988994 -0.202663176 0.0534203547 0.000244140625
0.767894885 -0.994123944 1.8438828 0.0841490297 -0.551568142 -0.0231885697 0.000244140625
0.984320879 -0.179184592 -0.178572721 -0.722149247 -0.0583543126 -0.155901841 0.000244140625
-1.3688998 0.44338279 1.25368171 0.12531614 -0.254507898 0.0499489733 0.000244140625
0.501515338 -1.52904961 0.444554105 -0.597822444 -0.0488915548 0.046748076 0.000244140625
-0.142268579 -0.795291548 -0.930033322 0.579274619 -0.00966317387 0.241470102 0.000244140625
0.247070873 -0.448436156 0.445913758 0.0837096472 0.315096055 0.220103552 0.000244140625
1.52894419 0.332039793 -0.243963108 -0.285430634 -0.248729087 0.220539057 0.000244140625
-0.231043563 -0.0422457131 -0.794956956 0.0177028575 0.406364914 0.355440033 0.000244140625
0.77011145 -0.0427960139 0.533225509 -0.212333352 0.471781198 0.251887721 0.000244140625
0.000913522977 -0.687655899 -1.13769306 -0.236197034 0.420822683 -0.0809457117 0.000244140625
-0.646888175 0.66670708 0.126590101 0.2110117 0.651217242 0.192846621 0.000244140625
0.793905662 -0.518827694 0.225347328 0.302628811 0.287325945 -0.307721206 0.000244140625
-1.84552966 -1.64079852 0.263292544 0.00174651237 0.425328357 -0.403564094 0.000244140625
-0.601847928 -1.23096118 1.26317758 -0.262519223 0.54335366 0.173349188 0.000244140625
2.25246584 -0.54351228 -0.133643721 -0.0794346162 -0.387693204 -0.173210259 0.000244140625
-0.535595631 -0.712532289 -0.38586978 0.176963755 -0.859055017 0.0713156025 0.000244140625
0.0820752364 -0.476716006 0.434502831 -0.0858455257 0.798549302 0.0517829706 0.000244140625
-0.943527722 -0.707364669 -1.95479302 0.567450991 0.382528346 0.113167618 0.000244140625
0.360917399 0.697844346 0.337682145 -0.312477256 -0.415697984 0.0482600177 0.000244140625
0.637898987 0.575452309 -0.481193352 -0.0840033463 -0.147085261 0.52841186 0.000244140625
-0.647136592 -0.573569605 1.25403529 -0.225650828 0.0955363084 0.615143276 0.000244140625
0.276508163 -0.400325199 0.441315623 0.005130763 -0.327630334 -0.170525089 0.000244140625
-0.619467622 3.44296427 -4.31316189 0.0519382278 0.0167352323 0.467339287 0.000244140625
1.67389734 0.201756076 -4.8612473 -0.0823810375 -0.0863925429 -0.0813476301 0.000244140625
0.686139946 0.38631897 -0.648405337 -0.245442857 0.150512891 0.420546312 0.000244140625
-1.20515133 0.190269983 0.299484026 -0.0984991202 -0.319382129 -0.471451324 0.000244140625
-0.0136403344 1.23537598 -1.03674752 -0.382315969 -0.0599626875 -0.421169739 0.000244140625
1.03224009 -1.91135302 0.70169233 -0.282835022 0.104049775 0.17424744 0.000244140625
2.7959237 -1.65513401 -0.9585314 0.391370892 -0.00197270916 -0.125924565 0.000244140625
-0.704914762 -1.6350596 -0.0222545376 -0.202298041 -0.22168131 -0.212899947 0.000244140625
-0.303892748 -0.393183256 0.447948311 -0.220094793 0.267668268 -0.336265441 0.000244140625
-0.792798426 0.199709323 -0.606712189 0.130467673 -0.167339619 -0.647048257 0.000244140625
0.262711959 1.81268603 0.670178696 0.243164896 0.473457523 -0.099813527 0.000244140625
0.726534486 0.855291437 0.476443846 -0.438156155 0.497751419 0.214057983 0.000244140625
0.246896023 0.465835098 0.0892300197 -0.150139725 -0.563564004 -0.467789276 0.000244140625
2.30870004 0.200406153 -5.62412384 -0.0172191871 -0.0516422129 0.393356325 0.000244140625
-1.26082623 -0.625217677 2.47310392 0.19047006 0.0117514441 -0.263730881 0.000244140625
-0.411312159 -1.27628987 -1.14945884 -0.563729193 0.170054799 0.218008129 0.000244140625
2.22934059 5.23448452 1.00617485 -0.286842418 -0.28375668 -0.0686734702 0.000244140625
-0.0306084172 0.329347817 -0.613670435 0.29948345 -0.208585898 -0.0671995064 0.000244140625
-0.146107133 0.224581569 -0.238394362 0.287354075 -0.564061265 0.274385177 0.000244140625
2.27928095 -0.889334227 -0.340312031 -0.152819478 0.0870034902 -0.149389545 0.000244140625
1.02316555 0.266266047 -0.522827564 0.204980774 -0.530568305 -0.290594568 0.000244140625
-0.0146690323 -0.0637406435 0.214675155 -0.218683452 -0.313135341 -0.182475751 0.000244140625
-0.183854146 -0.307883701 0.572088424 -0.404347265 -0.890650149 -0.344838946 0.000244140625
0.751928337 -0.633906239 1.73874758 -0.285922578 -0.47291812 -0.156029266 0.000244140625
-0.117019236 0.182093455 -0.256321803 0.302571779 0.295696208 -0.347909716 0.000244140625
-0.15534012 -0.0515872544 -0.145166739 -0.3611027 0.635215122 -0.638415102 0.000244140625
-1.00403259 1.06885272 -4.22432984 -0.00957386325 -0.264266533 0.192721683 0.000244140625
-0.0855815007 0.18094837 0.233873375 -0.168396884 -0.050018095 -0.171870646 0.000244140625
0.0405079772 0.0825691153 0.159415697 0.847910145 -0.788759673 -0.0273118382 0.000244140625
1.00704178 -0.115386334 -0.329653585 0.214447704 -0.0451088523 -0.49038859 0.000244140625
0.571119084 -0.870839685 -0.813035101 -0.371011236 -0.0955259661 0.264811276 0.000244140625
-1.04337806 0.70298096 0.124170845 -0.248910474 0.326668734 -0.62558909 0.000244140625
-0.667557909 -0.44420256 0.301330476 0.0620352939 0.0409643029 -0.355255543 0.000244140625
-0.223574253 -0.923544191 -0.199034581 -0.319116715 -0.00294203218 0.0625412191 0.000244140625
0.0778083465 0.255315824 0.278690755 -0.138432214 0.554741829 0.671434363 0.000244140625
0.860868042 2.20227988 2.47966 -0.15854797 -0.0408655763 0.252331157 0.000244140625
1.91691318 -0.937521746 0.12343993 0.0839574895 -0.266402903 -0.364268857 0.000244140625
1.26806497 6.49521581 3.31805229 -0.238505905 -0.157626432 -0.071567872 0.000244140625
-2.6692321 0.863457327 0.365064128 0.357795843 0.00937736889 0.0352171477 0.000244140625
-0.646574422 -0.502921274 -0.10440538 0.343158889 0.424684079 -0.280479675 0.000244140625
-0.459121541 -0.755105384 -1.99969876 0.345122988 0.0897831714 0.311929647 0.000244140625
1.00300796 -0.764912751 2.39298954 -0.18505615 0.229076564 -0.054109417 0.000244140625
1.17579354 -1.58543714 -0.733649319 0.346667699 -0.0230343476 0.147574606 0.000244140625
8.04709231 -3.51484002 0.194542491 -0.139864282 0.206074497 0.040655186 0.000244140625
-0.116699538 0.706156643 -0.00479303096 0.0729403054 -0.56452625 0.366974379 0.000244140625
-0.525258815 0.72447926 -2.34650826 0.337575227 0.272300917 -0.128457479 0.000244140625
-0.668163148 0.080084458 -0.179893654 -0.135417459 -0.371479368 -0.0296849153 0.000244140625
-0.348189579 0.803139728 0.157774016 0.210019082 -0.0989247791 0.85465953 0.000244140625
-2.47799003 -0.0558398974 0.464629377 0.287069804 -0.471577561 -0.0839965147 0.000244140625
0.280914469 -0.28583061 -0.086236857 0.39281781 -0.0732417428 -0.441523304 0.000244140625
-0.711025847 0.450300257 -0.351903288 -0.0986729681 0.111866788 0.360866712 0.000244140625
-0.034990256 -0.792225234 -1.39272781 -0.0997488028 0.2936586 0.279025123 0.000244140625
-0.301143645 0.156206713 0.0667919781 -0.408722087 0.163743743 0.383127356 0.000244140625
0.907446263 -0.48394343 1.85879489 -0.0765020344 -0.253495042 -0.380226149 0.000244140625
-2.2667115 -1.04440097 -0.740052753 0.299684452 -0.235522549 0.0207031864 0.000244140625
0.221820346 0.321503405 -0.466443033 0.0858944005 0.558822942 -0.262991534 0.000244140625
-2.00878381 0.744409451 1.43335556 -0.00645646355 0.0351163285 0.0062943064 0.000244140625
-1.13818234 0.459848891 0.681012707 -0.278609213 -0.151166258 -0.0558706261 0.000244140625
-2.7905477 -0.694530891 0.204155808 -0.247804795 -0.140825283 -0.137149259 0.000244140625
-0.163077849 -0.944522356 -0.326121345 -0.293256413 -0.390769268 0.0434375444 0.000244140625
0.460570795 0.533073556 0.564344857 0.301325648 0.338458916 0.310611494 0.000244140625
0.186414313 -1.73793318 -0.0162656148 -0.269992007 0.296389784 0.193750882 0.000244140625
0.859015497 0.492168905 -1.59369566 -0.0594460153 -0.0707386551 -0.330075492 0.000244140625
1.19703598 -0.39702423 -0.0215173706 0.202204077 0.246037497 -0.111707728 0.000244140625
0.527078666 -0.875296248 -0.324292089 -0.201011159 0.0443838793 -0.0796850637 0.000244140625
0.0248732961 -0.444429207 0.0374557721 -0.245674648 0.225209179 0.414974258 0.000244140625
9.06300695 5.81669434 -1.5262105 -0.0122444575 -0.130968315 -0.0813814809 0.000244140625
0.841105051 0.221120416 -0.585169559 -0.304168326 -0.587085004 0.133473862 0.000244140625
0.999974254 0.688665572 1.00880802 0.305539106 -0.051478081 -0.175175334 0.000244140625
2.49020692 -1.05525643 -1.21679316 -0.127998925 -0.0535075807 0.0555765193 0.000244140625
-0.702436025 0.39306448 0.6566484 -0.199595482 0.643778276 -0.0304565884 0.000244140625
-0.0900191996 1.31431007 -1.73253477 -0.0206795908 -0.105663166 0.25363415 0.000244140625
1.26816029 0.750880214 -1.89005369 0.250061996 -0.0373692383 -0.262926696 0.000244140625
0.529132102 -0.198297838 -1.13371285 0.238529764 -0.445910362 -0.104291033 0.000244140625
0.532883586 0.837748618 1.43277786 -0.280362011 0.111470773 -0.280714915 0.000244140625
1.92342443 1.3355272 0.598259901 -0.000432992323 0.294292097 0.195849733 0.000244140625
0.91675734 0.247010682 -0.533493853 -0.278072544 -0.00611675907 0.590596861 0.000244140625
-0.422261161 0.247746199 -1.80201625 -0.0605699944 -0.208218259 0.0464326766 0.000244140625
-0.662081863 -1.11001435 -0.357038561 -0.265055142 -0.34211624 -0.365915714 0.000244140625
-1.3660356 0.0494360064 1.36641076 -0.234714332 -0.301625023 0.700762445 0.000244140625
0.0720615477 0.279509631 0.13718168 -0.19147586 -0.0391359723 -0.466208328 0.000244140625
-0.0401041315 1.60050814 -2.53293574 -0.413359238 -0.0533417291 0.0893282032 0.000244140625
-0.570722587 0.633766817 -0.234680941 0.0232309963 0.266166824 0.650187962 0.000244140625
0.776432682 -2.94359371 3.07154499 -0.10686757 0.0781283084 -0.211915415 0.000244140625
-1.08500499 -0.536047927 -1.42845159 0.120093149 -0.0928264866 -0.454328532 0.000244140625
-0.264681562 -0.160929 0.0717602137 0.0125015593 0.255722056 -0.391047658 0.000244140625
-4.36873357 4.36122611 -0.912447708 0.209457322 0.0353009902 0.0284166353 0.000244140625
1.34565534 0.406762503 1.55511334 -0.368693527 0.251909814 0.264425761 0.000244140625
0.678384585 -2.51602978 1.36320061 0.469609157 0.0289181186 -0.146827552 0.000244140625
0.0777586731 -0.61430425 1.3930457 -0.155189845 -0.203288767 -0.434201783 0.000244140625
3.21213762 -4.90975503 -2.82042313 0.00259293085 -0.167503595 0.0115881358 0.000244140625
0.470675468 -1.72228715 0.709319589 0.104131569 -0.166972089 0.0842552621 0.000244140625
1.00038563 -0.757869981 -0.886561904 0.185321164 -0.192283322 0.484883396 0.000244140625
-0.211168852 -0.328760775 0.00244236038 0.145439875 -0.184280955 -0.258929008 0.000244140625
2.79235043 -2.04048282 1.90762006 -0.185523354 0.124866216 0.366964884 0.000244140625
3.53075743 2.79210925 -0.981448602 0.196884068 -0.0753021552 0.423979408 0.000244140625
0.207391749 -0.337113277 0.38403222 -0.229127171 0.267157575 -0.48810303 0.000244140625
-0.0913793201 0.600518164 0.92091587 0.104293872 -0.102197015 0.258380704 0.000244140625
0.358139977 -1.13366801 -0.0355937523 0.0172717661 0.781047354 -0.0610525034 0.000244140625
-4.03486422 0.932792667 -0.440883338 -0.0987451877 0.172373447 0.0567770959 0.000244140625
-0.00992710169 0.245573628 -0.800007802 0.415071856 -0.188241399 0.46497584 0.000244140625
-0.972097458 0.282101378 -0.269503082 -0.0151548034 0.314808247 -0.414863105 0.000244140625
-0.356203936 1.42860016 -0.551308579 -0.18745204 0.269811811 -0.371522066 0.000244140625
-0.788669186 -1.06178949 0.712286389 0.174527674 -0.498360542 -0.262367507 0.000244140625
-0.21882424 -0.379138228 -1.60389043 0.0240076249 0.34113983 -0.202274231 0.000244140625
1.03175562 -0.373319401 1.72361851 -0.322230912 -0.0924792014 -0.336315603 0.000244140625
-0.396023683 -0.243555471 -0.327718136 -0.215865558 -0.331357437 -0.102589781 0.000244140625
0.372960754 -1.09943777 -0.580013244 0.0653846754 0.352810088 0.0985109165 0.000244140625
-0.0784313231 -1.20714442 -1.97075667 -0.30475704 0.780896278 0.0214770676 0.000244140625
-0.700090169 -0.855602631 0.541797986 0.247146238 -0.337406725 0.292980735 0.000244140625
2.81837053 2.06714404 8.77199656 0.0624223111 -0.197529937 -0.181935679 0.000244140625
-2.36845688 2.27644449 1.1354112 -0.120860945 0.0233248875 0.103184539 0.000244140625
-0.594995164 1.1523759 0.30089496 -0.276802645 -0.0968559653 0.140518366 0.000244140625
1.71231561 -0.405635174 -1.40495085 0.399762319 0.448745477 0.491762561 0.000244140625
0.588620133 0.757200066 0.0715424705 0.130327617 -0.0940283867 0.406494277 0.000244140625
-0.0563520394 1.88908277 0.833350746 -0.364058651 0.538627703 0.161228134 0.000244140625
-0.318400067 0.399676149 0.994088913 -0.234008791 0.0218325913 0.470577252 0.000244140625
0.515979168 0.664510386 -2.81096691 0.244055872 -0.217238936 0.0975024385 0.000244140625
-0.559297158 0.493936647 0.386633436 -0.149012892 -0.192778326 -0.441156899 0.000244140625
-2.80993368 2.35368035 4.10798407 -0.240097693 -0.0241805927 0.0115336514 0.000244140625
3.57457353 -0.255678444 -0.840203589 -0.435852692 -0.0843860755 -0.0062425769 0.000244140625
-0.910958009 0.736022876 1.01532732 0.0836647358 0.132694036 -0.129687373 0.000244140625
-0.567607402 -0.051267484 -0.369321987 -0.117898795 -0.471993763 0.227005687 0.000244140625
0.804506043 0.940886066 -0.74970787 0.146064048 -0.0232624377 -0.0578291442 0.000244140625
-0.413607576 -0.0429211586 -0.0451258437 -0.0783049431 0.249285469 -0.218179917 0.000244140625
0.701525372 -0.240291169 0.954335629 -0.131143045 0.333180378 -0.313351385 0.000244140625
-1.88989661 1.15144634 0.943498035 -0.0937590545 -0.370679057 -0.186668836 0.000244140625
1.19616537 -1.99566308 -2.10705681 -0.0117115935 -0.186154592 -0.565066426 0.000244140625
-0.3270307 -0.251250633 -0.396341527 0.243259041 -0.870944306 -0.196447956 0.000244140625
-2.13011196 -0.39271638 1.0764605 -0.0866208507 0.153773934 -0.14337181 0.000244140625
-1.02914727 -0.264001838 -0.186998514 -0.270537892 0.0779132261 -0.445609089 0.000244140625
0.359125266 0.295242783 0.761076459 -0.328286821 -0.211203355 0.00135793219 0.000244140625
-0.385810755 0.0460279623 -0.0525819416 0.145972048 -0.196157822 -0.0253443321 0.000244140625
0.414320055 -0.232157704 0.714138188 0.317467227 0.326249089 0.467486468 0.000244140625
0.0388743072 0.879623868 0.489552887 0.237882908 -0.504387959 0.300560119 0.000244140625
1.74692228 1.53148538 -0.431038608 0.332957854 0.228040936 -0.0484579892 0.000244140625
-0.455240891 -1.2377973 -1.07849704 -0.00422343863 0.0514654584 0.423639811 0.000244140625
1.2409379 1.58218493 -0.464097786 -0.0181777331 -0.246836146 -0.0855571247 0.000244140625
-0.294682878 2.49095241 0.940748624 -0.0851053662 -0.00638702161 0.419318557 0.000244140625
0.477395242 -0.277394452 -1.01996611 0.321447489 0.0172817615 -0.143634454 0.000244140625
-0.049216415 -0.197534668 -0.140248184 0.430105734 0.017207139 -0.171938363 0.000244140625
-1.03611501 -0.508835766 -0.237361619 -0.307195726 -0.00327792371 -0.192196778 0.000244140625
-0.0843230726 -0.558857628 0.694797813 -0.0483547423 0.0763020901 0.144252007 0.000244140625
0.260064776 0.288407624 0.0550697291 0.314211255 -0.742038304 -0.152475844 0.000244140625
1.82989603 -1.35431563 0.677266133 0.0223401727 -0.319153549 -0.290106047 0.000244140625
0.0799088082 0.886952756 -0.797488868 0.540783734 0.635381178 0.207130506 0.000244140625
0.66567662 1.67604438 2.05524642 -0.233836123 0.0108923586 -0.410415225 0.000244140625
0.302192908 -0.874440064 0.43191578 -0.665414953 0.369339364 -0.0655507123 0.000244140625
0.273697198 -0.561665467 0.365728994 0.367513562 -0.290800073 -0.170120937 0.000244140625
-1.97005392 -0.387226872 0.846846905 -0.156532426 -0.339559761 0.32726993 0.000244140625
-0.206042531 -0.73357608 -0.134257083 0.0620818941 0.55376024 0.0711688144 0.000244140625
1.01997074 -0.694037706 0.403246726 0.172343941 -0.471796482 0.19723475 0.000244140625
0.789348523 2.58997267 -0.425032791 -0.191539588 0.240602232 0.272462059 0.000244140625
-0.759645583 0.268530286 0.767758179 -0.645318015 0.0816510616 0.60953157 0.000244140625
0.893155995 -0.419926317 0.359154869 -0.140089193 -0.22890328 0.387730464 0.000244140625
-5.43623331 -3.15202648 -2.85810477 0.180507725 -0.386434494 -0.105809612 0.000244140625
-0.389728731 -0.707706882 -0.798751203 -0.345551825 -0.25100329 0.0366079446 0.000244140625
0.0310483367 -0.128033792 -0.0458220349 -0.370420312 0.317046502 -0.586836327 0.000244140625
0.436262199 -0.152682518 -0.975871842 0.0809771573 0.304035515 -0.456101875 0.000244140625
-1.14491416 -0.450864422 0.449018378 0.139930777 -0.043639062 -0.791621333 0.000244140625
0.451839376 -0.54553476 -1.36625458 0.662949978 -0.193003143 -0.263917373 0.000244140625
0.708238016 -0.361345537 0.129759718 -0.0422159144 0.0225305055 0.275204299 0.000244140625
-0.0408682024 0.0544512626 -0.576460216 -0.226636255 -0.699018947 -0.0282102334 0.000244140625
-0.585377866 -2.01331578 1.86186468 -0.309834046 0.165481818 -0.293333978 0.000244140625
2.22918755 0.554288932 -0.656120915 0.288619838 -0.12864731 -0.326770123 0.000244140625
-0.302960084 0.378244232 -0.469662803 -0.52530881 0.14239871 -0.104832681 0.000244140625
-0.193233975 -0.288420816 -0.927919475 0.157352551 0.387725092 0.119071128 0.000244140625
0.619650659 -0.613371521 0.0923464441 0.586767778 0.0679110909 -0.0809315024 0.000244140625
0.47225012 -0.734268538 -0.895179609 -0.0926337743 -0.361170898 0.145278833 0.000244140625
3.01865169 -3.94378918 -2.33291824 -0.166334236 0.281773552 -0.0853201658 0.000244140625
-0.774415139 0.420048786 0.669594214 0.422158161 0.731911095 0.423626008 0.000244140625
1.65584821 -1.03257325 -0.68999537 0.0842284677 0.252875159 0.13981912 0.000244140625
-0.149310494 0.360134158 -0.00141352278 0.254109661 0.151427215 0.390668989 0.000244140625
2.06698233 0.718494713 -0.172339518 0.169871346 0.137605044 0.0528038782 0.000244140625
1.13147533 1.57393989 2.20344776 0.220597688 0.320333335 -0.239631649 0.000244140625
-1.69613147 -0.720863935 -0.00459339139 0.139004518 0.344407681 -0.641555094 0.000244140625
-0.1058009 -0.00440057041 -0.473456484 -0.48761546 0.213125382 -0.224580843 0.000244140625
0.150132011 -0.446663626 0.495899694 0.200757409 0.779594529 -0.294377258 0.000244140625
0.295675541 0.367652149 0.409889398 -0.0669856513 0.0160937491 0.357268175 0.000244140625
-2.53304237 0.201880999 -1.85577578 -0.197750627 0.446704846 -0.0095616073 0.000244140625
0.644722271 0.172750013 0.911228791 -0.0126828533 -0.326001185 0.590721138 0.000244140625
-0.378994802 -1.01306721 -0.35663688 0.0648280689 0.651767432 0.00701736045 0.000244140625
0.340023778 0.292012268 0.383803532 -0.132679541 -0.41704187 0.960470702 0.000244140625
-1.10986273 -0.180101637 0.879567424 0.0422478952 -0.427811413 0.0310532846 0.000244140625
0.603830235 1.45472798 0.907763145 -0.0342126695 0.0552025415 0.0981108497 0.000244140625
-1.0193123 -0.459328099 -0.355610715 0.243514511 0.0160944916 -0.0820280599 0.000244140625
0.430705526 -0.771385136 -0.0750169779 -0.274757882 -0.410245916 -0.270981349 0.000244140625
0.302385652 -0.492869724 0.474575855 0.530369192 -0.252318529 -0.551023773 0.000244140625
0.0552011929 -0.264080045 -0.175385317 0.458563255 -0.182421595 0.773075401 0.000244140625
-0.79135202 0.774577831 -0.643680924 -0.185634548 0.0857203317 -0.181089399 0.000244140625
0.476920938 0.251842148 -1.94852861 -0.00578664805 -0.513229231 0.161775891 0.000244140625
0.814830409 0.0783251408 -1.01239793 -0.345483549 -0.521574592 0.127477269 0.000244140625
0.999524177 0.814822045 -0.584766766 -0.566692042 -0.292293442 -0.245751932 0.000244140625
-1.08111252 0.957766918 1.91597672 0.189910063 0.162997126 -0.356935385 0.000244140625
0.454952787 -0.218776233 0.35765923 0.277843065 0.016247106 -0.189189898 0.000244140625
2.20077473 1.0392284 5.53077016 0.0315543808 0.199840601 -0.071619413 0.000244140625
1.72874605 -0.371357527 -2.63578297 0.26992566 -0.117353453 -0.1495734 0.000244140625
2.79098594 2.70480715 1.32574082 0.163801364 -0.074659137 0.175722956 0.000244140625
0.26724227 -0.632026966 0.033997792 0.415449337 0.234620681 0.253105822 0.000244140625
0.222965105 -1.30897044 0.888513793 0.0543492476 0.000396642046 -0.125498008 0.000244140625
-0.119885271 0.10661612 -0.0949496087 0.961994908 -0.0484854094 0.414972172 0.000244140625
1.31740904 0.702122407 6.66884837 -0.0884322792 -0.191985291 -0.0403940084 0.000244140625
0.0424860429 -0.780657081 0.744740721 -0.332407935 -0.0839018441 -0.311091841 0.000244140625
0.140795071 0.609550663 -0.620317779 -0.222936856 0.831247076 -0.0358666725 0.000244140625
0.40302357 0.188472899 -0.0830040418 -0.181947793 -0.147975703 0.423655619 0.000244140625
0.88474737 -1.39637528 0.16273863 -0.326152697 0.378499694 -0.135347406 0.000244140625
-1.32448923 0.784605677 -0.389209036 0.276184031 -0.125960976 0.272763609 0.000244140625
1.82754762 0.958125928 -1.63997921 -0.260412988 0.0734709439 0.0586904617 0.000244140625
-0.730630769 0.00169025617 1.78861396 -0.222340563 -0.378119627 0.200243445 0.000244140625
-1.40976235 -1.11757022 0.139615437 -0.283889111 0.211413025 0.233085499 0.000244140625
0.0138605004 0.161368597 -0.601863668 0.477871777 0.518371406 0.233224376 0.000244140625
0.23486133 0.79135918 2.25001796 -0.306425438 -0.235275281 -0.205078951 0.000244140625
-0.545297339 0.754874344 -0.656973431 0.216344092 0.114575831 0.00611116537 0.000244140625
0.117497595 0.338152193 0.0889617492 0.119719111 0.0543592127 -0.29840336 0.000244140625
1.57418502 -1.30425801 0.981509535 0.103582637 -0.31537343 -0.0193777317 0.000244140625
0.290097467 -0.218419073 -1.00356291 -0.437606522 0.114771215 0.384932083 0.000244140625
1.24960474 -0.921209976 -0.88606245 -0.299897329 -0.336637569 -0.354064738 0.000244140625
-0.475007523 -0.320431361 0.694085797 0.561744455 -0.232495969 -0.108814168 0.000244140625
0.157724051 0.691924245 -0.562285771 -0.424789211 0.497439532 -0.502619725 0.000244140625
-1.83343373 1.22561708 0.644124356 0.546752172 -0.0457507496 -0.207212377 0.000244140625
1.05998053 -0.65899048 -0.753153858 -0.227433141 0.409169634 -0.306218834 0.000244140625
1.19626978 -0.010335738 0.361293703 -0.124393537 0.0614152808 -0.0629027721 0.000244140625
-1.28456673 -0.136101756 -1.32483271 -0.121668572 0.512870886 -0.171681674 0.000244140625
0.724666209 -0.765510709 0.796781153 0.211979858 0.00478977401 0.106600889 0.000244140625
1.56826348 -1.32174045 -2.07681039 0.0779554863 -0.34444093 -0.0653890774 0.000244140625
-0.63194472 0.136448091 -0.403626313 0.311857634 0.263561342 0.534793189 0.000244140625
0.243500921 0.200402647 0.22945694 0.248548979 0.140234375 0.131560701 0.000244140625
-0.519620008 -0.852307377 -0.280198585 -0.0813252078 0.232334285 -0.0881240092 0.000244140625
0.0496185381 0.397283333 -0.785280702 0.362893924 0.300442133 0.474685357 0.000244140625
0.269825934 -0.190227252 0.13795297 0.579087795 0.669626763 0.225802565 0.000244140625
-0.553912188 0.239979586 1.88693233 -0.072331352 0.0922554329 0.447127147 0.000244140625
0.646961546 0.0718001872 -0.692493735 0.0196039383 0.442834092 0.358928967 0.000244140625
2.16390041 2.67443056 -1.30515698 -0.138084237 -0.173576218 -0.175011268 0.000244140625
-1.29125159 1.29722723 0.926848261 0.187263407 -0.168897754 -0.208138557 0.000244140625
-0.823443757 -0.425664551 0.117119964 -0.443800591 -0.0484348457 -0.105689695 0.000244140625
-1.90577636 -2.84696575 1.22170349 -0.0661640391 0.335301957 0.0300349378 0.000244140625
-0.419854276 1.43315621 0.34707913 -0.0304940774 -0.156274754 0.149684505 0.000244140625
3.39370069 3.9613137 -1.92332814 0.104047684 0.178912308 -0.0160503433 0.000244140625
0.289635569 0.029672354 0.413489532 -0.27481266 0.507087589 0.232591964 0.000244140625
0.692903344 0.716141561 -0.872787013 -0.213778612 0.0113858478 -0.178001817 0.000244140625
0.0396916072 -0.232932275 -0.0379363191 -0.0346988138 0.0854202589 -0.0248856331 0.000244140625
-0.143985735 0.362025918 -0.285473534 -0.170040104 0.561365515 -0.364642112 0.000244140625
-0.665819683 -0.463967638 -0.116608216 0.6600038 0.458422366 -0.0365329517 0.000244140625
0.046800119 0.392009702 0.629087526 -0.833435915 -0.00516576294 -0.0620904377 0.000244140625
3.07798133 0.632662907 -6.06823395 -0.0855698421 -0.00975528397 0.122902137 0.000244140625
-1.03805638 -0.379084934 -0.581917121 -0.114254543 0.0185887268 0.105693444 0.000244140625
0.440736207 -0.178012281 -0.277002107 0.170000717 -0.660544178 -0.274935484 0.000244140625
0.793452314 -1.7495894 1.13851784 0.192956493 0.163678498 0.320898394 0.000244140625
-0.660307766 0.0509871973 -0.468743762 0.0884250948 -0.284593259 -0.402776387 0.000244140625
1.06773981 0.372627225 -0.619943801 -0.237779067 -0.453541086 0.327336326 0.000244140625
0.349616572 0.386379786 1.84998003 0.358556145 -0.00309990228 -0.144250477 0.000244140625
-1.66697816 1.89470125 -1.12411869 0.319221391 -0.0706222179 -0.188239556 0.000244140625
-0.165194176 -0.454450389 -0.211926889 0.611043517 0.2651237 -0.153452601 0.000244140625
-0.0941661897 -0.045713459 0.414850618 -0.259872115 -0.187279178 0.61497226 0.000244140625
-0.0514813085 0.487240353 0.272254577 0.445586723 -0.12160725 -0.234438581 0.000244140625
1.1416373 -0.750120059 1.11956786 -0.0348937529 0.512015535 -0.0712310939 0.000244140625
-0.501280263 -0.622052682 1.03188627 0.0311939856 0.567567626 -0.488922048 0.000244140625
2.18531326 0.263751923 -1.67834209 0.357435079 0.2629977 -0.109187162 0.000244140625
8.14584422 -5.82254676 3.2771449 0.0558088982 -0.0396378027 0.219110658 0.000244140625
-0.316354486 -0.356306237 -0.313805454 0.163376613 0.774886628 0.126574024 0.000244140625
0.281071911 1.52135236 0.0267612794 0.304143779 -0.339927251 -0.0188873228 0.000244140625
1.72033527 -0.635588975 -0.268366821 -0.207796119 -0.218479795 0.263643726 0.000244140625
-0.75228482 0.655200798 1.04486121 0.232882418 0.735828397 -0.0733814877 0.000244140625
0.814591641 0.580326327 0.0666206131 0.427046668 0.0278020982 -0.588534157 0.000244140625
-0.316352692 -0.0280057781 -0.132139036 0.561543471 -0.330275112 0.302099355 0.000244140625
-0.733962148 -0.193073302 1.15753606 -0.010560684 -0.277401028 0.306938857 0.000244140625
-0.406132428 -1.25984097 0.559112161 0.140830307 0.126280185 0.267838424 0.000244140625
-1.57168937 0.405209998 -0.148154655 -0.0294203465 0.315748813 0.258851619 0.000244140625
-0.0843661576 0.289180798 0.462597208 0.765810774 0.144163221 0.283103987 0.000244140625
-0.972896897 -0.00375854301 -0.980774777 -0.271372083 -0.0529210763 -0.303888162 0.000244140625
-0.112196256 0.328434406 0.180287312 0.562376814 0.39383904 -0.137035809 0.000244140625
-0.380082825 -0.675827724 -0.37080089 0.102051148 0.0893910593 -0.270833616 0.000244140625
-0.981251983 0.60697675 2.06431549 -0.305473651 -0.0799104043 -0.104314608 0.000244140625
-0.567080634 -0.428994425 1.2346593 -0.404704044 -0.647266849 -0.113495576 0.000244140625
0.847617183 0.645171038 -0.195642341 0.266083155 0.0776004467 -0.791039514 0.000244140625
3.47934366 -1.45640373 2.46321309 0.0162837075 0.120192553 -0.11903163 0.000244140625
-0.279097594 1.5133824 0.949044983 -0.283595252 -0.185314047 -0.450388165 0.000244140625
-0.782342575 0.674459541 -0.405310398 -0.228511219 0.319629919 -0.43564284 0.000244140625
-0.869353529 -0.228497345 0.344509597 0.142219571 0.10629622 -0.270358519 0.000244140625
-0.172138803 0.689184822 0.20605998 -0.0891715599 -0.606704714 -0.408363087 0.000244140625
-0.528160213 0.683077439 -1.30019576 -0.0680926009 0.311245538 -0.0688546201 0.000244140625
-0.0775814785 0.271875685 0.609198533 -0.129100691 0.369844457 -0.505996975 0.000244140625
-0.381164107 -1.12752928 2.66153444 0.283898938 0.0139305174 -0.106328898 0.000244140625
0.508610865 0.917624825 1.15392845 0.552881665 0.0472899177 0.176687005 0.000244140625
-0.850414614 2.7082418 0.555700434 0.137956752 0.19250046 -0.203005252 0.000244140625
-1.1180882 1.5914705 -1.09566283 0.281736665 -0.481357356 -0.408261362 0.000244140625
2.70086204 1.19301076 -1.43956794 -0.162207747 0.476172391 0.269058217 0.000244140625
-0.541998978 -0.512831133 -0.314728538 0.224377652 0.0838089503 0.0452380027 0.000244140625
-0.378105734 1.26420549 -0.63212677 -0.00901201293 0.273869336 -0.105760033 0.000244140625
3.38733824 -5.74220953 1.14534944 -0.239288207 -0.244461553 0.243246087 0.000244140625
-2.45228361 0.624816984 1.10253179 -0.342627414 -0.127614241 0.167579086 0.000244140625
-1.12552155 0.403625922 0.0201858422 0.166733821 -0.127718381 -0.501754535 0.000244140625
-2.4457179 0.415696066 0.971483505 -0.259197063 0.332256518 0.335754282 0.000244140625
0.652307969 -0.106122888 -0.160713141 -0.473991189 -0.0544287631 -0.161136568 0.000244140625
-0.0792657108 -1.09380695 -0.684341421 -0.167569537 0.126417857 -0.332338905 0.000244140625
-0.179959442 -3.21091215 4.85831781 -0.148636659 -0.0472078257 -0.277237901 0.000244140625
-0.291793305 -0.142400524 0.435840385 -0.330703312 0.0328231166 0.0874951555 0.000244140625
-0.055335801 -0.71056074 0.6204405 -0.220905587 0.486488969 0.198979094 0.000244140625
0.141129704 0.279365155 1.91150848 -0.2141614 -0.0554128037 -0.0397646084 0.000244140625
-1.14943815 0.790461252 1.08496136 -0.104953281 0.45251254 0.00971375419 0.000244140625
-0.976613508 -0.56982773 0.104014999 -0.0573384808 0.481432231 -0.309202051 0.000244140625
1.1597707 1.07752834 0.274257838 -0.233368338 -0.118401221 0.086289501 0.000244140625
0.946373562 -0.761041857 2.26981639 0.0472536645 -0.256751204 0.00987073874 0.000244140625
0.515342056 -0.374731709 -0.127252398 -0.198885301 -0.115126185 0.549198616 0.000244140625
-1.8627084 2.05141295 -0.526222932 -0.140471451 -0.00609378878 -0.241786245 0.000244140625
-0.844582464 -0.83717248 -0.337502908 0.0481408493 -0.0438827585 0.229029613 0.000244140625
0.284025931 0.669010952 0.684193104 0.517554479 -0.205136196 -0.195636983 0.000244140625
-1.15856206 -1.32524341 -1.44395563 -0.0186864575 -0.0791017287 -0.32721104 0.000244140625
1.25364026 0.273955226 -0.503926407 -0.339601951 0.315150566 0.074597995 0.000244140625
0.625050418 -0.360471709 0.257544331 -0.203200945 0.0173440182 0.113108038 0.000244140625
-0.109478171 -1.17322781 0.255829236 -0.529245184 -0.523431819 0.429890007 0.000244140625
-0.209323418 1.16476536 -0.403036752 0.190431237 0.0916646573 -0.209633386 0.000244140625
0.327243092 -0.725816083 -0.0267035293 -0.0141525295 -0.217302392 0.36241008 0.000244140625
-0.519963369 0.347053242 0.408390914 0.562200626 0.107858293 -0.154233207 0.000244140625
-1.66295002 -3.00081223 -0.493645059 0.159465762 -0.149528735 -0.275345725 0.000244140625
0.111757142 0.727140512 0.956303789 0.036408989 0.439653066 0.0573439788 0.000244140625
1.31432935 -0.608253075 0.23260128 -0.193514273 0.149958733 -0.297564457 0.000244140625
-0.00578945705 -0.612304435 0.189328362 0.394335228 0.0224286981 -0.0669429828 0.000244140625
-0.830933659 0.330992115 -0.484812915 0.580632398 -0.147095434 0.334472536 0.000244140625
-0.422060053 -0.604909081 0.11341329 0.191818522 0.0842586705 0.520025285 0.000244140625
-0.607041481 -0.375753644 -1.86931644 -0.220095929 0.136933419 -0.123228035 0.000244140625
0.688901715 -0.0624881923 -0.608447602 -0.413177565 -0.175550289 0.507116986 0.000244140625
0.00212497174 -2.16516296 -0.978601216 -0.202892156 -0.0144402433 0.0814340893 0.000244140625
0.699805306 0.268423676 -0.312986741 -0.310837815 0.316586473 0.174335761 0.000244140625
0.155469906 3.20223253 1.22755244 -0.107127821 -0.0441042163 -0.0942317525 0.000244140625
-0.10721235 2.41223159 -1.39171892 -0.0311406128 -0.253330174 0.0488823461 0.000244140625
0.150131292 1.28402014 -1.07629858 0.157034406 0.44606677 -0.427470563 0.000244140625
0.201632104 -0.148300312 -1.4848243 -0.545109509 0.268760664 -0.447568563 0.000244140625
-0.852306207 -0.395361019 0.342672921 0.124880284 -0.136200379 0.0624450284 0.000244140625
-1.18702231 0.579031495 1.10918872 0.16337326 0.224678108 -0.216634425 0.000244140625
-0.514884952 -1.04233263 -1.50458956 -0.167248209 0.218243414 -0.25431888 0.000244140625
-0.446926237 -0.287721709 -1.29434362 -0.189197232 -0.226017231 0.550769008 0.000244140625
0.582427262 -0.452482104 0.808237886 0.0417000096 0.0826222135 0.555143774 0.000244140625
0.652527152 1.05833031 0.627893648 0.00280311955 -0.312654532 0.520232024 0.000244140625
0.570168182 0.205571762 -0.797214413 0.542613195 0.226796094 -0.000334999394 0.000244140625
-1.34657288 -1.46750137 -1.6246199 -0.394831468 -0.0878296535 -0.321069863 0.000244140625
0.409575154 0.314286904 -0.298509306 0.731497507 0.187754647 0.0227421347 0.000244140625
0.529168478 -0.424599085 0.363397875 0.413346873 -0.332656796 -0.239479287 0.000244140625
-0.510487286 0.0332567637 -0.0347263562 -0.614173297 -0.197930442 0.129715337 0.000244140625
-0.360381048 -0.385469891 -0.623267341 -0.852548128 0.299340089 0.300126999 0.000244140625
0.714964257 -0.105951845 -1.05970453 0.534801454 0.238296964 0.0483051916 0.000244140625
0.0594577996 0.508735037 0.553617793 0.602353956 -0.168144131 0.0801344868 0.000244140625
-0.809918077 -0.164619506 -0.598697393 -0.138486493 -0.258391816 -0.108789655 0.000244140625
-0.283679727 -0.517211745 -0.0946712137 0.417437378 -0.224344665 -0.274082226 0.000244140625
0.459511944 0.524314958 -1.48689523 -0.290015807 -0.312958321 -0.52450219 0.000244140625
-0.304870595 -1.79696559 -0.215429946 -0.215270719 -0.160667526 -0.0535174192 0.000244140625
-0.849282466 1.12387418 -0.224843327 -0.16402344 -0.166086371 -0.0233323734 0.000244140625
-0.823203181 1.2989378 0.868508366 0.221133945 -0.360061546 0.172327658 0.000244140625
-0.163980647 1.47242172 -1.29002147 0.151757528 0.266625092 -0.264670651 0.000244140625
0.932899568 -1.51202373 -0.0342859294 -0.173910462 -0.582094732 -0.0136919022 0.000244140625
-0.644218783 1.07027679 -0.881604924 -0.014640367 -0.206888511 0.383850549 0.000244140625
-1.60387531 -0.140605642 -0.162711031 -0.110906073 -0.645538372 0.292643246 0.000244140625
-1.82453869 0.522371617 1.05047046 0.408632584 -0.295072284 0.111345803 0.000244140625
-0.851038479 -0.79054339 -0.620207761 -0.3403909 -0.12906788 0.260322525 0.000244140625
-0.170612708 -1.19423644 -1.750933 0.0853850665 -0.127807964 0.263098158 0.000244140625
0.103556275 -0.0954584426 0.56556508 -0.297170458 -0.561422183 -0.0550728916 0.000244140625
0.105317279 0.425690854 0.022743592 0.330864514 0.462205821 0.0804402041 0.000244140625
-0.00655487742 0.520081428 -0.106160081 -0.13350802 0.394556987 -0.373601465 0.000244140625
-3.6048454 -0.807686463 1.70449436 0.162793117 0.0889912572 -0.186691887 0.000244140625
-1.26108294 -1.67887722 -2.24758754 -0.217526483 0.059542562 -0.253855225 0.000244140625
2.75646044 -0.24640034 0.986890021 0.208204589 -0.219201825 -0.399911809 0.000244140625
0.418822903 -1.21298399 -0.214311022 -0.0735004176 0.668252311 0.145254842 0.000244140625
-0.198109317 -0.231939319 0.295559336 -0.150561547 0.0878707972 -0.597442014 0.000244140625
0.0545109702 0.436236385 0.739363436 0.049280699 0.16748594 0.261628644 0.000244140625
1.69755028 -0.014211364 0.0532543016 0.19862739 0.16843068 -0.309686576 0.000244140625
-0.565423198 -0.636927703 0.393285806 -0.242332637 0.253198018 -0.0426679205 0.000244140625
-1.50746011 0.264881526 -0.908243479 -0.113781456 -0.178008642 -0.224470227 0.000244140625
-0.40975194 0.574642115 0.932404741 -0.34124121 0.0254242376 -0.0718131543 0.000244140625
-0.627702802 -1.08034983 0.400211153 -0.0371909127 -0.088655554 -0.464550711 0.000244140625
0.781492231 0.509548227 -0.317307656 -0.478463336 0.218891095 0.0718938167 0.000244140625
0.00626525051 -0.474974889 0.348534092 0.134388826 0.233846513 -0.281197081 0.000244140625
-1.62937911 0.897812801 -1.42819598 0.112264022 -0.0321325031 -0.408094995 0.000244140625
0.747355239 -1.23423791 -0.0752596803 -0.0460297443 -0.305350913 0.0397590361 0.000244140625
-4.92491726 -0.446973225 3.80882866 0.112917164 0.0368619903 0.168617244 0.000244140625
1.39920147 -4.93513828 -0.520192585 0.106518081 0.0810534653 -0.088759102 0.000244140625
-8.60625854 7.87782105 2.42309368 -0.123913832 -0.0428268305 -0.0403130139 0.000244140625
-0.803735103 -0.562145528 -0.506684999 -0.0846486241 0.316861901 0.121923765 0.000244140625
-0.665857094 0.232564594 -0.59004508 -0.352625858 0.145425775 -0.717700892 0.000244140625
0.833344568 0.591787499 -0.235018946 0.0429168869 0.117410736 0.426316444 0.000244140625
2.29340875 -0.955590968 -0.018160332 0.0763121928 -0.288603552 0.265415733 0.000244140625
-0.159116107 -1.63915287 0.132968709 -0.00409558916 0.226857527 -0.19284158 0.000244140625
0.46374045 0.0973467764 1.15014035 0.3870977 -0.0489686273 -0.248738126 0.000244140625
0.684757061 0.359382834 -0.469050894 -0.396481484 0.282577394 -0.404155722 0.000244140625
0.227274644 1.06444977 0.0107628412 -0.507264092 0.274709785 0.391111612 0.000244140625
-1.14088556 0.158212062 -0.323979329 0.165560194 -0.00130819953 -0.213006827 0.000244140625
-0.877765851 0.118812203 -0.743676149 0.298116074 0.28965882 0.357119322 0.000244140625
-0.87877943 -0.357919962 1.03957478 -0.200308484 0.175605427 -0.12772906 0.000244140625
-1.15284449 0.649812203 0.39141378 0.154918258 -0.133544497 0.21458591 0.000244140625
0.345074191 0.563217001 -1.19686129 0.149293326 -0.0991467964 0.484899185 0.000244140625
-0.680759234 0.745782505 1.16523028 -0.136437966 -0.606732726 -0.0775363812 0.000244140625
-1.09509651 0.145098477 -0.510518823 -0.194827371 0.402510443 -0.123946084 0.000244140625
0.123755905 0.419121231 0.265385053 0.325060065 -0.948372746 0.267618808 0.000244140625
0.766581032 0.182231968 0.352757728 0.190614995 0.283862146 0.731534692 0.000244140625
-3.68800478 0.244112864 -4.08587933 -0.126592781 0.0764879849 -0.124297046 0.000244140625
0.753355704 -0.307211728 0.261599525 0.219672393 0.10031841 -0.657217512 0.000244140625
0.131541954 1.68942589 -1.57203284 0.0394928171 -0.403642525 0.225809168 0.000244140625
-0.62128315 0.303250792 0.401256606 0.18091603 0.522244626 0.802035485 0.000244140625
-1.9067565 -1.17531666 -0.721260732 -0.149083776 -0.0738404366 -0.112896153 0.000244140625
-0.816056091 0.134129783 -0.55417849 -0.621164336 0.0959998973 -0.217836901 0.000244140625
-0.637073261 -0.597082479 -0.450667513 0.766722364 -0.0909075122 -0.380247844 0.000244140625
-0.141835928 0.12615204 0.207818222 -0.217231518 0.671566366 -0.495817513 0.000244140625
-1.08801248 0.783700104 -1.95086101 -0.311306846 -0.0649908787 0.12168267 0.000244140625
-0.324598205 0.0808529729 0.731614823 0.20685086 -0.0950308237 0.277586306 0.000244140625
-0.193465807 0.505987581 1.97276457 -0.612661282 0.116998335 -0.192586822 0.000244140625
0.884264791 -0.327362282 -0.281803504 0.0744488101 -0.208727177 -0.332079122 0.000244140625
0.148473297 -0.135815111 -0.268103164 0.131951092 0.164917033 0.439884192 0.000244140625
-1.88093974 0.596694012 1.12471984 0.388761934 0.0976144785 0.45306731 0.000244140625
0.311855949 -0.0906921788 -0.192554151 -0.517468116 0.22798133 -0.730579522 0.000244140625
-0.682864385 -1.12554113 -3.36081521 -0.16755678 -0.430972634 -0.132642669 0.000244140625
0.20802595 0.647606091 -0.247327033 -0.645241538 0.190382998 0.304165106 0.000244140625
2.37967503 -3.5046245 0.52935217 -0.0251723245 -0.0914982571 -0.0754799344 0.000244140625
0.694008468 2.51396959 0.234568297 -0.462771194 0.0773067747 0.0161213494 0.000244140625
0.0420979169 -0.0810205242 -0.312869406 0.231374101 0.357724155 0.528973848 0.000244140625
-0.503006408 0.404376735 2.00690141 0.102656969 0.125668984 0.30131125 0.000244140625
0.147558521 -0.356724929 0.871821798 -0.601920965 0.316945722 0.680125855 0.000244140625
0.511760554 -0.466426338 -0.699677923 0.53265187 -0.358738359 -0.261645697 0.000244140625
-0.398903726 0.484652732 0.159984157 0.637675811 0.264711909 0.0325731784 0.000244140625
-1.17428861 -1.66756475 0.11080148 -0.356009438 0.0707081579 -0.0409942178 0.000244140625
-0.114586142 -0.683204811 3.02135629 0.275012053 0.244552789 -0.29332565 0.000244140625
-2.12781897 0.0765446033 -0.444529695 0.316421918 -0.309174437 0.201241684 0.000244140625
0.691089601 -0.604208385 -1.28441793 0.198617628 -0.337141839 -0.235069517 0.000244140625
-0.606046659 1.44219125 -1.29800481 -0.234642541 -0.221807309 0.375684174 0.000244140625
4.78991891 2.43945387 6.1114102 0.174742339 -0.0916752807 -0.219852733 0.000244140625
0.636460201 0.0418197533 0.302385146 -0.703022863 -0.584529837 -0.493307299 0.000244140625
-0.0267351458 1.17411862 -0.634172572 0.74622401 0.292724655 -0.0763177183 0.000244140625
1.55790502 1.7540835 1.19074204 0.258353389 0.513362823 0.140127895 0.000244140625
0.827542911 -0.0559486466 -0.638189934 0.123222718 -0.447004863 0.828690295 0.000244140625
1.57328119 1.95358223 0.547640965 -0.350349788 0.195143505 0.314371366 0.000244140625
-2.24595255 -0.981728995 2.3300802 0.0999982284 -0.0842548129 -0.508300377 0.000244140625
0.154694043 -0.352984762 -2.21131805 -0.131287921 -0.00513453306 -0.165958304 0.000244140625
-0.496664688 2.97413117 0.58448016 -0.106648687 0.30415039 -0.444259302 0.000244140625
0.765150285 -0.888279821 0.144153092 -0.598598243 -0.112742407 -0.0191155418 0.000244140625
-0.843198293 0.507028347 0.0994848612 0.158846137 -0.11359103 0.5793629 0.000244140625
-1.21432644 -1.16904072 -0.00277002371 0.155201243 -0.150182879 0.126215056 0.000244140625
-0.776763609 -0.625666994 0.46624021 -0.535235653 -0.0999881526 -0.102162124 0.000244140625
2.41030624 0.74369118 1.82167028 0.0574149979 0.0947849537 0.418597629 0.000244140625
1.9548602 -1.44499102 1.34543917 -0.000437330004 0.00957831629 -0.34612511 0.000244140625
-0.0473200205 0.284673829 -0.00777658446 0.138610641 0.051167386 0.641327035 0.000244140625
0.856366994 0.417832307 0.248333979 0.34825064 -0.032058563 -0.610550927 0.000244140625
-0.371223291 0.352763141 -0.330873424 0.562067929 0.00665821247 -0.285273667 0.000244140625
-0.680486254 0.141390143 -1.40331466 -0.40608256 0.277564723 -0.299007518 0.000244140625
-1.60380573 0.763527435 -1.67553236 0.150490521 -0.139194785 -0.437448414 0.000244140625
-0.981933268 0.789266017 1.56583626 0.376920328 -0.118358444 -0.0488402561 0.000244140625
1.64963588 1.25103805 1.84989755 0.1530763 0.0784241913 -0.414321972 0.000244140625
-0.496074383 0.505435938 0.258228637 0.199837996 -0.381047885 0.036266335 0.000244140625
-0.50734061 -1.32338417 -0.24874953 -0.407849926 0.476543359 -0.372739506 0.000244140625
-0.133465139 -0.0954354847 -0.223410868 -0.0718839518 -0.509913281 -0.183885829 0.000244140625
1.29306755 0.43907371 0.0556532883 0.0291609233 -0.164775694 0.193576381 0.000244140625
0.0899345538 -0.0920967066 -0.377749686 0.302285829 -0.144222723 0.26052066 0.000244140625
0.414279658 2.31612588 0.615291098 0.458893845 0.0287979404 -0.0803764992 0.000244140625
0.611964463 -0.153086248 1.02209189 -0.156904389 0.179818729 0.0487669238 0.000244140625
0.329225151 1.34313615 -0.149255677 0.208006124 -0.0561525313 0.0475139293 0.000244140625
-0.557195903 -0.117029435 0.791735872 0.0661610726 -0.341734028 -0.0605335587 0.000244140625
0.293284662 -1.85556891 0.375068286 0.598386879 0.10194895 -0.44173477 0.000244140625
-0.956066081 0.203531758 1.51926012 -0.239012455 -0.597128027 -0.0538608049 0.000244140625
0.00838782798 5.02756991 -4.83554967 0.277683802 0.0504047222 0.210693354 0.000244140625
0.172949037 0.0243269796 0.152011527 -0.455817908 -0.238233567 -0.376599465 0.000244140625
0.140017496 0.431047835 -1.97243259 -0.0186181389 0.461116992 -0.0464420769 0.000244140625
-0.137673595 -0.614753313 -0.321493955 0.478783379 -0.563238464 0.353098005 0.000244140625
-0.394348734 0.157773359 0.935471268 0.39843389 0.162446205 -0.430721646 0.000244140625
-0.844199082 0.37644614 0.10543007 0.055294441 0.530721258 -0.0922986095 0.000244140625
-0.497573727 0.311725846 0.497936787 0.861955011 -0.28698928 0.101664725 0.000244140625
-0.543516509 -1.11475437 -6.85812833 0.0142289981 0.0911213781 0.071859198 0.000244140625
-11.7802688 9.31801526 -3.1257889 0.156271682 0.0361647365 0.0221501592 0.000244140625
0.505037336 -0.305664725 -0.385474998 -0.126449197 -0.65724941 0.180194462 0.000244140625
0.159584366 -0.160080472 0.252854886 0.304630837 -0.407558644 -0.537039969 0.000244140625
1.19714396 0.810906243 0.11918997 0.40117039 0.162406903 0.329405503 0.000244140625
-0.0125602204 -0.646713957 0.135683916 -0.0924383691 -0.875094131 -0.00968367167 0.000244140625
2.06470528 -2.20237717 0.304275261 -0.0163122951 -0.186368294 -0.135702345 0.000244140625
-1.35992543 -1.41444731 -0.480601988 -0.00557682629 -0.163416825 -0.118262317 0.000244140625
-1.43370096 -0.285572235 -0.0419078051 0.299523585 -0.515880272 0.243703513 0.000244140625
-0.128596349 0.396543606 0.862492779 0.0615651232 0.0712784038 0.322833306 0.000244140625
-0.207646162 2.24374016 -1.10118877 -0.515558916 -0.136770437 0.148388383 0.000244140625
-0.367267088 -1.66008062 5.13397595 0.294644565 -0.283195339 0.119050024 0.000244140625
0.35658689 0.997182867 0.261476309 -0.296171027 0.0544104204 -0.43689901 0.000244140625
2.21093523 -3.398631 -1.18186931 0.133922436 0.196194552 0.132842166 0.000244140625
0.0709385007 -0.688001642 0.0387120358 -0.684369483 -0.166454994 -0.233122501 0.000244140625
-0.106206258 -0.131142178 0.281116481 -0.0814552697 0.125310044 -0.0720997653 0.000244140625
0.156744668 0.594624892 -2.19578645 -0.160106708 -0.207034915 0.196040958 0.000244140625
1.07672854 -1.3389513 -0.250713021 -0.40367391 -0.164985171 0.221310562 0.000244140625
0.696643215 -0.541729865 0.497448078 -0.344517268 -0.0608856312 0.418958788 0.000244140625
-0.872408722 -0.905571211 -0.147866143 0.142308019 -0.635663304 0.71367145 0.000244140625
2.40420173 -2.23852607 -2.62237197 0.277823084 0.050556104 0.290700345 0.000244140625
-0.796065567 0.106158094 1.54487854 -0.37401698 0.0320053583 0.53439635 0.000244140625
1.27543841 0.26058622 -0.282055175 -0.0673124805 -0.479243358 -0.296488679 0.000244140625
-0.610496235 0.606940033 -1.21764431 -0.0945308618 0.0998584419 -0.565103665 0.000244140625
-0.0306389895 -0.0930828165 0.250995108 0.277770193 -0.951608342 0.185139432 0.000244140625
-0.893369833 -0.88598218 0.553228507 -0.157847594 -0.141611126 -0.156296187 0.000244140625
0.0818469347 0.0949100873 0.143066286 0.167076731 -0.075397828 0.688577478 0.000244140625
-2.12077672 -0.953353071 -2.25521971 0.0501154466 0.293632362 -0.152437656 0.000244140625
-1.00615785 -0.276867621 0.549439167 -0.349014817 0.688287791 -0.130372894 0.000244140625
1.01918882 0.881004961 -1.51301645 -0.163328143 0.00917845954 0.173874806 0.000244140625
0.223454182 -1.21335403 -1.54676584 -0.163180536 0.539814954 -0.155523781 0.000244140625
0.685477443 -0.143223472 -0.318440379 -0.72434708 0.257646199 -0.0972852881 0.000244140625
0.914058538 -0.341277306 0.146556406 -0.0908564886 -0.165478444 0.249604248 0.000244140625
0.946819329 -0.114785167 0.349971398 0.291690401 -0.316797916 0.141315805 0.000244140625
-1.26999705 -1.79144773 -3.31209592 -0.443556339 -0.133649516 0.417479342 0.000244140625
-0.660909613 0.00918079175 -0.729853317 0.20488323 0.175621154 -0.130120257 0.000244140625
0.169787769 0.0331042627 -0.0178557919 0.174005413 -0.17107688 -0.197768465 0.000244140625
0.393381877 0.262187663 0.705968244 -0.36500916 -0.301707522 -0.279126575 0.000244140625
0.741186554 -0.139475761 0.596651481 0.31097716 0.0802032337 -0.617147301 0.000244140625
0.170938246 1.3857038 -0.051746412 0.610326894 -0.10624738 0.217755277 0.000244140625
-0.246272479 0.496135016 0.447779485 -0.603707397 0.0980964489 0.860032171 0.000244140625
1.07877114 -0.41266122 -1.48747102 0.137593205 0.250546561 0.390791993 0.000244140625
-0.415000755 0.278875996 -0.635525041 -0.0415274744 -0.242778045 -0.049788731 0.000244140625
0.0136648197 0.550473132 0.423048207 -0.2838593 0.339246094 -0.141158174 0.000244140625
2.09575114 0.368655153 1.77495124 0.0580719773 0.329935621 0.0698604571 0.000244140625
-0.0511290353 -0.380549432 0.609760648 -0.120695795 0.268059696 -0.211033255 0.000244140625
0.0348674965 -1.15812997 -1.30298322 0.0975176188 0.0913432557 -0.182180001 0.000244140625
1.06963117 -2.66686082 -1.15413964 0.259379885 -0.192610555 0.155711084 0.000244140625
1.00771733 0.815573881 -0.14081308 0.325259051 -0.297653267 -0.0287163016 0.000244140625
-0.570587469 -0.0624742042 -0.0363827999 -0.134430565 0.213133597 -0.457430879 0.000244140625
-1.28688402 1.43072794 -3.2321351 0.22016501 0.191086396 -0.103790603 0.000244140625
0.53154826 0.4917553 0.344625585 -0.387044308 0.288470001 0.0279837608 0.000244140625
0.874005398 0.280396966 1.16509057 -0.36604224 0.074959893 -0.0427650709 0.000244140625
-0.797091085 0.205411945 1.46651279 -0.0116313089 -0.338000359 0.358637862 0.000244140625
-0.394133332 1.12005784 0.764308227 -0.324166228 -0.383346314 -0.0121430258 0.000244140625
0.802235063 -0.462450123 0.387487885 -0.292941245 -0.448498631 -0.126335013 0.000244140625
2.37076071 0.610987589 0.383664001 -0.17263682 0.270955439 0.0445977997 0.000244140625
0.731741442 -0.0193628215 -0.0826652903 -0.0489399936 -0.142955692 0.00505789026 0.000244140625
-0.374728902 0.00841568273 -0.0695478634 0.832148372 -0.253051628 -0.279145197 0.000244140625
0.509887845 -0.633361296 1.46740851 -0.376288276 -0.0865731773 0.418667894 0.000244140625
-0.211954581 -0.0800001393 0.261495057 -0.410222371 0.172284401 -0.0727181653 0.000244140625
-0.607480836 0.836504539 -0.258948532 -0.0164750771 0.323936835 0.200847809 0.000244140625
1.38578367 0.218780777 0.731219387 0.27219634 0.0848675007 -0.0890445342 0.000244140625
-0.12903743 -0.0854132685 0.330455464 0.247821189 0.617174926 0.0328317714 0.000244140625
-0.456780088 -0.11961915 -0.297652636 0.511910586 0.224885357 -0.0635702565 0.000244140625
-1.2502712 0.386155172 0.0288422697 0.00956399007 0.0645825759 -0.243949436 0.000244140625
10.4149632 -3.31916997 -1.83014842 0.0776663452 -0.149324314 -0.0861677022 0.000244140625
-0.773517118 -0.982358124 -0.385365662 0.581590445 -0.437059758 0.07943141 0.000244140625
0.579812071 -0.295189843 -0.740952015 -0.15758759 0.403188109 -0.196057432 0.000244140625
-0.938377949 0.0345864825 0.261763015 0.0438014855 0.156824802 0.246165267 0.000244140625
0.74461094 -0.429338419 1.60923684 0.499739146 0.251234501 0.226502391 0.000244140625
2.50385498 -0.650094418 -0.135939524 -0.0449327378 -0.411915781 0.0550992088 0.000244140625
0.552044491 -0.151364085 -0.965483636 0.195880149 -0.661500408 -0.377907469 0.000244140625
-1.63474532 1.11104569 0.592395879 0.337247418 0.048519777 -0.16644818 0.000244140625
0.372005358 -0.662405684 1.20522705 -0.35793343 0.194656546 0.224930967 0.000244140625
0.100774121 0.3083584 0.114331825 0.54459327 -0.0846783022 -0.350548375 0.000244140625
-0.268088447 0.0562194427 -0.127103609 0.436019189 0.183544794 0.395273039 0.000244140625
-1.0992705 0.28699907 0.104354905 -0.745443353 0.316939309 0.293384929 0.000244140625
-1.78969621 1.36880673 -0.331162389 -0.0599199315 0.101808654 0.0131263558 0.000244140625
0.501247347 -1.06101613 0.0256405581 0.260965033 0.541714264 0.0330499108 0.000244140625
-0.525006739 0.836001572 -0.868141215 -0.292704249 -0.256925296 -0.459819548 0.000244140625
0.813402773 0.257015065 -0.203855547 0.575552448 0.253229553 0.0647432509 0.000244140625
1.31643898 0.0303122371 0.26074704 -0.234479344 0.341564267 0.692877231 0.000244140625
1.32743186 1.22717433 -0.654050315 0.300549403 0.340904788 0.144320082 0.000244140625
-0.128656903 0.199728296 0.274070094 0.171040272 0.268694553 -0.524840111 0.000244140625
0.170972436 0.0404513844 -0.0656108263 0.37826813 0.275839499 -0.363445071 0.000244140625
0.818870476 -0.134092443 0.410084335 -0.448952118 -0.432397519 -0.423024235 0.000244140625
0.160210813 0.0178806629 0.0925869451 -0.543496118 0.196508744 -0.23152713 0.000244140625
0.441949314 -0.121601504 0.12486909 0.214804225 -0.281064007 -0.166789062 0.000244140625
0.769174146 0.54982436 0.911202989 -0.704813362 0.211372572 0.342686449 0.000244140625
0.800512151 -0.0754900242 0.519936525 -0.503027919 0.279789415 -0.180108286 0.000244140625
-0.642480477 -1.21094059 0.793112242 -0.0805847215 0.0666726011 0.429517093 0.000244140625
0.17237504 1.0042508 -0.731897943 0.123117574 0.142377558 0.271658314 0.000244140625
0.0487158921 0.949643704 0.0082642661 -0.0650404472 -0.200394381 -0.468428371 0.000244140625
-1.11091702 0.377235693 1.18317203 -0.136246342 -0.136493168 -0.246082181 0.000244140625
1.29179716 -0.434025938 -0.00104317974 -0.149199694 -0.361165697 -0.179346098 0.000244140625
0.114102528 0.249258618 0.119980198 -0.0755198429 -0.423390149 -0.225153144 0.000244140625
0.235279498 0.284616295 -0.744885129 0.272787569 0.285092739 -0.153294097 0.000244140625
0.445431123 -0.358219795 0.644820746 0.479314275 -0.269475118 0.192316194 0.000244140625
-1.77634437 -0.110027446 0.374129329 0.38170063 -0.0456721305 0.270572411 0.000244140625
2.04991261 1.28345806 -1.75620323 -0.0231305902 0.0837466354 -0.258487455 0.000244140625
0.12240567 -1.0701524 3.97836909 0.167045265 0.104808994 -0.223805712 0.000244140625
-2.11560378 -0.327054225 -1.74718575 -0.0447238694 -0.17727351 -0.00198495698 0.000244140625
0.956844992 1.15866198 -0.643363519 -0.123168019 -0.153618089 0.235154763 0.000244140625
0.254773343 0.0806414445 -0.104125386 -0.451737221 -0.289926901 -0.145843236 0.000244140625
0.157325205 3.21713696 1.88715229 0.18492452 -0.331577996 -0.302711355 0.000244140625
0.598522508 0.966460967 -1.31965333 0.312504482 -0.61736441 -0.063442895 0.000244140625
-1.07782155 0.207412855 -0.28772625 -0.462109932 0.513545588 0.137691963 0.000244140625
-1.03902197 -0.214217507 -1.10140691 -0.241786635 0.337094717 -0.238316812 0.000244140625
-0.263181063 0.498681612 0.860447817 -0.0691374767 -0.296238193 0.234748442 0.000244140625
0.398701968 -0.768860604 -0.281893827 -0.764919527 0.218461131 -0.0550195043 0.000244140625
0.352146012 -0.649077978 -1.77769332 0.038988194 -0.177663064 -0.350405063 0.000244140625
-6.85367235 0.095282235 4.59421496 0.00621505295 0.0603982354 -0.114421624 0.000244140625
1.14049734 -0.637317486 0.037432466 -0.248797015 0.0562786382 0.347895603 0.000244140625
0.226019638 -0.427895878 1.93914406 0.241935103 -0.0831042521 -0.0522940552 0.000244140625
0.232107891 -1.9780959 -0.973527009 0.0326186125 0.170461918 0.325668412 0.000244140625
0.189284207 -0.0579288277 -0.915890801 -0.221521038 -0.340815506 -0.330082976 0.000244140625
-0.0794076393 -0.543810989 1.4498 0.0217634788 -0.349930797 0.535042415 0.000244140625
-1.63343052 0.0744333143 -0.652415248 0.156690905 0.290361338 -0.234385975 0.000244140625
0.597971352 -0.281615669 0.0187999809 -0.106625453 -0.105796034 -0.671225489 0.000244140625
1.12787393 -0.245037278 0.164341763 0.308144879 -0.273983625 -0.0918670923 0.000244140625
1.91436731 0.426918173 0.34834688 0.276889938 -0.424648377 -0.373085353 0.000244140625
0.0030648697 0.22743868 0.410267695 -0.563092411 0.197419723 0.0446064963 0.000244140625
-1.63225544 -0.384187684 -2.25441441 -0.165861799 0.396328211 -0.00385423644 0.000244140625
-1.34920265 1.44216738 2.53332946 -0.38780533 0.263814846 0.18180945 0.000244140625
0.735378841 1.17259685 -0.00743683482 0.515947745 -0.345526887 0.0184157357 0.000244140625
0.112853846 -0.156326061 -0.13818278 0.43750164 0.701465466 -0.124960975 0.000244140625
0.374395671 -0.715145035 0.311283408 0.0391944747 0.287543346 0.575433958 0.000244140625
1.2943503 1.19986644 -0.590535584 0.0677922042 -0.170356442 0.145720235 0.000244140625
0.619664099 0.485915737 -0.524444067 0.376000766 0.276751716 0.246505431 0.000244140625
-1.17225924 0.608426398 -0.0806899791 0.143313929 -0.0100834533 -0.0703151939 0.000244140625
-0.147248429 0.116301543 0.936443791 -0.172905494 -0.0913180194 -0.765720559 0.000244140625
0.949649289 -0.484617567 1.40548861 -0.102911646 0.0501512265 -0.25147827 0.000244140625
-0.887999448 2.41810047 -0.516329823 -0.0468884423 0.148165627 0.0700775405 0.000244140625
0.741206781 1.02234061 -2.68193419 -0.118074759 0.305385788 -0.139246749 0.000244140625
-1.57200709 0.682736518 -0.221637542 0.153593762 -0.202113876 0.442417637 0.000244140625
0.844150135 0.0862708866 1.2235592 -0.248211002 0.174562469 0.268735323 0.000244140625
-0.0382749162 0.525942271 -0.0723363883 -0.0305327968 0.186378163 -0.698252641 0.000244140625
0.0627950727 -0.278102446 0.222363655 0.218652402 -0.100221182 -0.209250181 0.000244140625
0.556996415 0.446693943 0.0129767534 -0.0770117702 -0.293823807 0.289640195 0.000244140625
-0.110432013 -0.376834905 -0.682373458 -0.53204487 -0.144198727 0.608985874 0.000244140625
-0.372480984 0.215032869 -0.0142580427 0.456957116 0.328952407 -0.498221082 0.000244140625
-3.85676986 3.72588315 5.64240118 -0.124148014 -0.156038125 -0.0986258571 0.000244140625
-0.359623509 -2.27471176 -1.8202292 0.0096400755 -0.061259353 0.33493595 0.000244140625
0.299058456 -0.435583222 -0.193074432 -0.403685816 0.279957177 -0.6072475 0.000244140625
0.363932427 0.0534581022 1.11801422 0.22721623 0.632493108 0.367960308 0.000244140625
-0.640085863 -0.609399796 1.54755539 -0.59768498 0.217311262 -0.215175364 0.000244140625
0.112919858 -0.103252372 -0.624777748 -0.525071014 0.632654825 -0.232977146 0.000244140625
-1.46117947 0.496626196 3.5079514 -0.2166717 0.0464515471 -0.343909563 0.000244140625
0.0907940091 0.162357713 0.408995801 0.211502401 -0.124258314 0.270108081 0.000244140625
2.65868348 -1.00054978 0.593670862 -0.444126148 -0.076578231 0.139900635 0.000244140625
-0.194665913 -0.414930162 0.169152004 -0.471548241 -0.410314831 -0.410542286 0.000244140625
0.0631187842 -2.9234786 -0.928004105 -0.124396397 0.171866102 -0.310845303 0.000244140625
-1.01541357 0.0951246041 0.231569315 -0.228174903 -0.646700945 0.0409461533 0.000244140625
-0.500188501 -1.21290368 0.13217596 -0.356813244 -0.462654191 0.272648073 0.000244140625
1.57626921 -0.493715792 -1.51665739 0.350382071 -0.339100912 0.136028534 0.000244140625
1.28067844 0.518275353 -0.431150566 -0.0228540591 -0.487492235 0.716932178 0.000244140625
-0.477808656 -0.951652614 0.605537031 -0.049314328 0.552896555 0.0275009959 0.000244140625
0.291154094 -1.47487014 -1.07707278 0.00440917425 -0.261136944 -0.0056791533 0.000244140625
0.523622856 0.223548889 0.512446938 -0.344432439 0.360152612 -0.405115674 0.000244140625
0.478251038 -0.117241105 0.00807954114 -0.208432385 -0.0668027859 -0.0036863116 0.000244140625
-1.92481251 -0.517129598 0.351376609 -0.286875112 -0.140663503 0.0678657144 0.000244140625
-0.31835964 -0.455163417 1.74771785 0.650577863 0.272944583 -0.308619088 0.000244140625
-0.676540487 1.4413631 -0.384184789 -0.51770112 0.0469398415 0.00507513893 0.000244140625
2.59121235 2.72480729 0.694883556 0.0803272704 0.1621282 0.0754206034 0.000244140625
-1.48678511 -0.267762199 0.162372381 0.482949014 -0.14222722 -0.0247336647 0.000244140625
-0.155388166 0.452282746 -0.493682416 -0.0930037033 0.225851762 0.129495043 0.000244140625
0.341206278 0.146814297 1.78447256 0.032004639 0.185776804 0.26417843 0.000244140625
0.839262307 0.484890327 0.281071831 0.32385996 0.0498036929 0.317387082 0.000244140625
-0.0479363022 -0.394635335 -0.898470981 0.020123517 0.293316861 -0.16789042 0.000244140625
1.22953907 -1.6867656 0.860470319 -0.151090956 0.0446248449 -0.118194459 0.000244140625
-1.8072865 2.12232995 -1.76491392 -0.367550404 -0.372490381 0.0473327088 0.000244140625
2.89821428 -1.71598771 -8.74320617 -0.289913838 -0.109480579 0.0550624131 0.000244140625
3.9061099 -0.740309942 14.5300065 0.00105632264 -0.00584344067 0.0990012539 0.000244140625
-0.68312841 -1.94074453 0.0262819353 0.581660079 -0.0059834839 0.243182078 0.000244140625
-0.174617241 -0.843082806 -0.365238455 -0.346599581 -0.394329566 0.377474968 0.000244140625
0.986760828 -1.97382833 0.397302209 0.0360881911 -0.101939196 0.146668805 0.000244140625
1.16986557 -0.812166748 -0.0858746923 -0.13709413 0.493699275 -0.22259468 0.000244140625
1.42090705 1.07683531 -0.474841612 0.0346294275 -0.260368435 -0.29320155 0.000244140625
-0.0452451546 0.504899685 0.180677758 -0.013937786 0.247910471 -0.274033108 0.000244140625
0.705515131 -2.29260661 -1.87709269 0.0319263726 0.00758246137 -0.172659393 0.000244140625
2.50150298 2.26718101 -1.06047615 -0.0916158648 -0.0537179796 0.0770691028 0.000244140625
0.717819648 -1.8764365 -1.32897482 -0.391137792 -0.227855477 0.477136898 0.000244140625
-1.07545432 -1.37914886 -2.33565147 0.0489131818 0.0608551861 0.20445839 0.000244140625
0.143399252 -0.184230148 0.19947833 0.581373143 0.68188649 0.52592048 0.000244140625
-0.416810497 0.446285277 -0.374631259 -0.253480035 0.255574662 0.204867516 0.000244140625
-0.284707563 0.262273024 -0.260693005 -0.331678183 -0.1347313 -0.41763247 0.000244140625
0.282692115 0.804824662 -1.43805132 0.240869515 0.0465074507 -0.126835182 0.000244140625
0.20011593 0.705333097 0.925850717 0.0512241374 -0.462078572 -0.142380971 0.000244140625
-0.538382291 -0.572370778 1.89293726 -0.142445645 -0.429827561 0.409822515 0.000244140625
0.328075115 -1.00717597 -0.595600352 0.568072793 -0.0409243638 -0.384127104 0.000244140625
0.429113318 0.0279093238 0.1404665 0.116904707 -0.152942278 -0.272498734 0.000244140625
-0.544850552 0.495366597 0.5711626 -0.632233418 -0.0266063137 -0.51530716 0.000244140625
0.230599517 1.06230411 -0.697463637 -0.155120357 -0.378186683 -0.017437106 0.000244140625
0.177611337 -0.163464531 -1.78141843 0.322304737 0.0694916408 -0.235168505 0.000244140625
-2.82066964 -2.90786039 -0.58873309 0.327304847 0.102245361 0.395290572 0.000244140625
0.554911572 -0.963692887 -1.51590343 0.078251337 0.138512044 -0.465241712 0.000244140625
-0.142999925 -0.574335451 0.12668329 -0.21611228 0.30664662 -0.547445353 0.000244140625
1.32660655 1.54904414 0.777158948 -0.399466087 0.236599572 0.307509462 0.000244140625
5.65932353 4.34495232 0.496078727 -0.368146236 0.040209504 0.223510249 0.000244140625
-0.373259885 -0.214491007 0.42211387 0.224111016 0.0883670465 -0.661621096 0.000244140625
1.63945442 -1.004849 0.338452871 0.06646465 -0.341111766 -0.342728978 0.000244140625
-0.22087673 0.429304301 -0.316630545 0.219261447 -0.0133850417 -0.174798876 0.000244140625
-0.581588707 -0.302717504 -0.090469811 -0.649517508 -0.458312317 -0.107269597 0.000244140625
-0.70180277 -0.189564872 -0.777255229 -0.250270643 -0.400800259 0.0965689185 0.000244140625
-1.17174282 4.30839277 3.98113099 -0.172411294 0.124741225 -0.0119593684 0.000244140625
0.963610536 0.794491938 0.903695717 -0.301205775 -0.333739797 0.309350995 0.000244140625
-0.0537089536 0.0227607018 -0.11727794 0.0630283619 0.398690705 -0.140042833 0.000244140625
-0.13822245 -0.520162362 -1.33594529 0.172982371 -0.515201616 0.286445585 0.000244140625
0.223523014 -1.08006976 1.09442141 0.289747094 -0.5383565 -0.360992978 0.000244140625
0.142788106 -6.05653454 -1.3888991 -0.125032471 0.0797513407 -0.0649705322 0.000244140625
0.64123898 0.482383692 -0.888819016 -0.225807176 0.436686539 0.256651393 0.000244140625
0.693113227 -1.08714028 0.0361679857 0.131562479 0.0149724697 -0.230113843 0.000244140625
-0.574405859 -1.71123748 0.997460808 -0.0909790079 -0.462534931 0.161980613 0.000244140625
-0.504558257 -1.22342067 1.69729144 -0.0961140936 0.00362041888 -0.418680511 0.000244140625
0.944036431 0.950778284 1.73796324 -0.0234085045 -0.101800585 0.130279102 0.000244140625
-0.488160459 0.16652848 0.618011535 0.309939808 -0.555755602 -0.204983614 0.000244140625
-1.31019052 -0.51616656 0.528997437 0.122531974 -0.356123445 0.235795982 0.000244140625
0.391322014 -0.588504407 0.308116561 0.152772944 -0.794189793 -0.0155924788 0.000244140625
-2.04535525 -2.70813808 1.03573558 -0.403774694 0.0877040187 0.114235593 0.000244140625
0.356228125 -0.432887547 -0.372999675 -0.305995232 -0.798495903 -0.49643374 0.000244140625
-0.505179885 -0.290662999 0.0837826028 -0.709502186 0.150971396 0.0631033386 0.000244140625
0.637956632 0.870343069 -0.997476033 0.0602433721 -0.117429971 -0.205038034 0.000244140625
0.698950818 -0.0196268281 -0.0436042037 -0.542506631 -0.121322949 0.187345697 0.000244140625
0.29545888 0.174085322 0.793180208 -0.202147417 -0.0716764994 0.207355341 0.000244140625
0.836860081 0.913707315 -0.394811919 0.148295141 0.481838158 0.434833529 0.000244140625
0.342228535 0.411124803 -0.623054513 0.488094123 0.886111018 0.155772462 0.000244140625
-0.557768213 0.6002941 0.252046578 -0.0921868727 -0.398588311 -0.0370916914 0.000244140625
-8.07285751 -9.48477675 12.8680799 -0.135459565 -0.13034259 0.132697348 0.000244140625
-0.547959648 0.0531325381 0.432509969 -0.0933787818 -0.277572738 -0.785726348 0.000244140625
-0.320443462 0.0335122254 0.25155053 -0.319415401 -0.494693438 -0.696456279 0.000244140625
-0.827994282 -1.52135299 0.956875151 0.528548138 0.120635271 -0.11845733 0.000244140625
-0.746375401 0.603411997 0.370333488 -0.172793938 -0.0146010797 -0.16112016 0.000244140625
-0.698431508 0.726747906 0.742672859 -0.336566448 -0.288561175 -0.039421393 0.000244140625
-1.29053202 0.176412771 0.386904185 0.220531497 0.281096692 -0.343195199 0.000244140625
0.91017694 0.647792444 -0.278460181 -0.655374153 0.362118881 0.105690373 0.000244140625
0.244137739 0.158394305 -0.243719389 -0.388060647 -0.474700373 0.41806982 0.000244140625
-1.32554172 -1.14007621 1.08964704 -0.326761516 -0.269822436 -0.460893819 0.000244140625
1.48841576 0.859777555 -0.142876581 -0.382690707 0.120070236 -0.112438416 0.000244140625
0.197609006 -0.540660481 -0.354481798 0.238029664 -0.236893603 -0.322589567 0.000244140625
-0.828644325 -0.17307982 6.05193433 0.0415248104 -0.0700439606 -0.262222404 0.000244140625
-0.513793099 -0.0409829418 0.511759783 0.158748793 0.38969144 -0.189845742 0.000244140625
-0.546563932 -1.11582427 -3.07675605 0.429962337 0.00138936211 0.15096698 0.000244140625
-0.162513991 -0.632635193 -0.322490023 0.214526763 0.0730676884 -0.320223489 0.000244140625
1.2614414 0.211809911 -1.22393353 -0.119882653 0.319836118 -0.00922650511 0.000244140625
0.718225414 0.193353172 0.164539938 0.372551288 -0.576230448 -0.513097697 0.000244140625
-2.72966331 -1.20627917 0.0147122123 -0.085465947 0.370681545 -0.346570562 0.000244140625
-0.390012095 -1.34723992 0.162399234 0.365981836 -0.00319025984 -0.490659448 0.000244140625
0.0856928723 -0.140519807 -0.253029173 0.63852993 0.329433759 -0.112550178 0.000244140625
-0.516523659 -0.26099405 0.658329789 0.213395084 0.17931708 -0.0521849948 0.000244140625
0.694551485 1.73119465 -0.463840038 -0.442066414 0.0265598349 -0.576877321 0.000244140625
-0.185347756 -0.198959734 0.414290876 0.641473765 0.169092902 0.315631697 0.000244140625
-0.896366999 -0.691893298 0.237488583 -0.597470289 -0.112644462 -0.225749954 0.000244140625
-0.338358772 0.0342369719 1.14943 -0.661002941 -0.104604184 0.466813378 0.000244140625
-0.0730784218 0.0176858905 0.568423976 0.364051933 0.128708583 0.149364508 0.000244140625
-0.270478633 1.00109 -0.948236368 -0.0205258844 -0.166528613 -0.209566953 0.000244140625
-0.159434582 0.431929246 -0.190131794 -0.615843301 -0.240538412 0.414183239 0.000244140625
-0.925192662 -2.02525033 0.235676921 0.0745601288 0.0970269011 0.286016412 0.000244140625
0.445877368 0.124143913 0.401856329 0.672348368 -0.0465479677 0.214232652 0.000244140625
-1.91341308 -2.10946821 0.218625693 -0.174916804 -0.467443426 0.139327501 0.000244140625
-1.70583438 0.696690179 -0.733438608 -0.11854061 -0.139129778 -0.0981828353 0.000244140625
0.351465677 0.149341225 0.175755704 0.34988888 0.385308557 0.381540802 0.000244140625
-0.118232514 -0.0524148997 -0.756153781 0.241464425 -0.48877171 0.585778247 0.000244140625
3.96156862 1.16570861 0.667358135 -0.026950619 -0.0774612899 -0.0336792609 0.000244140625
0.125463768 0.0824563141 -0.0888058495 -0.220692618 -0.0341856953 -0.139420323 0.000244140625
0.555372521 -0.0483394057 -1.00509526 -0.0728526145 -0.0168439432 0.203314689 0.000244140625
-0.131024392 -1.34264598 0.823325663 0.397820598 0.32887878 -0.085278627 0.000244140625
-0.178403963 0.0458390187 -0.26883549 0.474148696 -0.106305256 -0.104860156 0.000244140625
-0.597665216 -0.497763213 -1.03627195 0.13176682 -0.246649257 0.165449546 0.000244140625
-0.149826795 -0.00852499506 1.10740395 -0.209128134 0.418012267 0.664472119 0.000244140625
-0.0573925416 -0.0229040081 0.352578317 -0.390925458 0.621120234 0.226001873 0.000244140625
0.157765824 0.208016285 0.377695583 0.294953078 -0.0480266152 0.641446818 0.000244140625
0.331622404 -0.0397814142 -0.115657825 0.195771703 0.23434346 0.708174202 0.000244140625
-0.0199312067 -0.484816366 0.164721901 0.0359907883 -0.171997115 0.69912368 0.000244140625
-0.48901113 -0.78717413 -0.979349658 0.0318642475 -0.170069836 -0.437574316 0.000244140625
3.8538098 0.618734918 0.423365999 0.0974965679 0.0795041804 -0.102083026 0.000244140625
-0.796049028 -0.303081153 0.588753101 -0.521198384 -0.00639215149 0.701938282 0.000244140625
0.34633422 -0.265006779 0.45844947 0.0755705266 -0.395494656 0.000368975825 0.000244140625
0.142156758 0.727547243 -0.319713041 -0.292125142 0.0485718625 0.0443808343 0.000244140625
-1.79186906 0.148997976 4.63113447 0.127286718 -0.0800724867 0.050970754 0.000244140625
0.0431235621 0.346316408 0.262237002 -0.483412676 -0.23752735 0.208023002 0.000244140625
0.221405468 -0.134272489 0.0340399377 0.163251038 -0.249299907 0.300609939 0.000244140625
0.0610239413 0.118023012 -0.44338876 -0.171472881 0.143826069 0.552036367 0.000244140625
0.730140958 -0.99635447 0.444432538 0.032402802 -0.430227275 -0.325727293 0.000244140625
0.799651825 0.153905371 0.244942204 0.447074382 -0.297922061 -0.158377775 0.000244140625
-0.305953702 0.186290499 0.448586201 -0.423979239 -0.439394415 -0.153395625 0.000244140625
-0.907718599 -0.396688135 -0.983392677 0.129611186 -0.419887065 0.455120404 0.000244140625
-0.464838887 -1.77673719 0.253728459 -0.235450038 -0.394398246 -0.0549710481 0.000244140625
-0.46038783 0.631921462 -0.474732933 0.323646747 -0.509455875 0.122742474 0.000244140625
-0.879314272 -0.333508965 0.799911981 0.499497278 0.0309489364 0.233601477 0.000244140625
-0.188618211 0.462792449 -0.635635752 -0.318481762 -0.259430181 0.53184677 0.000244140625
2.24788785 1.64875148 1.81180332 0.327262662 0.0795422872 0.134658101 0.000244140625
1.14233974 -2.26943535 -0.466750742 0.35639569 0.15934258 0.0440541007 0.000244140625
-0.0383339743 -0.29490231 -0.128115869 0.589103337 0.456520129 -0.436459388 0.000244140625
13.7457413 -1.85716558 2.81106557 0.0537888742 0.0726972488 -0.0675102699 0.000244140625
0.489835129 -0.44523257 -1.34661876 -0.0688115349 0.0272246962 -0.0336240661 0.000244140625
0.118710995 -0.16596969 1.48218308 0.358690538 -0.309402827 -0.11680326 0.000244140625
0.165873148 1.0773985 -0.722950163 0.506300886 -0.0511788034 0.353749408 0.000244140625
-1.03626001 -3.9302614 -0.736343972 0.161450902 -0.306184591 -0.222576494 0.000244140625
-0.769413724 -0.533220184 -0.909008473 -0.133754612 0.144161355 -0.33643925 0.000244140625
0.0367106706 -0.163143399 -0.339567027 0.182968347 -0.479177823 0.238222081 0.000244140625
0.1587535 -0.625796637 0.652309297 -0.534723433 -0.23406663 0.183224615 0.000244140625
0.598018672 -0.750681065 -0.123178827 0.114665693 -0.909893581 0.251752433 0.000244140625
-0.29707198 0.589723957 2.16230219 0.143064621 0.344357143 0.0457056655 0.000244140625
1.51618228 2.61911081 -4.28379716 -0.00624670044 0.308854385 -0.107286163 0.000244140625
-0.184971475 -0.527656131 0.187369757 -0.108366481 0.0282637847 -0.41582819 0.000244140625
-0.207192753 -1.51296357 -1.55720309 0.0977016691 0.0239451411 -0.0231148833 0.000244140625
1.37854249 0.849701227 -0.723428971 0.13624947 -0.435827513 0.0672914071 0.000244140625
-0.269580519 -0.351804955 -0.188904181 0.467029996 0.349001695 0.653493116 0.000244140625
-0.726233039 -1.28377269 -0.684643337 0.170450471 -0.305666027 0.295410047 0.000244140625
-0.148496868 0.684402033 -0.143283075 -0.198617129 -0.694908161 -0.408333731 0.000244140625
-0.993589679 0.608181002 0.255251796 -0.600356154 -0.141138347 -0.095854213 0.000244140625
0.572836851 -0.227313572 -0.83668383 0.738996527 0.216498046 0.224647873 0.000244140625
-0.80874169 0.37691636 -0.718476635 -0.266093888 0.454097753 0.64802055 0.000244140625
-1.79291209 0.930656738 0.680715598 -0.0999297685 0.0489515002 0.257022148 0.000244140625
2.53074517 1.46696565 0.0134481305 -0.428484074 0.234152771 0.294227221 0.000244140625
-0.0289955529 -0.449888769 -0.296055501 -0.0306177298 -0.478810167 -0.302298276 0.000244140625
-0.681165336 -1.51575347 -0.20489181 0.252606236 -0.516129943 -0.0583926937 0.000244140625
0.0459306612 -0.0320373278 -0.0392582277 0.414368329 0.487163815 -0.412513218 0.000244140625
0.0194367659 -0.584533078 -0.151800681 -0.294258586 0.00987146741 -0.0897490086 0.000244140625
2.75827732 -1.46494513 -0.676156778 -0.0217297629 -0.081068458 0.0553326362 0.000244140625
-1.14415078 3.34543356 2.35632988 -0.105032544 -0.0685757273 -0.0981794178 0.000244140625
-0.62558022 0.106026525 -0.328052133 -0.0292473388 0.977345579 -0.10391078 0.000244140625
-0.718380557 0.413077246 -0.318581597 -0.14964621 -0.315690123 0.104907864 0.000244140625
0.425384443 2.4226685 -0.636569563 0.453087376 0.237469286 0.163120508 0.000244140625
-1.36486077 1.18243898 2.16033055 -0.139933244 -0.502296027 -0.0069761103 0.000244140625
-0.972658287 -1.50488682 1.24798739 0.0515678722 0.0149338324 -0.0166671516 0.000244140625
0.207365401 -0.859832335 -0.283991462 -0.528551004 0.271960298 0.449691528 0.000244140625
-0.59507947 -0.363917215 0.14338588 0.0461596109 0.405686886 0.231602359 0.000244140625
0.741287955 -1.07404222 1.13359614 -0.00516077035 0.157237552 0.0838434089 0.000244140625
-0.561754321 0.274368023 0.00213075204 0.610643557 0.394282046 -0.242820117 0.000244140625
0.364259798 0.229993978 0.476815821 0.275952791 0.423707668 0.510509392 0.000244140625
-0.70796083 0.530250652 -0.541228201 -0.128623663 0.0189096275 0.0370441848 0.000244140625
-0.273049605 -0.758907527 0.759501072 -0.251517923 -0.372644218 -0.143747181 0.000244140625
-0.410286003 0.310602287 1.78419478 0.00667725748 0.239045208 -0.372234552 0.000244140625
0.565040287 -0.551071018 -1.20387593 0.355561598 0.59790743 0.131443949 0.000244140625
2.96082133 -2.12910877 2.62585321 0.0428457723 0.329337843 0.211782653 0.000244140625
0.0184267106 3.46144877 2.01755429 0.286047709 -0.392286767 -0.0906447965 0.000244140625
-1.16870574 0.114011254 0.495951504 0.141438132 0.0664794958 -0.585067645 0.000244140625
-0.00946234507 -0.325644433 0.771058451 0.271808605 -0.0114370975 -0.0687599237 0.000244140625
-0.452347305 -0.318828327 -0.226087779 0.236818871 -0.363558457 0.406899127 0.000244140625
-0.0159595372 -0.563523508 0.822578719 0.322749959 0.357729114 0.220957469 0.000244140625
-0.291193836 -0.36584386 0.0691012198 0.320577448 -0.576566553 -0.111786166 0.000244140625
0.537756025 0.84726546 -0.552874499 -0.198376622 -0.238214117 0.0562930214 0.000244140625
-2.36470301 4.0046534 2.95335184 0.122522612 0.0522196626 0.00370842807 0.000244140625
-1.20950073 0.299684284 0.428374598 0.092977218 -0.301537333 0.317819665 0.000244140625
-0.366430888 0.722460946 -0.215819368 0.395292006 0.167735433 0.168488204 0.000244140625
-0.0622384807 0.690208727 0.553807729 0.278437197 0.203486576 0.44084488 0.000244140625
0.224301219 -0.397575863 0.539643711 -0.176406476 -0.491311631 0.268237206 0.000244140625
0.989162468 -0.212018259 -0.511624961 0.71908829 0.175951288 -0.194723945 0.000244140625
-0.461448221 1.99762209 0.659350925 -0.0935787705 0.13823006 -0.419318074 0.000244140625
0.813751826 -1.12974662 1.67468383 0.286826909 0.00673557838 0.222140042 0.000244140625
-0.410153008 0.186063039 -0.0808520116 -0.358043501 0.16032517 0.149421456 0.000244140625
-0.378455 1.17362592 0.526606242 -0.133037605 -0.301496704 -0.328410811 0.000244140625
0.74600366 1.29128306 0.0584204102 0.101582667 0.37804551 0.38065681 0.000244140625
-1.15884136 -1.44362719 0.050359197 0.0461978746 -0.330144715 0.0738356639 0.000244140625
-1.53157756 0.11487714 1.20651065 0.21390049 0.0563426521 0.0385845383 0.000244140625
-0.787292136 -1.16752404 0.107435306 -0.172381128 0.399659974 -0.202137019 0.000244140625
-0.263156679 0.044072482 0.121696905 0.144540415 0.40204932 -0.320117439 0.000244140625
-0.140136953 -0.680936419 -0.273684195 -0.117527639 -0.274668058 -0.0657552564 0.000244140625
-0.335960101 -0.95926102 0.100106303 0.38813684 0.156182096 -0.467813158 0.000244140625
0.59462216 -0.497863817 0.0843982458 0.360115222 0.409489562 -0.151327708 0.000244140625
3.47195141 2.15187889 -1.96868961 -0.0548502695 -0.0151314981 0.121858097 0.000244140625
-0.0140281423 -0.932315939 0.231255912 -0.117313728 -0.258459111 -0.315631765 0.000244140625
-0.0924626414 0.451398613 0.651921334 0.149041151 -0.196458195 0.133821453 0.000244140625
0.261201569 0.259887951 0.245027296 -0.392495089 0.203967003 0.461238551 0.000244140625
-1.72817429 -1.1892373 0.749287954 -0.399543786 0.208815344 0.449356489 0.000244140625
0.685795402 0.0946532674 0.859837307 -0.104522434 -0.0140746091 -0.498023261 0.000244140625
0.140770651 -0.46504554 -0.267232535 0.429353812 0.240189372 0.312183404 0.000244140625
0.0249489764 0.852901028 -1.27960853 0.101982162 0.0608321074 -0.456748583 0.000244140625
1.65894698 0.749097118 -3.57421575 -0.0285872645 -0.246170906 -0.228460454 0.000244140625
0.359721711 -0.571926753 -0.297683624 0.0761978918 0.839344378 -0.100190939 0.000244140625
1.19283378 0.466787025 0.382495402 0.028331986 -0.115406532 0.210518831 0.000244140625
0.167214048 -0.177680733 0.788949549 -0.0820383844 -0.360743902 0.133817249 0.000244140625
0.035543248 1.86396691 -1.95008342 0.24449325 0.104888022 0.267672819 0.000244140625
0.516893166 -0.708934668 -0.552191284 -0.645961022 -0.254545266 0.00719829945 0.000244140625
-0.611830918 0.273228459 -0.412642093 0.735830005 -0.128149853 0.361602517 0.000244140625
-0.00515437745 0.876069993 1.09823137 -0.210184336 -0.20855444 0.529304599 0.000244140625
0.0422935887 -0.107334873 0.166110631 0.539693897 0.442977039 0.197288205 0.000244140625
-0.275027291 -0.0969038633 0.350023544 -0.853948093 -0.3913386 -0.44243218 0.000244140625
-0.268996603 0.0438503844 0.0790637906 0.54750352 -0.494529615 0.432942922 0.000244140625
-0.260858668 -0.0576254271 0.210706644 -0.609070657 -0.519964435 0.0526998881 0.000244140625
-0.571083796 -1.57119027 1.7156481 0.316321738 -0.449426781 0.0168369155 0.000244140625
0.0170820579 -0.212939426 1.10314065 0.180781273 0.418027402 -0.339050875 0.000244140625
1.04510959 0.570565679 -0.84608589 -0.1306586 0.0995765974 0.0841498175 0.000244140625
0.804260383 -0.0555570029 -0.161114563 -0.561806541 0.0795340644 -0.23786856 0.000244140625
-0.434440094 1.04339345 -1.6546716 -0.143573302 0.0540733222 -0.106713512 0.000244140625
0.320854765 4.51451427 -0.617192436 -0.228389419 0.0423084367 -0.084838964 0.000244140625
-0.240590429 -0.511176814 0.395234712 -0.470227284 -0.301622984 -0.118611545 0.000244140625
0.0570922722 0.0480450084 -0.521950365 0.114636428 -0.396705902 0.567224676 0.000244140625
-0.879358791 -0.202300096 -0.788928494 0.408716411 0.0686437915 -0.0803065647 0.000244140625
-0.384436343 1.79859602 0.00112120482 -0.492285634 -0.207367969 -0.00780327016 0.000244140625
1.39436183 -0.970842558 0.147214596 0.402191179 0.474156908 -0.0306358353 0.000244140625
-2.58393201 1.46564824 2.51100386 0.396492852 -0.142345768 0.180141608 0.000244140625
-0.23732722 0.830026743 0.440485494 -0.131853342 0.0649867152 -0.309696491 0.000244140625
0.541839491 -1.75817026 -1.51055704 -0.196866522 -0.198170969 0.127727342 0.000244140625
0.591410562 -0.538697221 -0.628027085 0.388234682 0.614683233 -0.265110642 0.000244140625
0.314831789 0.492613695 0.11074129 0.0541549466 -0.0844171603 -0.185543969 0.000244140625
-0.0675456891 4.32788001 0.730260377 0.0229147472 0.00113079147 0.0398076111 0.000244140625
-0.812182824 -0.123438993 -2.41421657 -0.18250265 0.0450474012 -0.509631124 0.000244140625
-4.48763876 -3.33544147 -2.31745207 0.0224914225 -0.0994372239 0.0571604852 0.000244140625
-0.170287057 0.460204801 0.0462035173 0.679101372 -0.266447212 0.6058618 0.000244140625
0.513259994 -0.630630793 -0.343198108 0.0810450398 -0.51647138 0.0569878148 0.000244140625
-0.487513447 -0.885468202 -1.11085448 -0.441837333 0.0851137193 -0.151001717 0.000244140625
0.0450790844 -0.352918358 -0.106996859 -0.104652169 -0.448577721 0.0230018971 0.000244140625
-1.70121942 -2.24151664 1.01568767 0.272598442 -0.454628215 -0.0129959284 0.000244140625
-0.68351226 -0.652917798 -0.373354867 0.0174870429 -0.0614002196 -0.49994913 0.000244140625
-0.26068758 0.0987902964 -0.165760597 0.467602743 0.56904664 0.469033405 0.000244140625
1.53601715 -2.4059313 2.93000487 0.0210093128 0.207510725 0.307169225 0.000244140625
-0.664169906 0.310256444 0.469983961 -0.526334858 -0.0412807008 0.83968781 0.000244140625
-0.504321406 -0.777327128 0.335283184 0.0653937 -0.145009564 -0.141690668 0.000244140625
-0.790176901 -0.195918227 -2.97354221 0.283519812 -0.270185081 0.264593003 0.000244140625
1.29592455 0.778220412 0.20011223 -0.192822182 0.402457101 0.0602482711 0.000244140625
-0.586089064 1.55256721 -0.633419798 -0.148342151 -0.0936709403 0.224742048 0.000244140625
1.17220268 -1.25160292 -0.449712814 0.00985426339 -0.28985666 -0.296564787 0.000244140625
-1.25546659 -1.17698547 3.65305045 0.334874821 -0.258163324 0.0691111838 0.000244140625
-0.528560172 -1.00726207 -0.967402536 -0.286908505 -0.2983643 -0.120878114 0.000244140625
2.12300328 -1.57940057 -2.72739291 0.133963941 -0.179015579 0.0328797069 0.000244140625
-0.0996581375 0.315977454 0.207957277 -0.402647954 0.0724215849 -0.211954637 0.000244140625
0.680407135 0.207398387 -0.133656728 -0.235952051 -0.218880654 -0.210370744 0.000244140625
0.816029627 0.811606799 -0.496375013 0.168260549 0.277249244 0.372878247 0.000244140625
-1.09482951 -0.47590137 -1.05222746 -0.19338341 -0.055780753 0.0438437351 0.000244140625
0.176474762 0.780924938 0.40117484 0.400970086 -0.320544225 -0.156646689 0.000244140625
0.479944175 -1.209038 1.48910193 0.211482243 0.0641165025 0.399728566 0.000244140625
0.0742028897 0.440095683 -0.119331719 0.420874315 0.0117170767 -0.234748286 0.000244140625
3.21580007 0.175483725 0.491513043 -0.235925476 0.236550158 -0.468018827 0.000244140625
0.300720943 -0.0482076771 0.171304955 -0.0260921343 -0.0388511961 -0.168344471 0.000244140625
0.339145665 -0.369006166 0.638975461 0.452781272 0.655678543 0.0674076325 0.000244140625
0.700644184 -0.632057005 0.454793511 0.102999618 -0.203838959 0.266306772 0.000244140625
0.0243010478 0.501352284 0.0941999106 -0.232643486 -0.843553118 -0.294004665 0.000244140625
-2.46112053 0.608172555 1.19094883 -0.127116203 -0.15609561 0.0370089761 0.000244140625
0.000463971363 0.121363239 0.806284014 -0.197695721 -0.200056294 -0.118325917 0.000244140625
0.904065988 -0.306012801 -0.879846228 0.0515531472 -0.181815914 -0.566644475 0.000244140625
1.34169461 -0.146351649 -1.40644813 -0.39029185 0.0446898585 0.113911184 0.000244140625
-0.725125964 0.649989018 1.36597546 -0.491344815 0.0249634431 -0.278037605 0.000244140625
-0.514733268 3.01134318 2.72725706 -0.175333346 -0.151609179 0.140295159 0.000244140625
-0.117569732 -0.701013104 -0.506309702 0.411150899 -0.0734949521 0.342023204 0.000244140625
0.366351921 0.162561619 0.905103431 0.290892874 -0.143361808 0.0617693364 0.000244140625
0.109644339 1.918619 2.25086481 -0.116613121 -0.360334095 -0.395964859 0.000244140625
-0.175018531 -4.01791947 -1.9572661 0.290197162 0.219538468 0.00140434339 0.000244140625
0.804310196 -1.4320647 -0.858496722 -0.260620941 -0.253732597 -0.161276991 0.000244140625
-0.402686656 0.0621034071 0.486069421 -0.250839978 -0.224025483 0.409131025 0.000244140625
0.00737827777 0.122676085 -0.412719509 0.36569634 -0.107732152 -0.417331928 0.000244140625
-0.299925791 0.385260451 0.204786485 0.098482143 0.539731304 -0.349602415 0.000244140625
0.390416833 0.303427209 -1.0439671 0.0559752247 0.415869355 -0.0407401641 0.000244140625
0.882401427 -0.85670505 -1.19266078 0.398619791 -0.33626654 -0.42276231 0.000244140625
0.0810549627 -0.490713029 1.06198618 0.0125519461 -0.180787554 0.567209094 0.000244140625
-0.340872109 -0.342611992 0.0825046738 0.337467467 -0.112985999 0.540062508 0.000244140625
0.177862335 0.579301561 0.437822942 0.178381497 -0.371209536 -0.550410759 0.000244140625
-0.543216281 -0.909232879 0.0832124324 0.0297195437 -0.24068398 -0.479421527 0.000244140625
0.790122152 -2.02822156 -2.87610295 0.030554196 0.00489049033 0.407642279 0.000244140625
-0.632209961 -0.836832417 -0.519697591 -0.424086274 -0.433795964 -0.196979939 0.000244140625
1.07158176 -0.227725573 -0.730268697 0.183035403 0.24679331 -0.102222523 0.000244140625
0.656680541 0.801505134 -0.93328375 0.140550674 0.240128788 -0.388847975 0.000244140625
0.407681189 0.125012105 0.230235238 -0.194448112 0.44437789 0.492974288 0.000244140625
-0.582739804 0.358064249 0.0537818848 0.276618505 -0.118004228 -0.0637459111 0.000244140625
-0.700272837 0.882864102 -0.727036302 0.128934251 -0.295253446 -0.281721883 0.000244140625
-1.07277856 -2.05830124 -1.05408833 0.193576602 -0.100323665 0.428325889 0.000244140625
-0.515366829 -0.420572733 1.62806969 0.29961947 0.142241027 0.178146913 0.000244140625
1.33619265 0.654588677 0.793669285 -0.209806421 -0.0674924568 0.104182988 0.000244140625
1.01392384 2.04200334 -1.65621496 -0.0809367997 -0.225977977 -0.453843242 0.000244140625
0.274139552 -1.10248222 -2.06658786 -0.0212672526 0.105429765 -0.414994982 0.000244140625
0.185300126 -0.475735947 -0.617957162 -0.331452533 -0.8793608 0.0689127926 0.000244140625
1.41737659 1.85997801 -1.40400269 0.294440202 -0.160731351 0.237597833 0.000244140625
0.341914905 -0.889565915 -0.210982892 -0.562476832 0.489809494 -0.456170057 0.000244140625
0.341267142 -0.946599837 -0.13219353 0.0731913003 0.319759469 0.0845833952 0.000244140625
1.08467932 -0.211376432 -0.413514546 -0.0275441982 -0.177023094 -0.189606762 0.000244140625
-0.489489475 0.755010441 0.0457647327 -0.0507582961 -0.397078633 0.41273859 0.000244140625
-0.25385694 -0.480877764 -0.602001349 0.00947640777 -0.240009651 0.260982635 0.000244140625
-1.31947504 2.53480068 -3.62419993 -0.255045542 0.221676165 -0.0790001715 0.000244140625
-1.28934832 0.923203604 -0.992651237 -0.242443373 0.125388184 0.00412419895 0.000244140625
0.374966399 0.66599042 0.018334356 0.250617145 0.273706055 -0.586291291 0.000244140625
-0.140488967 0.000968663228 0.71894863 -0.212346611 -0.195874584 -0.195318535 0.000244140625
1.31258179 -1.27358989 -0.123454923 -0.263708493 -0.0516630004 -0.523730537 0.000244140625
-3.93764581 -2.85626132 -0.0656899881 0.0462946126 0.0856402691 -0.16268092 0.000244140625
-1.21512653 -0.105112163 0.220045811 -0.301003584 0.0458236778 0.079811493 0.000244140625
-0.206207075 -0.235839042 -0.320427923 0.569248783 0.365543367 0.47699297 0.000244140625
0.12385786 0.772174831 0.720075674 -0.423673439 0.131685555 -0.0669953224 0.000244140625
-0.920049386 -1.42313305 0.779590019 0.0278722451 0.12720521 -0.314848834 0.000244140625
5.43057725 0.498558455 0.580260544 -0.00968902475 -0.0927305954 -0.314689816 0.000244140625
-0.957902553 -0.528304427 0.39589526 -0.124547238 -0.391087439 -0.385742946 0.000244140625
-0.236402907 0.742765668 -0.0644580742 0.881616908 0.00684615243 -0.0322730434 0.000244140625
-0.86402047 -0.370250386 -1.77202344 0.0357056177 -0.0461914976 -0.122911021 0.000244140625
0.245698042 -1.01354021 -0.29099356 -0.130940874 -0.52191089 -0.167473248 0.000244140625
0.0630735617 1.79168519 0.0224156152 0.0698576545 0.470884636 0.151963712 0.000244140625
-0.776743842 -0.364771119 0.445076197 -0.308206439 -0.561931775 0.477861935 0.000244140625
-0.773811733 -1.0879214 -0.274910702 0.226162619 0.309750127 0.395431256 0.000244140625
-0.11332084 -0.878063172 -0.639386308 0.101776765 0.360920666 0.268082867 0.000244140625
-0.314426741 0.173565851 0.316333385 -0.1037816 0.536488162 -0.986872855 0.000244140625
0.722233257 -0.399880467 0.709070405 -0.346055193 -0.125406804 -0.489902843 0.000244140625
-0.924551255 0.12135599 -0.833864345 -0.463361146 -0.634498559 -0.087481168 0.000244140625
-0.0858379712 1.34135695 -0.447376992 0.231202203 0.4582572 -0.119836307 0.000244140625
0.0426124448 -0.15348335 -0.45577987 -0.158918889 -0.681898816 -0.450715526 0.000244140625
-0.563937886 -0.908284262 0.653879549 0.0511629554 -0.307795363 -0.364638876 0.000244140625
0.222316451 2.4376883 -1.83338164 0.430302009 0.38174838 0.121805084 0.000244140625
0.941957244 -0.157469305 0.23147182 -0.437662877 -0.684796056 0.034449398 0.000244140625
0.158958233 0.539449692 0.632234049 -0.281174263 -0.0106734159 0.393545877 0.000244140625
-0.694654791 -0.102174267 -0.921243505 -0.42031765 0.63741704 0.0387679824 0.000244140625
1.28068869 -4.28137196 -2.81832117 0.0617456376 -0.00781836597 -0.140627062 0.000244140625
0.187873179 -0.407566543 -0.231281062 -0.38694877 0.706926903 0.199662148 0.000244140625
-0.567764948 0.369307129 0.580065502 -0.314326225 0.0800619031 0.555065642 0.000244140625
-0.0649626026 -0.683290714 -0.593991671 -0.490767435 -0.0652497198 -0.529988918 0.000244140625
0.0477444829 0.210099408 -0.590523487 0.121746053 0.0990642902 -0.342899226 0.000244140625
-1.37853904 -1.50542995 0.535869058 -0.109205119 0.250410712 -0.0971348442 0.000244140625
-0.398494424 0.609393826 -0.364245686 -0.389180282 0.24773261 0.544984739 0.000244140625
-1.37639547 0.506152386 0.601637709 0.335728798 0.36441898 -0.353087841 0.000244140625
-0.711262936 0.573345761 -0.590636749 -0.750638278 -0.00583842747 -0.130983472 0.000244140625
0.773213581 0.30426672 -1.4280542 -0.194657775 -0.0572870749 -0.0466099761 0.000244140625
-0.27170489 1.58232277 0.895167929 0.621763083 0.148818252 -0.051976815 0.000244140625
1.19285584 0.0778827485 1.18605705 -0.388276826 0.401276954 -0.355100835 0.000244140625
-4.33656168 2.36933269 -2.69367824 -0.0188293023 -0.0818821498 0.118796089 0.000244140625
0.583009934 -0.389522821 -0.0414071318 -0.383944072 -0.202959024 0.19001399 0.000244140625
-0.466836658 -0.321482308 -0.0686114513 0.620184658 -0.428343357 0.359818796 0.000244140625
-1.41690166 0.129711305 0.29244638 0.0781639353 0.167652501 -0.104033161 0.000244140625
-0.261176979 0.629820024 -0.185360611 -0.415770876 -0.164277731 -0.0962495824 0.000244140625
-0.835251747 0.530655967 -0.0789361461 0.459521354 -0.0159173978 -0.67421009 0.000244140625
-2.4880333 0.0191121555 0.720204955 0.195826364 -0.471038829 -0.141073671 0.000244140625
0.800872948 -0.533665869 -0.101508972 -0.026426792 0.0872501704 -0.268377599 0.000244140625
1.71530214 -1.56524555 2.26384064 -0.245756955 -0.286398637 0.041460244 0.000244140625
-0.680240526 0.459441143 0.793378708 -0.445197095 0.163222548 -0.169231586 0.000244140625
1.80701651 0.0946357917 0.881429825 0.0834123519 0.0484943507 0.185913719 0.000244140625
0.962163316 -0.968159783 -1.4424108 0.305793425 0.229127908 -0.11575486 0.000244140625
0.00920039183 0.752890373 0.00657888398 -0.36733327 -0.124922948 -0.113846936 0.000244140625
0.70936535 0.296966103 -0.71072357 -0.582618765 -0.393824844 -0.0757558531 0.000244140625
-0.444534347 1.73523497 -0.340283727 0.0320449565 -0.00985142988 -0.370570448 0.000244140625
-0.0876077173 1.21010996 1.51074388 -0.00697008601 0.0527087761 0.122328994 0.000244140625
0.00975532967 -0.403625035 0.0403541975 1.11745637 0.373801286 0.00937008986 0.000244140625
-0.720391589 -0.391742093 -0.414879118 0.103824402 -0.548217404 -0.0776854354 0.000244140625
-1.25203648 -0.603793739 0.331354962 -0.0527886256 -0.231557565 0.0637022402 0.000244140625
-0.219901931 0.255776605 1.35100353 -0.0936466635 0.0178891924 -0.0691031954 0.000244140625
-0.802964887 1.86748677 -0.661353754 -0.305421472 0.063102021 0.0660054872 0.000244140625
-1.07073685 -1.25279375 1.26669348 -0.15506106 0.313737689 0.0258252608 0.000244140625
-1.30776843 0.238607081 -1.5407961 -0.287878888 -0.104118941 -0.414660515 0.000244140625
-0.28373591 -0.478119951 -0.409735043 -0.0674276286 -0.143194987 -0.330954944 0.000244140625
-0.786184899 1.08257165 0.127635427 -0.307883749 -0.0180965936 -0.396559771 0.000244140625
-1.21708961 -1.14096185 -0.4446672 -0.0636343286 0.0350384367 -0.041686511 0.000244140625
0.0962267481 0.0828022481 -0.661426014 -0.671254118 0.483139295 -0.0568508749 0.000244140625
-4.37703184 -1.31172591 -0.94184593 0.148278397 0.0549020251 0.0228047632 0.000244140625
-0.715440932 -1.34750755 0.918573994 0.0364417815 -0.0780851317 0.109594431 0.000244140625
-0.00592150178 0.98027541 -0.331587901 0.106531968 -0.796386757 -0.00686960123 0.000244140625
-3.40900067 -3.61589285 3.50268734 -0.226608872 0.0455411844 0.254641743 0.000244140625
-0.400286294 -0.352059823 -0.753946966 0.33055097 0.276915018 -0.498887462 0.000244140625
-0.603845493 1.32756041 1.07166873 -0.311841298 -0.273340621 0.118565757 0.000244140625
-0.155925699 0.00333309395 0.71648677 0.660429472 0.358587416 -0.0407404507 0.000244140625
-0.117113469 1.53946395 -0.748665436 0.558879938 -0.351066674 0.10674785 0.000244140625
-0.963682558 0.844074878 -1.06912915 0.189383553 0.0189957153 -0.424446028 0.000244140625
0.876670075 0.0428640172 -0.130631869 0.484715451 0.221977751 -0.170094493 0.000244140625
0.619690076 0.50361957 -0.643535728 0.244278966 -0.315444204 -0.0186575644 0.000244140625
-0.0509731853 0.216085343 -0.605803415 -0.806110393 0.327159643 -0.30407703 0.000244140625
-0.703270847 0.301578715 1.61625524 -0.299502462 -0.194238236 -0.469056759 0.000244140625
-0.135724102 0.2389279 0.131123787 -0.0186001376 1.12798245 -0.00998446405 0.000244140625
0.224645951 0.816769901 1.00067326 0.193192201 -0.408561747 0.435781119 0.000244140625
-0.684452651 -0.0934501982 -0.0621835348 0.644732121 0.341013919 0.189156998 0.000244140625
1.49407016 0.30494757 0.747067694 -0.128154292 0.122814041 0.486913128 0.000244140625
-0.226318682 -0.609974341 0.492755006 -0.500269202 0.0111539426 0.367134109 0.000244140625
-0.636861292 -1.21036064 0.29018914 -0.304307365 -0.259592645 0.0334826098 0.000244140625
-0.544526826 -0.407106834 0.558215884 0.262617564 0.293088584 0.188437961 0.000244140625
-0.789880916 0.388933275 1.12926808 0.0604959038 0.780328379 -0.124050234 0.000244140625
-0.695610503 0.238671321 -0.560913087 -0.379555211 0.654475 -0.129439423 0.000244140625
0.154645427 0.112228629 0.344034687 0.0485268678 -0.348943934 -0.303219596 0.000244140625
1.91921331 1.72359785 2.46841396 -0.0613850889 0.386870088 0.351010691 0.000244140625
0.998355159 -0.360252369 0.501121105 0.190784752 -0.0876141477 0.377069464 0.000244140625
0.730370724 -0.566647857 1.35474553 -0.250648982 0.479280379 0.414974251 0.000244140625
-0.413891014 -0.679614026 -0.639303159 0.0799465744 -0.575354276 0.0606308642 0.000244140625
1.82859673 0.0332843255 0.225955548 -0.213628009 0.328334894 0.164665179 0.000244140625
1.98043874 0.0318741338 0.648845008 -0.0526236302 -0.0537128076 -0.409202007 0.000244140625
3.51232631 0.168313934 -1.66372025 -0.17420456 0.0846669184 -0.244255996 0.000244140625
-1.54127829 -0.971809976 0.686695286 0.266359336 -0.351019365 0.0353903487 0.000244140625
4.23208014 0.949656401 0.813990781 -0.0992609807 -0.0409468323 0.149348287 0.000244140625
-0.470823513 0.336027545 0.400013747 -0.04200363 0.331674494 -0.532161326 0.000244140625
-0.226116022 0.0203054324 0.340312762 0.0346954779 -0.775604046 0.343401658 0.000244140625
0.622423842 -0.147626578 0.532811389 0.53700845 -0.49861355 0.334303213 0.000244140625
-1.06286333 0.982477834 -1.16997327 0.00576203547 -0.310364095 0.405394224 0.000244140625
-0.157735446 -2.4502046 -0.17094079 0.483899041 -0.361547627 0.399173779 0.000244140625
0.113224132 -0.0115645206 0.772488716 -0.048456187 -0.558180583 0.0430530633 0.000244140625
-0.16646038 -0.605825087 0.672798748 0.448166299 -0.185796252 -0.0588911106 0.000244140625
-0.559979403 -0.707383831 -0.68126735 -0.319537547 0.563945117 0.231944029 0.000244140625
-0.610885197 -0.792781178 -0.540556856 0.31725964 -0.00400515189 0.0333529222 0.000244140625
0.167628989 -0.28495715 0.175752544 -0.747097441 -0.720540076 -0.0404897252 0.000244140625
1.02715956 -0.557935666 2.44919091 0.31674811 0.018508265 0.0509803875 0.000244140625
-1.85236871 -0.765085978 0.705626029 0.333887192 -0.232139146 -0.00696592179 0.000244140625
0.57844618 -0.666701211 0.208729284 0.0589163988 0.0270130895 -0.161239343 0.000244140625
-0.664153203 -0.258730359 -0.452143183 0.210168149 0.683155462 -0.533027949 0.000244140625
0.992868422 -1.3191157 0.884641532 -0.0676113169 -0.527407628 -0.390133597 0.000244140625
1.70519203 0.815188037 -2.02285529 0.131189721 0.263649039 0.0132247503 0.000244140625
0.622071812 2.00529325 1.52352288 -0.0669090261 -0.199670683 0.0885641675 0.000244140625
-3.55164064 4.10344947 3.59068081 0.212669943 0.00484566871 -0.00209179637 0.000244140625
0.518295899 -0.0674754694 -0.0527252084 -0.349014871 -0.613268372 -0.767805707 0.000244140625
0.347548618 0.502217111 -0.101762524 -0.530619494 -0.106543727 0.168815221 0.000244140625
0.106869165 0.382423492 0.297600318 0.284187207 0.119539095 -0.599554715 0.000244140625
-0.136574069 -1.18883572 0.459025587 0.352232523 0.472043336 0.0540077097 0.000244140625
-1.56607029 -0.815046248 1.10291593 0.534286207 -0.058327066 -0.172872836 0.000244140625
1.32854771 -0.275099877 1.10597157 0.18274666 0.485752157 0.477748271 0.000244140625
-1.31294014 1.25102271 -0.558645095 0.12550844 0.180401115 -0.104627619 0.000244140625
-0.0777865559 -0.141713978 1.33608517 0.165778794 0.472908345 0.0783444744 0.000244140625
0.211084108 2.11379462 -1.76175675 0.319899918 -0.435507933 -0.0345475803 0.000244140625
-0.938949461 0.531545514 0.184028788 0.0435756194 0.314748735 0.5844627 0.000244140625
-0.179404754 0.371724718 0.575600626 -0.321206455 -0.296424342 0.234390104 0.000244140625
0.15210151 0.23961793 0.896425896 -0.717696426 -0.187614604 0.496403284 0.000244140625
0.0496227823 0.0792473183 -0.816257025 0.241763537 0.0533931281 0.703909908 0.000244140625
-1.22061745 -0.345713686 -1.39592589 0.0179206321 0.0385342666 0.00633954117 0.000244140625
-0.0917397667 0.579491839 0.324652665 -0.268650655 -0.916806735 -0.322065463 0.000244140625
1.98249686 1.792233 5.17649431 0.0298101638 0.0591545899 0.379378205 0.000244140625
-0.89551844 0.825126438 -0.710448419 -0.115982197 0.50043438 -0.141614866 0.000244140625
-0.73268033 1.54837134 -1.21223362 0.562618984 0.188001602 -0.0726754087 0.000244140625
1.81653017 -1.17854187 0.771465775 0.105950033 0.16537935 0.0851657526 0.000244140625
-0.678486226 2.59637579 -1.50219913 0.18023321 0.462373531 0.0278335261 0.000244140625
0.0991764298 -0.519478267 -0.475501201 0.165827076 -0.386586309 0.197660821 0.000244140625
0.575102572 -0.447365953 0.765056535 0.315282923 -0.694684954 0.224146761 0.000244140625
-0.19996317 -0.133897964 -1.01733616 -0.505367501 0.416063058 0.0795999547 0.000244140625
3.85947528 -2.93723101 -4.09832505 0.0319838716 0.167530742 0.0866276756 0.000244140625
-0.0843860409 -0.584046707 3.07831981 0.0122889195 -0.227219028 0.251278984 0.000244140625
0.690842118 0.534722056 -0.525919398 0.0944829187 -0.425123055 -0.0266740684 0.000244140625
-0.286898482 0.690750439 0.702006973 0.236413743 0.593222665 0.231713362 0.000244140625
0.326595531 -0.471162967 1.64586521 0.053085538 0.269220515 0.100263945 0.000244140625
0.764034003 0.980509638 0.434958323 0.722103585 -0.223487331 -0.398657284 0.000244140625
0.438631052 -0.70423564 0.4863201 0.416821836 -0.675285463 0.145978883 0.000244140625
0.896042114 -0.895420576 0.414862298 -0.396640334 -0.209749251 -0.335859132 0.000244140625
0.359358363 0.187631368 -0.432045806 0.342541374 0.43022659 -0.584124459 0.000244140625
-0.932142187 0.778311984 -0.819440207 0.0254204236 -0.15968136 -0.00424415366 0.000244140625
-0.21741338 0.157329746 0.260849097 -0.596363834 0.31634849 0.204113264 0.000244140625
-1.07820896 -0.0453809045 2.29899804 0.211446019 -0.0724294503 -0.36039873 0.000244140625
1.07174486 -6.89600366 -2.1534657 0.0139662894 0.183899538 -0.0800663488 0.000244140625
0.595480224 0.181303318 0.579432233 0.43160239 -0.518586264 0.479572557 0.000244140625
-0.0620670231 -0.714952731 0.320662982 -0.980595519 0.254322108 -0.0733698061 0.000244140625
-5.30540904 -0.835981446 3.49395763 -0.256198466 -0.137769031 0.00787951657 0.000244140625
0.273520976 -0.585218256 -1.98636017 0.0460051122 0.1973676 -0.0450668847 0.000244140625
-1.39945936 0.207972579 -1.15350459 -0.693458161 0.112603405 0.187516395 0.000244140625
-2.41201316 2.1097232 -4.62040675 0.321206519 -0.00406394399 0.0785392374 0.000244140625
0.605434826 -0.908804965 5.04542266 0.194279118 -0.205920419 0.205389078 0.000244140625
-0.549304736 0.132720611 -1.32550941 -0.242793474 0.539824313 0.0669763086 0.000244140625
-2.05027946 -2.90449182 3.55232142 -0.0275069096 0.178115284 -0.283656029 0.000244140625
0.100413105 0.260904398 1.6935485 -0.146641174 -0.0973155562 -0.376174565 0.000244140625
0.772835505 -0.187239143 0.16311432 -0.441281633 0.44802572 0.393562917 0.000244140625
0.053652799 0.34039305 1.45136117 -0.423559489 -0.0843954992 -0.387766255 0.000244140625
-1.36827214 -0.656180778 -0.384004323 0.0787289923 -0.429341446 -0.249549061 0.000244140625
0.615272335 0.656567956 -0.204123078 -0.196198693 -0.176292298 0.579964 0.000244140625
-0.824306685 -2.05070187 1.74634698 0.346675634 0.0556365453 0.105798156 0.000244140625
-0.223963993 -0.463324492 -0.176109652 0.226112717 0.34268249 -0.615546332 0.000244140625
0.170418982 0.243549368 0.637079342 -0.0798976122 0.35803216 0.402789978 0.000244140625
-0.28760876 0.181444815 -0.632071813 0.511202651 0.0374291482 0.315906608 0.000244140625
1.33477557 0.289045604 -2.65265546 -0.102894556 -0.144792939 -0.197027075 0.000244140625
0.867962793 1.84867694 -3.48753942 -0.0634429456 -0.112736768 -0.11673523 0.000244140625
-0.771058906 0.511300573 0.70333211 0.0544949087 -0.325082007 -0.365523009 0.000244140625
0.557765607 -0.672758725 -1.14618644 0.292560241 -0.2003348 -0.157739393 0.000244140625
0.305948687 1.04227702 0.0937051944 0.438690145 0.218580594 0.515612212 0.000244140625
0.896140137 1.12660227 -0.833984202 -0.179987736 0.0972356751 0.0700589044 0.000244140625
-0.374184014 0.949394603 0.702980582 0.225053986 0.351166426 0.752932716 0.000244140625
0.0609931868 -0.563841632 -1.21933784 0.307159389 0.0666045952 -0.42034145 0.000244140625
-11.752491 -2.10659522 -2.24115093 0.0911252175 -0.0437261477 -0.0819865917 0.000244140625
-0.507049909 -0.316217629 0.109536743 -0.186017543 0.478316634 0.249753491 0.000244140625
0.496492199 0.922439155 0.464055075 -0.513270816 -0.174696743 -0.336217749 0.000244140625
1.23211834 -2.38315715 -0.332227944 0.000866940995 0.0148451566 0.298569136 0.000244140625
-1.76448512 2.05310611 -4.46600348 -0.170486031 -0.117349691 0.0402372561 0.000244140625
0.0661434618 -0.745149997 -0.90952661 0.496475484 0.45528028 0.0129309685 0.000244140625
0.678088697 -0.295371778 0.311472915 0.384961065 -0.246010259 -0.479492691 0.000244140625
0.892213298 -1.88403305 -0.566027426 -0.444054258 -0.235788407 0.232092612 0.000244140625
-0.782005327 -0.912139805 -0.358637164 0.537915003 -0.445006201 -0.254873857 0.000244140625
-1.69108458 -1.7461165 1.09186449 -0.112004728 0.27835917 -0.179495305 0.000244140625
-0.922184728 -0.281043605 -0.496526672 -0.0628546551 -0.352089572 0.0636666544 0.000244140625
-0.274316655 0.753731771 0.596814651 0.621927474 0.175465054 0.58301421 0.000244140625
-0.325130451 0.0212347856 -0.712577234 0.257174282 0.697268131 -0.279224725 0.000244140625
0.0753112623 0.0938756357 0.0159438028 -0.37364162 0.506161054 0.0220446086 0.000244140625
-1.3840775 0.255770982 -1.24595599 -0.388189572 -0.0635886628 -0.497814491 0.000244140625
0.408053589 -0.0723790335 -0.190490175 0.0565881712 0.330933176 0.581196833 0.000244140625
1.07445376 4.42458015 0.3689611 0.0973927672 -0.0316942349 -0.0736636961 0.000244140625
1.01849064 -1.27433164 0.375765962 0.161317261 0.343704036 0.318005965 0.000244140625
-0.866368296 0.493890592 -0.637655722 -0.173353841 0.014071789 -0.203114662 0.000244140625
-0.114541138 -0.547828055 -0.0363480638 -0.25203851 0.349905572 0.288757406 0.000244140625
1.79345599 5.14474222 -0.0341702505 0.354057467 0.0298116446 -0.206684306 0.000244140625
0.301696307 0.92204591 -0.645795957 0.220373047 0.334852654 -0.117070313 0.000244140625
-1.28023033 -0.0157155418 0.340130831 -0.45827459 0.100710687 0.0147315802 0.000244140625
1.66712876 0.777078538 -0.931223535 0.216104712 0.254921121 0.329447805 0.000244140625
0.281932646 0.400896353 1.41557517 -0.0141327727 -0.0980826439 -0.364676861 0.000244140625
0.361030999 -0.221372956 -0.0175912496 -0.248041742 0.488675587 0.0645288392 0.000244140625
2.14188862 -2.1821799 -0.566249398 -0.160116059 -0.175809318 0.140634656 0.000244140625
-0.499570305 0.948894565 -0.0303938154 0.308691566 -0.265182287 -0.389101674 0.000244140625
-0.768601394 -0.769260577 0.430229801 0.615611865 -0.27331303 0.272043089 0.000244140625
-1.29941097 0.102648817 -0.167814107 -0.126839615 -0.360410877 0.161712891 0.000244140625
-0.105662014 0.211053133 -1.15240789 -0.0498156073 -0.407472275 -0.0632753336 0.000244140625
1.50688051 -2.74703301 0.336362224 0.0971136184 -0.556986283 0.280753691 0.000244140625
-0.502027989 -0.384925072 -1.05134449 0.333541941 -0.0790151619 0.00401409541 0.000244140625
1.48900394 -1.90868701 -3.29202446 0.432429314 0.20820234 -0.0268001623 0.000244140625
0.188364018 0.794187075 -0.40234077 -0.452831195 0.0268458127 -0.409626974 0.000244140625
-0.33750205 1.27397975 1.98000542 0.111189482 0.524023955 -0.0121234461 0.000244140625
4.15435892 -0.749708978 -2.79806139 0.277051594 0.331494622 -0.128286051 0.000244140625
-1.24578402 -1.87370375 1.67311227 -0.243817164 0.18291617 0.499735495 0.000244140625
-0.643914929 -1.81398026 -0.190026121 -0.295283218 0.015343085 0.465912399 0.000244140625
-0.590778194 0.443412926 0.303946645 0.444961353 -0.0633764306 0.450411093 0.000244140625
-2.05614247 0.791087817 -1.24205314 0.00649231837 -0.0366153073 -0.400549703 0.000244140625
-2.42396683 -5.39041054 -2.52972397 0.199421372 -0.0899808536 -0.155233891 0.000244140625
-0.960577888 3.67224835 -1.95904324 -0.155790817 0.0839365324 0.134030832 0.000244140625
1.21739989 1.02506449 0.31725025 0.121381976 0.0507611717 -0.589576553 0.000244140625
0.318311392 0.134398216 0.365301104 0.255971395 -0.106960062 -0.281756136 0.000244140625
-0.55803024 0.310401931 0.221717284 0.487319167 -0.0741209259 0.084987697 0.000244140625
-0.0537333009 1.22602977 -0.648240747 0.0352994702 -0.527020968 -0.0300988597 0.000244140625
0.555178652 -1.14438838 1.62505882 -0.208259793 0.341034292 0.186127357 0.000244140625
0.90852849 -0.178619975 0.487311788 -0.0298693998 0.451343691 -0.263238762 0.000244140625
0.0434343937 0.236053855 -0.29847888 -0.416014282 -0.620812013 0.0237461644 0.000244140625
1.90889079 0.995828399 2.19008352 0.132341177 0.0287344562 -0.308996176 0.000244140625
0.00188653626 -0.0492190732 -0.091128797 -0.77095696 0.189052042 -0.216821896 0.000244140625
-3.6981072 -0.0984568211 6.3898517 -0.00407443493 -0.0311892555 -0.10003792 0.000244140625
-0.191493944 3.03327749 -0.140344466 0.0816950571 -0.115609343 -0.392587567 0.000244140625
-0.0721251408 -1.15561458 0.209892336 -0.0647049574 0.143613861 0.00778220787 0.000244140625
1.04880078 -1.93021585 1.01910897 0.000331719506 -0.278153717 0.138681403 0.000244140625
-0.465999341 0.696658566 -0.519529475 -0.324859303 0.423902229 -0.300325774 0.000244140625
-14.2153552 -0.817037506 1.66524745 -0.0681435907 -0.0958206773 0.0663380265 0.000244140625
-0.725979316 3.43232545 -1.83152601 -0.425365587 -0.265071816 -0.172767827 0.000244140625
1.19468984 1.50831129 0.279403128 -0.140694128 0.447619355 -0.204941442 0.000244140625
0.20685821 -1.02750284 -1.1868324 -0.622233583 0.133832414 -0.0652179292 0.000244140625
-0.584536783 -0.0755575122 0.306230492 -0.291224718 -0.0214963699 -0.215268981 0.000244140625
-1.5469136 0.403119126 0.595213404 0.0520123031 -0.327179568 -0.0637208339 0.000244140625
-0.0022776764 -0.546636792 -0.159093898 0.0563405109 0.713676311 0.414645482 0.000244140625
0.495186359 1.08025425 -0.243084909 0.505525481 -0.417469311 0.126625223 0.000244140625
0.513632559 -0.429976881 0.0862369957 0.192192464 0.0435675506 0.585581419 0.000244140625
-0.841910544 0.999740351 -0.160949858 -0.369355955 -0.301837066 -0.0618763434 0.000244140625
0.226259867 0.674180751 -0.646250103 0.176945941 -0.219806183 -0.0944378738 0.000244140625
1.56141124 -0.732483437 -1.47507357 0.318667037 0.0305978094 0.0679627663 0.000244140625
0.0178351657 0.354879274 -0.504730777 -0.420486035 -0.444215994 0.215396032 0.000244140625
-5.51073872 -0.519615944 7.33605102 0.106907107 0.306629946 -0.126488779 0.000244140625
-0.503328606 0.429283697 -0.882154784 0.31219589 -0.469607618 -0.28247993 0.000244140625
-0.0639039222 0.068206097 0.172716768 -0.476602318 0.163322104 -0.261978265 0.000244140625
-0.671805312 0.774394869 0.488476733 -0.307077967 0.246936913 -0.141224448 0.000244140625
-2.45494676 -0.151925136 0.0100681574 0.259461948 -0.35529014 -0.0108341772 0.000244140625
0.44811699 -0.475086535 -0.270619453 -0.0213627411 0.311522518 0.386377699 0.000244140625
0.0457047243 0.253197913 0.36843596 -0.317034724 -0.0916807192 0.973334855 0.000244140625
0.095050408 -0.166419877 4.68962162 0.176905428 -0.100548017 0.310359235 0.000244140625
2.46629506 3.09160432 0.293191425 0.170249146 0.022772273 0.335200742 0.000244140625
0.601946919 1.12661259 -0.786391113 0.467123658 -0.362878411 -0.159995946 0.000244140625
0.754082332 -0.812380228 2.08787081 -0.347414702 -0.309509311 0.238143536 0.000244140625
0.189903658 -0.395656523 -0.343414015 0.110035438 0.239924422 -0.0191314172 0.000244140625
1.38098813 -0.398210964 -1.08383117 -0.0934118334 0.145366381 0.333288842 0.000244140625
0.439067728 0.669994388 -0.718830561 0.0267791119 -0.263895672 -0.385313201 0.000244140625
0.493857258 -0.545334746 -0.508914313 -0.166206839 -0.245733148 -0.452079709 0.000244140625
-0.00281651909 1.14480741 0.452638904 0.225137029 0.116809317 -0.2782921 0.000244140625
-4.65217232 8.01558282 -7.17949842 -0.119197665 -0.105548007 -0.0885827429 0.000244140625
-0.970365041 1.19852371 2.1545314 0.620161008 0.0225109051 0.301003712 0.000244140625
-0.0851135104 0.0117408872 -0.036409635 0.256410007 0.16893273 -0.021773881 0.000244140625
0.932302797 -0.533770169 0.0872014291 -0.233253811 -0.383141169 -0.551284921 0.000244140625
0.0629092357 -1.9535227 -1.38237069 -0.065128863 0.090253689 0.179239267 0.000244140625
0.820366758 0.119729902 -0.396362279 -0.490709685 -0.114754491 0.146050903 0.000244140625
0.442218625 -0.35918685 -1.60904616 -0.339842985 0.0468587873 0.0233763205 0.000244140625
0.776340548 -0.183221081 0.208545472 -0.0528954953 -0.4583229 0.776041836 0.000244140625
-0.36813208 0.0033089053 0.758708653 -0.282227899 0.162961643 -0.113363309 0.000244140625
1.14393292 1.15280922 -1.16750653 -0.208793789 -0.0593225565 -0.0133320522 0.000244140625
1.55961678 -1.48967592 -0.35169643 0.28099913 -0.117851574 -0.236035875 0.000244140625
-0.422621216 1.33136782 1.1771831 0.170936458 0.123131658 0.068584178 0.000244140625
-1.13542093 -0.550990343 -0.029850422 -0.143509771 -0.881502982 0.168209096 0.000244140625
-0.202581453 -0.154785678 -0.790718892 0.186878526 0.131620309 0.102150459 0.000244140625
0.0454189886 0.438698101 -0.109908608 -0.583746859 -0.134528876 0.258133631 0.000244140625
-1.33623099 0.0377160432 0.693864322 0.072557152 -0.0756092811 -0.290877962 0.000244140625
4.28919257 -2.89123204 4.54851684 0.0352702291 0.129958982 0.113827415 0.000244140625
-0.507015949 0.0890054619 0.380926098 -0.448688717 0.0239755792 -0.176886045 0.000244140625
1.83644915 -1.52992192 4.16916095 -0.0406668466 0.329621248 0.202233677 0.000244140625
0.440976942 -0.253089198 0.343794842 0.168293404 -0.434920981 0.0542685335 0.000244140625
0.429640869 1.88642456 -0.764960742 -0.560720727 -0.0851410984 0.411883818 0.000244140625
-0.787806927 -0.65604985 0.389003589 0.404478417 0.0330387488 0.518559671 0.000244140625
-0.165817337 0.523902177 0.0345669901 -0.147087552 0.619026176 0.188905121 0.000244140625
-0.99953993 1.3155715 0.751660233 0.248374805 0.280728742 -0.239093079 0.000244140625
0.72967966 0.884629103 -0.0846118265 -0.352466763 -0.105471245 -0.0594455607 0.000244140625
4.15179972 -2.43943395 -0.475424999 -0.263618294 -0.00469141845 0.38071944 0.000244140625
0.509332672 0.250016968 0.331042169 -0.0898056109 0.000727297309 0.146837336 0.000244140625
-0.0140192135 -1.66829753 0.0457380516 0.0537992438 -0.329987532 0.0302925411 0.000244140625
-0.00122581454 -1.36506524 0.537656733 0.239192067 0.056031757 0.112916198 0.000244140625
0.129886782 -0.210682073 0.686786798 0.0896313392 -0.134158065 -0.178806614 0.000244140625
0.568875892 -0.6065595 0.171402444 -0.765719987 -0.244331997 -0.209068166 0.000244140625
-0.402853449 1.14307674 -0.379094454 -0.529057885 0.112211199 -0.554756735 0.000244140625
3.06716347 0.3208821 -0.570781206 -0.286514091 -0.0573615016 -0.172876369 0.000244140625
1.90104298 -2.03006753 2.4167322 0.0223945996 -0.103981609 -0.447627964 0.000244140625
-0.0606862264 0.0587896666 -0.190341995 -0.427811156 0.662841914 0.329342711 0.000244140625
4.46654913 0.706242446 -3.30242864 -0.207916554 -0.305856909 -0.305363828 0.000244140625
0.199723707 -0.146785503 -0.168202883 0.56635652 0.368385635 -0.345143992 0.000244140625
-0.876636782 -1.37422802 -0.585655493 0.235834648 0.393452138 -0.0345124415 0.000244140625
-1.52046349 0.816332102 0.0545359481 -0.112392872 -0.174169006 0.454839259 0.000244140625
-4.82363283 0.652318343 2.01685743 -0.202445365 -0.118917338 0.0977243675 0.000244140625
0.183679479 0.911025233 -0.575585908 -0.0198585334 -0.598921432 0.267579339 0.000244140625
-2.39905361 0.569459203 1.24447991 0.14677933 -0.251809102 0.0772006186 0.000244140625
0.309661628 -1.87947361 2.41602456 0.0269067779 -0.0500784119 -0.415751464 0.000244140625
0.474700312 0.0864634801 0.705333149 -0.0595687998 -0.0952216377 -0.393049495 0.000244140625
0.417411939 0.365992196 0.949827278 -0.0618871378 -0.456838161 0.129240125 0.000244140625
0.445191669 1.3017037 -0.159831758 -0.00618462117 -0.258585162 0.259297814 0.000244140625
1.15913416 0.933770582 0.0192725157 0.208740244 0.580435594 0.0207607446 0.000244140625
0.215817735 0.981267226 1.33542349 -0.143672521 0.232147963 -0.0927967383 0.000244140625
-0.429351513 -0.0631108606 0.530579689 0.622880746 0.0892276287 -0.218630799 0.000244140625
0.221828155 0.381542391 -1.32283065 0.035603408 0.311487365 -0.37881866 0.000244140625
0.0466878884 -0.513352394 0.781873958 -0.00595661013 -0.0225563238 -0.197993971 0.000244140625
-1.22424493 1.52836516 0.710917666 0.471507911 0.144323561 -0.387932286 0.000244140625
0.475005989 -0.537613954 -0.418995872 0.644758215 -0.101346804 0.0637226206 0.000244140625
0.399431367 0.0457665166 -1.01899101 -0.296931716 -0.0568986104 0.128369049 0.000244140625
3.25639812 2.11620191 0.279824672 0.31223322 -0.358560016 -0.132803187 0.000244140625
-0.530403247 -0.127062441 -0.504039976 -0.510902933 0.0715587148 0.202401975 0.000244140625
-0.937451298 -1.1494333 0.61040194 -0.0252742092 0.0189584228 -0.28800812 0.000244140625
-1.58154018 -0.524128447 -0.564635001 0.31440567 -0.116522012 0.345833702 0.000244140625
0.357074147 0.256497076 -0.472506048 0.533814458 -0.10774109 -0.118593777 0.000244140625
0.419489405 0.263481197 -0.0661116534 -0.397273461 -0.413822741 -0.403651707 0.000244140625
0.0149411622 0.482283012 0.00592311866 0.278771971 0.175409817 -0.151251045 0.000244140625
2.0196531 2.18769749 1.16989453 -0.543282867 0.0672281975 -0.113329638 0.000244140625
0.132532038 0.44812944 0.159631164 0.0621466756 0.0230964889 0.235338792 0.000244140625
1.04459086 -0.968523971 0.937477628 0.25983464 -0.24737453 0.161310859 0.000244140625
0.291184835 0.440023768 -0.86655502 -0.157304778 0.124324572 0.231904911 0.000244140625
-0.721476051 -1.09919272 -0.511723823 -0.169680857 -0.0119766413 0.319204377 0.000244140625
0.757309587 0.517777498 -0.00253845604 -0.186844725 0.0501365327 -0.469195388 0.000244140625
-1.3373946 0.442868054 0.97973491 -0.0404825606 -0.118653664 -0.121958033 0.000244140625
-1.07403968 0.0134521129 -0.504302566 -0.130874827 -0.197214691 0.193813886 0.000244140625
-0.912265128 -0.00461289592 -0.00700109454 0.150349734 0.00903349633 0.261282943 0.000244140625
0.261260371 0.621847563 0.979614497 0.261982387 -0.0854425565 -0.0363520649 0.000244140625
0.0622817009 -0.685768019 -0.868920344 0.0937783217 0.277547889 0.304713727 0.000244140625
0.437864347 2.22327159 -0.527048031 -0.0129396326 -0.4463921 -0.181326554 0.000244140625
0.297199429 0.673173303 0.983408426 -0.407188329 -0.176038672 -0.453997287 0.000244140625
-0.177703911 -0.0962316696 0.52699843 -0.28070035 0.0321974642 -0.401430675 0.000244140625
-0.298202128 0.840529443 0.667274112 -0.516036837 -0.336065917 0.0234631201 0.000244140625
0.922071261 0.671848327 0.966202314 -0.445980138 -0.237845574 -0.375394201 0.000244140625
-0.781794646 -0.314443609 0.418952308 -0.619950934 -0.527357174 0.060121545 0.000244140625
0.141017442 0.103430365 3.70894377 -0.353546328 0.257118103 -0.0967865083 0.000244140625
3.29410987 2.44482026 0.1069388 -0.0270598213 -0.0635852882 -0.25945798 0.000244140625
0.202206941 -0.360455608 -0.559958925 -0.22791447 0.553014967 0.13004347 0.000244140625
1.26722691 0.13237949 3.15904312 0.0371608684 0.11598438 -0.203065645 0.000244140625
0.245757426 -0.914640764 0.928695742 0.416332262 0.417882259 0.119334381 0.000244140625
-0.667304408 -0.369618734 1.00872184 -0.0836247698 0.258483279 -0.351681834 0.000244140625
0.176738718 0.592431352 -0.950604484 0.578634375 0.109257753 0.0634304379 0.000244140625
-1.62812223 -0.0549116372 0.246204292 -0.00434310416 -0.179618167 -0.0507640124 0.000244140625
-0.0352180298 -0.0491294402 0.72025404 0.388067684 -0.639306724 -0.134794609 0.000244140625
-0.56962769 -0.765503255 0.0320607052 -0.531890295 0.549671297 -0.195966517 0.000244140625
-1.07041872 1.27051139 -0.234404322 0.328331109 -0.375225722 -0.157498378 0.000244140625
-0.220156053 0.270626412 -0.4795282 0.449678339 0.214903353 0.44600524 0.000244140625
-0.100046344 -0.140743775 -0.112929401 -0.283896477 0.237094698 0.290803651 0.000244140625
-0.137866129 -1.23619899 -0.801171428 0.393566834 -0.270005565 0.0172397555 0.000244140625
-0.200945711 -1.67996602 0.0614322198 0.180679443 0.449377308 0.395410628 0.000244140625
2.18033844 2.68866122 4.79811816 0.126927997 0.24841214 -0.106755879 0.000244140625
-0.189612195 0.647021757 -0.273572496 0.076794062 -0.0552470024 -0.14129045 0.000244140625
0.0430807787 0.723544872 -0.294863931 0.196676407 0.00496870764 -0.0885618229 0.000244140625
-1.10346664 -0.317279244 0.404824063 0.191848918 -0.248652761 -0.565257476 0.000244140625
-0.613548288 -0.455566978 -0.42609943 -0.729351855 -0.367403034 -0.453556105 0.000244140625
-0.218711115 1.36472059 0.620959429 -0.336958283 -0.0309490533 0.117173561 0.000244140625
-0.438497989 0.759092635 -0.745067493 -0.0843368319 0.106769169 0.259235139 0.000244140625
0.775455433 -0.298002832 0.732985561 0.170075059 -0.456961548 0.142817868 0.000244140625
0.812670153 -0.353939032 -1.15442212 0.226184154 -0.437749239 0.317914491 0.000244140625
-0.95339335 -1.97817365 0.0736365909 0.381638948 -0.010193827 0.390531068 0.000244140625
-0.40830926 -0.0740237105 0.414298434 0.643522708 0.277853868 -0.267784178 0.000244140625
-1.09119296 -1.09694178 0.512282265 -0.45718234 0.454391321 -0.206262539 0.000244140625
-1.0259703 -0.504000626 -0.916413981 0.180618341 -0.40130394 0.042080168 0.000244140625
0.420805444 -0.0795881407 1.16079196 -0.339872815 0.523068437 0.244352472 0.000244140625
0.335059122 -0.773696955 0.128118986 -0.0371726048 0.183511175 0.284868884 0.000244140625
-1.02068007 -0.629070778 -3.17122349 -0.00546571792 -0.177939928 -0.154350009 0.000244140625
-0.226759134 0.327715099 -0.184476904 -0.676919162 -0.069566852 0.0434588276 0.000244140625
1.10489054 -0.518584935 -0.740597166 0.0290770491 0.306742759 0.232351755 0.000244140625
-0.112591468 0.305571745 0.230444288 0.185278144 -0.0998346573 -0.439763394 0.000244140625
5.06949406 3.88922212 -4.30894586 -0.0487549876 -0.0646892516 0.107970254 0.000244140625
-0.947069564 0.746389538 -0.757096297 0.627323569 -0.175009506 0.118589977 0.000244140625
0.454598398 0.55366821 0.646610083 -0.210464869 -0.349683888 -0.424318245 0.000244140625
-0.454267557 0.59343692 -0.425836769 -0.349822564 -0.0595547108 0.037988226 0.000244140625
1.36661059 -0.0726168789 0.03240433 -0.185029805 0.0929322527 0.561508512 0.000244140625
0.721018563 -0.308510371 -0.133670382 -0.239896896 0.00873696237 -0.22317162 0.000244140625
-0.573641552 0.586609063 0.439905214 0.423651316 0.198350924 -0.152585135 0.000244140625
0.0229547474 -2.30419444 -2.68052249 -0.297993288 -0.363523475 -0.288054479 0.000244140625
-0.134278206 0.378297701 -0.352155203 -0.752424356 0.213972459 -0.408148179 0.000244140625
-1.92200176 0.0146235613 -0.961605471 0.345682611 0.16322631 -0.0770152955 0.000244140625
0.537626556 0.583375986 -0.329006546 0.340962307 -0.0691613411 -0.0989538789 0.000244140625
-2.94830591 -3.01504186 4.70962839 -0.189932631 -0.300140741 0.0495005105 0.000244140625
-0.026715636 -1.4504144 0.0690888215 0.210651233 -0.00870595135 0.391412977 0.000244140625
0.560557857 -2.97326091 0.636292891 -0.408951465 -0.0159551587 0.0252057165 0.000244140625
1.47439082 -0.0904513904 -0.0170112521 0.308357373 -0.139859554 0.277710367 0.000244140625
-0.2234848 -0.162140107 -0.301703795 0.547830061 0.439209015 -0.134773294 0.000244140625
-1.98153084 -1.04836534 0.680942772 -0.121559838 0.0834431263 0.58351551 0.000244140625
0.869448702 -1.2685597 -3.36556084 0.0707358995 0.0284806135 -0.344244509 0.000244140625
-1.43545943 0.11811816 1.27335263 0.118509363 -0.352403063 -0.18301122 0.000244140625
0.190659442 -0.517594819 -0.644346236 0.255773401 0.306210212 -0.040531229 0.000244140625
-0.0417593295 0.453572475 0.317041038 -0.0624589269 -0.414627124 0.199937219 0.000244140625
0.692566944 0.959880647 0.253863921 -0.40531714 0.280985488 0.15236418 0.000244140625
0.925331856 0.865415482 -0.30745991 0.33547954 -0.321126462 0.154610897 0.000244140625
0.664250028 -0.741136221 1.08425156 -0.378057239 0.164865989 -0.315582382 0.000244140625
-2.06134918 -2.37870579 1.21393843 0.116140458 0.112105316 -0.30474182 0.000244140625
2.42028859 0.541082337 -0.779508521 -0.213454401 -0.0135637784 -0.164457924 0.000244140625
-0.271704954 -0.615078318 0.813846491 0.0685362939 0.0429189661 -0.387093486 0.000244140625
-0.479411318 0.244334473 0.0967814036 0.415156868 0.309142957 0.203070622 0.000244140625
0.0526327438 -0.362538137 0.296515785 0.817727097 0.0299298607 -0.0674197544 0.000244140625
-0.729116 -1.55715873 -0.491477117 0.157489989 -0.112317818 0.515733858 0.000244140625
0.841196337 -0.201440721 0.0684623496 -0.13168177 0.0120216816 0.423203113 0.000244140625
1.21706529 0.0117868846 0.624699562 0.107435913 0.279596395 0.22299364 0.000244140625
-0.652324388 1.1962571 -1.30666454 0.313622838 -0.318460592 0.0746687711 0.000244140625
0.578472601 -0.223548343 0.277845715 0.373526567 -0.0535413516 -0.0415628623 0.000244140625
-0.184352567 -0.130520669 0.545494093 0.120198789 0.540968883 -0.40808153 0.000244140625
-0.0398041481 0.152768749 -0.0983838043 0.35570914 0.0120226507 -0.219918296 0.000244140625
0.721131114 0.0639123905 0.880836821 0.535413223 0.64600775 0.155929386 0.000244140625
1.03669402 0.257378631 0.485954829 0.289788675 -0.0242923795 0.235461839 0.000244140625
1.04457663 1.41161736 -1.23013315 -0.105423002 0.1459953 -0.314090235 0.000244140625
0.552697206 -1.03408069 -0.478458259 0.13911844 -0.476060747 0.36890948 0.000244140625
3.63422721 -2.42055657 3.93966473 0.347354248 -0.23959268 0.120272226 0.000244140625
0.479395368 -0.890365522 1.14054846 0.095145105 -0.0993116713 -0.489821248 0.000244140625
-1.38506756 -0.195009539 -2.11109198 0.172461278 -0.0606789963 0.407035052 0.000244140625
-0.7490869 -1.36636897 -0.292265776 0.353024749 0.0172825646 0.0582437497 0.000244140625
-1.14195625 0.862435041 0.857699144 -0.163600462 -0.624258054 0.357272125 0.000244140625
-0.966694417 1.213744 -0.177855375 0.139193564 0.239118028 0.665243044 0.000244140625
-0.717311931 -0.363783277 -0.324920294 -0.425447317 -0.209808912 0.884469855 0.000244140625
-0.643111049 1.34617169 -1.36426767 -0.115664 0.193786586 0.579514235 0.000244140625
0.0630517869 -0.119502414 -0.357941127 0.253856408 -0.0446852539 -0.223170074 0.000244140625
0.614416854 -0.436003647 0.737761353 0.552259893 0.121952874 -0.127645768 0.000244140625
0.798705419 0.21113014 0.191049675 -0.331983433 0.241940695 -0.00824728652 0.000244140625
-0.90070115 -0.262373123 0.525286003 0.0530320841 -0.45002699 0.518035333 0.000244140625
0.970776425 -0.506493255 0.117851901 -0.0224026864 -0.633215734 -0.687073689 0.000244140625
-0.281748602 -0.00753705847 1.24128412 0.00790501259 0.687514961 0.0233130868 0.000244140625
1.05412196 0.50843682 -1.42815628 0.404249569 -0.262788371 0.0807227524 0.000244140625
0.140980754 -0.613505778 0.275356864 -0.437169799 0.328233861 -0.275922163 0.000244140625
3.70942109 -1.35109222 -1.70771679 -0.3125761 0.0947839465 -0.0048019264 0.000244140625
-0.865541416 0.177680854 -2.02923319 -0.221804954 -0.343043249 0.493491915 0.000244140625
1.01421253 1.93741661 -0.387029598 0.104565263 -0.232742741 0.0867001924 0.000244140625
0.174976295 0.341120208 -0.0360686702 1.08479953 -0.16365067 -0.437092651 0.000244140625
0.0617470979 1.46180184 -0.0581730153 -0.0685442899 -0.40312801 -0.461324892 0.000244140625
-0.665440348 1.12234625 0.0813869569 0.0760675633 -0.0375804751 -0.257283613 0.000244140625
0.030143557 -0.0840068869 -0.0580466598 0.452159184 -0.218201341 0.21520162 0.000244140625
0.61327698 0.308303193 1.64502691 0.561630644 -0.34596864 -0.141162017 0.000244140625
-0.34851357 -0.742682041 0.570922889 0.00583071278 -0.60041278 -0.262889232 0.000244140625
0.13214776 0.86555952 0.0389252202 -0.0398219352 0.171315501 0.0116760377 0.000244140625
1.88121472 0.680351751 0.0950965079 -0.286409699 0.0437425186 -0.389281143 0.000244140625
0.605466186 -0.509408276 1.29056975 -0.153306244 0.244999087 0.209246285 0.000244140625
-1.87423983 -0.917416147 -0.0489273515 -0.0358456484 -0.0941931227 0.40831749 0.000244140625
1.14535177 0.260198344 -0.985121328 0.0613186605 -0.367467459 0.0073616982 0.000244140625
0.348652344 -6.07071267 -1.86620912 0.106009413 0.0459296469 0.253081199 0.000244140625
2.99165605 0.798521048 -1.86911123 -0.14478081 -0.0593738915 0.011106121 0.000244140625
-0.869303445 0.372394577 -0.13262834 -0.0538975191 -0.235431919 0.422611878 0.000244140625
-0.585780576 -1.81280318 2.85651581 -0.331695269 0.0124045532 -0.354633169 0.000244140625
-0.103057888 0.170733985 -0.0272932208 -0.197685053 -0.363182383 -0.86249176 0.000244140625
-0.4975943 0.579182811 -0.299193514 0.119048182 -0.110965117 0.249415835 0.000244140625
-0.70024027 -0.29710558 -0.495897472 -0.0901118618 0.781776343 0.287022828 0.000244140625
0.862759543 0.297043526 0.221222863 0.412801745 0.0325559068 0.274249025 0.000244140625
-2.79674907 -0.805029747 -9.94503381 0.00282991711 0.0820192819 -0.0553780408 0.000244140625
-0.178405092 -0.198219256 -0.47239904 0.494571736 -0.24229779 -0.622882826 0.000244140625
0.681563654 0.920058317 1.67333748 0.150705875 -0.0996882766 0.273493702 0.000244140625
-2.86793451 -0.535022588 1.00766715 0.243806205 0.275091723 -0.0521200741 0.000244140625
0.551876478 -0.637514279 1.23646434 0.0548684079 -0.159067046 0.238144946 0.000244140625
1.21843855 -2.0695137 0.381420268 -0.0804599554 -0.116043812 -0.0872565901 0.000244140625
1.38936577 0.123015189 0.608311054 -0.0762323343 -0.262833398 -0.404166297 0.000244140625
1.78129171 -0.292806635 -0.866988092 -0.253402426 0.171457579 -0.0996612991 0.000244140625
-1.01884543 0.0865319958 -0.751015271 -0.622999076 0.172623079 0.321859869 0.000244140625
0.158873253 -0.395373324 0.831617355 -0.151369236 0.317064937 -0.0837406917 0.000244140625
-1.36109169 -1.31034212 1.83093041 0.250632208 0.0389948994 -0.142031876 0.000244140625
0.650066868 0.609220419 0.360312106 -0.402637521 0.43976302 -0.311998978 0.000244140625
1.83994951 1.77198036 -0.934736543 0.030602311 -0.263172741 0.205124261 0.000244140625
-0.0618163881 0.728439195 0.253474692 -0.429008645 0.359479973 -0.868209959 0.000244140625
0.305180084 0.773794152 0.669745384 0.389712096 0.0711358297 -0.0375461389 0.000244140625
-2.08869774 0.780439064 0.0812561975 -0.190289262 -0.201682 0.562547727 0.000244140625
-0.791444901 -0.0979739023 0.176137009 -0.0495688731 0.0178839616 -0.0167383191 0.000244140625
-2.70227284 0.194633888 1.79245243 0.0628736434 0.0596050507 0.166897455 0.000244140625
0.212336925 -1.49196596 3.34274669 -0.0869478876 -0.296230947 0.227361072 0.000244140625
0.949243265 0.126046078 -0.0368170129 -0.00586263636 -0.682055154 0.0586223299 0.000244140625
0.437204516 1.60590053 0.264543372 -0.0558957695 -0.364597499 -0.161255813 0.000244140625
-0.5303252 2.97719312 -5.81206613 0.0135596561 -0.1585301 -0.0278937208 0.000244140625
-0.632528729 -3.37990657 1.94088292 -0.182474131 -0.139679564 0.111768512 0.000244140625
0.106068474 -1.17162827 2.65021304 -0.183015851 0.258767323 0.420131449 0.000244140625
-0.343123867 0.428309963 0.609917836 -0.333802551 0.410085681 0.0370726328 0.000244140625
0.516700644 -0.0763906472 1.54028524 0.183172657 0.213458256 -0.0983757805 0.000244140625
-0.386629703 0.597933848 -0.591283338 -0.671563022 0.258972423 -0.625552008 0.000244140625
1.94067444 -1.3452698 0.480132857 -0.0560633215 -0.187736792 -0.0993241459 0.000244140625
-0.699516948 -0.182978812 0.0362745088 -0.526327721 -0.432386549 0.3011285 0.000244140625
0.154027149 -0.29261938 -0.15980449 0.510203386 -1.01772323 -0.203101111 0.000244140625
-0.521896073 0.0207911084 -0.199397153 0.233720298 -0.216284078 -0.063538391 0.000244140625
0.398386927 1.51866361 -1.56305221 -0.349488764 -0.0577724343 -0.520063467 0.000244140625
1.19281017 2.16686461 -0.731732594 -0.51008844 -0.11808128 0.0290439831 0.000244140625
-0.887867296 -0.487056665 -1.23201776 -0.139957814 -0.237354588 0.637757455 0.000244140625
-1.14735623 -4.07097099 -0.170167158 -0.386529825 0.0796739849 -0.103449109 0.000244140625
10.7265108 1.61869462 -4.08792853 0.109329636 0.0393771222 -0.157895119 0.000244140625
0.124231109 0.253367324 0.266877056 -0.491343333 -0.384849019 0.0686891245 0.000244140625
-1.12575239 -0.31733963 -0.549912317 0.167795847 0.423948948 -0.405262276 0.000244140625
0.282268196 0.0596179082 1.61732404 -0.249041778 -0.160019813 -0.225697153 0.000244140625
0.0489217054 -0.314098659 0.0668982161 0.0480815077 0.157798108 -0.686037885 0.000244140625
0.96190729 -0.0974407383 -0.461075253 0.200886081 0.113782975 0.502629043 0.000244140625
0.393930744 -0.587914353 0.20926165 -0.380592457 -0.0608638409 0.289955727 0.000244140625
-0.293062408 0.0633895823 0.00192529248 0.480265265 -0.211304825 0.468577886 0.000244140625
1.09166711 0.938476905 -0.0161882764 -0.262452702 -0.0179543284 -0.129105984 0.000244140625
5.03683469 -0.422203216 -5.61795341 -0.149079259 0.0864677774 -0.0528460572 0.000244140625
-0.394235288 0.245952696 -0.804052763 0.621863363 0.0364113247 0.448447316 0.000244140625
0.776475433 1.5056019 -2.69518089 -0.278822444 -0.290038174 0.202584966 0.000244140625
-0.427445668 -1.00374562 -0.565031683 -0.517138318 0.00551429564 0.256489497 0.000244140625
2.8327384 -3.22821599 2.97344889 0.0123297134 -0.280937369 -0.0878715089 0.000244140625
0.802486981 0.81752048 -0.683132103 0.241032084 -0.215987709 -0.184105339 0.000244140625
1.78591821 0.0868851855 1.54860238 -0.332654506 -0.0359330865 -0.443963612 0.000244140625
-0.167250224 -0.167874654 -0.251557312 -0.252235367 0.428206021 0.429364556 0.000244140625
0.203111258 0.80131237 0.766019042 0.240943757 -0.419299008 0.32236729 0.000244140625
-0.0688550448 -1.98104957 -1.47714476 0.511839432 0.125783175 0.0723472641 0.000244140625
0.358026791 -0.722255248 0.124114152 0.226307096 -0.340495855 0.414543655 0.000244140625
-0.308622837 -0.138344509 0.0587912138 0.225369435 -0.117938661 -0.622888076 0.000244140625
-2.86600738 0.352688647 -2.25652512 0.152908121 0.0230662144 -0.3724736 0.000244140625
0.0837378628 -1.08917689 0.196876024 0.196617237 -0.344567461 0.279557764 0.000244140625
-0.0999478315 0.0663646654 0.449138949 -0.221945334 0.692038179 -0.605140928 0.000244140625
1.53258089 -0.409252328 -0.327952905 -0.0354157907 0.491098354 0.249446009 0.000244140625
-0.203972898 0.465925375 0.0173918958 -0.0654546529 0.5119644 -0.151781621 0.000244140625
6.99975366 1.9190099 0.330624389 0.204972305 0.143074495 0.00323617855 0.000244140625
0.765891559 -0.660290991 0.305154511 0.51246551 -0.0988226707 -0.249487599 0.000244140625
-0.120983518 0.274243204 -1.20792068 -0.342826397 0.0793411924 0.355841616 0.000244140625
2.35358425 -0.192711599 -1.16376957 -0.216026021 -0.0535467923 -0.341640283 0.000244140625
-0.448384823 -0.557403165 0.36269819 0.30833712 -0.121966258 -0.141864113 0.000244140625
-0.451269864 0.66639145 0.0600121191 -0.184851133 -0.123277053 0.313475446 0.000244140625
-0.803011359 -1.09673211 -1.66305002 0.109263001 0.570125784 -0.257790019 0.000244140625
-1.17076977 0.540279767 -0.577101912 0.456033364 -0.586157227 0.435836247 0.000244140625
1.10221825 0.214186872 1.6421856 0.457547891 -0.20694027 0.357400356 0.000244140625
0.323001567 -0.115617015 0.738660415 0.151131527 -0.106041123 -0.420774362 0.000244140625
-3.5462367 -0.532485251 -5.77189366 -0.267944627 0.0226343954 -0.140836453 0.000244140625
-0.168640216 0.191744835 -1.03332935 0.131587253 -0.14888123 0.0817467893 0.000244140625
0.0262498925 -0.0787693435 -0.195352057 0.677757125 -0.763470877 -0.664513153 0.000244140625
-1.03135639 -0.527248039 -0.9241833 -0.132983479 0.535971422 -0.264868673 0.000244140625
-2.1192435 -0.341025108 -0.431343061 -0.586685893 -0.459720561 -0.0318989519 0.000244140625
0.336350926 -0.862648749 -0.296395687 -0.091910358 0.267484778 0.00437970232 0.000244140625
-0.746336901 -0.119627861 -0.0475110402 -0.060488995 -0.293072426 0.26830533 0.000244140625
0.34407427 -0.0248874342 0.0294212962 0.594297513 0.757143916 0.268803673 0.000244140625
1.01774975 0.113621755 -0.727455419 -0.156715795 -0.410838554 0.323082266 0.000244140625
-0.468672296 0.140049163 -0.515379817 -0.127062465 0.114498358 -0.38532748 0.000244140625
-0.216605442 -0.567123603 -0.51203498 0.152266261 0.63095916 -0.20268348 0.000244140625
0.0438461429 0.647680569 -2.75561998 0.179603573 0.114116316 -0.249495945 0.000244140625
-1.18960032 -0.302115457 -0.778822293 -0.207053372 -0.178099996 -0.325576536 0.000244140625
1.02706323 -0.671269744 -0.382294921 0.271184101 -0.197917301 0.862954766 0.000244140625
0.898658384 -0.0799094549 0.807691498 -0.209377718 -0.0376645778 -0.170183286 0.000244140625
-0.272736396 0.220222544 0.66275398 -0.163258626 0.511167518 0.234792095 0.000244140625
0.0364773395 0.439828489 0.0261075341 -0.181743293 -0.0689500577 -0.465444935 0.000244140625
0.550711506 -0.0634566867 -0.491913515 0.143801176 0.296165273 0.239907349 0.000244140625
-1.29820412 -0.549311331 -0.414968897 -0.0806829917 -0.260032918 0.246500618 0.000244140625
0.562836196 -0.796539927 0.737472212 0.0849221278 -0.053741237 0.194038486 0.000244140625
0.551368682 0.0525220018 1.00438333 0.118264813 0.406131542 -0.0984302622 0.000244140625
-0.861251813 -0.00255060061 0.948244554 0.590060862 -0.347161058 -0.440745432 0.000244140625
-0.452723624 -0.558023536 0.408461185 0.501334127 -0.0046921065 -0.0428259934 0.000244140625
0.200643167 -0.707470764 0.577172573 -0.227155435 0.0594932384 0.161139097 0.000244140625
1.49811625 -0.220767844 -1.19420008 -0.569227356 0.128981843 0.192144801 0.000244140625
0.369640536 -0.491146167 -0.203966969 0.527816149 -0.129483638 0.328722902 0.000244140625
0.882036745 -1.12013915 -0.642254302 0.389870233 0.273749659 -0.193023047 0.000244140625
2.55138485 -2.38074241 1.85141253 0.210358965 -0.0818177322 -0.0187004514 0.000244140625
2.87478998 -2.17024977 0.502840117 0.374330935 -0.247821876 -0.0299417239 0.000244140625
0.0220072437 0.930952104 0.375200108 0.100256549 -0.156061701 0.1733941 0.000244140625
-0.071399592 0.0089226408 -0.709337876 -0.0705914069 0.334119368 -0.655425571 0.000244140625
1.96861158 -0.760555594 -1.42122747 -0.342005418 0.0228777164 0.0826550168 0.000244140625
-1.21607343 -0.748175466 1.13580663 -0.227623411 -0.379313834 0.455546863 0.000244140625
-0.356340808 1.03057066 3.56205797 -0.204177006 -0.339689709 0.00684188886 0.000244140625
1.18620527 1.89540567 -0.787480674 -0.214516786 -0.303129086 0.0793224453 0.000244140625
1.50450184 1.98259823 1.03178213 0.368100415 0.11636228 -0.255811167 0.000244140625
1.10722697 1.69660594 -0.185172566 -0.395625867 -0.240232168 0.00105284302 0.000244140625
-0.0391911731 -0.612875935 0.251005565 -0.44725466 0.0278074868 0.143913225 0.000244140625
0.490800812 -0.39754719 0.595598928 0.173315257 0.276737431 -0.233956777 0.000244140625
-5.25625509 -4.82137849 2.1254763 -0.0641553228 0.0295779764 -0.0916111189 0.000244140625
0.199961025 -0.167614229 -0.622941786 0.441641901 -0.457334391 0.749973934 0.000244140625
-0.892612168 0.949146499 0.473397303 0.202093778 0.234094437 0.110459665 0.000244140625
-0.189630961 -0.262078451 0.0197394546 0.153610553 0.377728477 -0.129806829 0.000244140625
0.922724415 0.489361149 0.039233515 -0.509108589 0.831235003 -0.0431582756 0.000244140625
0.106611134 0.0740560439 0.626977719 0.0310717078 -0.319260848 0.447733309 0.000244140625
0.484362476 -0.042032755 0.023679624 -0.202076428 -0.482958193 0.0330932527 0.000244140625
-0.14463035 0.112659475 0.559409168 0.395818329 -0.012635507 0.31716034 0.000244140625
0.417632833 -0.186257986 -0.0724353163 0.057491022 -0.635863531 -0.268892134 0.000244140625
0.0994057763 -0.3629516 0.054723042 0.365952191 -0.366084644 0.574438275 0.000244140625
0.119531724 -0.978273736 -0.394225368 0.102937715 -0.57195481 0.421215717 0.000244140625
0.475845677 0.558313756 -1.0705669 0.352640022 -0.314629881 0.387082159 0.000244140625
-0.619064088 -0.122120132 0.153354946 0.0794672522 0.147244372 0.617101994 0.000244140625
-0.0418525132 0.237466878 -1.50445451 -0.283925777 0.580776728 -0.0981219562 0.000244140625
-0.937254596 -1.10598611 -1.44445431 -0.571281634 0.188320496 -0.0401183949 0.000244140625
0.632252592 0.433419562 0.917363734 0.36838765 0.341078167 -0.0896886995 0.000244140625
0.197831199 0.903965061 -0.218390293 -0.138962104 -0.296342899 0.427159242 0.000244140625
-0.0674643678 0.212553487 -0.0999643644 0.0157449164 -0.63852483 -0.5217914 0.000244140625
-2.40606133 5.63370294 2.65364295 0.0898478143 0.168080412 0.220163429 0.000244140625
-0.15729153 -0.532268775 1.16228588 0.0819553146 0.199825059 0.210952308 0.000244140625
-0.32893824 -0.484347213 1.11950638 -0.0374452081 -0.0156255231 -0.0977689679 0.000244140625
-0.901177956 -0.187582903 0.0148776479 0.0181624962 -0.161206038 0.832032749 0.000244140625
-0.296353341 -0.102741461 -0.084761691 -0.373650164 -0.465119575 -0.372018365 0.000244140625
-4.15875792 1.81288798 3.39134421 0.315562553 -0.134391145 -0.0157665417 0.000244140625
0.197031921 -0.675824421 0.536162069 -0.287283142 0.356820132 -0.287159408 0.000244140625
0.138489775 -0.203680801 0.538926303 -0.492545012 -0.231093995 0.17425186 0.000244140625
-0.698314519 0.767525627 0.694172992 -0.232384679 0.280736643 -0.286190061 0.000244140625
0.352639479 0.331487016 1.20158366 0.021713833 -0.709737377 -0.0275103488 0.000244140625
0.301274494 0.521340508 -0.124080901 -0.381149887 0.27811714 -0.280046059 0.000244140625
-1.12314492 1.2009517 0.233125631 -0.0740207408 0.110744015 -0.220209119 0.000244140625
-0.257449206 3.22542219 0.523040311 -0.247068334 0.0600386946 0.336014618 0.000244140625
0.775049984 -1.85013828 -0.15344487 0.0613051285 0.14946717 -0.371091056 0.000244140625
-0.195619088 0.0097706452 0.731725376 0.137113243 -0.556188209 -0.0557149152 0.000244140625
-2.34782474 -1.8716377 -2.59387106 0.340122532 -0.120303946 0.0663998054 0.000244140625
-0.390853878 -1.14794017 -1.5531967 -0.0683885731 -0.104387883 0.174512892 0.000244140625
-0.0982916418 0.0856841943 0.175063949 0.232344242 -0.255589619 -0.379608514 0.000244140625
-0.902161879 0.604102155 2.43149435 -0.277678022 0.191453682 -0.188459904 0.000244140625
-0.427059757 -0.255179359 0.208811018 0.459343571 -0.126988127 -0.173752221 0.000244140625
0.568642615 -0.0995285609 -0.0462877431 0.435870825 -0.422298991 -0.34366198 0.000244140625
-0.0353672344 -2.91462086 -2.06340972 0.142603232 0.337061982 -0.135244863 0.000244140625
-2.55061108 2.61437509 1.84908023 -0.0589255788 0.0566758697 0.253611864 0.000244140625
0.856438982 -7.77155521 2.41670614 -0.103641798 0.0854080303 0.00590894744 0.000244140625
1.19329044 -2.08423586 1.24057962 -0.411220476 0.594717945 0.00863224918 0.000244140625
-0.280116716 1.13124953 -0.308748247 0.346549232 -0.237768496 0.136159053 0.000244140625
-1.75197967 0.81152491 -0.0211998515 -0.46030786 0.0700692841 -0.329281795 0.000244140625
0.134243625 -0.1645973 -0.536799278 0.310302244 -0.03366334 -0.222203976 0.000244140625
-1.83612221 -0.787016613 -1.57400422 0.528104359 0.0315071759 -0.155594822 0.000244140625
-1.17112395 2.48416294 -1.37685839 -0.127402603 0.237469757 -0.326805038 0.000244140625
-1.27092113 -0.262116512 -2.33444917 0.0956793963 -0.0911653681 0.102838103 0.000244140625
-1.03091245 0.0452774911 0.381545354 0.0257414894 -0.0996803816 -0.106370134 0.000244140625
0.819971923 0.286562811 -0.0273042841 -0.292864401 0.790336597 -0.167484863 0.000244140625
1.38088863 0.825720692 0.851934956 0.179734246 -0.12406466 0.116739089 0.000244140625
3.89994888 -3.68615307 3.74996103 -0.0746178024 0.204623167 0.220750359 0.000244140625
-0.483451331 1.32701156 0.395442125 0.363561819 -0.270238074 0.490507494 0.000244140625
0.544226416 0.101246269 -0.776060061 -0.68743508 -0.272193337 -0.290462454 0.000244140625
0.0692936019 -0.146952136 1.12654844 -0.250038732 -0.683017782 -0.272853988 0.000244140625
-1.78013631 1.09731599 1.08112835 0.3397076 0.108685397 -0.155492176 0.000244140625
1.529174 0.506893268 -2.88389735 -0.188694922 0.262093545 0.0649967523 0.000244140625
-1.3320933 1.42885795 2.53652005 -0.297355559 0.0973115448 0.0967095669 0.000244140625
0.109076865 1.03086072 -0.353221836 -0.100535787 -0.235728901 0.227675103 0.000244140625
1.11824447 -0.251807006 -0.675624878 0.144257992 -0.0208554292 -0.49851364 0.000244140625
-1.01648294 1.07017596 2.80951937 -0.547543216 0.0732083785 0.114854057 0.000244140625
0.0709341989 0.465737383 -0.429090405 -0.276818632 0.00633218164 0.820626548 0.000244140625
0.369902947 -1.72863195 -0.255334087 0.323397726 0.130327267 -0.684998737 0.000244140625
0.221088052 -0.248549535 -1.33534262 -0.342204926 0.164039351 0.150592461 0.000244140625
-0.433526666 -1.12239618 0.606592131 -0.0614090247 0.0790347941 0.273038844 0.000244140625
-0.240011809 -1.12516373 -2.13316898 0.325811215 0.1885211 -0.165199111 0.000244140625
-1.40095483 -0.571515835 -1.83627374 -0.184799006 0.368586278 0.19066153 0.000244140625
-0.350902867 -1.66154486 1.18659053 -0.501110069 -0.0475913276 0.137108136 0.000244140625
-0.464355632 -0.480811026 0.246061393 -0.348276054 0.248740205 -0.491286617 0.000244140625
-0.24664178 -0.543110328 0.519252463 0.305341204 0.165476963 0.586153909 0.000244140625
-0.884766806 -1.48344597 -0.285702355 -0.0267646373 -0.233269067 -0.458887805 0.000244140625
-0.895990656 -0.589054489 -0.384204842 0.580643284 0.187655837 0.226191413 0.000244140625
-3.1193044 -2.67154603 0.789489158 0.0804004413 0.0267869757 -0.378232528 0.000244140625
-0.0654878303 -0.849388012 1.00205357 0.0495275148 0.22154148 -0.0758726533 0.000244140625
-0.0727489484 -1.34919983 -0.111292823 0.104326154 -0.200293334 -0.26253815 0.000244140625
-2.42884589 -0.0764174441 -2.35696084 0.168289666 -0.253067151 0.552623298 0.000244140625
1.52728997 0.860993801 0.581525372 -0.210276213 -0.265922977 -0.0735444417 0.000244140625
-0.00479334283 0.290168002 -0.70258616 -0.0304031038 0.188004808 0.85672772 0.000244140625
-0.0168058114 -4.23733013 -0.326569355 -0.147164699 0.041702942 -0.286483837 0.000244140625
0.875928545 1.64599155 -0.0645620258 0.412089296 -0.446911507 0.486282528 0.000244140625
-1.9386329 -0.443347336 1.2293779 -0.411198145 0.0502328392 -0.0214090019 0.000244140625
-0.334052918 -0.65144688 -0.0422927088 0.432825193 -0.501505969 -0.115097133 0.000244140625
-0.944025473 1.02162309 -1.07036782 -0.226191398 -0.360054768 -0.0572565491 0.000244140625
-2.50216096 3.19567712 -3.81443804 0.0977346807 -0.134636564 0.0747242489 0.000244140625
0.0773798537 -0.494058174 0.136606975 -0.337458012 -0.729567706 0.0657988484 0.000244140625
0.382377271 -1.56415253 -0.176605917 0.185004884 -0.374601605 -0.143578011 0.000244140625
1.87858278 3.27688016 -1.18979752 0.110496648 -0.00129250599 0.0208809489 0.000244140625
-1.34410187 -2.72648474 1.98885285 -0.138910211 -0.259724731 -0.172403611 0.000244140625
0.714816961 3.29779372 -1.63317276 0.0932514652 0.220250783 0.20693138 0.000244140625
-2.26227571 -0.0766197239 1.13679862 -0.25821158 0.412272662 -0.185368441 0.000244140625
-0.0941692886 0.694264175 -0.851913125 0.268876342 -0.242889797 -0.205578075 0.000244140625
2.35890787 -0.671252632 -1.41237655 0.0743135138 0.533531913 0.074871249 0.000244140625
0.869467666 -0.999427984 0.860698197 -0.153717739 0.0167073198 -0.475407425 0.000244140625
-1.4764376 0.809010615 -0.909439562 -0.413198757 -0.0955605556 0.127589627 0.000244140625
-3.69676407 2.3497181 0.853996093 0.178649797 -0.326749687 -0.165700886 0.000244140625
-0.750733273 -0.16926807 -0.67396158 -0.198647376 -0.344394837 -0.300700544 0.000244140625
0.116355926 -0.253852759 -1.14816544 -0.262896762 0.3505485 -0.006101137 0.000244140625
0.208196249 1.53263169 -0.420944816 -0.0633985526 0.0942533486 -0.224698066 0.000244140625
0.542297177 0.258076016 0.344858465 0.200413521 -0.8172539 0.496353955 0.000244140625
-0.447992855 -0.814490602 -0.28248894 0.349218833 -0.290160539 -0.438458215 0.000244140625
1.63889268 2.4375164 -1.64363278 -0.0358045627 0.389348105 -0.14466038 0.000244140625
-0.468932268 0.623219249 0.0919758181 -0.0814746144 -0.411052978 -0.312643029 0.000244140625
0.490935065 0.274411869 -0.479200376 0.358073848 -0.338893151 -0.754368053 0.000244140625
1.77250773 -0.605800231 2.06684843 -0.0131113352 0.32915119 -0.331894254 0.000244140625
-0.915560605 0.551541615 0.0996830008 -0.101346251 -0.158221945 0.172412064 0.000244140625
-0.792423854 0.870477735 -1.34328503 0.305595607 -0.110184408 0.657030506 0.000244140625
-0.00242312777 0.362306205 0.00943956443 0.354043695 0.178179095 -0.508070377 0.000244140625
-3.08281242 2.09404939 0.653348808 0.0615483235 -0.00293352401 -0.36415575 0.000244140625
0.568022094 0.710374626 0.27143307 -0.0444154567 0.0601765872 -0.299420652 0.000244140625
-1.13494816 0.936260493 -0.125521313 -0.608828732 -0.0982022797 0.162692767 0.000244140625
0.783319752 -0.681138489 -1.1294071 0.343922669 -0.342762348 -0.384003845 0.000244140625
-0.108981463 -1.05151586 -0.529160951 -0.829297233 0.0848559015 0.194247568 0.000244140625
-0.367379619 -0.289801439 0.528320488 0.267147323 -0.314951699 -0.249970119 0.000244140625
0.332608332 1.15720255 1.43307075 -0.552459286 0.143626198 -0.136471753 0.000244140625
-0.297122142 -0.13399371 -0.312821043 0.133144237 -0.368706943 -0.145893905 0.000244140625
0.103366162 0.0349274707 -0.31042041 -0.136832555 -0.0980996345 -0.927996765 0.000244140625
0.232668589 -0.224848506 0.0924057736 -0.553445082 0.111201678 -0.259148075 0.000244140625
-0.190489929 0.0521694912 0.686239021 0.167309408 -0.195917397 0.352413215 0.000244140625
0.862904569 -1.023499 -1.96236324 0.353603142 -0.230226741 0.268167954 0.000244140625
1.90443131 2.91222568 0.809797297 -0.280379045 0.0486081627 -0.0741197376 0.000244140625
-0.504425282 -0.327931111 -0.204591779 -0.00797051278 -0.459128956 0.0360149586 0.000244140625
-3.73466501 -3.01431267 -3.22729638 0.169566461 0.253993568 0.15014445 0.000244140625
-0.483177533 -0.98747373 -0.570936038 -0.424134629 -0.286472198 -0.065503076 0.000244140625
0.197816875 -0.718560122 0.240624023 0.354627114 0.152306105 0.39060143 0.000244140625
-1.1148107 -1.15401335 0.282913618 -0.0447436324 0.315336783 -0.188225403 0.000244140625
-3.88500543 -0.835870981 2.60343741 0.300982704 0.092895129 -0.440286749 0.000244140625
-0.075700899 0.831878463 -0.506362725 -0.287223057 0.234241127 -0.67473025 0.000244140625
0.17702767 2.07783625 -0.476085013 -0.249430193 -0.175822462 0.176351395 0.000244140625
-1.74472454 -1.06619055 -0.35278805 0.30581278 0.418261606 -0.183811435 0.000244140625
-0.802417052 0.732495602 0.418979484 0.113446915 -0.230059938 0.236441705 0.000244140625
0.604221335 0.51189296 0.519145809 -0.271428374 -0.350738867 -0.167260839 0.000244140625
0.713856324 0.0119951861 0.184307677 -0.45401779 -0.148835447 -0.045500908 0.000244140625
1.67101065 -0.353669671 0.547234574 -0.38658967 -0.40810833 -0.00154015159 0.000244140625
1.54793385 0.833151749 0.525869426 0.232745243 0.00329261283 0.0888924195 0.000244140625
-0.943523338 -3.52914575 -1.5273843 0.408877262 0.151372622 0.157867252 0.000244140625
-1.55872314 -0.211562709 -0.704406424 0.0637525819 -0.181299502 -0.190050709 0.000244140625
-0.878208527 0.958849643 -0.801243853 -0.275088602 0.227438422 -0.0716314989 0.000244140625
-0.110184469 -0.0581047506 -0.671389193 -0.0329828991 0.185123011 0.355472325 0.000244140625
-1.43461502 0.764189735 -0.401355022 0.355687607 0.046804728 -0.0932506225 0.000244140625
-0.318316972 -0.904394747 0.773737895 -0.491378041 -0.439444011 0.250215895 0.000244140625
-0.360514601 -0.384429244 2.20690983 -0.385264446 0.400456503 0.174826249 0.000244140625
0.0991887066 0.216352179 0.171272258 0.0958602906 0.467821827 0.357863163 0.000244140625
-0.00552104321 -0.78925436 1.01841753 0.177898065 -0.572798412 0.200700379 0.000244140625
0.398791446 0.311400819 0.833864368 -0.155520984 -0.688382571 0.309696266 0.000244140625
-0.252591916 -0.365427815 -0.0606612637 -0.110716585 -0.291549636 0.454261473 0.000244140625
-0.0899612977 -2.85388936 -3.15770048 0.125098286 -0.182914409 0.241551937 0.000244140625
0.916725142 1.65868749 0.608681065 -0.241760614 -0.366351143 0.0935775844 0.000244140625
0.286807545 0.205210578 -0.420175972 -0.0823642758 0.356436255 0.0191600206 0.000244140625
0.571603979 -0.370156869 -1.11212736 0.421699179 -0.238686164 0.118707724 0.000244140625
0.597716113 -0.0688194944 0.0401870174 -0.380908726 0.826667888 0.45390643 0.000244140625
-0.583729624 -0.238176163 -0.00741948041 -0.106171322 -0.503489753 -0.577956305 0.000244140625
-0.579495272 -1.47693821 0.169002171 0.102616102 -0.176688548 0.0398744789 0.000244140625
-0.00533284118 -0.808981316 -1.1123447 0.0656513028 -0.435289296 0.0567739947 0.000244140625
0.979178851 1.20904049 2.11096342 -0.030480075 -0.332144798 -0.0314397392 0.000244140625
-1.16326663 2.04073787 -3.64772702 0.0601957183 0.360747272 0.225804909 0.000244140625
0.789504469 -6.08958772 10.6085321 -0.0741647889 0.173813367 0.037995829 0.000244140625
0.12588894 0.25240526 0.542719267 0.0216360838 -0.139768676 -0.266199949 0.000244140625
2.90561164 -2.08374535 -0.759544724 -0.252562558 0.0280052037 -0.0296669159 0.000244140625
-0.551706535 0.522512902 -0.550204241 -0.666585497 0.565285689 0.115730651 0.000244140625
-0.497187481 0.140920556 -0.400916423 -0.410445035 -0.592348398 0.0881975678 0.000244140625
1.35362755 -2.5927172 0.800488341 -0.203964288 0.0241936965 -0.0503507653 0.000244140625
1.38358659 -0.0793197248 0.121959866 0.0189526508 0.312397122 -0.1722248 0.000244140625
-0.0440686936 0.642713289 -0.92458914 0.00158602487 0.223887955 -0.357682182 0.000244140625
-0.197784753 0.424232335 0.460608841 0.12457361 -0.339635884 -0.0891466582 0.000244140625
1.06589015 0.0138239586 -0.574628529 0.108916722 0.362876 0.327317867 0.000244140625
2.51679141 1.74034211 0.00570127116 0.0774364686 -0.197639042 -0.00940925495 0.000244140625
-0.602112365 2.71545104 -0.353890117 0.0884787397 0.0796814459 -0.191117571 0.000244140625
-0.144613353 -1.91091614 -0.179801252 0.504380757 -0.499822211 -0.291070844 0.000244140625
6.84240145 -4.29828831 4.3543946 0.0870960837 -0.317989783 -0.190494797 0.000244140625
7.12177016 1.16800348 -0.184611809 -0.0888629934 -0.129778378 -0.0737990672 0.000244140625
-3.61945807 -2.53978093 -0.714637885 0.0529660687 -0.229640365 0.130503257 0.000244140625
0.131200996 -0.589388949 -0.487798954 0.0207897975 0.39490063 -0.188697653 0.000244140625
0.303188663 0.13023242 -0.595053656 -0.286932283 -0.3277918 0.0997849178 0.000244140625
-0.297966216 -0.538952297 -0.709609342 0.310198924 0.0840522629 0.427311212 0.000244140625
-0.321403625 -0.228983857 0.276353334 -0.379235161 0.261993645 -0.11646914 0.000244140625
0.184401453 -0.00914153279 -0.0666021663 0.723161308 -0.385815059 -0.367290661 0.000244140625
-5.66260351 -0.413281643 -1.37114239 -0.128033492 -0.0970822156 -0.0198200742 0.000244140625
-0.0279969482 1.54974403 1.47002375 0.230479167 -0.0926402374 0.015238325 0.000244140625
0.322275896 2.15891892 -0.691109275 0.520448483 -0.244247103 0.119566992 0.000244140625
0.257629341 0.45022164 -0.50068657 -0.236537658 0.0779461969 -0.119541664 0.000244140625
-0.320826829 1.56067986 -0.142985027 0.120080547 0.514326848 -0.117170225 0.000244140625
-0.772946652 0.77026263 1.40218895 0.271901894 0.00293545673 -0.268475457 0.000244140625
-0.787638521 -0.235883662 -0.212510392 0.0174733609 0.297267755 -0.56624217 0.000244140625
-1.09657767 -0.85169992 -2.7909585 0.365775924 0.284228723 0.172576339 0.000244140625
-1.46138078 -3.87715816 0.274800028 0.263224547 0.0361921744 0.17397288 0.000244140625
0.194874621 0.146265481 -0.257061638 -0.478542428 -0.670075635 -0.125755345 0.000244140625
0.33117117 0.211417977 -0.568238371 -0.4330995 0.488739689 -0.0396929507 0.000244140625
0.454541484 0.121818617 0.320970977 0.33573328 0.369984415 -0.753378541 0.000244140625
1.1337001 -1.23761555 -0.533013784 -0.247613095 -0.030537114 -0.0122154164 0.000244140625
-0.938069211 0.090279988 -0.211887751 -0.397999843 -0.294918404 -0.425911639 0.000244140625
0.266268557 -0.323213665 -0.883616612 0.550781293 -0.606052855 0.144477301 0.000244140625
0.174915054 0.0156765207 0.289409481 -0.613782045 -0.295136304 -0.411365979 0.000244140625
-0.799361998 0.256564377 -0.548142473 -0.332145444 -0.0141948799 0.225670716 0.000244140625
1.38154022 1.21886559 -3.10079424 -0.0364756145 -0.291050254 -0.20400241 0.000244140625
-0.422802032 0.336695439 1.26373079 0.160373084 -0.00429998894 -0.714083679 0.000244140625
-0.319235832 -0.00521010542 -0.0234442853 -0.175285967 -0.0281991189 0.760548803 0.000244140625
0.3595267 1.3174703 0.280551922 -0.357513857 -0.168212265 -0.362709599 0.000244140625
-5.78202879 14.6015051 0.674513946 -0.113586844 0.069501543 -0.0689446553 0.000244140625
0.0740547224 -0.298447645 -1.69716794 -0.0876496783 0.434050429 -0.0158191187 0.000244140625
0.34239517 0.274171228 -0.645623952 0.0301781839 0.286347553 -0.228945164 0.000244140625
-1.16658335 -0.174001449 -0.886814496 0.70716996 -0.186227715 0.157204059 0.000244140625
3.92845439 3.35899047 -2.17764751 0.130753 -0.0450342578 -0.144153736 0.000244140625
1.11092172 0.566769253 1.15349967 0.131498533 -0.0878884571 0.484843011 0.000244140625
2.80919518 -4.57247543 -0.930890349 -0.0713833725 -0.0202424901 -0.0737011542 0.000244140625
-1.94913707 2.59680517 -0.0233263518 -0.256521788 0.298865332 -0.103924166 0.000244140625
0.27929059 -0.681024567 -0.126434472 -0.218310977 -0.663390967 -0.103901149 0.000244140625
-6.5796957 2.41720445 1.76551825 -0.0973675655 0.0488500642 -0.0908242081 0.000244140625
0.429040264 0.664303776 -0.929623049 0.394895702 -0.0202196807 0.0517102543 0.000244140625
3.52958002 1.49831356 3.35628638 -0.119712018 0.0441820411 0.378876557 0.000244140625
0.0518135859 -0.773350508 -2.2768273 -0.0435214349 -0.0408300389 0.17841083 0.000244140625
0.20131761 0.926089109 0.195945637 -0.113283723 -0.334060632 -0.360704603 0.000244140625
-0.804693804 -0.176567814 -0.956315728 -0.117995139 -0.504561868 -0.0710951399 0.000244140625
1.49746566 -3.50668003 5.32641007 -0.15850856 0.308188938 -0.135057565 0.000244140625
-0.058974495 0.0452360522 0.637985638 0.293725457 -0.00928748175 0.214194229 0.000244140625
0.185226226 0.294116065 0.651773801 -0.564462929 0.227849152 0.406088157 0.000244140625
0.33287135 0.832747671 0.889842269 -0.401828315 0.118835154 0.368195901 0.000244140625
-0.633835786 -0.374394314 -0.604082688 -0.0222388917 -0.233324786 -0.115310062 0.000244140625
-0.0865819652 0.553713808 0.916106697 0.571322147 0.155353572 -0.204969808 0.000244140625
0.503851991 -1.70353027 -0.728366435 0.377667623 -0.0956762567 0.380448607 0.000244140625
0.627484008 -0.791891188 -0.730605828 -0.181232044 0.0710119215 0.0753267094 0.000244140625
-0.903885885 0.913727832 -1.2811541 0.366073489 0.158071052 -0.350375272 0.000244140625
0.18910096 -0.503412366 -1.50518511 -0.32323481 0.414156325 0.135222629 0.000244140625
4.6261531 -0.460621731 0.909626346 -0.242491298 0.139382929 -0.00368697433 0.000244140625
0.949230807 2.030637 -3.5564183 -0.169669425 0.18570437 0.0455079765 0.000244140625
1.67115944 0.947978984 -1.68116059 -0.273455308 0.223568203 -0.0747787319 0.000244140625
-0.726346639 -1.29739502 -3.12067395 -0.122741966 -0.0652806718 0.225783675 0.000244140625
0.348590265 -1.52594015 0.0457875967 -0.198295546 0.15407261 0.0537921836 0.000244140625
-0.258209989 1.46719217 -0.0847139329 0.322307123 -0.0414929371 -0.217274742 0.000244140625
-0.879547418 -0.836535099 -2.22994338 0.0374992421 -0.256488403 -0.0530497269 0.000244140625
0.158868314 -1.28737226 -0.939782355 -0.18507637 0.157823901 -0.21520174 0.000244140625
-2.49755422 -0.983389157 0.205539428 0.316706189 -0.00302905765 0.0772533521 0.000244140625
0.0750012652 0.332645201 0.852188953 -0.115739962 -0.144734456 0.499627715 0.000244140625
-0.137687018 0.345357829 0.563293935 -0.421540991 -0.443591881 0.230729043 0.000244140625
-0.104375125 -0.766961935 0.587049468 0.342919374 0.519019657 -0.66675921 0.000244140625
0.118147857 -0.488165494 -0.103190654 0.200437947 0.130203824 0.224550959 0.000244140625
-0.286241712 0.352232436 -0.606648081 0.0705329588 -0.145943347 0.165272755 0.000244140625
-0.444440808 -0.705989411 -4.58893338 -0.14591875 0.197443831 0.106695591 0.000244140625
1.04751284 0.77455341 -0.541207214 0.418262289 -0.0219675962 -0.425955962 0.000244140625
1.1024634 0.468888042 0.579777968 -0.435949923 -0.424330565 -0.288328627 0.000244140625
0.387498097 -0.891034388 1.06263796 0.138512968 0.305913976 -0.328315595 0.000244140625
0.581786213 -0.843394969 0.173741409 0.297234415 0.581594024 0.284552062 0.000244140625
1.78673965 -0.021821053 -1.73643997 -0.0190767471 0.00499354976 0.369510932 0.000244140625
0.815449167 0.280411704 -1.37217764 -0.0708693915 0.0900701261 -0.422277759 0.000244140625
0.160511333 -0.879391962 0.0233508403 0.489283702 0.22643631 -0.291652308 0.000244140625
0.854827133 0.268203558 0.700247281 0.175378589 -0.317728133 0.394603479 0.000244140625
0.00429916109 0.0996941622 -0.273147409 -0.824481091 0.128127831 0.00607701328 0.000244140625
-2.49546257 1.12127469 -1.65775265 -0.189169583 0.234426112 0.391080839 0.000244140625
0.566259565 0.712259214 -1.0290359 0.0438680078 0.215070185 -0.157180239 0.000244140625
-0.0273071811 -0.63477225 -0.464747852 -0.17294046 0.690531577 -0.00347542764 0.000244140625
0.648640238 0.519570285 -1.85131295 0.276766669 -0.116007702 0.0763022178 0.000244140625
0.434114586 0.576102066 -0.756016191 -0.0210893926 -0.301403574 -0.425940686 0.000244140625
-0.882958676 -1.67100659 -3.63029942 0.143901564 -0.408818314 -0.218249505 0.000244140625
-0.397327441 -1.22750601 -0.276533456 -0.355070152 0.162232282 -0.116492371 0.000244140625
-1.13793456 -0.749923096 -0.00980043706 0.549616569 0.618647693 -0.185948491 0.000244140625
-0.00143288093 0.747414213 0.0837251936 0.101221604 -0.229861123 0.0509860141 0.000244140625
-1.09262779 -0.632561893 -1.60870334 0.45544176 -0.307924375 0.524662848 0.000244140625
-1.45930775 -0.392222122 -1.56741343 0.308431887 -0.103279105 -0.179571524 0.000244140625
-1.23419712 -0.613587512 0.0607461208 -0.156770501 -0.278217848 0.301660163 0.000244140625
0.127891018 -2.21871888 0.682327904 -0.416801304 -0.310597784 0.128704292 0.000244140625
0.154448794 0.240915754 0.612468917 0.0243022924 0.183662989 0.485731797 0.000244140625
0.882009158 -0.731056837 0.878526021 0.0809245649 0.596269835 0.0334996484 0.000244140625
0.887015562 -0.024086957 0.650391721 0.343677623 0.334278845 -0.0127990709 0.000244140625
-0.438429195 -0.556805032 0.133984104 0.287885461 -0.229872642 0.690109955 0.000244140625
3.430263 0.639017976 1.42293918 -0.213961338 0.233314795 -0.055924308 0.000244140625
1.07289632 0.418466267 0.473294967 -0.195741628 0.0660542267 0.250622041 0.000244140625
-0.146616392 -0.286424912 0.206641804 -0.432283294 -0.047081907 -0.0965045095 0.000244140625
-0.175901911 0.604445672 1.03235079 0.271464639 -0.23717694 -0.541778705 0.000244140625
-0.387020718 0.153168216 -0.678611087 0.422150252 0.129795418 0.492696229 0.000244140625
2.39593526 -0.610618176 -0.383663178 -0.118001879 -0.396372808 0.0374998276 0.000244140625
0.430095676 -0.13598981 0.248703053 -0.795905707 0.150061793 0.201703611 0.000244140625
-1.66335546 -0.596473537 0.923631321 0.0390339393 0.112696074 0.384339559 0.000244140625
-2.50240883 0.286370795 8.74167776 0.0488946962 -0.100003974 -0.358092465 0.000244140625
0.0507579937 0.0848126972 -0.87448097 -0.423848305 0.392613788 -0.0352767254 0.000244140625
-0.9531678 2.10477129 1.43316881 -0.298333028 0.130478582 0.40779695 0.000244140625
-0.485559819 0.0278631958 -2.03094411 0.0985445343 -0.342321049 -0.284770747 0.000244140625
0.358968644 1.06034313 0.612484027 -0.0340913759 -0.726063896 0.0861535261 0.000244140625
-0.806591029 -2.33243642 -0.334262728 -0.129818018 0.317193517 -0.141626231 0.000244140625
1.15031009 -0.584382458 0.733285172 0.00600460437 -0.0509186664 -0.602214192 0.000244140625
0.693397621 -0.96356073 0.479443779 0.122338984 -0.780915285 0.457515926 0.000244140625
-0.517140295 -0.0356337007 0.141255336 -0.647917123 0.298993 -0.188381446 0.000244140625
-0.629105733 -0.11442145 -0.7231638 -0.529537813 0.363460177 0.0442244711 0.000244140625
0.0379226529 1.18687083 -0.922048481 -0.477900275 0.143983562 -0.126866596 0.000244140625
0.114427367 -0.187331837 0.239093018 -0.0826774867 -0.508889915 -0.852969813 0.000244140625
-0.395136315 -0.0010888007 0.673283315 0.0490823344 -0.551445647 -0.218752725 0.000244140625
-0.748237103 0.181503764 0.242861594 -0.785778832 -0.535522984 -0.236595158 0.000244140625
-1.47863158 -0.172811131 0.415066384 0.0936274849 -0.116184825 0.0877716927 0.000244140625
-0.708420664 -0.520175925 -1.86985551 -0.205454248 -0.128127382 -0.151583278 0.000244140625
-0.328487704 1.21160451 -0.828285342 -0.200033202 0.0763522397 -0.418623226 0.000244140625
-0.467961075 0.363958225 0.166651263 -0.3938768 -0.0025170018 -0.117132713 0.000244140625
-0.583032618 0.223135783 0.384299806 -0.287739272 0.452447599 0.378845579 0.000244140625
0.432114619 0.707532931 0.335371593 -0.0149318287 0.591410123 -0.247747677 0.000244140625
0.345509082 -0.643904523 -0.774682697 0.670708425 -0.486189069 0.604960671 0.000244140625
0.116768379 -2.83501836 -0.754797443 0.431463633 -0.229064226 -0.407756696 0.000244140625
-2.21697696 -0.646791588 -0.629452822 0.221879887 0.123707931 -0.155370774 0.000244140625
-0.237594567 -1.12766257 1.67681241 -0.368036839 0.381301052 -0.549324174 0.000244140625
0.113004879 0.146379448 0.432110268 0.326410052 -0.000898615417 -0.194814809 0.000244140625
-0.230151584 0.307073718 1.34082312 -0.589855088 -0.126574407 -0.0458378925 0.000244140625
-0.446152145 -0.245811212 0.201992868 -0.471808493 0.246273836 -0.25923853 0.000244140625
-1.45923736 0.195160301 -2.63700666 -0.147214779 -0.0555962375 -0.280586387 0.000244140625
-3.18951131 0.942817459 -0.0172276868 -0.333736552 0.142172322 -0.118548463 0.000244140625
1.0310516 -0.29803605 0.0940863163 -0.0112308105 0.284272405 -0.051198914 0.000244140625
0.208584818 -0.145190621 1.14812893 0.212675851 -0.504311323 0.251067141 0.000244140625
1.14284227 -0.11428749 0.167011243 -0.381107948 0.337043228 -0.0169424083 0.000244140625
0.560770677 -0.650594078 -0.0971209511 -0.363247206 -0.467162712 -0.610429208 0.000244140625
0.310894493 -0.340683985 0.832276848 0.222610989 -0.580372311 0.194505578 0.000244140625
0.995075817 0.027333924 0.804467488 -0.437896663 0.0771806723 0.192776227 0.000244140625
0.0556528034 0.16394293 0.0824537175 0.714089481 0.081294435 -0.0148534391 0.000244140625
0.249021207 -0.910765933 -0.227707633 -0.296254253 0.335576583 -0.389014644 0.000244140625
0.933562532 -0.981988564 -0.360173555 -0.238090106 -0.141176503 -0.348296826 0.000244140625
-1.79669571 1.08282849 -0.284896551 0.104434313 0.294722522 -0.604706237 0.000244140625
1.01848156 -0.895374686 2.42131429 -0.119295979 -0.0206102578 0.1294409 0.000244140625
-0.463655835 0.120408233 0.387452852 -0.0755755565 -0.413239454 -0.309920494 0.000244140625
-0.38895393 0.838787798 0.0279840077 0.707880386 -0.14356701 0.370311863 0.000244140625
-0.18286785 0.515158577 0.00854601244 0.376296691 0.00625712318 0.299124929 0.000244140625
-0.293363549 -0.849401164 -0.620789968 -0.579995172 -0.288897869 0.0311330515 0.000244140625
-0.282861302 2.04662556 -0.320568138 -0.174284254 -0.150080074 -0.43921535 0.000244140625
-0.333506017 -1.13385942 -0.499147667 0.159032524 -0.048043546 -0.426504099 0.000244140625
0.390580968 -0.402302071 -0.564353387 0.297209998 -0.420775027 -0.229505863 0.000244140625
2.72160383 -1.85790697 0.584285518 -0.161900803 0.1209959 -0.301870747 0.000244140625
0.19803172 -0.358283972 -0.456777872 -0.0857801356 0.651078736 0.620968508 0.000244140625
0.0213346356 0.338288055 -0.588359302 -0.260413597 -0.258747802 0.260757839 0.000244140625
-0.426256967 0.774380092 0.00297048564 -0.151206691 -0.384296681 0.30211654 0.000244140625
0.424583981 0.0948225927 0.302196014 0.0957326816 -0.222780284 -0.0290858957 0.000244140625
0.266644572 -0.544561624 -0.378113484 0.115790314 0.609680861 -0.682195342 0.000244140625
-0.147526037 0.79232602 -0.534863973 0.655799138 -0.164870628 0.0764787222 0.000244140625
0.873441483 -0.582427754 -1.17745311 0.718994755 -0.192242882 -0.207223201 0.000244140625
0.499908119 -0.394775079 -0.39631183 0.407975133 0.02625628 -0.138703066 0.000244140625
-0.475102779 0.230420288 1.12054384 -0.454536771 -0.114055732 -0.119465014 0.000244140625
0.0194719424 -0.56702872 0.940178431 -0.131342576 -0.51472415 0.264275747 0.000244140625
0.457136969 0.849325675 -0.630570295 0.263649038 -0.242599889 0.1312364 0.000244140625
-0.846294234 0.951926029 2.9979017 0.391128076 0.00716574332 0.10776378 0.000244140625
-0.617441697 -0.615182746 0.0591006994 -0.229776092 -0.500498988 -0.485277175 0.000244140625
2.9886714 -3.18409807 1.54449382 0.256675933 0.0846793196 0.0505392167 0.000244140625
-2.49591919 -0.844989434 0.639213878 0.535497811 -0.122108763 -0.0875592081 0.000244140625
3.18925868 0.738100794 -0.799724287 0.309652304 -0.092578416 -0.162594686 0.000244140625
-0.874249362 -0.818650527 -0.598155473 -0.317912388 0.27374882 0.0237880509 0.000244140625
0.0611752831 0.254286319 -0.206989662 0.270789137 -0.358804281 0.0890137024 0.000244140625
-1.59628393 -2.77728592 -0.375954699 0.0845799483 0.289989858 0.125597907 0.000244140625
-0.201699078 -0.630339838 -1.7524534 -0.145939145 0.487428032 0.114401405 0.000244140625
1.25715433 -0.855172006 -2.03418585 0.114179651 0.161758783 -0.164676764 0.000244140625
0.202118614 0.483860163 0.570481947 0.729141725 0.727512997 -0.163309753 0.000244140625
-1.75879394 -1.08160518 -0.443870453 -0.108010765 -0.284742742 0.180839717 0.000244140625
-0.333108468 0.0342193428 -0.147096259 0.0957502588 0.985027769 0.403573601 0.000244140625
0.150013377 1.43250808 -1.39683853 -0.380838381 0.174045646 0.0388464352 0.000244140625
0.824674286 0.864358853 -0.0282014672 -0.532983732 0.0431230997 0.147606946 0.000244140625
1.10834372 0.252152003 0.467773723 -0.191663815 -0.321747333 0.546344366 0.000244140625
-1.22879876 0.232844552 0.470622937 -0.597593324 0.592957487 -0.116565461 0.000244140625
0.411476483 -1.0329957 -0.714944456 0.278663184 -0.233071761 0.496003459 0.000244140625
-0.0982199925 -0.148947504 -1.20340019 -0.126399198 -0.242148151 0.134834363 0.000244140625
2.28788109 -0.650808832 -2.87672734 0.113045863 0.266754137 -0.071895685 0.000244140625
-0.677832271 -0.663309237 -1.77074084 0.0321268932 0.255888083 -0.24782685 0.000244140625
2.32428455 -0.501883342 1.01981361 -0.271255561 -0.191966696 -0.00912083922 0.000244140625
-1.02157521 0.221503076 -0.333296489 0.00176172027 -0.0258713506 0.172829625 0.000244140625
-0.357084868 -0.553334193 -0.339027684 0.0217388942 -0.450542183 -0.447404088 0.000244140625
0.707726349 1.08034692 -1.30875584 -0.473028428 0.0357012529 0.191280025 0.000244140625
-1.16808734 0.304809749 0.324766236 -0.129210298 -0.229046458 -0.387353654 0.000244140625
1.65446868 -1.75440102 -0.626707936 0.113185845 0.408630159 -0.266066192 0.000244140625
0.0750979181 -0.0739383103 -0.337849892 -0.260414891 -0.14664831 0.460534708 0.000244140625
1.5380758 -0.16534875 -0.535669076 -0.329509767 0.147030871 -0.495267912 0.000244140625
1.33556969 -0.80398991 0.932333052 -0.306641166 0.0635083292 -0.41047455 0.000244140625
1.09220119 -0.333184305 -0.334842151 -0.265137562 -0.404293633 -0.00848942303 0.000244140625
-0.703026271 -0.0810817574 0.272930021 0.195936858 -0.0571622465 -0.257670263 0.000244140625
0.123619566 0.816468547 -0.616658814 0.29780145 0.0816787552 0.406734361 0.000244140625
-0.156132029 0.349605351 0.239758706 0.410841968 -0.946694975 0.237946612 0.000244140625
0.445345777 -0.124728969 0.371316072 0.148106051 0.486142932 0.102027433 0.000244140625
2.74542043 0.962821128 -0.183903868 -0.187214014 0.140028574 -0.201468864 0.000244140625
-0.0782709493 1.28850143 -1.03757164 0.0116256947 -0.421469991 0.067091686 0.000244140625
-0.266990301 -0.652509692 0.419682947 -0.0735852237 -0.0612861251 -0.0946010593 0.000244140625
0.773763364 -0.525702348 -0.15486079 0.167544587 0.274386903 0.156273924 0.000244140625
0.366037851 0.901772086 0.197349816 0.158888297 0.742813819 -0.245964882 0.000244140625
-0.207235218 -0.0682902507 -0.343363772 -0.237942442 -0.356785236 0.16956097 0.000244140625
-1.07082615 -0.11396657 -1.02994354 0.101430945 -0.211967279 -0.532263793 0.000244140625
0.0225257402 0.407236865 -0.456969095 0.0828916284 0.49166972 -0.445846381 0.000244140625
0.739897692 0.244602193 -0.785384317 0.28317761 -0.25176012 -0.294898155 0.000244140625
1.55052908 -0.472348666 0.881704324 0.023536651 -0.214662589 0.128228279 0.000244140625
-1.24856197 0.457573196 -2.41655846 0.503095187 0.323980611 -0.205601253 0.000244140625
-2.9356094 6.04845799 -6.4906479 -0.187625502 0.011078417 0.0407801226 0.000244140625
0.605427157 0.875663683 -0.921615705 -0.288856037 0.350057159 -0.0623717985 0.000244140625
2.0196708 -0.146579431 3.9504161 0.272649076 0.0760164412 -0.390763653 0.000244140625
0.455732495 -0.706678141 0.0811218865 0.29943219 0.981797057 0.260370472 0.000244140625
1.34901361 0.901567952 -0.485726991 0.143004967 0.414574394 0.237570722 0.000244140625
-1.613583 0.679803974 0.29693945 -0.457775166 -0.0257364063 -0.28106449 0.000244140625
-0.224926733 -1.63861526 -0.618858741 0.113799165 0.209819447 -0.111158509 0.000244140625
-0.454292396 0.389256683 -0.856079031 0.0986497001 -0.119518547 -0.42112709 0.000244140625
-6.20717606 5.751501 -0.656784061 -0.122337952 -0.176131766 -0.0901229652 0.000244140625
-0.172994627 -0.556824928 0.545974823 -0.315645382 0.00952564007 -0.292070844 0.000244140625
0.351057835 -0.769380056 -0.269781713 -0.0500795295 -0.234893043 -0.326317358 0.000244140625
-0.208632344 -0.125596284 -0.359453069 0.311228841 0.681121514 -0.32181834 0.000244140625
0.103410797 0.207001078 -0.308088172 -0.0429208347 -0.461695509 0.0485882113 0.000244140625
-0.577184357 0.0424208301 0.504060327 -0.486213317 0.0781187293 0.120667802 0.000244140625
0.780901591 -0.632288348 1.96413914 0.306601213 -0.232006324 -0.0834040065 0.000244140625
0.153154384 -0.27613485 -0.270333563 -0.089797826 -0.0683544233 -0.871135293 0.000244140625
4.1192323 0.315283428 1.99866808 0.0177499377 -0.100645004 0.104679259 0.000244140625
0.925544973 -1.17793069 -0.0680523382 -0.0997489468 -0.116379845 -0.121984898 0.000244140625
0.887655724 0.111618498 0.0561006956 0.222140581 -0.0726153281 0.319568069 0.000244140625
3.76431644 0.363940905 -0.825357676 -0.136670636 -0.0883044073 -0.355951179 0.000244140625
0.311852711 -0.63831095 2.72345066 -0.0959514938 -0.189055724 -0.256719588 0.000244140625
-0.0715069652 1.14592395 1.09401023 -0.174746087 0.313249755 -0.246976581 0.000244140625
-0.0683821199 0.554070358 0.215983063 0.878638023 0.125582029 -0.0277626272 0.000244140625
0.0762256267 1.22386746 -2.00217409 -0.314208746 0.433129985 -0.0966521283 0.000244140625
0.0399343181 0.154798755 -0.621016644 -0.432161078 -0.197086667 0.0985224268 0.000244140625
-0.982593192 1.37840815 -1.11636564 -0.507760424 0.17827654 -0.0306717578 0.000244140625
-1.71128838 0.447894447 -1.81794041 0.023892718 -0.354126302 -0.363832552 0.000244140625
8.1822719 -10.1697176 4.07658962 0.139593847 -0.189778029 0.0999790861 0.000244140625
-0.659504009 1.06277928 -0.666346457 -0.0573456306 -0.581915583 0.262237219 0.000244140625
-1.12447796 -1.45610287 1.21862144 -0.108637697 0.13859061 -0.340615762 0.000244140625
-0.147012622 0.596662951 1.49652841 0.607812059 0.306857065 0.279135145 0.000244140625
1.78207788 0.268857523 1.31750118 -0.0440520802 0.243053172 0.115026761 0.000244140625
0.356878997 -0.566679137 -0.0390259642 0.0134249304 -0.706306065 0.36173787 0.000244140625
-1.61085723 -0.675700087 0.886090133 -0.417249795 -0.156486091 -0.508233392 0.000244140625
1.20217326 -0.633747198 -0.177317602 0.559585865 0.143638167 0.522179463 0.000244140625
-0.906750179 -0.195482937 -0.437561653 -0.361880926 -0.0340527246 -1.58310277e-05 0.000244140625
0.874417743 1.46441366 1.04114271 0.0867597845 0.0408400806 -0.276771239 0.000244140625
-0.459484434 1.11913342 -0.223566779 -0.471779897 0.576620837 -0.441692922 0.000244140625
-1.21957969 2.2251765 -0.766034279 0.3561198 -0.052070986 -0.112839006 0.000244140625
0.753864831 0.152149395 0.0736534703 0.0150282162 0.158327547 0.272329818 0.000244140625
0.0760078271 0.240476746 -0.910587706 0.0451686188 -0.469204262 -0.430069327 0.000244140625
0.241959942 -0.396025889 -0.475164616 -0.433706253 0.0913033412 -0.0421990033 0.000244140625
-0.155214371 0.109114679 0.723923228 0.220058709 -0.251336918 0.808500646 0.000244140625
2.01283965 -0.510341633 -2.06038243 -0.423513319 -0.365735549 -0.342581697 0.000244140625
-0.341177343 0.154985568 0.483578861 -0.113085193 0.439477741 0.178800186 0.000244140625
-0.50576561 0.1923019 -0.590108169 0.116598152 -0.214089359 -0.197418422 0.000244140625
-0.00441767902 0.577851835 0.217601336 -0.809717803 0.395279898 -0.126591683 0.000244140625
0.0076719694 -0.35293575 -0.260063751 0.126251283 -0.157311631 -0.501398269 0.000244140625
1.23175053 0.867832068 0.264506661 -0.122349064 0.196011707 -0.381480289 0.000244140625
0.668255885 -1.3298434 -1.49243347 0.587689138 0.00872753968 -0.422396614 0.000244140625
0.759598797 0.103304764 -0.0887723147 0.354625405 -0.467874686 -0.0727792164 0.000244140625
-0.716699622 -1.74208302 1.10909354 -0.0800169982 -0.14626483 -0.148207784 0.000244140625
1.39323827 -4.79232656 -2.05548687 0.193531299 -0.0335719219 0.341478704 0.000244140625
-0.942024034 2.63998298 0.704266536 0.1697106 -0.295472771 0.197456413 0.000244140625
2.81012845 -4.11089225 0.500237113 0.337712209 -0.00552240669 0.336978236 0.000244140625
1.3252417 -1.63855144 1.38655813 -0.202948528 0.340897131 0.40755564 0.000244140625
2.57799951 -1.5636053 0.0832717993 0.0908042657 0.192602693 -0.0738456043 0.000244140625
-0.52957871 -0.354753298 0.248723563 -0.172001053 0.682961487 0.382663326 0.000244140625
0.900100982 0.434341493 0.112233397 0.424657252 0.0291050636 0.248692666 0.000244140625
-0.359384651 -0.0155224829 0.318786393 -0.144905724 -0.635684942 0.414261478 0.000244140625
-1.89670452 -2.13374339 -0.977020583 -0.317770995 -0.267985824 -0.131670866 0.000244140625
0.45246269 -0.663084623 -0.0295815354 0.493723326 0.183165852 -0.0903391822 0.000244140625
0.693278035 0.876444949 0.170313076 -0.491542611 0.0938306934 0.57708502 0.000244140625
-1.44661947 -0.55849604 0.272800212 -0.0717833216 0.0517747522 0.302645513 0.000244140625
0.0586995957 -0.447907329 -0.568508744 -0.504377942 0.0101986353 0.737122288 0.000244140625
-0.125073924 -2.01090514 -0.511119831 -0.464512519 0.202230398 -0.353036198 0.000244140625
0.18635047 0.138544104 1.08402783 0.479244054 -0.467250416 0.00419519834 0.000244140625
0.0529970723 0.456413845 -0.608615079 0.444739941 0.398653457 0.16030856 0.000244140625
0.999120863 0.0132057575 0.45961068 -0.38517304 0.00189612101 -0.251702509 0.000244140625
0.480708072 2.59125779 0.851401538 0.198217527 -0.0882613556 -0.0458297306 0.000244140625
-0.163334375 1.45530794 0.020186595 0.472258752 0.102184753 0.06969649 0.000244140625
-0.0335284532 0.187113027 0.0190115574 0.431163791 0.240973579 -0.279759078 0.000244140625
0.0902063789 -1.36460066 0.0190065288 -0.279653462 -0.0401905795 -0.299677952 0.000244140625
-1.80549831 -1.18161232 0.477619055 0.152414377 -0.104754304 0.182498344 0.000244140625
-0.107718954 2.5139024 -0.568942716 0.134002416 0.180434368 -0.306694388 0.000244140625
0.413927357 0.179526548 0.17050685 0.152513936 0.772128136 0.11735634 0.000244140625
-0.0795902773 0.668324753 0.394089612 -0.466371302 -0.206379747 0.178017183 0.000244140625
-2.62693118 -3.81941314 2.88490902 0.285113961 -0.0197515479 0.0563789636 0.000244140625
-1.03942217 0.357903779 -0.509316557 -0.305041583 -0.513748964 -0.0934671825 0.000244140625
0.102066499 0.0914214343 0.834845956 -0.199372981 -0.10641654 -0.247977975 0.000244140625
-0.782672467 -0.698576408 1.92117654 0.478934089 -0.259637424 0.0366718514 0.000244140625
0.317591654 -0.02512958 -0.101741778 -0.0172828865 0.19226234 -0.225152371 0.000244140625
0.217269647 -0.290245862 0.0898405059 -0.434911215 0.301475286 0.16533279 0.000244140625
-0.545624407 -0.783145155 0.91558443 0.0436616291 -0.0526740046 0.430025869 0.000244140625
-0.279287329 -0.703487623 0.62665659 -0.349937258 0.846970021 0.114865238 0.000244140625
-0.480738314 -0.413176635 -0.979366102 0.0515699381 0.23523857 -0.382232966 0.000244140625
1.94337527 -1.57034304 0.711827554 0.0319111373 0.13123412 -0.101405687 0.000244140625
-0.404583785 -1.16763659 -0.847655004 -0.528135982 -0.463308801 0.0642313555 0.000244140625
2.46548899 -1.81743007 5.343955 0.216700811 0.0653379983 -0.0419346796 0.000244140625
-0.98169108 4.57996085 1.81481911 0.179751022 0.326794444 -0.0865041054 0.000244140625
-1.00155226 -0.0069974806 0.0433021766 0.392640536 0.55022961 0.347675263 0.000244140625
4.46467955 4.47155934 3.48094383 -0.175548614 -0.240613884 0.0788110606 0.000244140625
-0.171393392 1.08158215 0.962205931 -0.208324747 0.440992458 0.393552998 0.000244140625
-0.295338639 -1.84697178 1.45058116 -0.197988897 0.348088928 0.105892407 0.000244140625
-0.0375223792 -0.838247637 2.47980873 0.00826803597 -0.0551768222 -0.342940734 0.000244140625
2.15950102 0.560981126 -2.13812672 -0.0373763022 0.133734914 0.00121330853 0.000244140625
0.0513797138 1.42276445 -1.05502136 0.568048623 0.0881219135 0.158928439 0.000244140625
-3.08921419 -11.2750149 -2.11770506 0.0655099823 -0.0569298842 0.189543764 0.000244140625
-0.495182035 0.507348344 0.373389826 0.186823897 -0.207946868 -0.708107184 0.000244140625
0.747226085 1.18378199 0.978051158 -0.0870561286 -0.0471634745 -0.226996658 0.000244140625
-0.0626472301 -0.41155809 0.227449334 -0.0185769083 0.471059164 0.454044206 0.000244140625
0.213571864 -0.113951395 0.132396933 0.370582255 -0.324955564 -0.29691673 0.000244140625
0.187676411 -0.361191832 0.751389945 0.276213421 0.0330998742 -0.22630139 0.000244140625
0.836188305 0.356881094 0.0460898922 -0.101178704 0.163459111 -0.0984277932 0.000244140625
-0.895269772 -1.60545883 -0.0776160087 -0.462574207 0.333816417 -0.00844197314 0.000244140625
0.852969853 0.858831307 -4.29226517 0.067462867 -0.101817429 0.137525837 0.000244140625
0.645608078 0.89433263 0.622328928 0.529468795 0.383794471 0.493383372 0.000244140625
-0.95584467 -0.0494439007 0.128248727 -0.00408537637 0.509872191 0.601026644 0.000244140625
-1.30509142 0.502252543 0.639281353 -0.116414017 -0.0330623041 0.31712149 0.000244140625
2.01060628 -1.97986483 1.1129462 -0.0807113466 0.0292874486 -0.0571367961 0.000244140625
0.991338523 5.28802798 7.61487253 -0.196060737 -0.0124449432 -0.139407676 0.000244140625
-0.638376328 -0.243179031 -0.24230541 0.411544904 -0.116099117 0.0167577689 0.000244140625
-0.455034259 0.319957439 0.0742259614 -0.853396617 0.0925564059 -0.0533157758 0.000244140625
0.374289765 -0.0930208617 0.236488646 0.111664666 -0.19671221 0.61126456 0.000244140625
-0.561985674 -0.0643397983 -0.0613645249 0.606632107 -0.0682867224 -0.28725037 0.000244140625
0.229582453 -0.145372236 0.00619727075 -0.129363003 -0.508246918 0.0550179095 0.000244140625
0.0271758618 -0.309928446 0.285450757 0.259205512 0.0984899229 0.106177379 0.000244140625
0.0569133771 0.294298398 -0.523177376 0.194703396 0.790666623 -0.32913623 0.000244140625
-0.527543032 -0.455781658 1.8298164 -0.554280301 0.149317361 -0.102651397 0.000244140625
-0.411762172 2.24190599 -2.12007748 0.339500299 -0.0211616085 0.074755178 0.000244140625
-2.56156002 -0.644295888 -0.908767695 0.215620228 0.159277429 0.118840404 0.000244140625
0.573985044 0.410781882 0.0263413314 0.0234647848 -0.389618015 0.857725987 0.000244140625
1.3199743 0.263411003 0.299127422 -0.408143876 -0.364866129 -0.526415146 0.000244140625
-0.409169688 -0.669215162 -0.69637088 0.623966996 -0.049075684 -0.218271582 0.000244140625
-1.18092035 -0.302922625 1.88539683 -0.268601156 0.336869402 0.204215464 0.000244140625
6.68620827 2.13355284 -0.954731855 -0.0266581683 -0.0809721585 -0.167752766 0.000244140625
0.686879667 -1.00145445 1.83690129 0.21885415 -0.514595216 0.0391060004 0.000244140625
-0.449664751 -0.520920952 3.04379937 -0.146034398 -0.0664791934 -0.212910543 0.000244140625
-1.35117012 -1.02307225 0.0761721996 -0.119786407 0.382759731 -0.347093241 0.000244140625
0.805941834 -0.363998167 -1.59598706 -0.470703078 0.0848040142 -0.0238178192 0.000244140625
0.164337142 0.05735819 -0.408923765 0.395181179 -0.636597373 0.0082097981 0.000244140625
0.0479564259 -0.46138268 0.028155641 0.320511339 -0.029562498 0.509244642 0.000244140625
-0.405798325 -0.388311345 -0.497407351 -0.139862783 -0.0778510065 0.311230185 0.000244140625
-0.208925563 -0.590412159 0.00948597306 -0.276679361 -0.43975416 -0.0541749509 0.000244140625
0.90068812 -2.39586514 -0.0364738937 0.297325507 0.417042429 0.314037882 0.000244140625
0.112739763 0.126413773 -0.0606703926 -0.434612889 -0.485226135 0.519878399 0.000244140625
1.16226706 1.47371248 -0.621823637 0.100896409 0.37753168 -0.0164116532 0.000244140625
-1.12925069 -0.124464152 -0.411203057 -0.685973063 0.106088373 -0.078260568 0.000244140625
-0.0161630842 0.950197851 0.237889888 0.344337697 -0.277318613 -0.118560465 0.000244140625
-0.0383644275 -0.468994764 -0.0419047194 0.312933941 -0.0873894517 0.188500856 0.000244140625
-0.103596284 0.593892099 0.284706691 0.519756709 -0.200995415 0.466988795 0.000244140625
0.657179558 0.305612969 0.251563119 0.310612786 -0.479187571 0.40298473 0.000244140625
0.416159763 0.751018117 -0.0587757626 0.0336772181 -0.0796272891 0.354561813 0.000244140625
0.0768340378 0.481813815 0.439677183 -0.616440214 -0.130590718 0.613155933 0.000244140625
0.282027104 0.416825193 -1.97547689 -0.0397389924 0.330797622 0.332293261 0.000244140625
-0.32385751 0.0933785118 -1.73747559 -0.334740612 -0.14112566 -0.114655519 0.000244140625
-0.176590632 1.02392041 -0.347167324 0.62270639 -0.0610806782 -0.0509421444 0.000244140625
-0.397050298 -1.24030713 1.35144968 0.128074121 -0.14656066 -0.100910682 0.000244140625
0.887041692 -1.08862825 0.984393052 -0.0963324208 -0.0528148412 0.653945497 0.000244140625
2.89892787 -5.81203334 -1.78743293 0.0855004889 -0.0838851729 0.159984734 0.000244140625
-1.11151504 0.0265897087 0.429039273 0.649861883 0.548428261 -0.228664902 0.000244140625
-0.1638819 -0.645009391 -0.737161248 0.193082628 0.506849112 0.4745847 0.000244140625
-0.323956963 0.580885446 0.848918292 0.465852656 -0.0687372207 -0.983460557 0.000244140625
-0.390287725 0.532583015 -0.0734284149 0.602563566 0.368274649 0.195614139 0.000244140625
0.582524746 -0.91603572 -0.166215886 -0.667523618 0.149958827 -0.595918164 0.000244140625
-0.10760917 0.0990433933 -0.176743097 0.129848132 -0.0309323417 -0.0873581683 0.000244140625
0.959301955 0.0650601387 0.803519785 -0.123575355 -0.052005285 -0.1366688 0.000244140625
0.666191407 0.053460843 -1.12555494 0.240711561 0.436494152 -0.252709346 0.000244140625
-2.71865931 -0.907754928 0.801059825 0.0664808257 -0.503976232 -0.30689959 0.000244140625
-0.769147709 0.349504633 -0.342665115 -0.301861471 0.0685993329 0.0803271738 0.000244140625
0.128149148 -0.365178008 0.254531901 -0.117305192 0.434910413 0.0418227278 0.000244140625
-0.21295917 0.0803734285 0.727290424 0.637578993 -0.377906609 -0.235952096 0.000244140625
0.0796654336 -0.167075503 -0.205944247 0.341531978 0.122838541 0.370512624 0.000244140625
-0.980010485 0.999138426 -0.129846201 0.278889711 -0.0489518069 0.41984898 0.000244140625
1.51398021 -1.65953079 -3.49621783 0.0844922945 0.243302569 -0.0964111237 0.000244140625
-0.00575311253 -0.835952135 1.32175306 -0.146297949 0.387723796 0.0267360195 0.000244140625
0.139221968 -1.08634688 1.03367813 0.0141042309 -0.331349857 0.107495834 0.000244140625
0.744645494 -0.695335887 -0.120577844 -0.179277415 0.327201068 -0.120775601 0.000244140625
-0.0110358725 -0.530713491 -0.120753958 -0.160754949 0.0857529379 0.441359498 0.000244140625
-1.4541609 -0.623299485 -0.237666732 0.304077452 0.175283187 -0.38508019 0.000244140625
-0.279691141 1.06115324 -0.400418253 0.218857495 0.63640922 -0.222534767 0.000244140625
2.63935534 -1.2339745 0.533337593 -0.133176704 0.323693043 0.167615681 0.000244140625
-0.13311439 1.14748245 -0.17757745 0.419975524 0.497989997 -0.634568628 0.000244140625
-0.506528999 1.07919367 -0.424900225 0.507771107 -0.410299755 0.0448546149 0.000244140625
-0.125895901 0.278617061 -0.558372097 -0.70424643 0.169944776 0.523363062 0.000244140625
0.325726385 0.536909101 -0.132487345 -0.549237109 -0.201719143 0.193455258 0.000244140625
0.536428255 0.524358987 -0.376269613 -0.575278271 -0.208960838 -0.0616542305 0.000244140625
3.89230181 3.421393 1.65594762 -0.0167341768 -0.297775856 -0.0147108936 0.000244140625
-2.47161053 -0.372365658 2.71506442 0.10446761 -0.0267358326 -0.244051505 0.000244140625
1.19419741 0.341325835 1.26895186 0.280466773 0.497933249 -0.313491313 0.000244140625
1.04140136 -1.11085933 1.32807544 -0.11397039 -0.364932729 0.250130294 0.000244140625
0.735415662 0.910482067 -1.01970462 -0.0335286863 -0.224735765 -0.231320385 0.000244140625
0.149087309 -0.078994777 -0.0128836655 0.00688254941 0.00391089476 0.0966191945 0.000244140625
-1.96758185 6.4235965 -0.817941561 0.242435178 0.063258159 -0.0568128962 0.000244140625
1.22908567 0.214035081 -0.377335183 0.179482035 0.222340692 -0.000999333285 0.000244140625
0.116668895 0.9565889 0.430995554 0.101867404 -0.0516166431 -0.354504534 0.000244140625
-10.6843409 1.44039874 0.859550836 0.0323398244 -0.200291712 0.126687418 0.000244140625
-0.548997142 0.954475105 -3.6594105 -0.269827403 0.136137458 0.061748592 0.000244140625
-0.414978042 0.935670467 0.534358625 0.320338021 0.491105516 0.38393321 0.000244140625
0.151704505 -0.215673923 0.499293888 -0.48460517 -0.217829093 0.255526085 0.000244140625
-0.662955838 0.495135244 0.140656431 -0.381726032 0.0320816231 0.830223461 0.000244140625
0.391604292 -0.881925004 -2.59668072 -0.381695707 -0.221265006 0.409445195 0.000244140625
0.545356298 -0.62241084 -0.851141273 0.534757808 0.227567096 -0.570058861 0.000244140625
-0.593117702 0.0219446398 0.361250769 0.0929961364 0.0258359515 -0.446680952 0.000244140625
3.75792566 0.768423621 -0.311590244 0.385087696 -0.0569740925 -0.384779528 0.000244140625
-2.29925581 -0.0229115625 0.528038987 0.147031418 0.221022492 -0.0844834978 0.000244140625
1.27924172 0.374488722 0.0270650454 0.140645472 -0.0138336366 0.15943436 0.000244140625
-0.777071608 2.87070929 0.349182478 0.29604516 -0.388788566 -0.15730397 0.000244140625
-0.311597635 -0.781504751 1.3654737 -0.507980137 -0.151650166 0.0389942822 0.000244140625
-1.98674353 2.91737393 -0.901152408 -0.29971536 0.292874185 -0.279474455 0.000244140625
-0.99231803 0.296736182 -0.246922067 -0.566645989 -0.237634552 -0.0324638377 0.000244140625
-1.36109055 0.873778618 1.33026839 0.0484998244 0.0711315024 -0.428209373 0.000244140625
-0.597938467 -0.0358712674 -0.650624337 -0.4467072 -0.164107981 0.617366474 0.000244140625
-1.62313892 1.2106387 -0.394456489 0.239075256 -0.194286559 -0.0809297442 0.000244140625
-0.923402388 1.31564993 1.07063799 -0.181520543 -0.245512292 -0.0256028782 0.000244140625
-0.858638558 -0.622332496 0.11977746 0.635809441 0.0772225058 0.152640499 0.000244140625
1.99499942 1.20529689 -3.0075568 -0.106199197 -0.284351888 -0.295989249 0.000244140625
-3.75984909 -6.85343824 -6.96952177 0.0552117377 0.000846279699 -0.00699729141 0.000244140625
0.204497486 -0.0637221778 -0.178324217 0.77521153 -0.346307655 0.314552896 0.000244140625
0.451231679 -1.46000829 0.649993539 -0.330440934 0.485231108 -0.422940811 0.000244140625
-0.0334853655 -0.00734861273 0.0423387724 0.215560786 -0.0406514706 0.148206852 0.000244140625
0.259062819 -0.168091233 -0.408225351 0.162963164 -0.405264602 -0.0163527247 0.000244140625
-0.915426199 -0.0306490746 1.07035088 -0.352708681 -0.176418689 0.316771072 0.000244140625
-1.00109053 -0.694147632 -1.44485207 0.327175993 -0.0515127127 -0.104240109 0.000244140625
-1.41717004 0.0288392229 0.36276576 -0.403786595 -0.115568673 0.35956341 0.000244140625
1.55845192 -2.58542913 -0.347543424 -0.0787087318 0.146990215 0.00712873609 0.000244140625
-0.151453191 0.278319035 -0.749726433 -0.142889966 -0.439089931 -0.0598240075 0.000244140625
0.0109365746 -0.036484044 0.0352188646 0.613410926 -0.131681263 -0.225163544 0.000244140625
1.85184017 2.11823864 -0.806939988 0.204550885 0.0200243287 -0.129882491 0.000244140625
1.25778822 -0.0283586864 0.0600873212 0.67812508 -0.243767305 -0.256549762 0.000244140625
0.106428708 0.235873732 -0.968651061 -0.0417273307 0.0836404004 0.176918664 0.000244140625
0.0940015908 -0.374699321 -0.595034989 -0.177847244 -0.950210845 0.406631993 0.000244140625
-0.161927506 0.769606723 -1.89301277 -0.0961135331 -0.229896281 -0.481085823 0.000244140625
-0.523429375 0.437796451 -0.613517161 0.0256856267 0.0433691907 -0.322655668 0.000244140625
-0.151727406 0.0933690441 0.330729189 0.0367909123 -0.899356016 0.342071854 0.000244140625
-0.651619445 -1.96543435 0.834828756 -0.261949652 0.033419158 0.415947929 0.000244140625
0.679507906 0.0157787474 -2.57911134 -0.403831749 0.0198432805 -0.0726015777 0.000244140625
-0.438376698 1.96313082 1.85974296 0.3803967 0.473504742 0.00740465464 0.000244140625
-0.326939656 -0.977214852 -0.249075009 0.011716315 -0.194318752 0.526024753 0.000244140625
0.549282378 0.994137453 0.119549322 -0.203964056 0.110505694 0.0392754521 0.000244140625
-0.879167234 -0.497002502 0.724608525 -0.632126027 0.300452 -0.378233905 0.000244140625
0.855622281 0.431025444 -0.297090874 -0.00223942241 0.138252859 -0.434511495 0.000244140625
-0.120018702 -0.651922495 -0.410270853 -0.461661469 0.142831108 0.157598097 0.000244140625
-0.546958579 0.369815453 0.550201645 0.420717241 0.0350785766 0.688138004 0.000244140625
0.454077763 0.375978938 0.391372223 0.493929962 -0.08679029 0.60533729 0.000244140625
-5.72841828 2.73812286 -3.54668775 -0.195951606 -0.141267681 0.0180418831 0.000244140625
-0.411218969 0.454721707 -0.525976867 0.571978667 -0.12157074 0.476389331 0.000244140625
-0.96169694 -0.563008736 0.516311 -0.396501146 0.468801523 0.220868461 0.000244140625
-1.61184977 0.24908148 -0.0896485533 0.241448126 0.093213831 0.0187513797 0.000244140625
-3.25398891 6.88014894 5.09285441 0.0496886808 0.15865051 -0.0700470612 0.000244140625
0.941988079 -0.541463802 -0.0923092786 0.286583098 0.769498763 0.183137492 0.000244140625
-0.0947119113 -1.56963373 0.290971955 -0.113368954 -0.36469424 0.425197584 0.000244140625
-1.51796272 0.0380143159 -0.0917198543 -0.0782094577 0.208077326 -0.279708108 0.000244140625
-0.0223150656 -0.742479957 2.28207196 0.0085713562 0.000820084192 0.0336514284 0.000244140625
-1.22405377 1.6043428 3.55158234 0.218228863 0.175076846 0.0955167936 0.000244140625
0.46286047 -0.138335447 -1.76612274 0.0132346868 -0.561634602 -0.161040585 0.000244140625
0.214514538 -1.00173224 -2.63124526 0.0412479598 -0.0187670796 0.0737865489 0.000244140625
-0.0799695271 -1.39106714 1.09180092 0.424837399 -0.119199626 -0.192425793 0.000244140625
-0.049237066 -1.89970382 -0.295749802 0.0859517486 -0.0108033241 -0.0728754948 0.000244140625
1.46210086 0.901906089 -1.40788396 0.180220754 0.263434696 0.272656723 0.000244140625
0.411762684 -2.27440195 -1.1565796 0.248777201 0.28158682 0.126486101 0.000244140625
-0.00344187213 -0.834701237 0.171711899 -0.0935041042 -0.0660598739 -0.157975246 0.000244140625
0.0374549553 -0.925819176 -0.371220972 -0.302752638 0.161361639 0.15745813 0.000244140625
-1.46602688 2.05423336 1.55127178 -0.0409178906 -0.0660394172 -0.19635347 0.000244140625
0.764082288 0.246586162 -0.0451322941 0.379974172 -0.106785483 -0.455613293 0.000244140625
0.738643787 1.4404277 1.87409875 -0.263027532 -0.171469945 0.254502765 0.000244140625
0.517302211 -0.330695025 1.07548676 -0.175902784 0.126227475 -0.432494667 0.000244140625
0.196320138 0.981518251 0.354466956 -0.641580885 -0.120027646 -0.263938401 0.000244140625
1.10300548 0.612507251 0.628952915 0.00742262545 -0.196390423 -0.496472342 0.000244140625
-0.296195623 0.55348512 -0.00298556628 0.0299849384 -0.0998679693 -0.0976239358 0.000244140625
-1.4848034 -0.404876958 1.46375813 -0.391250536 0.28830207 0.300642681 0.000244140625
0.54094004 -0.240638486 -1.06351203 0.205451329 0.115889671 0.102005009 0.000244140625
-0.516765318 0.0089796446 1.26495308 0.110118708 -0.111173992 0.290983986 0.000244140625
1.23978965 0.894992074 0.0143796841 0.0925660264 -0.207050004 -0.121274438 0.000244140625
1.215915 0.168044715 0.512479152 0.347704581 0.088173758 0.548461736 0.000244140625
1.3977749 2.93708294 0.611698364 -0.0569371673 0.263968053 0.299656421 0.000244140625
-0.144116538 -0.145974298 -0.0671810893 0.442957785 -0.478296632 0.778016465 0.000244140625
2.08229219 -1.83062443 0.610532394 -0.205990267 0.446690639 -0.250290232 0.000244140625
0.197958691 0.378372949 0.936176757 0.182677057 0.26770455 0.00298085387 0.000244140625
0.565967487 0.516016746 -0.184657473 0.444008363 -0.176762741 0.683773172 0.000244140625
-1.07336781 0.183582448 -0.113008092 0.55529974 0.0607521103 -0.290840539 0.000244140625
-0.589764327 -0.478183661 -0.0819330138 -0.0749908906 -0.293336679 0.17663017 0.000244140625
-0.613813345 -0.277143168 -0.187095037 -0.645479964 0.250288427 0.0458476192 0.000244140625
-0.652070265 2.89479904 -0.419854091 0.0911929233 -0.137729102 -0.242704792 0.000244140625
-0.228356367 1.87767936 1.59290314 0.183608767 0.0485095462 -0.555372223 0.000244140625
-0.0130995831 0.233880154 -0.146202983 -0.923680103 0.61360775 -0.199897399 0.000244140625
-0.606976553 -0.641276731 0.0653683192 0.202017599 -0.575393578 0.416210901 0.000244140625
-0.172218171 -0.0139686079 0.608280611 -0.249404017 -0.204542878 0.263296988 0.000244140625
0.0976479172 -0.121543398 0.215704021 0.0467399657 0.627950469 -0.30012826 0.000244140625
1.56918125 0.372574908 -2.73812733 0.249719198 -0.0911626442 -0.204347955 0.000244140625
1.439836 0.0869560896 1.66331615 -0.225289309 -0.029991502 0.387392151 0.000244140625
-1.0077919 -0.0738772112 -0.894926454 -0.168988767 -0.259440248 0.127083298 0.000244140625
-0.0110462896 0.0902133188 1.50211134 -0.0778817169 0.0829563569 -0.0836276105 0.000244140625
-0.0830806766 -0.774086317 0.879947201 -0.435221431 0.0131129496 -0.0284799787 0.000244140625
-0.187379258 0.00367962556 0.113229325 -0.0714001292 0.178489362 -0.0495950616 0.000244140625
-3.34040562 -2.4186644 -1.87185454 0.0760800067 0.318893077 -0.100303201 0.000244140625
-0.431139054 0.883072776 -1.21249521 0.0654107717 -0.164176401 -0.354081129 0.000244140625
-0.805911147 -0.630999701 0.10772982 0.215549034 0.176169675 0.0286787251 0.000244140625
-0.597090655 0.90791297 1.03691093 -0.340480249 0.14844019 -0.0135389222 0.000244140625
2.66805434 1.35663334 0.0913159373 -0.0850208627 0.0638293097 -0.135737815 0.000244140625
-0.639828563 0.189410566 -0.602735723 0.0832276032 0.403733119 0.197755742 0.000244140625
2.0664133 -0.588788898 -0.0479763948 0.544516858 0.30219059 -0.221722408 0.000244140625
-0.984395676 0.798061962 2.93062629 -0.0442275285 -0.0458789539 0.260664625 0.000244140625
0.516404676 -1.48018503 0.407511835 -0.13140592 0.287164071 -0.0694982906 0.000244140625
-0.129273755 -0.49172136 1.57212017 -0.531118926 -0.126254127 0.17032229 0.000244140625
0.443462306 -1.41306753 -1.98556317 0.0707191756 0.230860541 -0.0762060572 0.000244140625
1.28294029 -0.202189306 0.58064449 0.22442177 0.323325225 0.463402762 0.000244140625
-0.0744368053 -0.421147346 -0.366264696 -0.0342965132 -0.484165471 -0.000557802248 0.000244140625
-1.1254435 0.104912568 0.630793213 0.25343345 -0.879699365 -0.0276943974 0.000244140625
-1.2639952 -3.37944937 -2.77744551 -0.141955681 -0.0694442834 -0.118175002 0.000244140625
-0.139662794 -1.01032022 0.952824178 0.371512523 0.039247802 -0.11089975 0.000244140625
-0.597303112 0.823339911 -0.67690834 -0.0620018843 0.0874534392 0.416391953 0.000244140625
-0.573999917 0.647033081 -0.410006109 -0.327323855 -0.524957472 -0.193871735 0.000244140625
-3.2867199 -1.20118704 2.60195155 -0.52941218 -0.0651596566 -0.135470839 0.000244140625
-0.787606791 1.40581828 0.222165023 0.286301827 0.354575851 0.413843399 0.000244140625
0.240245365 0.432482396 0.621416215 0.650070859 -0.139524734 -0.5081538 0.000244140625
-4.37799122 0.0572931695 -5.97924259 -0.01979754 -0.225590327 -0.0148000329 0.000244140625
-0.644300888 -0.109224291 1.35147377 0.0334161936 0.215960034 0.228558991 0.000244140625
3.32290766 2.19248735 -9.52965367 -0.0109938139 0.0900197325 0.0166509636 0.000244140625
-1.36800562 0.41548916 1.21089655 0.0523537411 0.414298779 -0.147376527 0.000244140625
-0.393599306 -0.396784708 -0.653387936 -0.0398393728 -0.247579176 -0.0604563307 0.000244140625
2.16173673 1.53438415 0.36717676 0.107107061 0.229628898 0.0635343987 0.000244140625
0.617263077 -0.206128174 -0.613679592 -0.499787073 0.363315502 -0.179907269 0.000244140625
-0.127225978 0.266154055 1.29366681 0.569902895 -0.209788469 -0.304274484 0.000244140625
0.0685086376 1.38852714 -0.422630344 -0.0529319846 0.212125101 0.289872931 0.000244140625
-0.268781011 -1.12339956 -1.34445276 0.0715932112 -0.0538766911 -0.616383408 0.000244140625
-0.0114714411 0.261652168 -0.359391066 0.182429662 0.43966208 -0.782407003 0.000244140625
0.667521091 -0.270147418 0.770358433 0.357765439 0.751647659 0.143549036 0.000244140625
-7.28161519 -3.56741422 -2.79208653 -0.223489047 0.171455024 -0.0482641965 0.000244140625
-0.437045785 -0.220022528 0.485236509 -0.32729003 0.0731010957 -0.344122916 0.000244140625
0.69215345 0.584145094 0.262503752 0.38854373 -0.652952346 0.088126413 0.000244140625
0.115655805 -0.122720658 -1.57691935 0.0418360969 0.485613202 -0.0175662723 0.000244140625
0.574387225 0.951269947 0.972037172 -0.389380359 0.197348325 -0.367006137 0.000244140625
-0.378644443 0.652698526 -0.306177702 -0.58121577 0.207010159 -0.150114285 0.000244140625
-1.44776169 0.817120686 0.786043602 0.551697635 0.188302046 -0.341703594 0.000244140625
-0.198774712 -0.643325777 -1.07259051 -0.563231484 -0.203837353 -0.148094208 0.000244140625
0.358347042 -0.430735915 0.291761838 -0.633065866 -0.292532266 -0.145974154 0.000244140625
0.960124582 2.47890527 0.327343283 -0.111899223 -0.624057785 0.140942995 0.000244140625
-0.516869781 0.508078354 -1.36035634 0.684559254 0.280960344 -0.254686233 0.000244140625
1.57376175 -1.25797782 1.1873223 0.358086418 0.0104213097 0.00365632875 0.000244140625
-0.637381669 -0.301606921 4.01138824 0.245581474 0.225270675 -0.0337636001 0.000244140625
-0.758571525 0.453864147 -0.0788405289 -0.803903212 0.37605603 -0.0343704864 0.000244140625
-1.31953177 1.55486546 0.725540039 0.221889571 0.567010758 0.125326713 0.000244140625
-0.0960540037 -0.0477194122 0.333227267 -0.727643041 0.416772356 0.0680635598 0.000244140625
0.233569669 -0.329099432 -2.03135038 -0.490962015 0.17601562 -0.280799304 0.000244140625
-0.650889752 -0.121277573 0.0136236622 0.014183164 0.0724291414 -0.279540351 0.000244140625
0.287707974 0.768150326 -0.227499043 -0.075503937 -0.228280163 -0.43306062 0.000244140625
-0.640516247 -0.0841225829 0.97365076 0.706816533 -0.209235273 0.165391938 0.000244140625
-0.237185796 0.354513454 -0.358501965 0.0984983465 0.321292742 -0.430288413 0.000244140625
0.0574248118 0.0394961093 0.279845295 0.164925969 0.107838312 -0.380876658 0.000244140625
-0.442467932 1.05085094 0.157460957 -0.0183536604 -0.23833894 -0.228607685 0.000244140625
-0.804676944 0.0113045404 0.961842285 -0.148866781 0.114144774 -0.363701929 0.000244140625
0.58497889 2.59238639 0.0404087747 0.0661842451 -0.432556983 0.415791552 0.000244140625
5.71973113 1.21835109 -0.794660444 0.157904642 0.0638392779 0.0422453407 0.000244140625
0.220554483 0.401092136 1.747979 0.239851607 0.101312052 0.116754542 0.000244140625
0.0133140104 -0.0384506005 -0.568581809 -0.311703795 -0.454880914 -0.428320644 0.000244140625
-0.566161957 -0.125959994 -0.281582274 -0.497411926 -0.0837312904 0.0156289519 0.000244140625
0.585866301 -0.0406816103 -0.259753233 0.0527096683 -0.620121951 -0.431119212 0.000244140625
-0.0605520083 -0.176322118 0.0912374683 0.74356025 0.254059546 -0.278985822 0.000244140625
-0.0269857486 0.563002687 1.38443698 -0.000595514509 0.0299999973 0.298396439 0.000244140625
-0.202020013 0.352309669 -0.146423373 0.55619298 0.240736374 -0.413070044 0.000244140625
0.131358047 -0.930273557 2.94290418 -0.156147524 0.0732768231 0.432051002 0.000244140625
0.170733825 -0.268876152 -0.388057495 0.0287652962 0.162428654 -0.695822536 0.000244140625
0.159880885 -0.731866806 0.349411772 0.328985273 0.029152975 0.461799649 0.000244140625
-0.117804593 -0.401518624 1.43155462 0.0175702644 -0.0249320169 0.113190594 0.000244140625
1.84348412 1.10885482 1.04844247 0.334392567 0.0643287816 -0.0904726478 0.000244140625
-0.13769744 -0.571680714 -1.15550587 -0.232538148 0.480881327 -0.147295127 0.000244140625
-0.860627385 -1.06158928 -0.663212889 -0.335778204 -0.398441367 0.311920946 0.000244140625
-0.392494254 0.133632991 -0.802217048 0.546122719 0.0158304986 0.171477366 0.000244140625
0.198520756 0.026690839 -0.284556155 0.22994517 -0.699249796 -0.253553335 0.000244140625
-2.20536063 -0.362887656 0.986040979 0.0861875386 9.26567426e-05 -0.198183848 0.000244140625
-0.394570833 -1.07817121 -0.149962372 0.678094139 -0.0737669895 -0.177802296 0.000244140625
0.227326934 -0.456101411 1.65350726 -0.0397953781 -0.459569821 -0.0518927528 0.000244140625
-1.60012483 0.642842453 0.678531169 -0.112706102 0.131914135 -0.0813696711 0.000244140625
-0.310341164 0.387159025 -1.29740995 0.296749784 0.00952752185 0.0618045077 0.000244140625
0.389992877 0.541049337 0.245052299 -0.424362179 -0.185436389 -0.557193883 0.000244140625
-0.347431029 -0.48445947 0.683092611 0.0838590783 -0.486907567 -0.317557823 0.000244140625
0.511381946 -0.910474184 -1.90401002 -0.410308017 -0.188744995 -0.267510638 0.000244140625
3.11286325 -4.70765389 -1.7543201 -0.235247331 -0.363180045 -0.0618363189 0.000244140625
3.35355703 -0.00691618644 -0.731951278 0.31716781 -0.0482829685 -0.245411247 0.000244140625
0.132814432 -0.266351028 -0.421385728 -0.503071485 0.214591142 -0.188882928 0.000244140625
-1.51478806 -0.269871423 -1.38611403 -0.144928399 -0.0942311259 -0.616620205 0.000244140625
-0.503373738 0.289246398 -0.488238379 0.0803097246 0.0612533177 -0.05161311 0.000244140625
-4.00052428 4.38778672 -5.1708474 -0.00651404815 0.0363533192 -0.107666463 0.000244140625
0.226405323 -0.678743128 -0.284471508 -0.304885824 -0.257627868 0.555358855 0.000244140625
0.525601464 -0.138971267 -0.305211945 0.429937458 0.242474217 0.279768388 0.000244140625
-0.216478348 0.481471846 0.783167302 -0.399380829 -0.530774395 -0.0946966311 0.000244140625
-1.00370667 -0.394382756 -1.49459324 -0.159680922 -0.0994508342 0.367750749 0.000244140625
1.3936 1.01758922 0.332181577 0.395943373 0.385304844 0.354524522 0.000244140625
4.94199444 -2.66626443 3.74635898 -0.201675388 -0.184731194 -0.252061852 0.000244140625
-3.58304123 -1.11906952 2.93983306 0.115616638 0.0343288801 0.0464381284 0.000244140625
-3.66063163 -3.32255729 -2.53980743 -0.21674072 -0.154853 -0.0421508408 0.000244140625
-0.0239157589 1.66106819 1.0275477 -0.408976113 -0.188351581 0.611375405 0.000244140625
-1.11198982 0.294156206 -2.40420371 0.274906116 -0.0127961084 0.370656952 0.000244140625
2.24675179 3.42925414 3.04499261 -0.231049191 0.196381417 -0.109700791 0.000244140625
0.031950402 -1.11394983 -0.626583224 0.195356631 -0.280324641 -0.0927658523 0.000244140625
2.26491503 -0.74881643 -1.5161535 -0.0043753381 -0.445314968 -0.172508277 0.000244140625
-0.795196366 2.28829651 0.389720223 -0.221710069 -0.293692093 0.424033877 0.000244140625
0.0265690238 2.81926096 1.7851642 -0.224978457 -0.0529987927 0.181194639 0.000244140625
1.78147093 2.674523 0.615271813 0.00704755874 -0.217258438 -0.262224724 0.000244140625
-0.61373877 0.436126237 -0.221357013 -0.041296486 0.84284024 0.337475428 0.000244140625
-1.75079726 -0.689516945 3.69489418 0.171302639 -0.261556429 0.0772064609 0.000244140625
-0.201207708 -1.47151093 -0.217275021 -0.463679108 0.0797395282 0.235878657 0.000244140625
0.474786264 1.15995618 0.0860315112 0.0675682983 -0.143467171 0.413084119 0.000244140625
1.37349636 1.1180943 -0.601964062 -0.0333423619 0.27919259 0.00551600261 0.000244140625
-0.433277102 -0.311191383 -0.384198679 -0.0812900578 -0.0875308862 0.349921774 0.000244140625
0.731204236 0.140202865 -1.03035828 -0.394730713 -0.335262034 0.427457636 0.000244140625
0.19105461 0.805763171 0.556112946 -0.720652562 -0.182950462 -0.23662861 0.000244140625
-0.090143382 -0.0594119844 -1.19194048 0.07626043 -0.325948493 -0.834714472 0.000244140625
-0.133569766 -0.259453463 0.638328143 0.0167842231 -0.120137679 -0.11292193 0.000244140625
-0.362176602 1.97101247 -1.48266443 0.262754422 0.267140074 -0.298990487 0.000244140625
-0.535960779 -0.690582797 -0.731414926 -0.378201894 -0.0943148395 -0.175393159 0.000244140625
-0.510524885 -0.672008879 -0.326681501 0.0224444731 0.408434262 0.148838287 0.000244140625
0.248514671 0.834626575 -2.27885665 0.185325972 -0.167256493 0.195440849 0.000244140625
0.380350706 0.622101914 -0.886524054 -0.172667165 -0.31116037 0.369520427 0.000244140625
0.0871537569 0.736035266 -0.541878263 0.0591863455 -0.504112237 0.0948429473 0.000244140625
1.06587222 -0.114267003 -1.13123915 0.052590863 -0.384919254 0.167124015 0.000244140625
0.902674265 1.08577159 -0.981314378 -0.535646303 0.118732235 -0.40962583 0.000244140625
0.666884142 0.202682328 -0.531863754 -0.364706718 0.328979167 0.134889782 0.000244140625
-0.897267144 -0.234794825 -0.535027352 -0.0229888117 0.0165719145 -0.682692586 0.000244140625
-1.10362284 0.0681379881 -1.44781877 0.157758742 0.485135701 -0.0136644277 0.000244140625
-2.44431981 4.00522735 3.17904824 -0.0141755961 0.246828548 -0.110168143 0.000244140625
1.35408443 -0.752392754 1.19756416 0.573457279 0.102919596 -0.101543767 0.000244140625
-0.303492137 0.667110135 -0.953794035 0.167896276 -0.498627939 0.12350109 0.000244140625
-0.608813229 -0.202656665 -0.655307697 0.272192091 0.030852316 0.520616831 0.000244140625
-0.353237134 -1.19297557 4.62261109 -0.134612342 0.287302657 0.201921924 0.000244140625
0.337085079 0.540924406 -0.163035655 0.232773433 0.0166959908 0.293297936 0.000244140625
0.940813944 -0.379833301 0.612619233 -0.156297361 -0.0208870005 0.200369273 0.000244140625
-6.86780172 4.30362997 -0.953990852 -0.122098128 0.177949157 0.256269179 0.000244140625
0.234159214 -0.374349921 -0.129772468 0.143184274 -0.625846351 0.0423751802 0.000244140625
-0.445992124 0.4610704 -1.01431516 -0.167288795 -0.0581376959 -0.303049177 0.000244140625
0.444482598 -2.54212528 0.636927317 -0.228010563 0.137420689 0.533829747 0.000244140625
0.541412664 1.46587707 -0.633387875 0.245151172 -0.243708533 0.33360561 0.000244140625
0.0753726019 -0.615405002 -4.0689215e-05 0.0960201974 -0.17944052 0.473630057 0.000244140625
0.616874876 0.738984085 0.417817435 -0.315063857 0.0402669566 -0.499127039 0.000244140625
0.300820975 0.4063101 -0.444926837 0.37658889 0.244403346 0.500658604 0.000244140625
-0.576947396 0.797787236 0.346217053 -0.216393124 0.151901357 0.246446154 0.000244140625
-2.05187015 0.0822324127 -3.39392041 -0.133685502 0.336081959 0.0971513879 0.000244140625
0.763865976 -0.00182469722 -0.183500315 -0.0728202771 0.214498632 0.296411345 0.000244140625
0.416065477 -0.476389993 -0.00342668431 -0.33402187 0.582360982 0.00545639616 0.000244140625
1.2226113 0.112631813 0.157876782 0.0907607272 -0.000446274917 -0.234842409 0.000244140625
0.287562435 0.256620882 0.178367407 0.420018532 0.508060814 0.860072237 0.000244140625
0.562626739 1.07643628 -0.295483255 0.214569285 0.021812319 -0.257812565 0.000244140625
-3.02391115 -0.428341186 -0.777378417 0.102746516 0.689885041 -0.210672254 0.000244140625
0.39526168 -0.728938226 -0.666353891 -0.162459661 -0.028704879 0.573867544 0.000244140625
-0.513911363 -0.54197105 -1.44140386 0.174521623 0.230453513 -0.281533303 0.000244140625
0.196045237 -0.309928967 -0.0503318395 -0.255600461 -0.253089582 0.96507998 0.000244140625
0.566853823 0.49758019 1.34902863 0.147381495 0.237117792 -0.349639001 0.000244140625
0.662895545 0.312987709 0.421512679 -0.00324319982 -0.280670077 0.782903643 0.000244140625
1.39390912 -1.03314241 -0.350200057 -0.0353166596 0.0321520637 0.235643873 0.000244140625
-0.615913469 0.188593369 -0.398878084 -0.0969246463 -0.151984883 0.340439103 0.000244140625
3.89157755 -6.33411816 -7.51519726 -0.20916096 0.193608281 0.0940755212 0.000244140625
0.155328065 0.0627987639 -0.015858737 0.715456671 -0.184639274 0.155512834 0.000244140625
-0.395233015 -0.464351287 -0.136391626 -0.0989371994 -0.123764914 0.884748355 0.000244140625
1.58531883 0.693284636 0.522606432 -0.514583669 0.228634688 0.225178304 0.000244140625
5.26457307 -3.50119297 -3.10864349 0.162147424 -0.0634102244 0.314934464 0.000244140625
0.232276353 -0.168230606 -0.214638867 -0.408266389 0.253875679 -0.0352551993 0.000244140625
1.39517797 -0.928097356 -1.77004156 0.152389837 0.363439713 -0.0944575444 0.000244140625
-0.688264635 3.05081785 0.326040554 -0.118262836 -0.141659362 -0.184756488 0.000244140625
1.18284852 0.736361865 -0.864421461 -0.21668842 -0.0293398377 0.167929114 0.000244140625
0.418553982 -0.671875147 -0.2540632 -0.00595729682 -0.354933441 -0.680457992 0.000244140625
-0.527931614 0.707284095 1.52366703 -0.611853001 -0.313627953 -0.124613611 0.000244140625
0.27801296 -0.139676551 0.589144932 0.432442471 -0.244730099 -0.463979483 0.000244140625
2.09145933 -2.3471308 0.729604398 0.341677255 0.176650086 0.30054242 0.000244140625
-1.90197872 2.27496988 -0.978947896 0.0597799129 0.484649945 -0.0537301154 0.000244140625
0.12482063 0.339553783 -0.234568759 0.322456464 -0.315607001 -0.100098539 0.000244140625
-0.0473175719 0.372396072 0.011461003 0.149407566 -0.169854801 0.213255765 0.000244140625
-0.113231168 -1.42142842 0.114313275 0.162344844 0.624574718 -0.136182928 0.000244140625
0.0652502799 -0.0983712365 -0.0155205816 0.264617576 -0.366249398 0.0331586177 0.000244140625
1.07753932 -1.23236443 -0.0280164209 0.330672812 -0.0571794179 0.266294973 0.000244140625
-1.23409844 -1.57674442 -1.29036596 -0.290789345 -0.0670615866 0.251722325 0.000244140625
0.789064865 0.462748117 -0.0767904109 0.492393637 -0.308245918 -0.203177932 0.000244140625
1.85111825 1.41743069 5.4856143 -0.286572681 0.0539527842 -0.183150241 0.000244140625
-0.00423046159 0.94669605 0.422960644 -0.457363078 0.119876533 -0.731639423 0.000244140625
0.00843720318 -0.208998951 0.888673395 0.0567453847 0.321029181 0.018771939 0.000244140625
1.16248735 2.11477671 1.10621638 0.568509226 0.144170914 0.199528108 0.000244140625
-1.47002994 -0.250093448 -0.274867441 -0.02275759 0.207341515 -0.248012296 0.000244140625
0.320772577 -0.824832879 -1.09984623 -0.481758646 0.306382952 -0.115256277 0.000244140625
-0.864610861 -0.348692014 -0.163498664 -0.0901924876 -0.332328765 -0.0689097864 0.000244140625
0.444063279 -0.330245686 1.18586524 -0.0241466406 -0.188399787 -0.305109555 0.000244140625
-1.130912 0.323956872 -0.974392308 -0.0559867212 0.10758162 0.145074243 0.000244140625
0.0517304018 0.307959456 0.0543819598 -0.00852006117 0.571543219 0.170566786 0.000244140625
-7.71757608 7.13014849 -2.37944788 0.0513266141 -0.0324455273 -0.206649477 0.000244140625
1.54880477 -2.42997718 -0.551018387 -0.30000236 0.414322705 0.0954253771 0.000244140625
-0.0362806456 1.04427653 1.42853202 0.30757693 -0.400057689 -0.0875082085 0.000244140625
1.75324402 0.174821107 -0.148325167 -0.0285380877 -0.0516967296 0.391528408 0.000244140625
0.238540456 0.667344963 -0.517428507 -0.430573425 0.748000168 0.234076342 0.000244140625
2.24850032 -0.356030951 0.336129983 -0.333679013 0.224432498 -0.332823022 0.000244140625
-2.68213711 -1.0927216 0.836929117 0.259568998 0.0219250463 0.154596714 0.000244140625
0.168253246 0.0619058688 -0.113934302 -0.735948378 -0.323728167 0.10569926 0.000244140625
0.886828996 2.71652334 0.516964033 -0.153283966 0.032183384 -0.264640951 0.000244140625
-0.261182534 -0.428116071 0.354406978 -0.20597919 0.022441182 -0.513285961 0.000244140625
-0.176486972 0.735510853 1.49469712 -0.0600425715 -0.391464501 0.179611254 0.000244140625
-0.580460914 -0.280938185 0.359300472 0.0313468469 -0.380647586 -0.464086615 0.000244140625
0.40446874 -2.47300456 -1.36308273 -0.0199382323 0.0256711267 -0.135005636 0.000244140625
0.654288744 -0.685992333 0.018798706 -0.0980775786 -0.64981291 0.28133586 0.000244140625
-0.0303517917 -0.261095109 0.0985019824 0.0703814965 0.366290534 0.506782534 0.000244140625
-0.948287316 -0.746967472 -0.132275879 -0.472843223 0.151449883 0.654836158 0.000244140625
0.849678408 1.66230519 -1.29667198 0.388254787 0.230237462 -0.29035745 0.000244140625
0.469247442 0.39539804 0.275894301 0.395187693 -0.24329437 0.451504426 0.000244140625
2.02459795 0.00720482259 -1.39193102 0.0988306778 -0.484452494 -0.155487759 0.000244140625
0.369409294 -0.348146853 0.716639819 0.0112308199 0.61544173 -0.124396621 0.000244140625
0.50717336 0.59441192 0.152748489 -0.199327009 0.146745817 0.520895686 0.000244140625
-0.548333085 -0.103597711 1.22819801 -0.0713808845 -0.249262569 -0.0705347246 0.000244140625
0.862524153 -0.545560486 -0.789117664 0.254679526 0.243956538 -0.167704186 0.000244140625
0.397739888 1.24247343 -1.70581399 -0.278753249 0.0321387168 -0.207473689 0.000244140625
0.538988545 0.461433903 -0.676368699 0.179076601 0.0432217401 -0.355684636 0.000244140625
0.311313171 -1.19393783 -0.384293402 0.111903627 0.0351498735 0.293153189 0.000244140625
0.180835579 -0.172657513 0.581592758 -0.283946771 0.39941351 -0.121601139 0.000244140625
0.0566440502 -0.704838477 0.377846983 0.499815075 -0.0476771217 0.123098226 0.000244140625
0.722914364 0.361611639 -0.255398815 -0.510302139 0.223283636 0.0137233742 0.000244140625
-5.84374348 5.0882787 -3.10270059 0.00801328067 -0.112088955 -0.0516488498 0.000244140625
0.121813574 0.485431324 -0.341475793 0.11807385 -0.142030061 0.346022839 0.000244140625
0.0843922613 -0.053671233 0.567011915 -0.26107193 -0.00767861609 0.115885713 0.000244140625
-1.02182971 -1.13528731 -1.45021312 0.0451710228 0.00116380983 -0.176667766 0.000244140625
-0.865036535 0.293160115 -1.10802835 0.376222856 -0.489413983 -0.27659741 0.000244140625
1.64550936 -0.067186692 3.61033488 -0.202938807 0.139957081 -0.157909324 0.000244140625
1.25618523 0.734115727 0.825206686 -0.0520286912 -0.124909414 0.323928554 0.000244140625
1.17891532 0.487517916 0.639942571 0.0162176394 -0.133291231 -0.258629157 0.000244140625
1.5892962 -2.55981429 -0.25702346 -0.174202688 0.061704175 0.232443225 0.000244140625
-2.04493236 -0.990771534 -1.08627757 0.16728084 -0.523539049 0.545051761 0.000244140625
-3.61405702 0.493820411 4.36881083 -0.0395979398 -0.0946752377 -0.0438954255 0.000244140625
0.915315183 0.136252462 -1.68054299 0.375235327 0.132583951 0.238124706 0.000244140625
0.294441473 -0.848225364 0.272834174 0.321348315 0.0171864537 0.407687806 0.000244140625
1.89750456 0.447238859 0.0604473734 0.0111092214 0.372137396 0.376479606 0.000244140625
-0.0405426873 0.420841125 -0.454163176 0.460749529 -0.0984045415 0.170308365 0.000244140625
1.4507125 -4.51257958 -5.45540981 -0.201667309 0.10170345 0.0088066812 0.000244140625
1.29930636 -0.176754162 -0.574429705 0.321152865 0.690843359 -0.154829421 0.000244140625
0.761562155 -0.631390601 -1.00202238 -0.0785169398 0.280516209 0.150614191 0.000244140625
0.530306105 0.695825112 0.568088946 -0.236105639 -0.303903478 0.59227355 0.000244140625
1.00078491 -0.943775768 -2.07515518 -0.391149466 0.0252597858 0.33590464 0.000244140625
0.056885719 0.437926746 0.737740896 -0.498698812 0.172875985 0.203018884 0.000244140625
-0.259246396 -0.175309937 1.53355052 -0.484736004 0.107914604 -0.125642644 0.000244140625
0.72344876 0.677775899 0.258437863 -0.668731 0.359539373 -0.368045383 0.000244140625
1.18069716 0.537802822 0.298283575 0.27763871 -0.00265472635 -0.200392788 0.000244140625
-0.993630541 0.159553899 0.381119871 -0.260210149 0.767028925 0.0574975642 0.000244140625
-1.35932803 -0.233589159 1.73889402 0.104939538 -0.177824748 0.371808828 0.000244140625
0.246096162 -0.0289032315 -0.101328196 -0.443705341 0.631343618 -0.691041263 0.000244140625
-0.417197462 -0.242593406 -0.365174149 0.168267181 0.0533958462 0.706066689 0.000244140625
-0.320077774 -0.0963728102 0.367695235 -0.347629749 -0.070691119 0.243714864 0.000244140625
-2.21450472 -1.46657914 -0.620794425 0.0518049453 0.120384139 -0.282491475 0.000244140625
-0.428822942 -0.480469509 -1.18037558 -0.321479398 0.312481774 0.154480938 0.000244140625
0.151262029 1.40679937 0.222502996 -0.101627276 0.353099388 0.153155529 0.000244140625
0.193831151 0.31608654 -0.358584723 0.523621888 0.138447432 -0.351153656 0.000244140625
-2.34933997 2.34318652 -9.66948875 0.109354333 -0.00338391366 0.0692586392 0.000244140625
-0.111875937 -0.69603269 0.0331088445 0.0199694271 -0.256812036 0.435648618 0.000244140625
0.207931838 2.29085208 1.68067581 0.223711954 -0.455970803 -0.0410428331 0.000244140625
0.436724992 -0.272809223 -0.343850682 0.20191293 0.430593409 -0.436280402 0.000244140625
-1.04282179 0.151387674 1.09738779 0.359597192 -0.406637545 -0.013697841 0.000244140625
-0.102182841 0.193813779 -0.228145817 -0.058695604 0.283455853 0.7261146 0.000244140625
-3.20721313 -0.352002878 -3.43779951 0.303140089 0.235254763 -0.0271506301 0.000244140625
0.3064458 -1.79402516 0.777088512 0.132844547 0.17617135 -0.337921383 0.000244140625
-3.8000184 0.0328066669 -0.627453286 0.173833035 0.0468720034 -0.12169942 0.000244140625
0.812709367 0.92095224 -0.0437337845 0.0598523788 0.0848915143 0.138973203 0.000244140625
3.01242916 -2.87702402 -3.24869939 0.273691758 0.00975121803 0.0914251528 0.000244140625
0.952128031 1.36802029 1.11337588 -0.0803993687 0.0505551316 -0.00765285677 0.000244140625
-3.23623266 -1.41196596 -0.571949224 0.472743592 -0.0206999304 -0.165135447 0.000244140625
-1.27911428 0.359282153 -0.312375105 0.349832897 -0.24277326 -0.0875620639 0.000244140625
0.45248172 0.0674894865 1.15210981 0.263746864 -0.142765992 -0.0288602845 0.000244140625
0.0980768085 -0.0260908229 -0.702206583 -0.471547813 -0.768396449 0.164352497 0.000244140625
1.81891757 -1.87773029 0.615436347 0.244133346 -0.177776003 0.0386142652 0.000244140625
-0.569664037 -0.786278593 1.32086401 0.0702423974 0.527392282 0.101702535 0.000244140625
-0.270501659 0.191778672 0.572924529 0.0599567505 0.348217019 0.357675538 0.000244140625
0.139891805 0.227739063 -0.212368739 -0.215342196 -0.250660466 -0.273176629 0.000244140625
-0.0180611752 0.616066612 -0.485326527 0.0566915176 -0.0914530312 -0.21629444 0.000244140625
-0.300612092 -0.11248558 0.522946687 -0.379073298 0.301510079 0.194785939 0.000244140625
0.777865919 -0.361203326 2.35682534 -0.176815314 0.166795118 0.0345621632 0.000244140625
-1.31341281 -0.474096361 -1.87202201 -0.189523678 -0.257071602 0.316340126 0.000244140625
-4.37690839 -3.31595593 1.97217235 0.276892554 0.0868680493 -0.0241364738 0.000244140625
-0.567944725 -0.885505236 0.384245026 0.0644646711 -0.387579961 0.133573956 0.000244140625
-0.0517016897 -0.53566282 0.0773998229 0.633453757 0.0167845958 -0.447225997 0.000244140625
0.309931146 0.157101771 -0.325868824 0.155566522 0.376936963 0.181306854 0.000244140625
0.728147551 -0.667992931 -1.27599794 -0.0277775726 0.22486015 0.631211117 0.000244140625
-0.605736053 -0.285851875 -0.269373874 0.395508129 0.228127277 -0.519599661 0.000244140625
1.20450544 -1.44149026 -0.300006749 0.105852955 0.167594186 0.243804396 0.000244140625
0.0623240463 -0.0652614276 0.0518480732 0.614806305 0.515813938 -0.215175012 0.000244140625
-1.47962087 1.35746674 -1.46500309 -0.486721126 -0.11108931 0.0409125157 0.000244140625
-0.133868242 -0.944932602 0.158823482 0.181641865 -0.182730591 0.514037986 0.000244140625
-1.8208246 0.529873074 -0.0696926333 -0.0892508866 -0.126155065 -0.0756802281 0.000244140625
-0.704052599 0.689347286 0.546335751 0.0132817045 0.493624225 0.546889493 0.000244140625
0.0192912932 0.165752221 0.872708949 0.032139777 0.197324694 0.199613504 0.000244140625
-1.63222886 -3.04278633 -0.537124772 0.0340832563 0.0866553952 0.256296716 0.000244140625
1.27982573 2.28162118 -3.27922074 -0.206597613 0.14786677 -0.257442339 0.000244140625
0.253698595 0.167098477 -0.385830609 0.500127227 0.136757098 -0.781639533 0.000244140625
0.158841328 -0.626747774 -0.216906619 -0.122922605 -0.0028479688 -0.4021585 0.000244140625
0.511859887 -0.475304005 0.603663708 -0.551754038 -0.536612399 0.305539412 0.000244140625
-0.583256759 -0.354331753 -1.1178445 -0.139995007 0.0373197856 0.176025342 0.000244140625
-1.84248721 1.68851652 -1.20962183 0.53226794 0.120487931 -0.0116170133 0.000244140625
-1.3189709 -2.02245367 0.569980879 -0.561464536 0.0421639194 0.373821876 0.000244140625
0.350989653 0.253252667 -0.972614193 0.0545771832 0.297103368 0.293036769 0.000244140625
0.430866941 -0.172307352 -0.839238524 0.407274099 -0.318236269 -0.167622391 0.000244140625
-0.321707768 0.159127041 0.448094004 0.0959172792 0.493212871 0.183038564 0.000244140625
-0.344105716 -0.646053292 -1.36161129 0.301925795 -0.392098632 0.638352231 0.000244140625
0.463242356 -0.577359918 0.74498276 -0.119478379 0.139990876 -0.309805266 0.000244140625
1.14509943 -1.65537334 -2.78809777 0.0744446592 -0.0269878237 -0.245148138 0.000244140625
-0.0164829703 -0.385006538 -1.08426226 0.160951241 -0.301011082 0.273463876 0.000244140625
-2.45224379 -0.736635891 -1.27958048 -0.227212787 0.236824557 0.186717194 0.000244140625
0.0110794134 1.32104841 -1.47536938 -0.074879508 -0.211566884 -0.227943489 0.000244140625
-0.665951634 0.964939592 0.107723216 -0.533737424 0.161448004 0.118962072 0.000244140625
-0.661622491 1.63870669 -1.22733556 0.0102042002 -0.243348094 0.450883219 0.000244140625
0.729276541 0.297395474 0.924379548 0.263771198 0.174887634 0.343263453 0.000244140625
0.471041314 -0.500303895 0.0993489419 -0.189954937 0.0713017644 -0.771189899 0.000244140625
-2.43067433 -0.988822766 -1.71877093 0.103611642 0.15280374 -0.220583329 0.000244140625
-0.342118393 -0.712047992 0.284657914 -0.720954535 0.453099974 0.22502712 0.000244140625
0.570826032 -2.2597612 -0.743978043 -0.401256716 -0.461004615 -0.179632869 0.000244140625
-1.50033271 0.198135931 0.160277842 -0.0715637021 -0.658119423 0.42634812 0.000244140625
-0.767766991 0.936186361 -0.339023187 0.788106493 -0.319321153 -0.0100417694 0.000244140625
-0.258624069 0.368817451 0.0721253931 0.0714812255 0.382420269 0.198079307 0.000244140625
0.887488734 -0.484114262 0.759564038 0.362299631 0.0860258114 0.519942957 0.000244140625
0.0158050648 -0.0313152104 -0.478819838 0.259609752 0.382924409 -0.376148142 0.000244140625
1.20850555 -8.11125699 1.54253487 0.130388108 0.0859142705 0.181312587 0.000244140625
-0.170297033 0.709525283 1.15093401 -0.737831851 0.0839880877 0.435611357 0.000244140625
-0.494945128 -1.31199621 0.153601374 0.140765807 0.311897391 0.27028078 0.000244140625
-0.647464311 1.07303594 2.14118113 0.289604072 0.0381327712 -0.665237431 0.000244140625
0.517372891 -0.0970900357 -0.700648543 0.316997048 0.113114441 -0.198032208 0.000244140625
0.110926449 0.560659083 0.34827332 -0.0720325341 0.212457594 -0.304114458 0.000244140625
-6.03735514 -2.37738263 1.69827267 -0.172641186 -0.134996955 0.0258021365 0.000244140625
0.270048385 0.162989768 -0.128939216 0.0663627327 -0.555374123 0.402602183 0.000244140625
-0.105920895 1.37003992 -0.16848007 -0.203470032 -0.201799907 0.251519884 0.000244140625
-0.0867874592 -0.169337832 -0.580902125 0.0987014606 -0.361446065 -0.524030566 0.000244140625
-0.926950414 -2.37398961 1.62213138 0.159306158 -0.176957478 0.459263819 0.000244140625
1.24029497 -1.376389 -1.0122079 -0.018983415 0.176832126 -0.228464187 0.000244140625
0.00907002877 -4.54103719 -0.284110225 -0.120191486 0.293672694 0.0311347208 0.000244140625
-0.40405049 0.658532795 -0.711758837 -0.0814783711 0.373311145 0.0331676553 0.000244140625
-0.280425766 0.183800776 0.00494604979 0.313970711 -0.319139718 0.349035093 0.000244140625
-0.785809947 -2.41652278 0.209735541 0.00938322186 0.235291358 0.052023957 0.000244140625
-0.793618528 -0.343780531 1.22057278 -0.0240660683 -0.42961075 -0.10341116 0.000244140625
-1.07425034 -0.598796465 -0.117488784 0.29376493 -0.457482274 -0.158571755 0.000244140625
1.25574354 -1.12537548 0.171164565 -0.238811514 -0.360617981 -0.106010048 0.000244140625
-3.13614453 -0.0063598188 0.340607733 0.346567958 -0.172954365 0.377305512 0.000244140625
1.05193746 0.388157854 0.967635375 -0.481933865 0.1990444 0.159797488 0.000244140625
0.804067994 0.467378833 2.7749914 0.0397980261 -0.23260492 -0.476657037 0.000244140625
-2.49113872 0.417578994 -0.306873688 0.0627992808 0.0653516335 0.190167524 0.000244140625
0.561614285 -0.158288396 0.0919710537 0.243484887 -0.162702508 0.0824018788 0.000244140625
0.0340451703 0.757546413 0.68282038 0.30002251 -0.508462544 0.1451815 0.000244140625
0.347056102 0.656068001 0.239124818 0.277755184 0.488098221 0.306297626 0.000244140625
-0.148982055 -0.293957531 -0.80279564 0.249757864 0.393020669 0.0444415422 0.000244140625
0.503852907 0.121556825 -0.241206825 -0.605900221 -0.378935952 -0.333174714 0.000244140625
0.27453081 -0.334706298 -0.768772647 -0.154182703 0.106129212 -0.0395595207 0.000244140625
-0.700097425 0.198942585 0.477919417 0.165223609 0.237846409 -0.258666107 0.000244140625
-0.0595679342 0.315543345 -0.278175451 -0.35200331 0.303282291 -0.381582004 0.000244140625
-0.0134327348 -0.0972243744 0.0478892989 0.504152243 -0.400683988 0.768421171 0.000244140625
-0.0956203105 1.25723593 0.873421279 0.299969321 0.085725845 -0.472515351 0.000244140625
-0.182400501 -0.010196795 0.307618582 0.0732564527 -0.890077434 -0.260625638 0.000244140625
-0.123329201 -0.203568514 -0.270390704 -0.0166653255 0.517952596 -0.478079728 0.000244140625
2.0155248 -2.0382065 -1.71734048 -0.138435767 0.277835488 -0.245708627 0.000244140625
0.139186848 0.0996092699 -0.315480177 0.384341498 0.652206916 -0.464419405 0.000244140625
0.304303731 -0.331043992 -0.648526078 -0.533985696 -0.618655804 0.538367438 0.000244140625
1.11301706 -1.5972513 1.89457726 0.369426862 -0.221003256 0.211725778 0.000244140625
2.32543401 -0.418146376 -0.534879479 0.0718442622 -0.236452015 0.159099273 0.000244140625
0.532907863 -0.828702836 -1.42054904 -0.0769872824 0.059146173 0.197866659 0.000244140625
-0.672376249 -1.05735273 -0.231271523 -0.39255101 0.444328696 0.473999972 0.000244140625
-0.630586691 -2.16519219 -0.166226258 -0.599488264 0.0263821173 0.235320882 0.000244140625
-0.134351972 0.42891837 0.048291605 0.187598792 0.596427492 0.56306341 0.000244140625
-0.248656124 0.926109428 1.03558251 -0.415416532 -0.534580639 0.193098079 0.000244140625
-0.169178819 0.115556553 -0.158913459 -0.343006577 -0.0799143329 -0.120416877 0.000244140625
0.121818518 -2.01313116 0.959095998 -0.308797695 -0.160082415 -0.0229380675 0.000244140625
0.468724237 1.65868721 -0.937106012 0.707339353 0.103358688 -0.0849856726 0.000244140625
0.319895721 0.0825943961 0.757435657 0.41435584 -0.499308385 -0.426751262 0.000244140625
0.523494861 -1.84951123 -0.121853697 0.27491952 0.0378357422 -0.406295112 0.000244140625
-6.3499868 -4.60789366 0.106382545 0.0924418011 0.0456699532 -0.0674152095 0.000244140625
0.395193717 -0.540024512 -0.297799646 0.317581646 0.330649068 0.391271879 0.000244140625
1.0040011 -0.204356372 -0.697816674 0.0740709607 -0.243277461 0.0980982433 0.000244140625
-0.50878115 -0.378164148 0.72957879 0.197879821 0.141192092 -0.0532973517 0.000244140625
-0.0498452984 -0.767871773 0.483652145 0.358574772 0.552539153 0.208500844 0.000244140625
0.565381305 0.335410363 0.820345875 -0.262116314 0.0737816519 -0.559086798 0.000244140625
0.181968108 0.351567886 1.32330752 0.361728781 0.129956114 0.0875125972 0.000244140625
-0.0625953215 0.0181118024 1.01103773 -0.0961409376 0.409991113 -0.250357525 0.000244140625
0.291895835 0.315390327 0.0492181101 -0.2097957 -0.178085778 0.500123725 0.000244140625
-0.384476163 -0.272929924 0.477792217 0.567993218 0.0591159247 -0.0203209492 0.000244140625
0.325163554 -0.661039083 0.376312454 -0.330230393 0.3736351 0.136963512 0.000244140625
0.344972367 0.881872077 0.60264856 -0.408451506 -0.227844382 0.204966113 0.000244140625
0.0674009395 0.80093414 -0.528463227 -0.43307501 0.124320044 0.0918747635 0.000244140625
1.31873955 1.15418316 0.280574144 0.0546759567 -0.386153463 0.0150084009 0.000244140625
-0.49711851 -0.118847335 -1.15192929 -0.00597011111 0.117619479 0.266242309 0.000244140625
-1.40146531 -0.255985944 0.660679754 0.319176597 0.12250552 -0.0765104055 0.000244140625
0.187574975 0.435028665 2.03390093 0.139783115 -0.175226092 -0.411632136 0.000244140625
-0.502814553 -1.01356765 1.1620995 -0.0861113118 -0.0454929307 -0.684045191 0.000244140625
0.100711699 0.822448998 0.673969203 0.196528968 -0.616334844 0.114097532 0.000244140625
-0.170563433 0.554713581 0.435028689 -0.129784883 -0.131834864 0.0866386287 0.000244140625
-0.477804866 -0.505513046 1.48579473 -0.161352074 -0.106862044 0.0949478577 0.000244140625
-2.85115004 -0.467975927 1.4704534 -0.227137916 -0.580108451 0.0309442949 0.000244140625
-1.24822101 -3.3449755 2.65278121 0.243779048 0.246616551 0.111110925 0.000244140625
0.165318849 -1.08504768 1.09061364 -0.472305606 -0.126755081 0.0758361199 0.000244140625
0.591072075 -1.04705147 -0.977301577 0.196333016 -0.0657226651 -0.159280049 0.000244140625
-0.544096451 -0.78711868 0.572522743 0.484052367 -0.0929992361 -0.0496418354 0.000244140625
0.0845020447 -0.661594338 -0.0713614137 -0.00960792154 -0.0853650608 0.0425132303 0.000244140625
0.41005728 -0.435032891 -0.507514612 0.412786525 0.0531921526 -0.256662786 0.000244140625
-0.759315875 -2.78049369 -0.82329937 -0.127881016 0.415447503 -0.241508692 0.000244140625
0.105015555 0.279974617 -0.220155125 -0.414885354 -0.00789235506 0.629749279 0.000244140625
-0.455647809 -0.765250607 0.40747465 -0.273231344 0.49147866 -0.603267104 0.000244140625
-0.156209626 0.814355467 -0.602073345 -0.547602397 -0.314911351 0.138725268 0.000244140625
0.397613124 0.131316832 -0.395419694 0.396598368 0.0322244335 0.546377841 0.000244140625
-0.795396679 -0.729939279 -0.0404164411 -0.111287828 -0.363113958 -0.433716018 0.000244140625
1.02415059 0.42910007 0.0855051112 0.219927288 0.147100152 -0.0693828982 0.000244140625
-0.461872259 0.545449635 -0.996118922 0.387618895 -0.0312893084 0.503385521 0.000244140625
-0.315530277 -1.01216038 0.832087666 0.160762414 0.405559552 -0.303419925 0.000244140625
1.25288674 -0.608404176 -0.182048529 -0.125543697 -0.0830552084 -0.503832156 0.000244140625
-0.46288269 0.932008457 -0.399001936 -0.0123047956 0.0865364984 0.0358558685 0.000244140625
0.880925937 -0.693897933 -0.480334614 0.112454725 0.172162026 0.225187021 0.000244140625
2.23958903 1.80420478 1.87688127 -0.338793085 0.390273354 -0.326965927 0.000244140625
0.738756066 -0.640449287 0.0941836946 0.299477615 0.0427864235 0.200780893 0.000244140625
0.202017026 -0.0764691469 0.197194875 0.325266164 -0.376664734 0.556227945 0.000244140625
-1.45037711 -0.425702081 -1.19333179 0.426679283 0.103240518 0.0402284248 0.000244140625
-0.125863914 -2.04623398 -0.131801233 0.147882078 -0.00941502802 -0.225813966 0.000244140625
-0.173678031 0.225721338 0.291065832 -0.301966391 -0.14718272 -0.669910323 0.000244140625
-1.59183858 0.815717694 0.437162928 -0.237409214 -0.465337907 0.110172594 0.000244140625
-0.156253087 -0.715296886 -0.0976988995 0.204548815 -0.0842786324 -0.414037467 0.000244140625
0.0317495554 0.46879506 0.26047485 -0.139966883 0.0862411147 -0.316262816 0.000244140625
0.326017785 -0.91634679 -0.412003046 -0.517402971 -0.147994598 0.0486779783 0.000244140625
0.835928292 -1.02609989 -0.818084999 0.51007786 0.0324784781 -0.417306396 0.000244140625
1.40021064 -0.145977106 5.34860166 0.0286801811 0.238138865 0.051384157 0.000244140625
-1.02793878 -1.89999093 1.98502535 -0.441702957 0.0371334227 0.470915993 0.000244140625
0.25970053 -0.253658339 -0.236320346 -0.0254446405 -0.774097118 0.334594773 0.000244140625
-0.148283446 -0.390677095 0.914287432 -0.0343673112 -0.266020351 0.00945285633 0.000244140625
0.783569795 -0.167600157 0.713789787 0.368922827 0.12670366 -0.140631808 0.000244140625
0.974475819 -0.264013248 0.176011965 0.0799835208 -0.167466043 -0.182675327 0.000244140625
0.647554737 0.650593118 0.0177861474 0.587368191 0.67162738 0.275088584 0.000244140625
0.0880475463 -1.49123208 -0.719387139 0.222018676 -0.445065197 -0.496800272 0.000244140625
0.342897645 -0.575827945 -0.124998662 -0.633858097 0.187318446 -0.220130318 0.000244140625
0.319642441 -0.0115947545 -0.876379158 -0.304403047 0.459334345 -0.246315778 0.000244140625
0.311936234 0.206972853 -0.00346397728 0.332919638 -0.65515846 0.188223991 0.000244140625
0.658710016 0.0675374244 -0.404509438 -0.421150949 -0.260721154 0.0342630998 0.000244140625
1.73729295 -2.0887941 -0.488954721 0.243931789 0.0830116828 0.506111736 0.000244140625
0.668480807 1.44831262 1.10809558 -0.193034278 0.0803021146 0.329892571 0.000244140625
0.402832421 0.360684452 0.00612869204 -0.0620911152 -0.438164354 -0.671943907 0.000244140625
0.459656664 -0.864881376 -0.294769928 -0.174268541 -0.225112713 -0.301688021 0.000244140625
0.973340354 1.63089262 -1.58739707 -0.123038079 -0.255409195 -0.175796255 0.000244140625
0.195454164 0.0842577655 0.0392356479 0.666591306 0.24834313 0.329972194 0.000244140625
0.527662521 -0.508947474 1.14503055 0.181071828 -0.040430228 0.275301539 0.000244140625
-0.616383955 0.470348498 -0.405176982 0.281033366 0.210920001 -0.0295379939 0.000244140625
-1.79595763 -1.12118435 -0.102138154 -0.139486943 -0.21754596 0.0350631305 0.000244140625
0.175652363 0.332959252 0.179420637 -0.546208834 -0.229527796 0.238985445 0.000244140625
-1.58739738 -0.582588205 -0.766219874 0.286618794 -0.006823409 0.328723931 0.000244140625
-0.718756247 -0.737402177 -0.226283943 0.135331425 0.196925606 -0.851340229 0.000244140625
-1.29075976 -5.06746941 -1.16083345 -0.0811877562 0.407733984 0.0854140042 0.000244140625
-0.288654718 -0.0175819158 0.8265399 -0.2568709 -0.218175939 0.629917582 0.000244140625
0.679051842 0.04574932 -0.445009995 0.162973691 0.46609304 -0.529188323 0.000244140625
-0.480021896 -0.370456949 0.888769663 -0.457208393 0.214596189 -0.639336559 0.000244140625
-0.509998877 -0.405387973 0.036482235 -0.260065168 -0.922189633 0.0203611573 0.000244140625
0.371826424 0.155241028 0.548159615 0.553872194 -0.0170702117 0.166101381 0.000244140625
1.5710811 -0.38302525 0.122538582 0.146856358 0.241393968 -0.279788085 0.000244140625
-0.0916405506 -0.333064114 -0.0762576206 -0.0674617036 0.151667003 -0.366295936 0.000244140625
-0.706264947 0.345847225 0.056783763 -0.0965224438 0.168350813 -0.329333675 0.000244140625
-2.32599101 2.08281744 2.98914212 -0.156130079 0.123846168 0.22410834 0.000244140625
0.143301106 -0.236505823 0.170442236 0.0138211851 -0.0137417508 0.665260413 0.000244140625
-0.117717636 -0.238765992 -0.639270036 -0.0240298493 0.361146907 -0.513845109 0.000244140625
1.25839334 -0.690813449 -1.05385735 -0.143846079 0.00332126756 -0.485118238 0.000244140625
-3.87872707 3.21239142 1.70127935 -0.0651154875 0.0300678646 0.111670585 0.000244140625
0.5662041 -0.278145183 1.19808958 0.0329796827 0.188296745 0.136327862 0.000244140625
2.05963751 0.0497018494 0.604130286 0.177445146 -0.087161983 0.606919011 0.000244140625
1.84678796 1.80694251 -0.987186008 -0.00718488273 -0.241231074 -0.272414194 0.000244140625
-0.152114492 -0.0684700552 0.246928491 0.22825548 0.220483415 -0.439688203 0.000244140625
2.47609519 0.963995987 0.180034191 -0.152470169 -0.0435799429 0.10681078 0.000244140625
-1.95403365 2.50768802 2.14162637 0.396230649 -0.291149136 -0.102050443 0.000244140625
6.27663165 -9.2829838 3.77543502 -0.176368954 -0.185856473 0.14212022 0.000244140625
1.72597195 0.431031807 -1.46483778 -0.161180889 -0.272154741 -0.211787595 0.000244140625
-0.603638864 -0.139870344 -0.498091195 0.168640626 0.400846079 0.536002322 0.000244140625
-3.15148748 0.259146208 1.27129835 0.120244857 0.320368345 -0.276640421 0.000244140625
-0.307261845 0.0823736854 -0.247590472 0.354971366 -0.674535469 0.0420872881 0.000244140625
-2.7517315 3.26502287 2.66827832 0.24038245 0.318847816 -0.170773979 0.000244140625
2.31925468 1.93478346 1.44531258 0.258647344 -0.223677128 0.249374532 0.000244140625
-0.124272381 -0.441880822 -0.805620563 0.0616008621 0.168997653 0.403498685 0.000244140625
1.54206663 -0.328861613 0.573120499 -0.135739749 -0.248875245 -0.0158341829 0.000244140625
-0.279472699 6.09977108 -1.20797906 0.0172981023 0.036281388 -0.0684071535 0.000244140625
1.0472592 -1.86242282 -0.176681524 -0.197984656 -0.0904016222 0.223924915 0.000244140625
0.446445765 -0.47140901 -0.553877045 -0.619024041 0.493334465 0.0141379925 0.000244140625
0.0881629941 0.107911842 -0.636949221 -0.186779682 -0.27051587 -0.898585881 0.000244140625
-0.220620732 0.657376996 -0.0264952894 -0.589729261 -0.0749567876 -0.112017435 0.000244140625
0.626212871 0.244808074 0.209201104 0.518330774 0.0473670943 0.804034098 0.000244140625
-0.707631066 -0.455844975 -0.0554057605 -0.202475205 -0.180432186 0.0295923233 0.000244140625
0.1093887 -0.250425312 -0.124260485 -0.155426818 -0.0661463096 -0.237406807 0.000244140625
1.10171664 -1.25171618 0.486786171 -0.308397057 -0.194343969 -0.198552855 0.000244140625
0.117689845 -0.95339681 0.967225474 -0.221069166 -0.285003815 0.468811314 0.000244140625
-0.53503514 -0.506060294 0.243880478 0.261482761 0.433100725 -0.635383939 0.000244140625
-0.38394135 0.286089299 -0.97370901 -0.610095818 0.248543141 -0.0160171277 0.000244140625
-0.700625254 -0.0426662128 0.739257345 -0.17872573 -0.172466294 0.0327453465 0.000244140625
-0.623898322 -0.0014417081 -0.406067637 0.343584899 0.213154813 -0.456043505 0.000244140625
0.107308077 -0.492222993 -0.704666781 0.0658758168 0.23725758 0.50339079 0.000244140625
-0.294039412 -3.76955954 -2.27166962 0.225143322 0.00656934559 -0.148679167 0.000244140625
-0.576357096 2.59178611 -0.400017519 -0.264569073 -0.405965981 -0.251199676 0.000244140625
-0.0790558007 1.54445235 0.880995242 -0.138254584 0.44556284 -0.00855547814 0.000244140625
-1.04290686 -0.784102085 1.02930147 -0.399030957 0.187699901 0.0498826634 0.000244140625
-1.59358623 -0.763448763 -0.437451118 -0.489773532 -0.159900464 0.374692648 0.000244140625
-0.92652233 0.025069711 -0.266442447 0.0465865135 -0.397235334 -0.111605544 0.000244140625
-7.87387754 0.60736535 5.7110228 -0.00876435794 -0.099161665 -0.152511375 0.000244140625
-6.40540247 -1.88330253 -2.06551787 0.165940052 0.0888589971 -0.116454861 0.000244140625
1.37368288 1.9597189 -1.29398724 -0.220502285 0.135824005 -0.129898663 0.000244140625
0.325176624 -0.925451176 4.09821085 0.198668525 -0.0990707582 -0.0356680269 0.000244140625
0.689911156 0.268461386 -0.148444126 0.0218596993 0.553220695 0.082138532 0.000244140625
1.02890888 1.09182177 -0.874107001 0.277345193 0.276129768 -0.113056137 0.000244140625
0.0372882506 -0.316743954 -0.674647516 -0.44204518 -0.0724110492 -0.0547656271 0.000244140625
0.451688472 0.0186292029 -0.434612756 -0.146588443 0.0554415682 0.312240534 0.000244140625
-0.190671706 1.07440487 0.668291243 0.209351523 -0.488250021 -0.025481366 0.000244140625
-0.907523215 -1.47348404 -0.451198449 0.22565674 -0.0881058745 -0.0498968705 0.000244140625
-1.748798 0.974390339 -0.531888193 -0.518760307 0.475018275 0.0782813409 0.000244140625
-0.446248121 -1.11219549 1.76581737 -0.160789119 0.449243758 -0.0932470184 0.000244140625
-0.323063202 -0.0176619721 0.549238552 0.405532286 0.134479141 0.119858304 0.000244140625
0.444269468 0.0303000553 1.58016571 -0.209711777 0.305753217 0.0240509761 0.000244140625
0.253470216 0.708528304 -0.0782366862 0.376195198 -0.451139093 -0.406791487 0.000244140625
-0.265230617 0.0849194517 -0.416679457 -0.847776485 0.23119404 -0.209923219 0.000244140625
-0.489185667 0.557224146 -0.0168515976 -0.209091326 0.295416678 0.416291 0.000244140625
-0.0524395571 -1.34871652 0.705056149 0.271103082 -0.0969319262 0.416479582 0.000244140625
-0.0961183951 0.620064572 -0.218145778 0.168738403 -0.0219525695 0.137414073 0.000244140625
0.392736231 0.104864479 -0.144997192 0.0813425734 0.0545868915 -0.642551407 0.000244140625
-0.494190321 0.722089267 -0.549193569 0.0291299598 -0.273960698 -0.11261897 0.000244140625
-0.950876389 -1.09568897 0.355380725 -0.356458861 -0.0987665024 -0.436639409 0.000244140625
1.58876459 0.409565126 0.0918925767 -0.279126992 -0.172477455 -0.00302444293 0.000244140625
-1.43544743 0.114829981 -3.81503966 -0.0542688103 0.138815325 0.109012574 0.000244140625
1.20781424 0.316168618 1.65873938 0.252266969 0.260676911 -0.192306765 0.000244140625
-0.339758077 -1.7242747 0.777186506 0.224573043 0.135829068 -0.493014887 0.000244140625
-1.21955019 0.951673543 1.99068451 -0.00191417544 -0.176057609 0.221428857 0.000244140625
-3.70039412 5.28376885 -1.90276662 0.0783988751 0.357429102 -0.252084086 0.000244140625
-0.429071178 0.147407919 0.182403061 0.307759047 0.542502591 -0.144954333 0.000244140625
-0.426600428 0.00504248551 -0.848536332 0.164530701 0.198450496 -0.449726854 0.000244140625
0.945611175 3.40456666 -1.61673171 -0.00576070563 -0.0136834354 0.0692209175 0.000244140625
-0.351483078 -1.23352897 -0.654018519 -0.217869517 0.298136178 0.298121904 0.000244140625
-0.855607573 -0.67716665 -0.455553727 -0.0174329377 -0.287996855 -0.00461417508 0.000244140625
-0.0881305661 0.352019183 -1.76024706 -0.406924311 -0.155847055 0.0323607276 0.000244140625
1.67015379 -0.791316403 -0.35817627 -0.195373877 0.489248339 0.417894188 0.000244140625
-1.75304627 0.378300005 -1.22126783 -0.238597921 -0.0274924396 0.37824137 0.000244140625
-0.0232954899 -0.343309457 -0.545587369 -0.215651341 0.298755084 0.0960909359 0.000244140625
-1.88569566 -0.598718217 -2.81210235 -0.149308271 -0.00511927835 0.417385273 0.000244140625
0.00580321315 -0.532924379 -0.33565177 0.312455381 -0.0945592378 -0.0437993521 0.000244140625
-0.0293362186 0.0154694934 -0.468953883 0.510667044 0.655994855 -0.533557886 0.000244140625
0.441459944 0.274741629 0.549000017 -0.095000785 0.440596875 0.488683229 0.000244140625
0.402667516 -0.0969022348 -0.0400133467 -0.055661322 0.776085164 -0.0745609134 0.000244140625
-0.258803282 -0.371386694 0.716189583 0.494865097 -0.497081509 0.181610246 0.000244140625
-0.135410892 0.440465071 -0.859286603 0.00425022796 0.649152184 -0.824705538 0.000244140625
0.0921047535 -0.0830554695 -0.437938899 0.264712944 0.189440539 0.305012357 0.000244140625
-0.0787781312 1.85754464 2.21157966 0.00184403702 -0.122582916 0.106144801 0.000244140625
-0.122445111 -0.0371913778 0.134932245 0.427869204 0.577528962 0.0583424048 0.000244140625
-1.75343068 -0.154595968 -0.708305897 -0.0626656561 0.50679645 0.0598213706 0.000244140625
0.2123408 -0.400033758 -0.138465471 0.121582381 -0.185028836 -0.275066148 0.000244140625
0.711556673 -0.288340188 -0.0998899712 0.514019661 -0.345539076 0.431489891 0.000244140625
0.565897297 -0.355996278 -1.82413292 -0.206402031 -0.303339515 0.665709353 0.000244140625
2.19103039 2.43330629 -3.30082346 -0.102239049 0.146864521 -0.153539148 0.000244140625
-0.0595583488 0.290833332 1.637344 0.488971156 0.0254650287 -0.406424948 0.000244140625
-0.404218435 -1.31244237 1.21657277 0.162795839 0.0367555459 0.311193538 0.000244140625
0.463272601 -0.20058472 0.2729665 -0.208268323 0.720862377 -0.250755232 0.000244140625
-0.957576781 0.55379098 0.531474543 0.0697993931 -0.419758106 -0.029646215 0.000244140625
0.925731152 1.06056387 1.12836088 0.0861877346 -0.0616039241 0.363840661 0.000244140625
0.650985684 -0.545031979 -0.693048834 0.239558837 -0.597679105 0.13611621 0.000244140625
-0.279725443 0.014494569 0.0672867203 0.59881517 -0.1975863 -0.529872328 0.000244140625
6.02210426 -4.50900232 3.40088546 -0.108093939 -0.0214550894 0.0555312041 0.000244140625
-2.28474579 2.10115048 1.89867404 -0.208831295 0.431314346 0.0198753547 0.000244140625
1.55218493 4.25057713 -2.57546935 0.0825862055 -0.349890414 -0.128328267 0.000244140625
-1.18767029 -0.343757053 1.03740075 -0.0528230217 0.0226557183 -0.471652143 0.000244140625
2.89260971 -0.527426782 1.51005057 0.213163202 0.0573785384 0.124149522 0.000244140625
3.16575027 0.225675172 0.985077046 0.109027722 0.373126756 0.0910236599 0.000244140625
0.760774727 2.43583149 -4.80801495 0.0591135857 0.0459956016 0.402056576 0.000244140625
-0.897881084 0.370246832 -1.33246222 0.145356265 -0.51604866 -0.255588767 0.000244140625
0.758883827 -0.555759132 0.90061034 -0.321016215 -0.364361278 -0.325913179 0.000244140625
2.07057929 -1.73176007 2.46324541 0.218372631 0.210081216 -0.375870316 0.000244140625
1.06555755 -0.170847921 -1.40499217 0.255095395 0.312168104 -0.631789868 0.000244140625
0.692807208 -0.275504283 1.56769197 -0.352978982 0.0830576106 0.233154182 0.000244140625
0.0960034463 -0.0856511128 -0.529122529 -0.264635581 0.0951286916 -0.0671169112 0.000244140625
-0.236355209 0.055344291 -0.801318489 0.177972997 0.17118003 -0.0149971155 0.000244140625
0.0271630534 -0.819234828 -0.907877794 -0.136484488 0.338923357 -0.0869428468 0.000244140625
1.20702061 0.0754163261 -0.177995077 -0.0107469459 0.111392254 0.638214341 0.000244140625
0.293001984 0.144444063 -0.780641293 -0.0988316599 0.538569006 0.39322754 0.000244140625
0.170569325 0.409434322 -1.18397765 0.547164437 0.0303637638 -0.233259444 0.000244140625
-1.87999461 -0.953188483 -2.55958856 0.00635619609 0.279342535 -0.425287004 0.000244140625
0.202858457 0.319915269 1.05116626 -0.0719344096 0.437363507 0.0784626083 0.000244140625
-0.347662316 -0.191084858 0.869663912 0.496883223 -0.0299697286 -0.278375914 0.000244140625
-0.0143665719 -1.17390655 -1.70442558 -0.22260168 0.0134518171 0.424697007 0.000244140625
-0.144833342 -0.282057212 0.022744947 -0.188001087 0.363974335 0.599707703 0.000244140625
-0.477696438 1.57310841 1.09367458 0.319808918 0.0556134908 -0.206291105 0.000244140625
0.169375016 -2.90412946 -2.62264523 -0.153124091 0.148267593 -0.100231344 0.000244140625
0.266644018 -0.664542259 -0.0483327188 0.0560982347 0.258254577 0.595966577 0.000244140625
-0.633136172 -0.40530305 0.0628351482 0.293303146 -0.16459922 -0.383928111 0.000244140625
0.149715906 0.621892683 -1.18766578 -0.499619936 -0.101941734 0.0406878378 0.000244140625
-0.395236187 -0.0482683945 0.156124218 -0.146810465 -0.157563272 -0.110708876 0.000244140625
-0.122321048 0.204927717 0.13074518 0.161281624 0.162948217 -0.0288206758 0.000244140625
-0.081094742 0.888750515 0.403643416 -0.105661995 0.450960873 -0.352860642 0.000244140625
-0.221422115 -0.0506394613 0.295480105 0.0234200241 0.770115525 0.246031253 0.000244140625
0.144532492 0.64330983 -0.968826556 -0.719755133 -0.110381756 -0.397987061 0.000244140625
-0.9103318 -5.06210681 2.09004728 -0.173304234 -0.231352862 -0.0392370866 0.000244140625
0.28017612 0.125163061 -0.480345553 0.308440411 -0.37286253 0.00840944659 0.000244140625
-3.32024439 2.13619855 -1.73051246 0.215300272 0.214811543 0.158693432 0.000244140625
0.503792405 1.92871038 0.7353297 0.100272383 0.612771059 0.15237541 0.000244140625
3.23311028 0.935475245 0.662012051 0.0226379706 0.00588631782 -0.187246211 0.000244140625
1.2519735 0.996257145 0.0924615908 -0.219952258 0.117326773 -0.241133008 0.000244140625
-0.0255490276 0.420923309 0.206047397 0.033147819 -0.372653369 0.281163844 0.000244140625
-0.554415958 -0.622322313 0.58490617 0.0173783703 -0.122809001 -0.627224409 0.000244140625
-0.408106446 0.382629129 0.21323906 -0.0444606953 -0.726699325 -0.0769685493 0.000244140625
-0.336061934 -1.94821837 -0.205337877 -0.131893826 -0.0900009159 0.394786483 0.000244140625
-1.50172266 -0.508006195 -0.665867751 0.11690859 -0.389968171 -0.321690457 0.000244140625
1.8902906 -3.55908553 -0.228656703 -0.244533422 -0.0888127008 -0.384169528 0.000244140625
0.532146268 -0.201371429 2.05456986 -0.351716758 0.132152649 -0.310828648 0.000244140625
-0.393978927 -0.700829615 0.428982366 0.372731605 -0.0116736189 0.183345122 0.000244140625
1.95599549 0.233509955 -0.706256726 -0.147758264 0.277768084 0.0361924557 0.000244140625
-1.5333961 0.619370359 0.497952046 0.189015725 0.28837886 0.284024603 0.000244140625
-0.291539313 0.361745497 1.14324814 0.329333486 -0.0375456569 -0.195940408 0.000244140625
0.0401845319 0.953103915 -0.0440546665 -0.282840846 -0.652186093 0.0115144962 0.000244140625
-0.219556221 0.526644568 0.0623377528 0.121216805 -0.0524869083 0.14228006 0.000244140625
1.47446805 0.632758038 1.20541608 -0.150021867 0.569356738 0.0968409275 0.000244140625
0.984778522 1.37739334 -1.06632526 0.00939102479 0.419979205 -0.152981867 0.000244140625
1.07461961 0.246818563 0.334655651 -0.171915708 -0.0320350722 0.315550888 0.000244140625
-0.0240949456 1.21519352 -1.17104685 0.331398277 -0.0125204773 0.613417281 0.000244140625
-0.432063331 -1.14325427 -0.481072328 0.174962866 -0.189429861 -0.427750838 0.000244140625
0.0733211999 0.327544505 0.11772186 0.345979343 0.0737470107 -0.180630301 0.000244140625
-0.999531311 3.52270163 3.98627126 -0.0837310906 0.337407692 0.239665567 0.000244140625
-0.842916575 1.2687668 -0.222753961 0.652336191 -0.0322091078 0.292885585 0.000244140625
-0.304940316 -0.031457847 1.21156776 0.453333338 0.521913024 -0.11195159 0.000244140625
0.609245523 0.107681372 0.607164485 0.494201967 -0.330693894 0.464992974 0.000244140625
-0.546089586 0.157093794 0.395053005 -0.223170868 0.631079559 0.205669404 0.000244140625
0.994365774 -0.0324775619 -0.309465739 0.262729647 0.773941687 -0.380630482 0.000244140625
-0.0447850706 -0.432050093 -0.369587668 0.294891459 -0.0757520526 -0.39220729 0.000244140625
-0.0946120916 -1.07962833 0.235032332 0.460637268 0.437956897 -0.30372472 0.000244140625
-0.657926273 -0.382765267 -0.456767452 0.0432771968 0.0339393471 0.106658597 0.000244140625
1.36094529 0.493345295 1.22442066 -0.138638749 0.127813609 0.4925968 0.000244140625
0.165260182 0.178610037 -0.00883396014 0.217554723 0.3578398 0.147631019 0.000244140625
0.636977255 -0.854047115 -0.735828967 0.473256459 -0.275045911 -0.584291452 0.000244140625
-0.862868493 1.28802648 -0.544309879 0.308313349 0.296736824 -0.00255892765 0.000244140625
0.561743763 0.541399945 1.48872278 -0.201091256 -0.0412040159 0.377570542 0.000244140625
1.84587608 0.756892033 -0.570481364 -0.00836478414 -0.356306054 0.0209990948 0.000244140625
0.165691216 0.0478813314 -0.432915255 0.188472578 -0.284216306 -0.859398547 0.000244140625
4.57668771 3.19948053 11.8647752 0.0212496511 -0.00713875836 0.088294881 0.000244140625
-0.423915331 1.20126415 -0.331948768 0.154964909 -0.116847033 -0.140570034 0.000244140625
0.42459686 -0.539031555 -0.682348938 0.0638088197 -0.239880154 -0.599082654 0.000244140625
0.661075022 0.610069621 1.37779932 0.0789763381 0.216198552 -0.126284378 0.000244140625
-0.355940953 0.141130346 -0.396564364 -0.700776937 0.707197939 -0.0443958794 0.000244140625
1.6629351 0.232412693 -0.23390174 0.230740767 -0.0880653988 -0.0732424738 0.000244140625
0.715019971 0.569637176 0.241829199 -0.00929901914 0.324629086 0.0634014192 0.000244140625
-0.391257454 1.44553586 -0.010106175 0.29046456 0.352609559 0.430903694 0.000244140625
-0.13965237 -0.278706699 0.218664337 -0.0171266726 0.559026545 -0.4473289 0.000244140625
1.14933745 0.441095485 0.762827504 -0.461392248 -0.0602637274 -0.511849404 0.000244140625
-0.45562392 -0.0834860893 -0.449239027 0.295868726 -0.367138447 0.610217344 0.000244140625
-0.114538196 -0.814625865 -0.525524707 -0.0866126498 -0.209893999 0.191736062 0.000244140625
0.231150485 -1.60774052 -3.15644682 0.120135487 -0.239099871 -0.263137201 0.000244140625
-0.449085846 0.0618220911 0.361654675 0.760540876 0.0919142725 -0.0532744367 0.000244140625
-0.0356725039 -0.73531172 0.957814616 -0.277831235 -0.118257025 0.259218608 0.000244140625
1.88678246 -0.529053171 -0.274090034 0.00610295069 0.10887504 -0.352299461 0.000244140625
-0.132027879 -0.680619372 0.131593059 0.127571032 -0.431665803 0.0322791057 0.000244140625
-0.385091752 -2.9092374 -2.1836264 0.158907533 -0.0763887619 -0.0159267184 0.000244140625
-0.757273225 -0.0852885757 -0.860079758 0.52945095 0.210468892 0.144155878 0.000244140625
0.760356802 0.523278757 1.57960359 0.584905721 -0.351427019 0.332829357 0.000244140625
0.137931138 -0.289519068 0.081235163 0.333452278 -0.58470476 0.217657471 0.000244140625
1.16587247 1.49183122 -3.48075905 -0.161302483 -0.201435569 0.136115137 0.000244140625
1.69347119 -0.425587667 1.13981642 0.112178456 0.0890952225 0.263076409 0.000244140625
1.17816378 1.29493654 -0.0305553421 -0.257562679 -0.220318969 -0.163196275 0.000244140625
0.302338693 0.837855592 -0.614678432 0.128415168 0.414549596 0.198564787 0.000244140625
0.0101605457 0.545139994 0.0594350287 0.0453931477 -0.357572724 0.135462564 0.000244140625
-0.876615245 -0.588920874 0.677084323 0.457894546 -0.107061683 -0.0971063536 0.000244140625
0.425862741 0.236874422 -0.522441357 -0.681851654 0.368067173 0.343483727 0.000244140625
0.607692796 -0.718851434 -1.63664067 0.130689941 0.10769451 0.0273275214 0.000244140625
-0.0361288165 -1.29139096 0.104590125 -0.25032805 0.130214344 -0.473051876 0.000244140625
0.024724337 0.227167887 -0.451104839 0.0879327799 0.196798713 0.0321942559 0.000244140625
0.446029868 0.324568807 -0.00937575061 0.0448460248 -0.175962675 0.684703627 0.000244140625
3.75657238 0.308339475 1.04784316 -0.153326384 -0.215096615 0.223433651 0.000244140625
-0.0520589795 -0.341087985 -0.0477863642 -0.478061474 0.250569443 -0.722895267 0.000244140625
1.11497964 -0.92417008 -0.798158662 -0.109930883 0.035828736 -0.208591354 0.000244140625
0.823586649 -0.0064637487 0.502326686 -0.288822962 0.0626167084 -0.000162916456 0.000244140625
0.33661066 0.7369505 0.0219206353 0.00331843078 0.160340929 -0.324622058 0.000244140625
-1.75157403 0.267640459 1.08176931 -0.172856683 -0.0880129315 -0.0238960561 0.000244140625
0.26663839 0.217482991 -0.421469028 -0.0585409934 0.239086766 -0.33835344 0.000244140625
0.405034728 0.729204062 0.117024256 0.141168929 0.346358017 -0.0152750579 0.000244140625
12.802833 -0.636265053 -5.97311741 -0.0223003643 0.164469818 -0.0240984928 0.000244140625
0.523178189 0.879377058 -0.557360744 -0.0822420133 0.52585453 0.164857023 0.000244140625
0.20211118 -0.150852354 -1.30286472 -0.196149543 0.613981405 -0.267002528 0.000244140625
-0.839861495 1.47147746 -0.218429589 0.374981487 0.128677265 0.748806026 0.000244140625
-0.383361868 1.29589881 -0.0381069972 -0.169708971 -0.159771482 0.404642696 0.000244140625
-1.91145426 2.0210775 -1.35515868 -0.210672275 0.0671066675 0.457588412 0.000244140625
0.275772639 0.531411398 1.44410227 0.0192718574 -0.458864044 0.47342678 0.000244140625
-0.466990641 0.619749225 -0.942089781 0.126532183 0.149222912 -0.329739828 0.000244140625
0.873009096 -0.299218005 -0.352572955 -0.104168157 -0.0149036718 0.343857421 0.000244140625
0.857276732 -0.171893609 0.149664814 -0.46492142 0.147835619 -0.0965607951 0.000244140625
-0.125433795 1.29332902 -0.229198788 -0.126299332 -0.433456801 0.159819664 0.000244140625
0.749653932 0.226070142 0.948719981 -0.35615454 -0.091331567 0.705048824 0.000244140625
-1.63071732 0.38861754 0.809833764 0.107135331 -0.100961114 0.0119937911 0.000244140625
-0.0192943875 -1.10945881 -0.48607572 -0.303926193 0.330387201 -0.800436746 0.000244140625
0.997374939 1.01448094 0.204331838 -0.012917268 -0.00860016091 -0.0877027662 0.000244140625
-0.103816225 -0.746862024 0.263244128 0.194861634 0.037188047 0.130060189 0.000244140625
-0.418604092 1.13428422 -0.18202575 0.0153531027 0.353920146 -0.110272863 0.000244140625
0.692620829 0.249421153 0.947817206 0.373480254 0.180388131 -0.152366536 0.000244140625
-0.364486646 -0.762134235 0.121459098 -0.718450313 0.0505320426 -0.0855681052 0.000244140625
0.122551171 0.518355385 -1.29672327 0.0258276997 -0.270210504 -0.126422498 0.000244140625
-0.212262858 0.365398571 1.46453575 -0.290445588 0.19176806 0.206134749 0.000244140625
-0.274423061 0.211212134 0.330504457 0.0800198622 -0.40104143 0.152990962 0.000244140625
4.8334385 -3.8564658 2.44483637 -0.124894079 -0.210767376 -0.107747926 0.000244140625
0.571102996 0.260157964 1.22937426 0.267932257 -0.0313623395 0.169249462 0.000244140625
0.211358244 -0.206932858 0.660349696 -0.105549825 -0.162505208 -0.120988248 0.000244140625
-0.166331798 0.982306469 0.430094552 0.539805064 -0.0806715672 -0.085116276 0.000244140625
0.167793044 1.13203198 -0.181158271 0.438448534 -0.332166775 -0.202817992 0.000244140625
-0.443884977 -0.588252002 0.773410899 0.465520005 0.488552824 0.0242363009 0.000244140625
-0.288954946 0.218885724 -0.1259384 -0.648964317 0.31854892 0.00919916598 0.000244140625
-1.34549247 -0.125741734 -0.801353411 -0.106788991 -0.405011378 0.493368121 0.000244140625
-0.126155353 -0.332057846 0.125789078 -0.265792352 0.589659402 0.498274623 0.000244140625
-0.216798986 0.647006106 0.348694309 -0.576639403 -0.0808320699 0.711422932 0.000244140625
-0.310638487 -1.12387633 0.953736949 -0.28398182 0.514362603 0.438040055 0.000244140625
1.68701177 -0.0473247078 0.30937128 -0.103809853 -0.490278151 -0.0397854268 0.000244140625
-4.0949263 -2.39889011 1.14394181 -0.196515513 0.00460023801 -0.293524394 0.000244140625
0.429571271 0.539817355 -0.293633361 0.0381384179 -0.109690888 0.529138816 0.000244140625
0.312884603 0.190918841 0.412548573 0.167453651 0.21344925 0.109987396 0.000244140625
-0.32318613 -4.46484635 -3.97387291 0.0506857758 0.225486472 -0.109829425 0.000244140625
-2.02656796 -1.99065573 2.43260412 -0.189906395 -0.18798951 0.240831604 0.000244140625
-0.27329435 -0.199529568 0.459388989 0.119354988 -0.667419056 -0.00289785682 0.000244140625
0.36518441 -0.29803204 0.641029588 -0.461431885 0.510159124 -0.307847963 0.000244140625
-0.677290232 -0.219092128 -1.1742914 0.647722425 0.138413779 0.250070545 0.000244140625
-2.18208223 1.0419935 -0.921575706 0.0948659781 0.0501234101 -0.13584728 0.000244140625
-0.347716679 3.13873478 -2.42893087 0.11881701 0.297178499 -0.172058031 0.000244140625
0.526702389 -0.0725055244 -0.876330486 0.0520845547 0.280662512 0.212411754 0.000244140625
-0.614202118 -0.352561802 -0.170632317 0.349700844 0.617676129 -0.521206815 0.000244140625
-1.88775549 -1.44333284 3.60326379 0.130830121 -0.318231297 0.00216228063 0.000244140625
0.158560464 -1.61737138 -0.144747736 -0.186470284 -0.00774334796 0.169602335 0.000244140625
0.329651102 -1.38694036 0.207778938 -0.403665874 -0.0855289729 -0.028015575 0.000244140625
0.0363838934 -0.268217078 -0.198698524 0.207277229 0.103819671 0.424495175 0.000244140625
-0.252691172 1.24401174 2.41314533 0.226817063 0.0552620797 0.0261049283 0.000244140625
0.0140111808 0.00818075393 0.362024291 0.325964786 -0.195650268 -0.156945325 0.000244140625
0.170141487 -0.0424601029 -0.627194736 -0.111188985 0.024499881 0.0965662374 0.000244140625
-0.109613423 -0.527244133 0.0390496381 -0.744869148 -0.197410283 0.00480665198 0.000244140625
-0.804915054 0.184426789 -0.00982398669 0.04529297 0.485286476 -0.395609284 0.000244140625
-1.53873351 -2.28613435 3.24944179 -0.083081715 -0.124610381 -0.225321321 0.000244140625
-0.59026157 -0.423938589 -0.0854406286 0.391633679 0.198847645 -0.440150672 0.000244140625
-0.817887318 0.276700465 -0.134585354 -0.212649167 -0.142634591 -0.662216619 0.000244140625
-0.25080447 1.26436415 2.86326142 0.306320513 -0.0563367936 0.00879800288 0.000244140625
0.869615237 -0.294783258 0.153089251 0.204314477 -0.323150321 0.111993349 0.000244140625
0.88941155 0.0935059984 0.576171853 -0.142672566 0.172816914 0.475859186 0.000244140625
0.239890053 0.619051394 0.399669767 -0.282417902 0.115101159 -0.306815015 0.000244140625
0.402994611 -0.562084008 -0.381120091 0.389200348 -0.362289808 -0.0238252077 0.000244140625
-0.278803924 0.249334334 0.103475721 0.227855657 0.163027679 0.723600157 0.000244140625
0.287944589 -0.284236191 0.922592516 -0.266051196 0.305382419 -0.102884479 0.000244140625
-0.944333405 0.301321991 -0.622388903 0.173292365 -0.203177652 0.327764303 0.000244140625
-0.231994149 0.71578099 -0.0543987344 0.573834492 0.23544763 0.0799210067 0.000244140625
0.191314099 2.84062451 -1.13201973 0.0869215891 -0.249339871 0.217455124 0.000244140625
0.894607066 0.385732018 -1.12481892 -0.233927422 -0.102944074 -0.0166235145 0.000244140625
1.39528726 -0.309785886 -0.180685955 -0.0237482446 0.427329688 0.0914757459 0.000244140625
-1.73376772 0.915264367 -0.712618401 0.257854349 -0.194046982 -0.355248073 0.000244140625
-1.12738958 1.00381422 2.13188011 -0.0983935033 -0.452319826 -0.139092452 0.000244140625
-0.852080208 1.21430179 0.339037029 0.317280302 0.093750066 -0.188981065 0.000244140625
0.0769251159 -1.66475224 0.658390548 0.343233383 -0.131041788 0.233924546 0.000244140625
1.10753075 0.711207938 1.22102707 -0.424382705 -0.0752128002 0.300753715 0.000244140625
0.299506683 -1.82718063 -0.672955643 -0.607326027 -0.0298958599 -0.0342950027 0.000244140625
1.15593676 0.321755378 -1.43492456 -0.00881120069 -0.0173694974 0.0179816588 0.000244140625
-0.274694895 -0.162710316 0.346908647 0.397815034 -0.00106012562 0.579435372 0.000244140625
-0.100802329 0.89474999 0.900687555 -0.0748308858 -0.573782715 -0.230221067 0.000244140625
-0.126957884 -0.362510455 0.518732689 0.459056045 -0.00300164452 0.117866823 0.000244140625
-0.0553858062 -3.46900036 3.50027875 -0.0977891507 0.101989472 0.163677189 0.000244140625
0.534334269 1.36276445 -0.405813678 0.132860466 0.0448932802 -0.63749286 0.000244140625
0.111672685 -0.609146815 -0.583059858 0.479779081 0.192621738 0.145051231 0.000244140625
-0.258327559 0.449616186 0.346000936 0.283268902 0.171672918 0.0737318787 0.000244140625
-0.911775164 -1.84609049 0.0463635697 -0.23086587 -0.201752291 -0.277689449 0.000244140625
1.45353371 1.87449181 -0.586512609 0.25145124 -0.139423962 -0.23106264 0.000244140625
-2.91411678 0.0350733312 1.95537284 -0.248400595 -0.0545399626 -0.0933143196 0.000244140625
0.461724209 -0.364832302 -1.82437126 -0.240325441 -0.548046044 0.126972511 0.000244140625
0.758724194 0.53726107 0.90484362 0.377552963 0.191501485 -0.664591541 0.000244140625
1.8059719 -4.36183199 -8.42494876 0.0302284355 -0.160839806 0.0835956304 0.000244140625
-0.620646942 -0.0154967251 -0.517390644 -0.0128821411 0.0119394686 -0.658393642 0.000244140625
0.468564216 0.36697931 0.564580719 0.462910576 -0.195393593 -0.221772849 0.000244140625
0.539950186 0.240680323 0.66183405 0.357969502 0.00207916741 0.166353141 0.000244140625
0.80535051 -0.547798125 0.274671275 -0.334054014 -0.456959269 -0.389615344 0.000244140625
-4.04225708 -1.59369962 -2.94443188 -0.210885134 0.169121524 -0.083711068 0.000244140625
0.0398245158 0.855762036 -1.58277632 -0.557660147 -0.413337499 -0.27622552 0.000244140625
0.363474866 0.354642252 -0.0449718921 -0.30930695 -0.665932707 0.0573833669 0.000244140625
0.0383102218 0.859780056 0.0874466167 0.176798497 0.131224545 0.397588775 0.000244140625
1.29362256 -2.55943068 0.00170579717 0.105768757 -0.108538709 -0.493551134 0.000244140625
0.666082836 0.901831289 0.0848656826 -0.463501483 -0.183810869 -0.040433175 0.000244140625
0.284550111 -0.651808432 -1.64120609 0.10499657 -0.14099251 0.0868418122 0.000244140625
-3.72760042 2.95582785 -2.68118017 0.0747228826 -0.236151855 0.0263752287 0.000244140625
4.68884557 0.46321608 -0.161936832 0.209873161 -0.0318607041 -0.376823498 0.000244140625
-0.237698277 0.418879922 -0.47860153 -0.226338549 -0.51572339 -0.177894868 0.000244140625
-3.21304255 -1.05904411 -3.51174288 -0.251210739 -0.145887417 -0.232422223 0.000244140625
-1.05358331 1.98915252 2.08582892 0.0842073595 0.0421705302 0.0443666499 0.000244140625
0.0440558424 0.284288754 0.485706385 0.367768827 -0.438765556 0.433526333 0.000244140625
-0.981035367 0.069227185 -0.235999243 -0.500294852 0.425568864 0.107464652 0.000244140625
1.43491192 -0.538847943 0.683100204 -0.0738710598 0.294600686 0.13073914 0.000244140625
