# cold uniform sphere, M=1, R=1; seed=20260821
# x y z vx vy vz mass
-0.10705568 0.925580042 0.326892626 0 0 0 0.000244140625
0.563836106 -0.606420666 -0.468025428 0 0 0 0.000244140625
-0.860300629 0.340043963 0.172253807 0 0 0 0.000244140625
-0.200961663 -0.87409523 0.159862759 0 0 0 0.000244140625
0.268694454 0.102499215 0.831043455 0 0 0 0.000244140625
-0.0453530269 -0.504938948 0.213429084 0 0 0 0.000244140625
0.484146809 0.376571949 -0.746527068 0 0 0 0.000244140625
0.83634338 0.352829402 -0.289435858 0 0 0 0.000244140625
0.166166872 -0.68513161 -0.57521213 0 0 0 0.000244140625
-0.501735471 0.672908574 0.130273235 0 0 0 0.000244140625
-0.535746809 -0.524778967 0.55008591 0 0 0 0.000244140625
-0.409993267 -0.0563747367 0.259732543 0 0 0 0.000244140625
0.385371233 -0.61380065 -0.00890388346 0 0 0 0.000244140625
-0.460794639 -0.381747882 -0.53639165 0 0 0 0.000244140625
-0.273179183 0.0436001478 -0.2619671 0 0 0 0.000244140625
-0.697386337 0.328139667 0.253452721 0 0 0 0.000244140625
0.748127962 -0.42411381 0.0108327768 0 0 0 0.000244140625
-0.106184041 -0.332549053 -0.386317179 0 0 0 0.000244140625
-0.444845958 0.56837276 0.489698011 0 0 0 0.000244140625
0.0981959299 0.00533443862 -0.982555607 0 0 0 0.000244140625
0.329415823 0.759119277 0.256642208 0 0 0 0.000244140625
-0.0352278931 -0.297703034 0.206215924 0 0 0 0.000244140625
-0.64615892 -0.329334687 -0.139661535 0 0 0 0.000244140625
-0.797320514 -0.00383595388 -0.435380725 0 0 0 0.000244140625
-0.633290587 0.31423515 0.237385609 0 0 0 0.000244140625
0.655757345 -0.546280079 0.038898818 0 0 0 0.000244140625
0.834560873 0.0454816995 0.206382114 0 0 0 0.000244140625
-0.319075083 0.604702098 0.255247751 0 0 0 0.000244140625
0.756631306 -0.334114503 0.184646928 0 0 0 0.000244140625
0.347557168 -0.10773715 -0.490440273 0 0 0 0.000244140625
-0.46470223 0.279981296 0.444347453 0 0 0 0.000244140625
0.927003184 -0.30160225 -0.16137412 0 0 0 0.000244140625
-0.636241164 -0.443041967 0.381978152 0 0 0 0.000244140625
0.255784994 -0.467354327 -0.835661567 0 0 0 0.000244140625
0.0302407751 0.479981021 -0.507365698 0 0 0 0.000244140625
0.634389644 0.440088432 0.236738641 0 0 0 0.000244140625
-0.655963769 -0.466598321 -0.222688554 0 0 0 0.000244140625
-0.418914199 -0.229319466 -0.0617606007 0 0 0 0.000244140625
0.539276311 -0.630873601 0.226645305 0 0 0 0.000244140625
0.629551798 0.496215433 -0.597602036 0 0 0 0.000244140625
0.49364769 0.245420866 -0.585948046 0 0 0 0.000244140625
-0.505328079 -0.391963526 0.338756697 0 0 0 0.000244140625
-0.165423119 -0.35565326 0.450779473 0 0 0 0.000244140625
0.741117112 0.0653638197 -0.176809799 0 0 0 0.000244140625
-0.134680617 -0.534650411 0.123578142 0 0 0 0.000244140625
-0.239686831 -0.0372226744 0.620916989 0 0 0 0.000244140625
-0.666616744 -0.208520241 0.00182590127 0 0 0 0.000244140625
0.140706256 -0.847675803 0.135866571 0 0 0 0.000244140625
-0.214193558 0.176033643 0.297991484 0 0 0 0.000244140625
-0.718192035 0.532389976 -0.109394335 0 0 0 0.000244140625
-0.280706681 0.0120332177 0.441420376 0 0 0 0.000244140625
0.104947537 -0.776249388 -0.270607816 0 0 0 0.000244140625
-0.533512876 -0.524252812 -0.196700431 0 0 0 0.000244140625
-0.36454446 0.492728135 -0.494078569 0 0 0 0.000244140625
-0.353982575 -0.620620068 -0.684069964 0 0 0 0.000244140625
-0.578626739 0.368604325 0.706707816 0 0 0 0.000244140625
-0.338943932 -0.485501236 0.500286833 0 0 0 0.000244140625
0.757394723 0.388559552 0.323084717 0 0 0 0.000244140625
0.631215025 0.0726224169 -0.386850636 0 0 0 0.000244140625
-0.134898879 -0.888784946 0.00214967764 0 0 0 0.000244140625
0.554720428 0.208564955 0.218988111 0 0 0 0.000244140625
-0.715876275 -0.307649188 -0.123364213 0 0 0 0.000244140625
0.162398584 0.369283675 0.767192842 0 0 0 0.000244140625
-0.0153041386 0.427774875 -0.601762258 0 0 0 0.000244140625
0.120031934 0.956119086 -0.129665777 0 0 0 0.000244140625
0.14490899 0.320598308 0.424804404 0 0 0 0.000244140625
-0.535783205 0.075405554 -0.456846741 0 0 0 0.000244140625
0.214960863 0.54866577 0.426369266 0 0 0 0.000244140625
-0.7690732 0.216952567 -0.137667543 0 0 0 0.000244140625
-0.306774395 -0.474697101 -0.603128864 0 0 0 0.000244140625
-0.74562751 -0.124130935 -0.45605454 0 0 0 0.000244140625
0.75894218 -0.31663763 -0.494980695 0 0 0 0.000244140625
-0.543076913 -0.16023651 -0.66258757 0 0 0 0.000244140625
-0.345559281 -0.265102161 -0.225484442 0 0 0 0.000244140625
-0.217979288 0.624870538 -0.180977268 0 0 0 0.000244140625
-0.0719115652 0.0390647096 0.333816489 0 0 0 0.000244140625
0.57359695 -0.122919745 -0.349154242 0 0 0 0.000244140625
0.454103949 0.0546997956 0.567278674 0 0 0 0.000244140625
0.558931363 0.0206581138 -0.316353654 0 0 0 0.000244140625
-0.200213519 -0.494818958 -0.556159081 0 0 0 0.000244140625
-0.1709738 0.423148649 -0.238228187 0 0 0 0.000244140625
0.593525885 -0.0590591408 0.785009592 0 0 0 0.000244140625
-0.540387331 0.24889012 0.382996838 0 0 0 0.000244140625
-0.601266135 0.222214119 -0.639483003 0 0 0 0.000244140625
-0.119623686 0.400522013 -0.0988043137 0 0 0 0.000244140625
-0.438788815 0.0374580544 -0.80760843 0 0 0 0.000244140625
0.316349584 -0.539821516 0.752145396 0 0 0 0.000244140625
-0.209762294 0.11516543 0.300391547 0 0 0 0.000244140625
0.581054968 -0.0390580814 -0.175906839 0 0 0 0.000244140625
0.27397444 -0.608196048 -0.311723152 0 0 0 0.000244140625
0.328336967 -0.0259927212 0.843170146 0 0 0 0.000244140625
0.258617855 0.594145849 -0.589999352 0 0 0 0.000244140625
-0.646944048 0.200852087 0.724702708 0 0 0 0.000244140625
0.353641529 -0.795596273 0.473939363 0 0 0 0.000244140625
0.834487008 0.0428887757 -0.43368658 0 0 0 0.000244140625
0.5880918 -0.120733 -0.14282407 0 0 0 0.000244140625
-0.611307751 -0.431044654 -0.350500176 0 0 0 0.000244140625
-0.582178423 -0.305723101 -0.339302999 0 0 0 0.000244140625
-0.254147899 0.829047802 -0.386068159 0 0 0 0.000244140625
-0.487003271 -0.707637402 -0.0454251103 0 0 0 0.000244140625
0.116612993 -0.413116183 -0.644586374 0 0 0 0.000244140625
0.382640196 0.662272362 -0.236213318 0 0 0 0.000244140625
-0.459271167 0.214674967 0.379030109 0 0 0 0.000244140625
0.795122512 -0.489570839 0.330533779 0 0 0 0.000244140625
0.279511534 0.506096136 -0.378761699 0 0 0 0.000244140625
-0.424684123 0.0769995392 -0.452059914 0 0 0 0.000244140625
0.123876464 0.821682491 0.194881466 0 0 0 0.000244140625
0.13925323 -0.796348434 -0.26178278 0 0 0 0.000244140625
0.227393811 -0.115455167 -0.570198519 0 0 0 0.000244140625
0.18337535 0.438999068 -0.190401754 0 0 0 0.000244140625
0.164984001 0.516174827 -0.657713551 0 0 0 0.000244140625
0.518288774 0.62670832 0.514288363 0 0 0 0.000244140625
-0.457624749 0.025897645 -0.147966098 0 0 0 0.000244140625
-0.338999798 -0.395136344 -0.230950212 0 0 0 0.000244140625
-0.504751511 -0.680564366 0.0258451782 0 0 0 0.000244140625
-0.0781445421 0.625856457 -0.267592254 0 0 0 0.000244140625
-0.429067059 -0.0365719484 -0.721648932 0 0 0 0.000244140625
0.214878538 0.616193193 0.686136277 0 0 0 0.000244140625
0.241107733 -0.02053583 0.117879362 0 0 0 0.000244140625
0.277957286 -0.254645174 0.496425391 0 0 0 0.000244140625
-0.139961571 0.5055445 -0.334575945 0 0 0 0.000244140625
0.319138295 -0.237707324 -0.344634307 0 0 0 0.000244140625
0.236895034 -0.532156403 0.125856365 0 0 0 0.000244140625
0.50949122 -0.0990556969 -0.689892702 0 0 0 0.000244140625
-0.30058999 -0.319077683 0.775795008 0 0 0 0.000244140625
0.558013367 0.579610581 -0.0614268635 0 0 0 0.000244140625
-0.165110036 -0.131044578 -0.791333573 0 0 0 0.000244140625
0.103989794 0.316724751 -0.242875423 0 0 0 0.000244140625
-0.116865103 -0.388012906 -0.313009823 0 0 0 0.000244140625
0.141596741 0.0641446265 -0.0114727917 0 0 0 0.000244140625
0.233735915 0.707083567 0.636021253 0 0 0 0.000244140625
-0.525994641 -0.371426096 0.209448686 0 0 0 0.000244140625
0.355105528 0.129793681 0.852293322 0 0 0 0.000244140625
-0.552399021 -0.470979514 0.474558222 0 0 0 0.000244140625
-0.580664094 -0.490577794 -0.575746002 0 0 0 0.000244140625
-0.0521495095 -0.223938098 -0.420973071 0 0 0 0.000244140625
-0.135861629 -0.685186639 -0.566051005 0 0 0 0.000244140625
-0.630605529 0.0381416767 -0.184410365 0 0 0 0.000244140625
-0.814173003 0.448498392 -0.0293831931 0 0 0 0.000244140625
-0.567177601 0.240693621 -0.147301108 0 0 0 0.000244140625
0.194075665 -0.395626704 -0.266646323 0 0 0 0.000244140625
0.118149681 -0.806458393 -0.14377025 0 0 0 0.000244140625
-0.570398619 -0.672829507 -0.263668882 0 0 0 0.000244140625
0.545113874 0.164567253 -0.810306554 0 0 0 0.000244140625
0.447936925 0.165147983 -0.478796371 0 0 0 0.000244140625
0.0694025722 0.0859949176 -0.56982112 0 0 0 0.000244140625
0.13591081 0.827966233 -0.0465044939 0 0 0 0.000244140625
-0.404283223 -0.190335601 0.8423226 0 0 0 0.000244140625
0.0159224823 0.389020116 0.855141815 0 0 0 0.000244140625
0.245787933 -0.0108956044 0.929662965 0 0 0 0.000244140625
-0.2881976 0.276967163 -0.34207668 0 0 0 0.000244140625
0.0797497399 0.274848725 0.813944006 0 0 0 0.000244140625
0.259853616 0.0548588425 0.575535893 0 0 0 0.000244140625
-0.633821548 0.194699869 0.704209308 0 0 0 0.000244140625
-0.491548755 -0.0485888734 0.714294516 0 0 0 0.000244140625
-0.174120808 0.215999338 0.808418502 0 0 0 0.000244140625
0.884283481 -0.372469135 -0.251281689 0 0 0 0.000244140625
-0.633654388 -0.488698228 0.0340032629 0 0 0 0.000244140625
-0.742967535 0.22301739 -0.016277812 0 0 0 0.000244140625
-0.0488375269 0.207911562 -0.16102694 0 0 0 0.000244140625
-0.0309096944 0.53765212 0.00704221344 0 0 0 0.000244140625
0.455920659 -0.0181208032 -0.324447819 0 0 0 0.000244140625
-0.443972798 0.00562447569 -0.164043856 0 0 0 0.000244140625
-0.486111507 0.0344434335 0.398196145 0 0 0 0.000244140625
0.250586563 0.247078068 0.524305765 0 0 0 0.000244140625
0.689187439 0.000337983297 0.72279979 0 0 0 0.000244140625
0.676963124 -0.57967438 0.180469837 0 0 0 0.000244140625
0.711579285 0.318643056 -0.277041314 0 0 0 0.000244140625
-0.569574171 -0.0406170695 -0.591700176 0 0 0 0.000244140625
0.678249436 0.0843120313 -0.359429072 0 0 0 0.000244140625
-0.0861886414 -0.89717217 0.166815969 0 0 0 0.000244140625
0.0732086959 0.100129382 -0.782113512 0 0 0 0.000244140625
-0.181268053 -0.756428486 0.382479979 0 0 0 0.000244140625
0.220701689 -0.00522301299 -0.701477995 0 0 0 0.000244140625
0.246489536 -0.756441949 -0.314557028 0 0 0 0.000244140625
-0.273122571 0.63862352 0.204023765 0 0 0 0.000244140625
0.237593826 -0.924314446 0.210899381 0 0 0 0.000244140625
-0.162460736 -0.429717241 -0.211846316 0 0 0 0.000244140625
0.733382973 0.534355727 0.0607795288 0 0 0 0.000244140625
0.0731327688 -0.00467894507 0.247127005 0 0 0 0.000244140625
0.129117375 -0.171908918 -0.709536637 0 0 0 0.000244140625
0.435920782 -0.20003479 0.5941421 0 0 0 0.000244140625
-0.691424896 0.376869128 0.0351946251 0 0 0 0.000244140625
0.415764933 -0.509469633 -0.30016557 0 0 0 0.000244140625
0.792256933 -0.52674588 -0.190391751 0 0 0 0.000244140625
-0.729546502 -0.240825658 0.0891870704 0 0 0 0.000244140625
0.425918531 0.40737538 0.59038814 0 0 0 0.000244140625
0.282765028 -0.807667859 -0.438883191 0 0 0 0.000244140625
0.374993175 0.226448943 0.875997327 0 0 0 0.000244140625
0.0789526426 -0.584876598 0.731620637 0 0 0 0.000244140625
-0.36550464 -0.871645108 0.0584859052 0 0 0 0.000244140625
-0.420316976 0.488343363 0.226050417 0 0 0 0.000244140625
-0.607958041 -0.034562379 -0.475006741 0 0 0 0.000244140625
0.741712081 0.283567383 0.245540752 0 0 0 0.000244140625
0.152543229 0.515072178 0.372278952 0 0 0 0.000244140625
0.447773966 0.304173174 -0.182418432 0 0 0 0.000244140625
-0.211724231 0.588813722 0.547165689 0 0 0 0.000244140625
0.231683613 0.863588034 -0.0314939447 0 0 0 0.000244140625
-0.345042045 0.468896865 -0.0323634413 0 0 0 0.000244140625
0.0752522662 0.018568196 -0.491392154 0 0 0 0.000244140625
-0.70020659 0.203031986 0.0210037159 0 0 0 0.000244140625
-0.768156609 0.316963427 0.420140545 0 0 0 0.000244140625
0.088074864 -0.724646863 0.0387935441 0 0 0 0.000244140625
0.152003522 -0.943638659 0.285176654 0 0 0 0.000244140625
-0.077911224 -0.694808529 0.687380966 0 0 0 0.000244140625
0.333433542 0.697235406 -0.240094233 0 0 0 0.000244140625
-0.578969948 -0.454798569 0.638750347 0 0 0 0.000244140625
0.165054989 0.144895384 0.130586564 0 0 0 0.000244140625
0.261600808 -0.535439311 -0.354587747 0 0 0 0.000244140625
-0.725024787 0.0646836906 0.505081085 0 0 0 0.000244140625
-0.132997924 -0.309565264 -0.728313938 0 0 0 0.000244140625
-0.921146228 -0.150795109 -0.203390032 0 0 0 0.000244140625
0.15754394 -0.111753132 0.1493894 0 0 0 0.000244140625
0.360529068 0.69113446 -0.424833542 0 0 0 0.000244140625
-0.93905564 -0.141980708 0.102949718 0 0 0 0.000244140625
-0.760360005 0.399158773 0.2688721 0 0 0 0.000244140625
-0.0469191974 -0.508034967 0.505843579 0 0 0 0.000244140625
-0.121422151 0.156685721 0.727364888 0 0 0 0.000244140625
0.272919346 -0.191841496 -0.207609381 0 0 0 0.000244140625
0.585514408 0.036286365 -0.417243444 0 0 0 0.000244140625
0.947741195 -0.178519034 -0.171255543 0 0 0 0.000244140625
-0.0742371502 0.588102601 0.418133962 0 0 0 0.000244140625
0.138286371 0.226817211 -0.375444046 0 0 0 0.000244140625
-0.248857036 0.0739261869 -0.559351154 0 0 0 0.000244140625
0.70291337 -0.548260459 0.104764794 0 0 0 0.000244140625
-0.361420303 -0.223157331 -0.482575834 0 0 0 0.000244140625
-0.0990198263 0.727310618 0.200159946 0 0 0 0.000244140625
0.102603493 0.562497797 -0.226875697 0 0 0 0.000244140625
0.297211002 -0.384364516 0.855708766 0 0 0 0.000244140625
0.650073777 0.154349679 -0.517103651 0 0 0 0.000244140625
-0.276435872 -0.4615782 0.396125349 0 0 0 0.000244140625
0.352012863 0.374921954 -0.295459887 0 0 0 0.000244140625
0.0124952689 0.593671372 -0.56928143 0 0 0 0.000244140625
-0.543161525 -0.392788758 -0.448797723 0 0 0 0.000244140625
-0.257119943 0.571183856 -0.437664392 0 0 0 0.000244140625
0.203642109 0.519931471 -0.814182784 0 0 0 0.000244140625
-0.624544202 -0.252421426 0.35474108 0 0 0 0.000244140625
-0.188562116 0.0207630229 -0.916628226 0 0 0 0.000244140625
0.473428902 0.132538558 -0.319113955 0 0 0 0.000244140625
-0.220383849 -0.283837272 0.482524014 0 0 0 0.000244140625
0.601376805 -0.0395164737 -0.617510984 0 0 0 0.000244140625
-0.200972546 -0.258682973 -0.302645442 0 0 0 0.000244140625
0.429055765 0.537417733 0.515284734 0 0 0 0.000244140625
-0.329067728 -0.630458565 -0.0591299739 0 0 0 0.000244140625
-0.17898789 -0.183808013 0.257561321 0 0 0 0.000244140625
-0.711130304 0.0272595591 -0.414941331 0 0 0 0.000244140625
0.106640757 -0.636846397 0.7421577 0 0 0 0.000244140625
-0.391367483 0.358446196 0.57557911 0 0 0 0.000244140625
-0.0343629846 0.272167344 0.400084698 0 0 0 0.000244140625
0.185126547 0.049267395 -0.977619983 0 0 0 0.000244140625
-0.121960541 0.437790652 -0.4514581 0 0 0 0.000244140625
-0.445879648 -0.42791984 -0.102878572 0 0 0 0.000244140625
0.234891357 -0.272569348 -0.140128206 0 0 0 0.000244140625
0.433502987 -0.603950903 0.529561379 0 0 0 0.000244140625
0.334916774 -0.238712767 0.852146444 0 0 0 0.000244140625
-0.00120002471 0.472148849 -0.0890798978 0 0 0 0.000244140625
-0.202642889 0.417960721 0.697529974 0 0 0 0.000244140625
-0.319139248 0.762390878 -0.222337648 0 0 0 0.000244140625
0.138244667 -0.0654533765 0.696196255 0 0 0 0.000244140625
0.258697524 0.159140094 0.802002133 0 0 0 0.000244140625
-0.520083442 -0.0639994409 0.690861747 0 0 0 0.000244140625
0.5103267 -0.0521343905 -0.753025218 0 0 0 0.000244140625
-0.256018659 -0.376014753 -0.185428152 0 0 0 0.000244140625
0.136034917 -0.0422352636 -0.491517351 0 0 0 0.000244140625
0.218508752 0.149762479 -0.851393932 0 0 0 0.000244140625
-0.0253790817 0.657878661 -0.604792205 0 0 0 0.000244140625
-0.791853864 0.0241689732 -0.179546216 0 0 0 0.000244140625
0.237332681 -0.599302877 -0.536487211 0 0 0 0.000244140625
-0.649092629 0.266350968 0.119919674 0 0 0 0.000244140625
0.651800362 -0.135497967 0.106169421 0 0 0 0.000244140625
0.338976688 -0.23259041 -0.612357057 0 0 0 0.000244140625
0.605873618 -0.15861035 -0.152455296 0 0 0 0.000244140625
0.467458747 0.594481563 -0.33134206 0 0 0 0.000244140625
0.0847148076 0.127308047 -0.0667581499 0 0 0 0.000244140625
-0.624366247 -0.214303186 0.601671512 0 0 0 0.000244140625
-0.548144444 0.054613177 0.714074366 0 0 0 0.000244140625
-0.628666559 0.383825685 -0.208947497 0 0 0 0.000244140625
-0.647088104 0.241671308 0.630649473 0 0 0 0.000244140625
-0.0880247229 0.0862604884 0.741291961 0 0 0 0.000244140625
-0.288588629 -0.628308284 0.385212316 0 0 0 0.000244140625
-0.826588832 0.48238378 -0.230237396 0 0 0 0.000244140625
-0.702308803 0.0488802272 0.502434602 0 0 0 0.000244140625
-0.274625929 0.264197196 0.215110988 0 0 0 0.000244140625
-0.0793343781 -0.506097373 -0.037613522 0 0 0 0.000244140625
0.28876635 0.548000666 -0.635307605 0 0 0 0.000244140625
0.351302441 -0.350894541 0.466219118 0 0 0 0.000244140625
0.764984941 0.582098318 0.137503158 0 0 0 0.000244140625
-0.365982385 0.333315846 -0.0342503063 0 0 0 0.000244140625
-0.582849962 -0.0243986037 0.507454581 0 0 0 0.000244140625
-0.374332918 -0.160801666 0.824704886 0 0 0 0.000244140625
0.590353338 -0.539374178 -0.0891220111 0 0 0 0.000244140625
0.170427977 0.469815274 -0.835851691 0 0 0 0.000244140625
0.676839168 -0.19390721 0.0651980402 0 0 0 0.000244140625
-0.029785098 -0.201554424 0.389272889 0 0 0 0.000244140625
-0.888052612 0.153891039 -0.347378584 0 0 0 0.000244140625
0.219309774 -0.135758987 -0.5508692 0 0 0 0.000244140625
-0.246508533 -0.143153827 -0.175006413 0 0 0 0.000244140625
0.739559264 -0.635246131 0.0695254628 0 0 0 0.000244140625
0.67333223 -0.509070218 -0.195855177 0 0 0 0.000244140625
-0.187784584 0.812506594 -0.0389126734 0 0 0 0.000244140625
-0.656040097 -0.308890009 -0.241609751 0 0 0 0.000244140625
0.299547213 -0.284824789 0.274126763 0 0 0 0.000244140625
0.0919623177 0.179015257 0.930769402 0 0 0 0.000244140625
0.567749512 0.131765362 -0.540936938 0 0 0 0.000244140625
0.744750727 -0.166211605 0.627753545 0 0 0 0.000244140625
0.0264816971 -0.825522073 0.185465396 0 0 0 0.000244140625
-0.466993001 0.191268403 0.175320469 0 0 0 0.000244140625
-0.217072108 -0.0519017544 0.406275657 0 0 0 0.000244140625
-0.398226477 -0.133593388 0.303351057 0 0 0 0.000244140625
0.727432221 -0.221245707 -0.167290657 0 0 0 0.000244140625
0.0407200605 0.0779131702 -0.0870230747 0 0 0 0.000244140625
0.18209904 0.317193468 0.000134990107 0 0 0 0.000244140625
0.668989059 -0.0534274115 0.0647062959 0 0 0 0.000244140625
-0.297058154 -0.469962414 -0.3515638 0 0 0 0.000244140625
0.523487853 0.535204314 0.62462166 0 0 0 0.000244140625
-0.610339451 -0.310097475 0.115060962 0 0 0 0.000244140625
0.170516152 0.856875925 -0.262937212 0 0 0 0.000244140625
-0.042815846 -0.453283837 0.287228111 0 0 0 0.000244140625
-0.10848386 0.0213267452 0.441839194 0 0 0 0.000244140625
-0.0310062821 -0.518057256 -0.256484148 0 0 0 0.000244140625
0.327976094 0.365055192 -0.743392224 0 0 0 0.000244140625
0.461662552 -0.483603901 0.73528199 0 0 0 0.000244140625
-0.428233679 -0.197476792 -0.228407967 0 0 0 0.000244140625
-0.390840185 0.0351651516 -0.743494806 0 0 0 0.000244140625
-0.275532164 0.309274618 0.836340247 0 0 0 0.000244140625
0.649821946 -0.230207581 -0.665009784 0 0 0 0.000244140625
0.826796356 0.475004253 -0.277694397 0 0 0 0.000244140625
0.21056489 -0.64805898 0.584986101 0 0 0 0.000244140625
0.961342103 0.136491481 0.0776700913 0 0 0 0.000244140625
0.509368316 0.168725299 0.13175992 0 0 0 0.000244140625
-0.706723688 0.058567477 0.236976056 0 0 0 0.000244140625
0.637035983 -0.329699393 -0.141811728 0 0 0 0.000244140625
-0.500216272 -0.762707647 -0.159340162 0 0 0 0.000244140625
-0.697316671 -0.518352662 0.198220697 0 0 0 0.000244140625
0.0286999606 -0.556632678 0.479145232 0 0 0 0.000244140625
0.522037496 -0.51682119 0.20674024 0 0 0 0.000244140625
-0.259854633 0.878715059 -0.140695479 0 0 0 0.000244140625
-0.783098281 0.225086061 0.14408005 0 0 0 0.000244140625
0.401926417 0.370861273 0.656975678 0 0 0 0.000244140625
0.0877742419 0.522976138 -0.234179284 0 0 0 0.000244140625
0.0814186194 0.177656008 -0.400300378 0 0 0 0.000244140625
-0.111187546 -0.504804123 -0.192733459 0 0 0 0.000244140625
-0.12962601 0.0142521833 -0.886668003 0 0 0 0.000244140625
-0.561040101 -0.635957032 0.322224465 0 0 0 0.000244140625
0.847603979 0.0110323954 0.501779111 0 0 0 0.000244140625
-0.526254714 -0.151681563 0.08240473 0 0 0 0.000244140625
0.162190477 -0.282673473 0.298021575 0 0 0 0.000244140625
-0.180862657 -0.247193067 0.717471814 0 0 0 0.000244140625
0.308003258 -0.539824876 0.000894850027 0 0 0 0.000244140625
-0.420317797 0.196975669 -0.0584684917 0 0 0 0.000244140625
-0.582734489 0.527267205 -0.183402947 0 0 0 0.000244140625
0.761980076 0.0733073394 -0.521048588 0 0 0 0.000244140625
-0.8796791 -0.00626422643 0.353567909 0 0 0 0.000244140625
-0.159490864 -0.498932419 0.513857189 0 0 0 0.000244140625
0.268798528 -0.210884708 -0.213650113 0 0 0 0.000244140625
-0.379494018 -0.308873854 0.0564155065 0 0 0 0.000244140625
-0.461483902 -0.52886961 0.295969604 0 0 0 0.000244140625
0.0427838246 -0.0316401957 -0.608439433 0 0 0 0.000244140625
0.387531824 -0.310125953 -0.140715467 0 0 0 0.000244140625
-0.144942059 0.163769834 0.475298044 0 0 0 0.000244140625
0.297592812 0.487917367 0.72544234 0 0 0 0.000244140625
0.203706485 -0.695673259 0.529871601 0 0 0 0.000244140625
-0.581013577 0.745145014 -0.166461005 0 0 0 0.000244140625
0.00357856849 0.639651314 -0.274258728 0 0 0 0.000244140625
-0.405989295 -0.218431516 0.120127609 0 0 0 0.000244140625
-0.0904463009 -0.0552429164 -0.861073486 0 0 0 0.000244140625
-0.317439835 -0.259353267 0.82778146 0 0 0 0.000244140625
0.0278345203 -0.709654295 -0.0494455643 0 0 0 0.000244140625
-0.627176815 0.430278208 -0.466452386 0 0 0 0.000244140625
-0.426978157 -0.510085055 -0.036836078 0 0 0 0.000244140625
0.797684318 0.0341994739 0.471641604 0 0 0 0.000244140625
0.129254681 -0.227086901 0.441502735 0 0 0 0.000244140625
-0.425697872 -0.302053083 -0.349675664 0 0 0 0.000244140625
0.616110452 -0.695575697 -0.0352598972 0 0 0 0.000244140625
0.738118299 0.0759419249 0.24960995 0 0 0 0.000244140625
0.487344329 0.321928102 0.600092151 0 0 0 0.000244140625
-0.677537935 -0.0662638888 0.642392407 0 0 0 0.000244140625
0.213184572 -0.0703531712 -0.428959087 0 0 0 0.000244140625
0.233096813 -0.644739921 -0.186218145 0 0 0 0.000244140625
-0.0440710754 0.321090797 0.195782024 0 0 0 0.000244140625
0.504008283 -0.116070746 0.683293278 0 0 0 0.000244140625
-0.167683711 -0.793067821 0.363033087 0 0 0 0.000244140625
0.415747028 -0.740630142 0.170864712 0 0 0 0.000244140625
-0.240514 -0.742107705 -0.0699539108 0 0 0 0.000244140625
-0.450431486 0.575719918 0.377389525 0 0 0 0.000244140625
-0.455272007 0.744987613 0.215910347 0 0 0 0.000244140625
-0.722865752 0.260592439 0.560930529 0 0 0 0.000244140625
0.651221835 -0.266395071 -0.145211874 0 0 0 0.000244140625
0.0878151338 -0.460500812 0.0120918565 0 0 0 0.000244140625
0.0495144046 -0.766192923 -0.524363375 0 0 0 0.000244140625
0.545163341 0.46142529 0.0681806283 0 0 0 0.000244140625
-0.0497513007 0.710074478 -0.0436204956 0 0 0 0.000244140625
0.531597504 0.303252601 -0.0562695884 0 0 0 0.000244140625
-0.0730552172 -0.278810893 0.201825754 0 0 0 0.000244140625
-0.288133827 -0.085451978 0.115008834 0 0 0 0.000244140625
-0.511146156 0.11779338 0.513725767 0 0 0 0.000244140625
-0.153297988 -0.370011683 -0.0617372407 0 0 0 0.000244140625
0.260226359 -0.224088774 0.15896914 0 0 0 0.000244140625
0.219037429 0.284393061 0.426919482 0 0 0 0.000244140625
0.305608477 -0.3779136 -0.520749142 0 0 0 0.000244140625
-0.0792271144 0.187182814 0.53076763 0 0 0 0.000244140625
0.0293662379 -0.37296572 -0.67700818 0 0 0 0.000244140625
0.87161121 0.404621417 0.151157053 0 0 0 0.000244140625
0.229024674 -0.555787649 0.355195435 0 0 0 0.000244140625
-0.574523309 -0.403867008 0.0660857023 0 0 0 0.000244140625
0.47395943 -0.391276473 0.102004494 0 0 0 0.000244140625
0.293044174 -0.892547528 0.330872423 0 0 0 0.000244140625
-0.319134776 0.0397196554 -0.593527801 0 0 0 0.000244140625
-0.0376340431 -0.156317215 -0.271012792 0 0 0 0.000244140625
0.155839342 -0.216481065 0.0310390342 0 0 0 0.000244140625
0.0382759437 -0.807467636 0.385330628 0 0 0 0.000244140625
-0.687385921 -0.0379800088 -0.162752005 0 0 0 0.000244140625
-0.0965554246 0.512112456 0.742325208 0 0 0 0.000244140625
-0.734669347 0.0225502413 -0.0966387169 0 0 0 0.000244140625
-0.422582025 0.889235313 0.0777091443 0 0 0 0.000244140625
-0.515608651 -0.229820145 -0.41903535 0 0 0 0.000244140625
-0.463506072 -0.4338135 0.565654993 0 0 0 0.000244140625
-0.510686787 0.763073236 0.120736581 0 0 0 0.000244140625
0.688326648 0.250167059 0.527825333 0 0 0 0.000244140625
-0.347681212 0.736694692 -0.286109856 0 0 0 0.000244140625
-0.0473506009 -0.677140898 0.666677412 0 0 0 0.000244140625
-0.14932438 0.512613267 -0.172438881 0 0 0 0.000244140625
-0.376153429 -0.166773988 -0.273855676 0 0 0 0.000244140625
-0.00610951181 0.681310091 -0.25418171 0 0 0 0.000244140625
0.729988843 0.120522176 0.0667406088 0 0 0 0.000244140625
0.0922869799 0.574398614 0.600787625 0 0 0 0.000244140625
-0.073720279 0.935963536 0.32401753 0 0 0 0.000244140625
0.492383737 -0.430588938 0.284224765 0 0 0 0.000244140625
-0.033386284 0.485382108 -0.489879091 0 0 0 0.000244140625
-0.2096895 0.512884221 0.0777994358 0 0 0 0.000244140625
-0.131794267 0.398976334 -0.474586868 0 0 0 0.000244140625
0.573157396 0.415976849 -0.171565592 0 0 0 0.000244140625
0.389433925 -0.0940465041 -0.142785979 0 0 0 0.000244140625
-0.41462119 -0.25496384 -0.0622198972 0 0 0 0.000244140625
-0.24746981 -0.608452066 0.276787052 0 0 0 0.000244140625
-0.400179281 0.799599884 -0.299467501 0 0 0 0.000244140625
0.174984383 -0.318867705 0.565691371 0 0 0 0.000244140625
0.0629263305 -0.488116185 0.831097356 0 0 0 0.000244140625
-0.210767485 0.145017841 -0.29887921 0 0 0 0.000244140625
-0.250275562 0.330733684 0.264763887 0 0 0 0.000244140625
-0.147616919 0.219936181 0.604046708 0 0 0 0.000244140625
0.0583340848 0.494915108 0.516346983 0 0 0 0.000244140625
0.313213198 -0.532631772 0.499030856 0 0 0 0.000244140625
0.559801904 0.203675742 -0.139240422 0 0 0 0.000244140625
-0.468081718 -0.269755138 -0.36445328 0 0 0 0.000244140625
0.777324512 -0.0463296883 -0.18068809 0 0 0 0.000244140625
0.199272483 0.174637906 -0.684582354 0 0 0 0.000244140625
0.353741031 -0.0275839832 -0.806389972 0 0 0 0.000244140625
0.256211479 0.763966005 -0.112643701 0 0 0 0.000244140625
0.403242901 -0.457108662 -0.0532071031 0 0 0 0.000244140625
0.399756001 -0.36404165 -0.181960006 0 0 0 0.000244140625
0.484895906 0.631878433 -0.383921045 0 0 0 0.000244140625
0.599894538 0.0478114245 0.124623023 0 0 0 0.000244140625
0.185244671 -0.732062401 0.279448688 0 0 0 0.000244140625
-0.673094635 -0.00730293155 0.262626199 0 0 0 0.000244140625
-0.620609249 -0.472085999 -0.441435738 0 0 0 0.000244140625
0.481619808 -0.646657977 -0.0859446152 0 0 0 0.000244140625
-0.245872315 0.689680662 -0.338872901 0 0 0 0.000244140625
0.180867078 0.0334154341 -0.535695563 0 0 0 0.000244140625
-0.300678173 0.25912671 -0.649120835 0 0 0 0.000244140625
-0.319696939 0.204045473 0.836743363 0 0 0 0.000244140625
0.606453322 -0.180563222 -0.550417066 0 0 0 0.000244140625
-0.775005897 -0.559380716 0.173468539 0 0 0 0.000244140625
0.170587314 0.153099029 0.50909202 0 0 0 0.000244140625
0.449193366 0.511382648 0.46561617 0 0 0 0.000244140625
-0.018193198 -0.479153978 -0.484551677 0 0 0 0.000244140625
-0.911833376 -0.0772060883 0.271450318 0 0 0 0.000244140625
0.428926311 0.230236642 0.384889362 0 0 0 0.000244140625
-0.50697207 -0.673745692 -0.352263624 0 0 0 0.000244140625
-0.837428108 0.140943766 0.272801817 0 0 0 0.000244140625
0.632931436 0.0422901866 0.380672181 0 0 0 0.000244140625
-0.0668483243 0.202386024 -0.305862712 0 0 0 0.000244140625
-0.599529281 -0.271643292 0.291950778 0 0 0 0.000244140625
0.140736023 -0.556269014 -0.358356165 0 0 0 0.000244140625
-0.222672478 -0.0142626217 -0.453177436 0 0 0 0.000244140625
-0.291824915 0.495630157 -0.249943969 0 0 0 0.000244140625
-0.74053463 -0.104513973 -0.15130678 0 0 0 0.000244140625
-0.237640567 -0.872969658 0.309487998 0 0 0 0.000244140625
-0.220484783 0.350350566 -0.656465025 0 0 0 0.000244140625
0.269464864 -0.683551451 0.137433776 0 0 0 0.000244140625
0.41968455 0.753208138 -0.288104419 0 0 0 0.000244140625
0.0103520783 -0.094973694 -0.965800568 0 0 0 0.000244140625
-0.277503349 0.825554272 -0.482648557 0 0 0 0.000244140625
0.184441509 -0.898752055 0.142399238 0 0 0 0.000244140625
-0.107697134 0.712901988 -0.328620034 0 0 0 0.000244140625
0.0373354062 0.517966682 -0.614741843 0 0 0 0.000244140625
-0.740532934 0.17619283 0.114134364 0 0 0 0.000244140625
0.733112562 0.414440777 -0.188833149 0 0 0 0.000244140625
0.180079812 -0.652192606 -0.287410962 0 0 0 0.000244140625
-0.676135939 -0.454175734 0.182320492 0 0 0 0.000244140625
0.872699274 0.150424542 -0.219336204 0 0 0 0.000244140625
0.022609289 -0.0333403723 -0.452009088 0 0 0 0.000244140625
0.462709897 -0.321500841 -0.427275231 0 0 0 0.000244140625
-0.216058761 0.789451343 -0.300653188 0 0 0 0.000244140625
-0.167141074 -0.249644876 0.6820869 0 0 0 0.000244140625
0.270570936 -0.151908741 -0.0021071166 0 0 0 0.000244140625
-0.2136022 -0.092037479 0.0874970412 0 0 0 0.000244140625
-0.762960649 0.336184399 0.370127134 0 0 0 0.000244140625
0.632259675 0.328088951 0.351495184 0 0 0 0.000244140625
-0.0765329821 0.325342176 -0.00639103879 0 0 0 0.000244140625
0.0221777986 0.323355861 -0.085708032 0 0 0 0.000244140625
0.760433719 -0.535942378 -0.364893301 0 0 0 0.000244140625
-0.865352719 -0.31252221 0.300884458 0 0 0 0.000244140625
0.301616364 0.549022892 0.649028918 0 0 0 0.000244140625
0.446111022 -0.771761585 0.0839784076 0 0 0 0.000244140625
0.0596630479 0.665832688 0.332207576 0 0 0 0.000244140625
0.196290868 -0.254785156 -0.60981932 0 0 0 0.000244140625
-0.0552176167 -0.474483706 -0.840280217 0 0 0 0.000244140625
0.17636784 0.118908548 -0.389230905 0 0 0 0.000244140625
0.352188077 -0.290981455 0.727552124 0 0 0 0.000244140625
0.232576558 -0.590341764 0.678308846 0 0 0 0.000244140625
-0.288795437 0.727541287 -0.578735752 0 0 0 0.000244140625
0.0290077325 0.818030292 0.54043846 0 0 0 0.000244140625
0.195796374 0.331525916 0.790825061 0 0 0 0.000244140625
0.493040317 0.159100019 -0.721015822 0 0 0 0.000244140625
-0.293409276 0.748265536 0.0894717119 0 0 0 0.000244140625
0.221692861 0.590855708 -0.0493515039 0 0 0 0.000244140625
0.757777424 0.0217437574 -0.616481849 0 0 0 0.000244140625
-0.714254903 0.10974359 0.268531982 0 0 0 0.000244140625
-0.681765917 0.289710594 -0.185262968 0 0 0 0.000244140625
0.569087401 0.355490428 -0.650137103 0 0 0 0.000244140625
0.523042207 0.169701261 0.339082522 0 0 0 0.000244140625
0.429798361 0.674943272 0.456636527 0 0 0 0.000244140625
0.56350333 -0.0652867008 -0.263517864 0 0 0 0.000244140625
-0.148978267 -0.245197655 0.877151937 0 0 0 0.000244140625
-0.324511003 0.615942623 -0.619820652 0 0 0 0.000244140625
0.286154052 0.467533676 0.383456781 0 0 0 0.000244140625
0.735445048 -0.619622716 0.154396108 0 0 0 0.000244140625
0.204872092 -0.157897225 -0.268074723 0 0 0 0.000244140625
-0.486617756 0.0620177705 0.838333844 0 0 0 0.000244140625
0.539464364 0.65209521 -0.510668572 0 0 0 0.000244140625
0.137427624 -0.509049265 -0.0755393892 0 0 0 0.000244140625
0.656689051 -0.310349149 -0.48554232 0 0 0 0.000244140625
0.418848608 0.100188848 -0.657798523 0 0 0 0.000244140625
-0.362288041 -0.599788263 0.329487892 0 0 0 0.000244140625
0.258400838 0.930259382 -0.12027194 0 0 0 0.000244140625
0.0468760149 -0.206547288 -0.370807465 0 0 0 0.000244140625
-0.11239917 -0.215717836 0.548496621 0 0 0 0.000244140625
0.648288998 -0.37524538 -0.0154724511 0 0 0 0.000244140625
-0.52147679 -0.434319003 0.0915540869 0 0 0 0.000244140625
-0.174414162 -0.0720481522 0.599166713 0 0 0 0.000244140625
-0.201906139 -0.412510888 -0.782178563 0 0 0 0.000244140625
0.645309096 -0.426633893 0.484851786 0 0 0 0.000244140625
0.0406571026 0.0378150207 -0.424272504 0 0 0 0.000244140625
-0.807024044 -0.130789431 -0.268689843 0 0 0 0.000244140625
-0.403513265 0.411520111 0.421190787 0 0 0 0.000244140625
-0.616712317 0.288181305 -0.641055709 0 0 0 0.000244140625
-0.487238477 0.059887784 -0.310096928 0 0 0 0.000244140625
0.088375662 -0.736788458 -0.419083812 0 0 0 0.000244140625
0.206342398 -0.0477389743 -0.746350972 0 0 0 0.000244140625
-0.171222331 0.340506318 -0.106088241 0 0 0 0.000244140625
-0.27425546 -0.546633982 -0.0607833322 0 0 0 0.000244140625
0.78866551 -0.479536591 -0.22802336 0 0 0 0.000244140625
0.0591087605 -0.427364452 0.0995059509 0 0 0 0.000244140625
0.803052861 0.185798473 -0.461994164 0 0 0 0.000244140625
-0.208967542 -0.293703725 0.0571029022 0 0 0 0.000244140625
-0.120622802 0.0760519263 0.649748447 0 0 0 0.000244140625
0.16599519 -0.685172402 -0.275602831 0 0 0 0.000244140625
-0.349082745 0.219698832 0.64444209 0 0 0 0.000244140625
0.238921892 0.376221678 0.535716066 0 0 0 0.000244140625
-0.0244102343 -0.0607856511 0.609714396 0 0 0 0.000244140625
0.206452614 -0.278760311 0.30649703 0 0 0 0.000244140625
-0.154003904 -0.741955876 -0.532412196 0 0 0 0.000244140625
0.0981538118 0.410655557 -0.223417976 0 0 0 0.000244140625
-0.075545603 -0.816653767 0.115695051 0 0 0 0.000244140625
0.33799504 0.622116267 -0.310238651 0 0 0 0.000244140625
-0.278359464 0.182365409 -0.711686114 0 0 0 0.000244140625
-0.384416608 0.606196952 -0.0788203616 0 0 0 0.000244140625
-0.0207642764 0.0165882422 -0.0317927755 0 0 0 0.000244140625
-0.0692115596 -0.966897101 0.193629519 0 0 0 0.000244140625
0.357632314 -0.785917955 -0.158717984 0 0 0 0.000244140625
-0.216447154 -0.618164178 0.177253077 0 0 0 0.000244140625
-0.457182644 -0.412649822 -0.329016825 0 0 0 0.000244140625
0.694576414 0.301780695 0.600093448 0 0 0 0.000244140625
0.0630978658 0.389072571 0.673883955 0 0 0 0.000244140625
0.181389828 0.0107910957 0.803039654 0 0 0 0.000244140625
-0.280439359 -0.216674902 0.812311502 0 0 0 0.000244140625
-0.859533124 0.0195597871 0.422114194 0 0 0 0.000244140625
0.0111176433 -0.388857558 0.362078355 0 0 0 0.000244140625
0.134840003 -0.426901399 0.484543571 0 0 0 0.000244140625
0.29154849 -0.382324514 0.8557307 0 0 0 0.000244140625
0.694898483 0.674344378 -0.037094034 0 0 0 0.000244140625
-0.554827497 0.153685731 -0.517146746 0 0 0 0.000244140625
0.351979499 -0.757195506 0.218020086 0 0 0 0.000244140625
-0.447490327 0.753246217 -0.28646576 0 0 0 0.000244140625
-0.654555224 0.47541258 -0.516331213 0 0 0 0.000244140625
0.528023168 0.440402961 0.71760732 0 0 0 0.000244140625
0.178825695 0.393907557 -0.575632206 0 0 0 0.000244140625
0.878684505 0.283739881 -0.100048818 0 0 0 0.000244140625
0.248144257 0.371881005 -0.038881952 0 0 0 0.000244140625
0.0953068473 0.75496205 -0.420868626 0 0 0 0.000244140625
-0.325285146 -0.391830567 0.118247498 0 0 0 0.000244140625
0.656919962 -0.107402982 0.190339245 0 0 0 0.000244140625
-0.16294305 -0.284449526 -0.046721933 0 0 0 0.000244140625
-0.620229638 -0.509126231 -0.338359777 0 0 0 0.000244140625
-0.704547796 -0.265067639 -0.066032194 0 0 0 0.000244140625
0.707371308 -0.377903174 -0.0711328218 0 0 0 0.000244140625
-0.62692447 0.451118288 -0.440361648 0 0 0 0.000244140625
0.550510098 0.020360498 -0.779360798 0 0 0 0.000244140625
0.131640756 -0.731729213 0.266493553 0 0 0 0.000244140625
0.386969207 -0.0941178056 0.863047442 0 0 0 0.000244140625
-0.401825753 -0.201776645 -0.860306678 0 0 0 0.000244140625
0.130911732 -0.00435203695 -0.382206374 0 0 0 0.000244140625
-0.658896396 -0.360598159 0.322497442 0 0 0 0.000244140625
0.193494886 -0.00119516034 0.330646369 0 0 0 0.000244140625
-0.451188904 -0.504861989 0.0675080237 0 0 0 0.000244140625
-0.12037267 -0.0166730103 -0.231175924 0 0 0 0.000244140625
0.231247025 -0.757032391 0.284992333 0 0 0 0.000244140625
0.309018529 0.151074449 -0.0324171983 0 0 0 0.000244140625
0.435492937 0.146583588 -0.2592636 0 0 0 0.000244140625
0.315811343 0.0186472178 0.437619038 0 0 0 0.000244140625
0.113573633 -0.460772487 0.0336752845 0 0 0 0.000244140625
-0.958815142 0.0594023927 0.0668471239 0 0 0 0.000244140625
0.160506246 0.0426460278 0.138597963 0 0 0 0.000244140625
0.02792875 -0.352580561 -0.0281952356 0 0 0 0.000244140625
-0.586985882 -0.455628378 -0.144730375 0 0 0 0.000244140625
-0.707106325 -0.146384748 0.100267315 0 0 0 0.000244140625
-0.565532449 0.203119941 0.789927657 0 0 0 0.000244140625
0.171472044 -0.362547706 0.366638211 0 0 0 0.000244140625
0.456468576 -0.00388903044 -0.427644191 0 0 0 0.000244140625
-0.720274691 -0.00279511582 -0.361729984 0 0 0 0.000244140625
0.228063528 -0.159108758 -0.564562472 0 0 0 0.000244140625
0.353858803 -0.0217059854 0.416847244 0 0 0 0.000244140625
0.395900578 0.447934475 -0.576262261 0 0 0 0.000244140625
-0.0051112582 -0.461951287 -0.548050934 0 0 0 0.000244140625
-0.638084145 -0.39072235 -0.631573003 0 0 0 0.000244140625
-0.461453374 0.0710726481 -0.39142199 0 0 0 0.000244140625
-0.440101738 -0.168608748 -0.615552983 0 0 0 0.000244140625
0.238384892 0.14216063 0.310190399 0 0 0 0.000244140625
-0.0405352026 -0.0302022416 0.991277705 0 0 0 0.000244140625
0.0643949543 -0.635169944 -0.660579266 0 0 0 0.000244140625
0.753425982 -0.483073981 -0.213279869 0 0 0 0.000244140625
0.830552218 -0.223498411 0.198386112 0 0 0 0.000244140625
-0.0522653339 0.686802181 0.104241939 0 0 0 0.000244140625
-0.2618373 0.742504654 -0.466530191 0 0 0 0.000244140625
0.220583506 0.483759671 -0.652260694 0 0 0 0.000244140625
-0.0135075776 0.15650714 0.732769081 0 0 0 0.000244140625
0.186676116 -0.645918197 -0.422090815 0 0 0 0.000244140625
-0.152149294 0.951154828 -0.172532937 0 0 0 0.000244140625
-0.826252184 0.281684413 0.22275757 0 0 0 0.000244140625
0.909790154 -0.085338871 0.216958455 0 0 0 0.000244140625
0.409405125 0.42457036 0.494485391 0 0 0 0.000244140625
-0.627739969 -0.134876412 0.128065907 0 0 0 0.000244140625
0.606560681 0.232344057 0.182091508 0 0 0 0.000244140625
-0.709995572 0.168451749 -0.370996334 0 0 0 0.000244140625
0.108663731 -0.876155595 -0.155395569 0 0 0 0.000244140625
0.772126502 0.17293984 0.446295741 0 0 0 0.000244140625
0.864486678 -0.058274921 0.39237463 0 0 0 0.000244140625
-0.0612462515 0.691738772 0.441570218 0 0 0 0.000244140625
0.0642104573 0.812474233 -0.0215497913 0 0 0 0.000244140625
-0.0927887165 0.542100013 -0.240362852 0 0 0 0.000244140625
0.186496204 0.0111375781 -0.199338331 0 0 0 0.000244140625
-0.119432399 0.63792278 0.586329825 0 0 0 0.000244140625
0.356631459 -0.462685594 0.0616850019 0 0 0 0.000244140625
0.248914249 0.263734146 -0.0767550922 0 0 0 0.000244140625
-0.682287774 -0.0376139084 0.562815022 0 0 0 0.000244140625
0.53858152 -0.579057525 -0.542995437 0 0 0 0.000244140625
0.837187429 -0.0423824645 -0.512567205 0 0 0 0.000244140625
0.249425282 0.775247838 4.04782044e-05 0 0 0 0.000244140625
-0.426578838 0.125319562 -0.0967708118 0 0 0 0.000244140625
0.085907481 0.83992324 -0.52589092 0 0 0 0.000244140625
0.388013669 -0.0823610367 -0.400242155 0 0 0 0.000244140625
-0.813550013 0.350475576 -0.108212576 0 0 0 0.000244140625
-0.295155802 0.262689984 -0.338187538 0 0 0 0.000244140625
0.400191509 0.839774481 0.224202472 0 0 0 0.000244140625
-0.484635562 -0.594667454 0.493113411 0 0 0 0.000244140625
-0.268530951 0.56033172 -0.0220952722 0 0 0 0.000244140625
0.0659959801 -0.550900636 -0.793555211 0 0 0 0.000244140625
0.736743866 0.380771251 -0.0888729009 0 0 0 0.000244140625
0.792592782 -0.349679119 0.226912269 0 0 0 0.000244140625
-0.398438573 -0.308316894 0.43024168 0 0 0 0.000244140625
-0.740342908 0.187121322 -0.53851361 0 0 0 0.000244140625
0.183865851 0.00482816526 0.891214431 0 0 0 0.000244140625
-0.8987291 0.0174161811 0.126421847 0 0 0 0.000244140625
0.774507771 -0.282028417 -0.429263622 0 0 0 0.000244140625
-0.415582472 0.220070895 -0.378757759 0 0 0 0.000244140625
-0.679609355 -0.55731954 0.381173587 0 0 0 0.000244140625
-0.664567289 -0.131351519 0.0730587468 0 0 0 0.000244140625
0.0957543158 -0.179245175 0.606535725 0 0 0 0.000244140625
-0.250696329 0.236920565 -0.904197406 0 0 0 0.000244140625
0.621745516 0.488163371 -0.0253590597 0 0 0 0.000244140625
-0.0401072827 -0.362787644 0.170527819 0 0 0 0.000244140625
0.492517154 0.527768658 -0.21729696 0 0 0 0.000244140625
-0.5209042 0.00886405485 -0.100527918 0 0 0 0.000244140625
-0.399560279 0.29654 0.514180273 0 0 0 0.000244140625
0.761307667 -0.481904336 0.405501854 0 0 0 0.000244140625
0.888132901 0.315993743 -0.0966007608 0 0 0 0.000244140625
-0.00895822258 -0.00954692603 0.138838879 0 0 0 0.000244140625
0.548554785 0.123620475 0.505705757 0 0 0 0.000244140625
-0.21723907 -0.696386631 0.377676861 0 0 0 0.000244140625
-0.659136209 -0.143107072 0.56599256 0 0 0 0.000244140625
0.090953833 -0.70408111 0.40245262 0 0 0 0.000244140625
-0.0418115129 -0.137575947 -0.899975996 0 0 0 0.000244140625
0.106818526 -0.823443649 0.145679906 0 0 0 0.000244140625
-0.511078524 -0.271037864 -0.802216072 0 0 0 0.000244140625
-0.498720782 0.259137172 0.423571379 0 0 0 0.000244140625
0.130702051 -0.37130841 -0.733045311 0 0 0 0.000244140625
-0.111545588 -0.551976919 0.268463043 0 0 0 0.000244140625
-0.285121524 -0.543297084 -0.558684469 0 0 0 0.000244140625
-0.412136748 -0.18241562 -0.606502687 0 0 0 0.000244140625
0.421769758 -0.191698466 0.159551309 0 0 0 0.000244140625
-0.104225294 0.0965247571 -0.772777393 0 0 0 0.000244140625
0.698291776 -0.178121557 -0.551678721 0 0 0 0.000244140625
-0.303793565 -0.328793333 0.306092 0 0 0 0.000244140625
-0.877562127 0.42310347 0.0563627212 0 0 0 0.000244140625
0.3591711 -0.895533272 0.121091064 0 0 0 0.000244140625
0.394913591 0.484013807 0.527657027 0 0 0 0.000244140625
0.587850876 0.643250167 0.257777885 0 0 0 0.000244140625
0.661212965 0.414732848 0.124418143 0 0 0 0.000244140625
-0.143017708 -0.562389878 -0.625665513 0 0 0 0.000244140625
-0.0311844705 0.295891021 -0.946078422 0 0 0 0.000244140625
-0.615016324 -0.338405859 -0.175559812 0 0 0 0.000244140625
-0.0607401595 -0.0126365613 0.047488972 0 0 0 0.000244140625
0.321814954 -0.441730942 0.28331195 0 0 0 0.000244140625
0.345635864 0.776579503 0.300692857 0 0 0 0.000244140625
0.521310922 -0.522661715 -0.196229097 0 0 0 0.000244140625
-0.0172059371 -0.700300677 0.237712718 0 0 0 0.000244140625
-0.077570902 0.199103142 -0.309362182 0 0 0 0.000244140625
-0.0528942271 -0.0365867916 -0.421902695 0 0 0 0.000244140625
0.342334174 -0.618749339 0.0806132082 0 0 0 0.000244140625
0.668966879 0.289299174 0.264847897 0 0 0 0.000244140625
-0.583000557 -0.520200153 -0.146852682 0 0 0 0.000244140625
-0.325963042 0.856753486 0.00363668183 0 0 0 0.000244140625
-0.692366213 0.691410396 -0.163305529 0 0 0 0.000244140625
-0.262565499 -0.221848507 0.35548573 0 0 0 0.000244140625
0.407203615 0.0559827998 -0.691660775 0 0 0 0.000244140625
0.843570417 -0.424957912 0.115274636 0 0 0 0.000244140625
-0.70603404 -0.0113915423 0.336702106 0 0 0 0.000244140625
0.475752589 -0.0735014582 -0.548039014 0 0 0 0.000244140625
0.117326184 0.151995324 0.107882597 0 0 0 0.000244140625
0.749505051 -0.211382723 -0.312393018 0 0 0 0.000244140625
-0.303997354 0.393790236 0.382463885 0 0 0 0.000244140625
-0.230820715 0.3615802 0.425532045 0 0 0 0.000244140625
-0.60053627 0.119028371 0.00789807319 0 0 0 0.000244140625
-0.0939962384 -0.680994089 -0.284250787 0 0 0 0.000244140625
-0.0193910387 0.325910737 -0.858096433 0 0 0 0.000244140625
0.445855314 -0.177296362 0.455152324 0 0 0 0.000244140625
-0.0547627402 -0.333671299 -0.885878169 0 0 0 0.000244140625
-0.271203398 -0.344087553 -0.563581501 0 0 0 0.000244140625
0.583770975 -0.337540642 0.417925905 0 0 0 0.000244140625
-0.0630571 -0.323202461 -0.905375387 0 0 0 0.000244140625
0.322528035 -0.192607975 -0.857057231 0 0 0 0.000244140625
0.116824138 -0.0993425664 -0.386706523 0 0 0 0.000244140625
0.101583719 -0.0425902973 -0.951703256 0 0 0 0.000244140625
0.171292341 -0.29141757 -0.609520547 0 0 0 0.000244140625
-0.0973440544 0.742716553 0.0200197302 0 0 0 0.000244140625
0.0414879255 0.304148277 -0.544166079 0 0 0 0.000244140625
0.20380267 -0.865400234 0.272177194 0 0 0 0.000244140625
-0.0748528362 0.710544405 -0.689808082 0 0 0 0.000244140625
-0.257556859 0.622090839 -0.531304068 0 0 0 0.000244140625
0.454570385 -0.276091903 -0.278064728 0 0 0 0.000244140625
0.427384486 0.500020675 0.134451271 0 0 0 0.000244140625
0.0663945498 -0.627861525 -0.715418818 0 0 0 0.000244140625
-0.0746057484 -0.534895933 -0.652378474 0 0 0 0.000244140625
0.832234258 -0.133254783 -0.35778258 0 0 0 0.000244140625
0.00447762369 0.482727819 0.319397325 0 0 0 0.000244140625
-0.667855775 0.0696487208 0.325811772 0 0 0 0.000244140625
-0.720385289 -0.236363872 0.195613639 0 0 0 0.000244140625
-0.170861738 -0.115528048 -0.150635544 0 0 0 0.000244140625
-0.352637332 -0.62752844 0.642665727 0 0 0 0.000244140625
0.0460547177 0.110885652 0.538082207 0 0 0 0.000244140625
0.28724085 0.336249359 -0.807450687 0 0 0 0.000244140625
0.196347878 -0.39376138 -0.392390588 0 0 0 0.000244140625
0.635483904 -0.707850377 0.121158096 0 0 0 0.000244140625
-0.183621292 -0.582136257 0.424449902 0 0 0 0.000244140625
0.211332765 0.172999383 0.527878994 0 0 0 0.000244140625
-0.027733881 0.223078953 0.578918545 0 0 0 0.000244140625
-0.65519781 -0.571236794 0.127573467 0 0 0 0.000244140625
0.614678058 0.0519368366 -0.272173458 0 0 0 0.000244140625
-0.57583526 -0.480589266 0.147691176 0 0 0 0.000244140625
0.331264584 0.0847920587 -0.711037246 0 0 0 0.000244140625
0.494536472 -0.622633557 -0.0592990473 0 0 0 0.000244140625
-0.620634588 -0.579740487 0.121117044 0 0 0 0.000244140625
0.399430996 0.00623294888 0.357563094 0 0 0 0.000244140625
-0.57564061 -0.222001302 0.188940811 0 0 0 0.000244140625
0.522018188 -0.728288334 0.422225989 0 0 0 0.000244140625
0.427574041 0.0823256461 -0.181070996 0 0 0 0.000244140625
-0.152168087 0.691886966 -0.580642835 0 0 0 0.000244140625
0.779595035 0.510475156 0.325377265 0 0 0 0.000244140625
-0.09386238 0.0123123461 0.67409275 0 0 0 0.000244140625
0.352489409 0.523159943 -0.356846802 0 0 0 0.000244140625
-0.587906816 -0.586692731 -0.275710894 0 0 0 0.000244140625
-0.450923093 -0.798698529 -0.0124458707 0 0 0 0.000244140625
0.7557216 0.197202111 0.0203549939 0 0 0 0.000244140625
-0.510843454 0.452078954 -0.0963401947 0 0 0 0.000244140625
0.836275063 -0.0589041374 0.137484314 0 0 0 0.000244140625
-0.0129627286 -0.145002539 0.582899632 0 0 0 0.000244140625
0.0978882431 0.125676859 0.131160655 0 0 0 0.000244140625
0.185077768 -0.554673809 0.314092892 0 0 0 0.000244140625
-0.806391844 -0.262301514 0.474680024 0 0 0 0.000244140625
-0.445209678 -0.59111604 0.59914372 0 0 0 0.000244140625
-0.112962194 0.619765398 0.12417565 0 0 0 0.000244140625
0.074748027 -0.135947173 0.726723028 0 0 0 0.000244140625
0.548131313 0.7745429 -0.30858347 0 0 0 0.000244140625
0.28436907 0.406181 -0.666626852 0 0 0 0.000244140625
-0.139847377 -0.725393847 0.622573616 0 0 0 0.000244140625
0.225479684 0.169844816 0.716713608 0 0 0 0.000244140625
0.0810756505 0.859659263 -0.320374494 0 0 0 0.000244140625
-0.763157564 0.17189692 -0.345136132 0 0 0 0.000244140625
0.657899555 0.182462679 -0.374752395 0 0 0 0.000244140625
-0.746637268 -0.0617406388 0.52791497 0 0 0 0.000244140625
0.498549509 0.547355376 0.2015784 0 0 0 0.000244140625
-0.352275998 -0.809106659 -0.38702981 0 0 0 0.000244140625
-0.0682792732 -0.00637699376 0.0384823281 0 0 0 0.000244140625
0.197035421 0.62607972 -0.172155011 0 0 0 0.000244140625
0.219870246 -0.54715822 -0.754895433 0 0 0 0.000244140625
0.422794579 0.660918737 -0.326888429 0 0 0 0.000244140625
0.690386396 0.404364858 0.293747078 0 0 0 0.000244140625
-0.550737776 -0.552002961 -0.398171594 0 0 0 0.000244140625
0.311401896 -0.460411566 -0.0763676237 0 0 0 0.000244140625
-0.24780685 -0.536775977 0.337000581 0 0 0 0.000244140625
0.0372395235 0.0434984169 0.154773276 0 0 0 0.000244140625
-0.422069621 -0.786057991 0.193445008 0 0 0 0.000244140625
0.268901595 -0.927393963 0.139148958 0 0 0 0.000244140625
-0.331660456 0.775505602 0.345994137 0 0 0 0.000244140625
0.522105381 -0.0513883478 0.448541845 0 0 0 0.000244140625
0.390966407 -0.0555053035 0.301181378 0 0 0 0.000244140625
0.17930779 0.373092397 -0.305460963 0 0 0 0.000244140625
-0.0693782739 -0.538207882 0.738077796 0 0 0 0.000244140625
-0.388276197 0.768290318 -0.499798018 0 0 0 0.000244140625
-0.00181753187 -0.267695343 -0.714679406 0 0 0 0.000244140625
0.149724702 0.517863767 -0.790425184 0 0 0 0.000244140625
0.500263026 -0.147983529 0.374855915 0 0 0 0.000244140625
0.573312927 -0.191943568 0.409113041 0 0 0 0.000244140625
0.485823772 -0.667479518 -0.473502717 0 0 0 0.000244140625
0.443964717 -0.315627315 0.0572442677 0 0 0 0.000244140625
-0.649545697 0.192835385 -0.364188765 0 0 0 0.000244140625
-0.307803344 -0.260997123 -0.106975667 0 0 0 0.000244140625
-0.125033583 -0.30134416 0.415053601 0 0 0 0.000244140625
-0.437393482 -0.262769052 0.0248612055 0 0 0 0.000244140625
-0.0733094189 -0.522691784 -0.515477952 0 0 0 0.000244140625
0.568286419 0.733507766 0.206685456 0 0 0 0.000244140625
0.155114051 0.373795284 -0.0428933863 0 0 0 0.000244140625
-0.249980672 -0.225843772 -0.927726102 0 0 0 0.000244140625
0.117651566 -0.107397883 -0.324305335 0 0 0 0.000244140625
0.0133354851 0.646100592 -0.128767747 0 0 0 0.000244140625
0.329136768 -0.270683733 -0.332584075 0 0 0 0.000244140625
-0.270358406 0.418961353 -0.584193665 0 0 0 0.000244140625
0.409124816 0.536943959 -0.651394075 0 0 0 0.000244140625
-0.647740741 -0.65703834 0.352495074 0 0 0 0.000244140625
0.142225705 0.580002086 0.498676791 0 0 0 0.000244140625
-0.509782655 -0.495601322 0.230539312 0 0 0 0.000244140625
-0.586856154 0.427340229 -0.336220052 0 0 0 0.000244140625
0.0176077071 -0.461111006 -0.70570168 0 0 0 0.000244140625
0.781665431 -0.39805606 -0.169141665 0 0 0 0.000244140625
0.502456164 0.444663651 -0.324573904 0 0 0 0.000244140625
0.296913874 -0.115576575 0.700631837 0 0 0 0.000244140625
0.524275636 -0.0312466141 -0.246757442 0 0 0 0.000244140625
0.0217496105 -0.484292487 0.0549629528 0 0 0 0.000244140625
-0.32280025 0.625589132 -0.650924386 0 0 0 0.000244140625
0.254124484 0.626339525 -0.304152225 0 0 0 0.000244140625
0.64254539 0.447711753 -0.306428848 0 0 0 0.000244140625
-0.0356475938 -0.796447719 -0.445429357 0 0 0 0.000244140625
0.576453914 0.538015956 -0.45880318 0 0 0 0.000244140625
0.0214346046 0.146458191 -0.337764934 0 0 0 0.000244140625
-0.245681934 -0.0307021081 -0.472602178 0 0 0 0.000244140625
0.263036162 -0.77572784 0.557848729 0 0 0 0.000244140625
0.730621037 -0.208532182 0.238752629 0 0 0 0.000244140625
0.531720638 0.128967935 -0.411544788 0 0 0 0.000244140625
-0.13678825 0.423395571 -0.268458929 0 0 0 0.000244140625
0.197247305 -0.158843082 0.628556944 0 0 0 0.000244140625
-0.927740223 -0.0486148488 -0.0578017445 0 0 0 0.000244140625
-0.00587053855 0.743616742 -0.361163677 0 0 0 0.000244140625
0.113094888 -0.286482702 0.863597048 0 0 0 0.000244140625
-0.761899968 -0.480928782 -0.0598569897 0 0 0 0.000244140625
-0.0935628672 -0.542256 0.473883193 0 0 0 0.000244140625
-0.463259187 -0.0637297328 0.0297845019 0 0 0 0.000244140625
0.330136049 0.533781823 0.449192282 0 0 0 0.000244140625
-0.283708329 -0.0491100092 -0.225224465 0 0 0 0.000244140625
-0.634836192 -0.37309457 -0.382508568 0 0 0 0.000244140625
0.361170933 0.234491518 -0.346375021 0 0 0 0.000244140625
0.508019019 0.209281486 -0.157931642 0 0 0 0.000244140625
-0.197149327 -0.460906539 0.831693768 0 0 0 0.000244140625
-0.960941266 -0.0737286529 -0.218702725 0 0 0 0.000244140625
0.197469746 0.0321245141 -0.881569557 0 0 0 0.000244140625
0.149904214 0.23419754 0.548239943 0 0 0 0.000244140625
0.0868078602 0.137890649 0.784884055 0 0 0 0.000244140625
0.615157385 0.676486273 0.0588020352 0 0 0 0.000244140625
-0.383187834 -0.440694005 -0.336072895 0 0 0 0.000244140625
-0.564466112 -0.144301287 0.691520277 0 0 0 0.000244140625
0.394793885 -0.693830086 0.01142852 0 0 0 0.000244140625
-0.505046029 -0.219926006 -0.0108406419 0 0 0 0.000244140625
0.302912403 0.717772054 0.56566345 0 0 0 0.000244140625
-0.650831961 -0.487250762 0.329433071 0 0 0 0.000244140625
-0.119944002 0.369395206 0.678987435 0 0 0 0.000244140625
0.765452425 -0.390850254 -0.173766327 0 0 0 0.000244140625
-0.208135148 0.391087364 0.743329082 0 0 0 0.000244140625
0.261426445 -0.863910967 0.0284141569 0 0 0 0.000244140625
-0.60976928 -0.119932744 0.0846787729 0 0 0 0.000244140625
-0.400426838 -0.206052713 -0.453687086 0 0 0 0.000244140625
-0.639753535 -0.153481531 0.660987215 0 0 0 0.000244140625
0.380188806 -0.178840307 0.247657199 0 0 0 0.000244140625
0.344284936 -0.302623967 0.303349749 0 0 0 0.000244140625
0.716891341 0.525450503 -0.0673885867 0 0 0 0.000244140625
-0.468161439 -0.353821133 0.783641729 0 0 0 0.000244140625
0.71295733 -0.0862235214 0.549507917 0 0 0 0.000244140625
-0.684269755 -0.512542729 0.290697589 0 0 0 0.000244140625
0.277073716 -0.808227866 0.403507728 0 0 0 0.000244140625
0.359316071 0.346319943 0.0554112635 0 0 0 0.000244140625
-0.865800151 -0.358042486 -0.250969355 0 0 0 0.000244140625
-0.400474138 -0.333216677 -0.068105848 0 0 0 0.000244140625
-0.855499222 0.118533869 0.0606808015 0 0 0 0.000244140625
-0.830825346 -0.481310344 -0.117121357 0 0 0 0.000244140625
0.251555045 -0.0316413648 0.564010826 0 0 0 0.000244140625
-0.0483721142 -0.243658573 -0.952195394 0 0 0 0.000244140625
-0.902280367 0.336295785 -0.0841069736 0 0 0 0.000244140625
0.440190973 0.678477518 0.302599146 0 0 0 0.000244140625
-0.397620101 0.262126179 0.172439419 0 0 0 0.000244140625
0.340696942 0.90699288 -0.143095009 0 0 0 0.000244140625
-0.27384867 -0.337989815 -0.443711882 0 0 0 0.000244140625
0.693839346 0.36929715 -0.283544081 0 0 0 0.000244140625
-0.162269905 -0.58814854 0.499766231 0 0 0 0.000244140625
-0.0846261557 -0.142544713 0.60609997 0 0 0 0.000244140625
0.157269633 -0.404581528 0.255933023 0 0 0 0.000244140625
0.452391711 -0.187668789 0.451808627 0 0 0 0.000244140625
-0.672756872 -0.0349454138 -0.672070394 0 0 0 0.000244140625
-0.397206617 -0.213601247 0.627878519 0 0 0 0.000244140625
0.323943944 -0.395931089 0.336247912 0 0 0 0.000244140625
0.144944427 0.147016924 0.249861969 0 0 0 0.000244140625
0.380748532 0.0227039036 -0.471127308 0 0 0 0.000244140625
-0.751208501 0.244471356 0.513019453 0 0 0 0.000244140625
-0.500462759 0.371851426 0.478608501 0 0 0 0.000244140625
-0.889164453 -0.0285401564 0.155137503 0 0 0 0.000244140625
0.314557462 0.437303169 -0.434949075 0 0 0 0.000244140625
-0.249119866 0.158919157 0.865858018 0 0 0 0.000244140625
-0.185522747 0.342700859 0.85173098 0 0 0 0.000244140625
0.35748253 -0.638859515 -0.561270106 0 0 0 0.000244140625
0.0840935024 -0.205280951 0.586404725 0 0 0 0.000244140625
0.443201024 0.278694957 -0.807236346 0 0 0 0.000244140625
0.388207173 0.1436703 -0.421667205 0 0 0 0.000244140625
-0.026213311 0.448433616 -0.709188801 0 0 0 0.000244140625
0.44102353 -0.334576884 0.804347993 0 0 0 0.000244140625
-0.0110847061 0.0531921709 0.0595028567 0 0 0 0.000244140625
-0.391073821 -0.348496912 -0.227096439 0 0 0 0.000244140625
-0.0574647413 0.386011141 0.254097814 0 0 0 0.000244140625
0.231684245 -0.687915256 0.653076067 0 0 0 0.000244140625
-0.419879197 0.448648593 -0.298711585 0 0 0 0.000244140625
-0.151630564 0.0975433604 -0.632719438 0 0 0 0.000244140625
-0.170002213 -0.56029525 0.442988988 0 0 0 0.000244140625
0.465179149 0.524571797 -0.393836957 0 0 0 0.000244140625
-0.33910039 0.418142073 -0.325267543 0 0 0 0.000244140625
0.212117312 -0.711201365 -0.05672948 0 0 0 0.000244140625
-0.0909113541 -0.442027346 -0.208682399 0 0 0 0.000244140625
-0.831319666 -0.417881915 -0.106496206 0 0 0 0.000244140625
0.113583567 -0.492475625 0.621630704 0 0 0 0.000244140625
0.534872679 0.286254483 -0.0814798611 0 0 0 0.000244140625
0.594369272 0.0130349591 0.203647017 0 0 0 0.000244140625
0.176199522 0.702167478 -0.671824952 0 0 0 0.000244140625
0.36764243 0.849849713 -0.346746928 0 0 0 0.000244140625
0.759021514 0.107410699 0.487557905 0 0 0 0.000244140625
-0.0213346337 -0.083936664 -0.795953942 0 0 0 0.000244140625
0.152297854 -0.689799088 -0.455325476 0 0 0 0.000244140625
-0.391748266 -0.216482034 -0.337186841 0 0 0 0.000244140625
0.665256148 -0.000942711204 -0.715517533 0 0 0 0.000244140625
-0.533843822 0.797344339 -0.00344198004 0 0 0 0.000244140625
0.676046232 0.121731854 0.180532914 0 0 0 0.000244140625
-0.268682836 -0.701984892 0.603509599 0 0 0 0.000244140625
-0.497525308 0.473512505 -0.0259872168 0 0 0 0.000244140625
0.116756308 -0.719122208 0.161226811 0 0 0 0.000244140625
-0.0923601851 0.31713703 0.245453444 0 0 0 0.000244140625
-0.0951202974 0.641390768 0.407356685 0 0 0 0.000244140625
-0.790384852 0.0188579552 0.483207834 0 0 0 0.000244140625
0.00761387436 -0.878182082 -0.449555544 0 0 0 0.000244140625
-0.566017411 0.496088672 0.0581491415 0 0 0 0.000244140625
0.889723768 0.285614514 0.231690435 0 0 0 0.000244140625
-0.230621095 -0.396198117 0.087020114 0 0 0 0.000244140625
0.346599683 -0.10531 0.471805134 0 0 0 0.000244140625
-0.319134242 -0.833896585 0.393821353 0 0 0 0.000244140625
0.0796677006 0.720217632 0.176693055 0 0 0 0.000244140625
-0.351873385 0.243886326 -0.442095927 0 0 0 0.000244140625
-0.174584432 0.802387655 0.482910972 0 0 0 0.000244140625
0.71791545 -0.0278479047 -0.573821277 0 0 0 0.000244140625
-0.210982349 -0.381368044 -0.214238743 0 0 0 0.000244140625
-0.882215017 -0.133381126 -0.0315533611 0 0 0 0.000244140625
-0.0828074158 -0.743281456 -0.26963093 0 0 0 0.000244140625
0.201986626 -0.218740403 0.82173026 0 0 0 0.000244140625
0.9384404 -0.0651907127 -0.0739243221 0 0 0 0.000244140625
-0.582087758 -0.629349051 0.158836004 0 0 0 0.000244140625
-0.899958241 0.406518679 0.0480443062 0 0 0 0.000244140625
0.390110281 -0.558100642 0.332809275 0 0 0 0.000244140625
0.212498296 -0.280447546 0.361955133 0 0 0 0.000244140625
0.0624952912 -0.526514946 0.200621502 0 0 0 0.000244140625
0.384569114 0.500624445 0.160888837 0 0 0 0.000244140625
0.430286396 -0.893014012 0.104909758 0 0 0 0.000244140625
0.865587821 0.129003559 -0.0316852834 0 0 0 0.000244140625
-0.162596032 0.281444414 0.433768277 0 0 0 0.000244140625
0.572094693 0.262676959 -0.767574846 0 0 0 0.000244140625
0.524683072 -0.1197021 0.249694669 0 0 0 0.000244140625
0.840263591 0.179962981 0.0760136921 0 0 0 0.000244140625
-0.548585895 0.517838475 0.557181022 0 0 0 0.000244140625
-0.3043664 -0.012308263 0.191501442 0 0 0 0.000244140625
-0.40442678 0.64307679 -0.0167029277 0 0 0 0.000244140625
0.604606874 0.313796242 -0.204319909 0 0 0 0.000244140625
0.0450094172 0.24348955 0.945883685 0 0 0 0.000244140625
-0.0368807668 0.710412899 0.566242287 0 0 0 0.000244140625
-0.168098452 0.141964989 0.283626741 0 0 0 0.000244140625
-0.746162895 0.408970425 -0.101445202 0 0 0 0.000244140625
0.0715623049 -0.538817018 0.0649695091 0 0 0 0.000244140625
-0.11446059 -0.287842891 0.702579483 0 0 0 0.000244140625
-0.026698911 -0.83073871 0.0372447711 0 0 0 0.000244140625
-0.329053939 0.212045894 -0.88390035 0 0 0 0.000244140625
0.123144443 -0.118714591 -0.172920727 0 0 0 0.000244140625
-0.584595557 0.454497901 -0.242144346 0 0 0 0.000244140625
0.376138641 -0.885171902 -0.228185456 0 0 0 0.000244140625
-0.817238699 -0.120907368 0.411238814 0 0 0 0.000244140625
0.425600858 -0.427220319 -0.342169313 0 0 0 0.000244140625
0.783380125 -0.115836885 -0.42443889 0 0 0 0.000244140625
0.0461755237 -0.622713014 -0.397882897 0 0 0 0.000244140625
0.532658593 -0.697888374 0.032807417 0 0 0 0.000244140625
0.639603175 0.400620642 0.0558703847 0 0 0 0.000244140625
-0.444931777 0.824525648 0.169026648 0 0 0 0.000244140625
-0.568002527 -0.383400883 0.626635244 0 0 0 0.000244140625
-0.684649987 0.203611844 0.12845523 0 0 0 0.000244140625
-0.909638448 -0.00943251631 -0.124224898 0 0 0 0.000244140625
-0.756769512 0.493241233 0.122194287 0 0 0 0.000244140625
-0.529956604 -0.232264062 -0.254073529 0 0 0 0.000244140625
-0.371930323 -0.629133189 0.486348019 0 0 0 0.000244140625
0.0741488747 0.246057997 0.538499785 0 0 0 0.000244140625
0.613015821 -0.225289763 -0.384797393 0 0 0 0.000244140625
0.371460215 0.86414102 -0.317161194 0 0 0 0.000244140625
0.183408795 0.234287427 0.358498064 0 0 0 0.000244140625
0.446660926 -0.262960072 0.200946038 0 0 0 0.000244140625
-0.447064612 -0.52970969 0.118879155 0 0 0 0.000244140625
-0.590850532 0.246095887 0.202356318 0 0 0 0.000244140625
-0.273347926 -0.163854333 -0.518756796 0 0 0 0.000244140625
0.60028038 -0.655569802 -0.207976361 0 0 0 0.000244140625
-0.706017162 -0.589489385 0.324581524 0 0 0 0.000244140625
-0.51737266 0.373904821 -0.235247 0 0 0 0.000244140625
0.141699792 -0.258715105 -0.262197391 0 0 0 0.000244140625
0.120351293 0.456457855 0.0439278628 0 0 0 0.000244140625
0.32404623 0.102394383 -0.425850506 0 0 0 0.000244140625
-0.411834784 -0.521637255 -0.26835747 0 0 0 0.000244140625
-0.225191346 0.0058039938 -0.414728229 0 0 0 0.000244140625
-0.120818013 -0.751378115 -0.239876141 0 0 0 0.000244140625
-0.505833075 0.329437227 -0.0864857491 0 0 0 0.000244140625
0.941786243 -0.0376032465 0.307392595 0 0 0 0.000244140625
0.2305912 -0.0425768102 0.568726802 0 0 0 0.000244140625
-0.213285234 -0.268173881 -0.438521019 0 0 0 0.000244140625
0.328524414 -0.273293945 -0.758188668 0 0 0 0.000244140625
0.0317632866 0.233765126 -0.00270782858 0 0 0 0.000244140625
0.163942983 -0.109184203 0.792028352 0 0 0 0.000244140625
0.210542093 0.588640257 -0.750227571 0 0 0 0.000244140625
-0.538679686 0.378743864 -0.678288356 0 0 0 0.000244140625
-0.292601906 0.542423846 -0.572368348 0 0 0 0.000244140625
0.466407087 -0.186668883 0.80711923 0 0 0 0.000244140625
0.374595674 -0.132900609 -0.0628016709 0 0 0 0.000244140625
0.115857657 -0.0623167498 -0.853612301 0 0 0 0.000244140625
-0.72490275 0.0422403398 -0.0812696052 0 0 0 0.000244140625
-0.692531925 0.107576702 0.190564717 0 0 0 0.000244140625
0.788625649 -0.552296196 -0.173786853 0 0 0 0.000244140625
-0.689830329 0.520071919 0.0121095745 0 0 0 0.000244140625
-0.143490848 -0.338779927 -0.737557416 0 0 0 0.000244140625
0.346131948 -0.202759722 -0.224103183 0 0 0 0.000244140625
0.617116957 -0.697056194 0.151556666 0 0 0 0.000244140625
0.000734072597 -0.632587077 -0.279229205 0 0 0 0.000244140625
-0.252466908 -0.470007283 0.72949268 0 0 0 0.000244140625
0.269462208 0.12730049 0.765464855 0 0 0 0.000244140625
-0.0617699536 -0.127278103 -0.0155418356 0 0 0 0.000244140625
-0.434098612 0.0643634455 0.581313046 0 0 0 0.000244140625
-0.2875501 -0.0124604237 -0.922481983 0 0 0 0.000244140625
-0.667894145 0.00623153499 -0.304717962 0 0 0 0.000244140625
0.5096254 0.118512002 -0.54945335 0 0 0 0.000244140625
0.684763628 -0.484853811 0.318115942 0 0 0 0.000244140625
0.123843941 -0.973694154 0.0754893787 0 0 0 0.000244140625
-0.379527371 -0.224146186 -0.268626338 0 0 0 0.000244140625
0.145131265 0.516568351 0.361106319 0 0 0 0.000244140625
-0.909818572 -0.0886070315 0.165606995 0 0 0 0.000244140625
0.233288835 0.451115452 0.574745901 0 0 0 0.000244140625
0.613975794 0.317999297 -0.648626569 0 0 0 0.000244140625
-0.187236987 0.263023488 -0.501017706 0 0 0 0.000244140625
0.679092278 0.0289476275 -0.490053284 0 0 0 0.000244140625
0.135526434 -0.162146246 0.0367357501 0 0 0 0.000244140625
-0.00557972157 -0.429210972 0.71512361 0 0 0 0.000244140625
0.596527988 -0.376639634 0.19091292 0 0 0 0.000244140625
0.26300641 0.151312996 -0.824877291 0 0 0 0.000244140625
-0.522087314 0.192086395 0.0916552121 0 0 0 0.000244140625
0.569830681 -0.41672123 -0.107590176 0 0 0 0.000244140625
0.246745318 0.704629 0.0351544844 0 0 0 0.000244140625
0.488067076 -0.231540197 0.52791855 0 0 0 0.000244140625
0.0942478873 -0.525970903 0.351572662 0 0 0 0.000244140625
-0.532443166 -0.568684628 -0.52608832 0 0 0 0.000244140625
-0.197803033 -0.96924311 -0.0395536892 0 0 0 0.000244140625
-0.644743316 -0.519107063 0.0831250344 0 0 0 0.000244140625
0.456209677 0.489201506 0.0211183048 0 0 0 0.000244140625
-0.152812576 -0.176529028 0.791520179 0 0 0 0.000244140625
-0.811570372 0.0740801203 0.417083286 0 0 0 0.000244140625
0.182331324 0.0636801722 -0.393306672 0 0 0 0.000244140625
0.614910523 0.309875163 0.676408914 0 0 0 0.000244140625
-0.440454387 -0.229040213 -0.583869106 0 0 0 0.000244140625
0.61770231 0.232026399 -0.742140854 0 0 0 0.000244140625
-0.494884717 -0.640561994 0.195494785 0 0 0 0.000244140625
-0.135145052 -0.711386289 0.590290246 0 0 0 0.000244140625
-0.415214841 -0.273154362 0.157595729 0 0 0 0.000244140625
-0.0599334454 -0.232431177 0.398057699 0 0 0 0.000244140625
0.386826908 0.639281752 0.32231872 0 0 0 0.000244140625
0.101351831 -0.222345513 -0.0629768801 0 0 0 0.000244140625
0.190820259 0.561893376 -0.405477121 0 0 0 0.000244140625
0.672390615 -0.068395013 -0.623477172 0 0 0 0.000244140625
0.784231489 0.0312604454 0.0622484886 0 0 0 0.000244140625
-0.0732076967 0.10217819 -0.291829803 0 0 0 0.000244140625
0.245637914 -0.0497700986 -0.376178176 0 0 0 0.000244140625
-0.295152783 -0.357278115 0.0539421779 0 0 0 0.000244140625
-0.272048762 0.264518882 0.470373648 0 0 0 0.000244140625
-0.188829367 0.50704914 0.0837166778 0 0 0 0.000244140625
0.0625619067 -0.0460528363 0.198644608 0 0 0 0.000244140625
0.106259769 -0.790854603 -0.512836409 0 0 0 0.000244140625
-0.000413194419 0.196349974 -0.800688474 0 0 0 0.000244140625
0.298942633 -0.638476548 0.60016349 0 0 0 0.000244140625
0.780801629 0.252089845 0.0937531065 0 0 0 0.000244140625
0.0618331333 0.182124439 0.304083428 0 0 0 0.000244140625
0.280601018 -0.791365831 -0.453257641 0 0 0 0.000244140625
0.761350129 0.430038125 0.150287258 0 0 0 0.000244140625
-0.236131509 -0.386586465 0.485924035 0 0 0 0.000244140625
-0.345100762 -0.689693921 0.0522083187 0 0 0 0.000244140625
-0.416818891 0.124033544 0.283153896 0 0 0 0.000244140625
0.896515612 -0.21098567 0.0846281191 0 0 0 0.000244140625
-0.699949237 0.267053203 0.0811750211 0 0 0 0.000244140625
-0.862852824 -0.111998466 -0.224142618 0 0 0 0.000244140625
0.467526763 0.815378768 0.319333461 0 0 0 0.000244140625
0.700350213 -0.0937268577 0.605104301 0 0 0 0.000244140625
-0.0857004369 -0.0874346395 0.252439027 0 0 0 0.000244140625
0.0407355851 -0.594800926 -0.489866978 0 0 0 0.000244140625
0.282739213 0.344099089 0.600267929 0 0 0 0.000244140625
0.269973647 0.942523075 -0.0480810818 0 0 0 0.000244140625
0.0808579617 -0.434763309 0.340347483 0 0 0 0.000244140625
0.118744142 -0.0400748403 -0.376222146 0 0 0 0.000244140625
-0.881368812 0.0573527895 0.00631592064 0 0 0 0.000244140625
-0.293744117 0.810672162 -0.0936541655 0 0 0 0.000244140625
0.629041989 0.157800587 -0.262118387 0 0 0 0.000244140625
0.110393626 -0.843618918 -0.232437824 0 0 0 0.000244140625
0.511680308 0.808417435 0.276533697 0 0 0 0.000244140625
0.327640988 -0.801436569 0.2067194 0 0 0 0.000244140625
0.836560274 0.000618709745 -0.487547861 0 0 0 0.000244140625
0.0461851612 0.182526734 -0.340376507 0 0 0 0.000244140625
0.503137321 -0.444263646 0.176838267 0 0 0 0.000244140625
-0.432668219 0.390899183 0.437418819 0 0 0 0.000244140625
-0.389714112 -0.472990794 0.0395633239 0 0 0 0.000244140625
-0.304300833 0.115949914 -0.939730717 0 0 0 0.000244140625
0.431733365 -0.206175668 0.516329566 0 0 0 0.000244140625
0.138813962 0.453285731 -0.646330132 0 0 0 0.000244140625
0.125155799 -0.508492613 -0.811528966 0 0 0 0.000244140625
0.145227464 -0.236297481 0.523308541 0 0 0 0.000244140625
-0.574895296 0.806394278 0.138502466 0 0 0 0.000244140625
-0.0613392676 -0.455601459 -0.0390216682 0 0 0 0.000244140625
-0.340488647 -0.493654259 -0.469434501 0 0 0 0.000244140625
-0.23824563 -0.419901527 0.0189612524 0 0 0 0.000244140625
-0.00893736397 0.349870362 -0.801663563 0 0 0 0.000244140625
0.89113103 0.0753524857 -0.34201859 0 0 0 0.000244140625
-0.112925731 -0.413006292 -0.757663872 0 0 0 0.000244140625
0.498203162 0.0373513994 0.563972924 0 0 0 0.000244140625
0.267081509 0.71269136 -0.383380506 0 0 0 0.000244140625
-0.0356826532 -0.178401863 0.248892433 0 0 0 0.000244140625
0.32445714 -0.317994489 -0.871712003 0 0 0 0.000244140625
-0.172154887 0.834725796 -0.0968476467 0 0 0 0.000244140625
-0.824192224 -0.0266159658 0.547933313 0 0 0 0.000244140625
0.345952578 -0.0808866849 -0.243693681 0 0 0 0.000244140625
-0.448209902 0.34112882 0.129153419 0 0 0 0.000244140625
0.253246243 -0.0524464057 0.568197194 0 0 0 0.000244140625
-0.150918832 0.105445434 -0.398518289 0 0 0 0.000244140625
-0.197693344 -0.0093900598 -0.26396829 0 0 0 0.000244140625
-0.0529240695 -0.0840610028 0.874024787 0 0 0 0.000244140625
-0.133938581 -0.720205566 -0.13120008 0 0 0 0.000244140625
-0.346155886 0.473250404 0.365881081 0 0 0 0.000244140625
-0.13946927 -0.832419619 -0.30041116 0 0 0 0.000244140625
0.356038422 -0.131734938 -0.706906298 0 0 0 0.000244140625
0.69831119 -0.666517884 0.143730216 0 0 0 0.000244140625
-0.605195545 -0.536702231 0.116405283 0 0 0 0.000244140625
-0.102211255 -0.482891708 0.594551282 0 0 0 0.000244140625
-0.460438665 -0.0950346593 -0.857828829 0 0 0 0.000244140625
0.120846045 0.194042468 0.16969458 0 0 0 0.000244140625
-0.959070391 0.0434647593 0.267535594 0 0 0 0.000244140625
-0.691803082 -0.359536193 -0.127011178 0 0 0 0.000244140625
0.768129158 0.186387605 0.199355868 0 0 0 0.000244140625
-0.500091459 -0.549495166 -0.182935938 0 0 0 0.000244140625
0.21731181 -0.766614231 0.181458001 0 0 0 0.000244140625
0.273328917 -0.162855975 -0.742387886 0 0 0 0.000244140625
-0.815017224 0.0048966487 -0.553123331 0 0 0 0.000244140625
-0.0698342182 -0.486027341 -0.00981571178 0 0 0 0.000244140625
-0.60125256 -0.625446373 0.300456442 0 0 0 0.000244140625
-0.733672392 -0.487220375 0.139188068 0 0 0 0.000244140625
-0.765307845 0.326260427 -0.0226917867 0 0 0 0.000244140625
-0.0695679831 0.55981559 0.450324323 0 0 0 0.000244140625
-0.281876605 0.532650438 0.414979512 0 0 0 0.000244140625
-0.045837837 -0.47860081 0.344519873 0 0 0 0.000244140625
-0.637937624 0.262495429 -0.626805751 0 0 0 0.000244140625
0.0960404435 0.668526646 -0.534494153 0 0 0 0.000244140625
0.251487753 -0.203854416 -0.310303508 0 0 0 0.000244140625
-0.380788942 -0.240299746 -0.75219439 0 0 0 0.000244140625
-0.839184834 0.244392847 0.20514859 0 0 0 0.000244140625
0.126821477 0.522595516 -0.662406073 0 0 0 0.000244140625
-0.229285314 0.698985609 -0.111574018 0 0 0 0.000244140625
-0.35135367 0.0401883699 0.556889512 0 0 0 0.000244140625
-0.389197897 -0.901121872 0.173931293 0 0 0 0.000244140625
0.256712236 0.745173001 -0.205459824 0 0 0 0.000244140625
0.629055458 0.52294168 -0.486237083 0 0 0 0.000244140625
0.301734622 0.268579329 -0.50130993 0 0 0 0.000244140625
0.734277241 0.328373697 -0.289331878 0 0 0 0.000244140625
-0.456290927 -0.426492994 -0.145044555 0 0 0 0.000244140625
-0.22245764 0.538577767 0.0363983359 0 0 0 0.000244140625
0.25565342 -0.16813752 0.0892260184 0 0 0 0.000244140625
0.437040654 -0.10659937 -0.788018095 0 0 0 0.000244140625
-0.307117644 -0.472557813 -0.153831223 0 0 0 0.000244140625
-0.46232539 -0.81618618 -0.339831068 0 0 0 0.000244140625
0.177149502 0.573997062 0.345687119 0 0 0 0.000244140625
-0.341384293 0.389636719 -0.158809798 0 0 0 0.000244140625
0.71647407 0.316608866 -0.11542111 0 0 0 0.000244140625
-0.471122225 -0.559657168 0.673278609 0 0 0 0.000244140625
-0.741947472 0.139968807 0.592765736 0 0 0 0.000244140625
0.472890622 -0.203741246 -0.119831494 0 0 0 0.000244140625
0.38170011 -0.884411759 -0.208048072 0 0 0 0.000244140625
0.748809073 -0.106604558 0.00221887114 0 0 0 0.000244140625
0.233951102 -0.786118061 0.550112394 0 0 0 0.000244140625
-0.702490115 -0.638796666 0.242322553 0 0 0 0.000244140625
-0.39879413 0.186334556 -0.702549419 0 0 0 0.000244140625
0.716971179 -0.172160385 0.530942319 0 0 0 0.000244140625
0.258697623 0.303207603 -0.404574952 0 0 0 0.000244140625
0.312895383 -0.736432469 0.572774511 0 0 0 0.000244140625
0.127983897 0.430508122 -0.438458184 0 0 0 0.000244140625
-0.293986051 -0.152167269 0.674821618 0 0 0 0.000244140625
0.379338606 -0.447258629 0.64219719 0 0 0 0.000244140625
-0.390852275 -0.602691981 -0.461294571 0 0 0 0.000244140625
-0.688925055 -0.130094184 0.155128947 0 0 0 0.000244140625
0.389416774 -0.662583472 0.190355994 0 0 0 0.000244140625
-0.569290635 0.675927303 0.201779808 0 0 0 0.000244140625
0.494177079 -0.706582103 0.356425459 0 0 0 0.000244140625
-0.146537539 -0.774709706 -0.117156205 0 0 0 0.000244140625
0.00247155766 -0.79449492 0.142556255 0 0 0 0.000244140625
-0.26819594 -0.177278261 -0.304616733 0 0 0 0.000244140625
-0.153640176 -0.0500051985 0.421469334 0 0 0 0.000244140625
-0.665818889 -0.169017841 -0.183761173 0 0 0 0.000244140625
-0.44749918 -0.73714904 0.184795323 0 0 0 0.000244140625
0.638153011 0.511704464 -0.210614481 0 0 0 0.000244140625
-0.668389848 0.34208459 -0.151721341 0 0 0 0.000244140625
-0.436648978 0.150043069 -0.486348245 0 0 0 0.000244140625
-0.210551147 0.156500946 0.188643084 0 0 0 0.000244140625
0.267218402 0.209599523 -0.29789443 0 0 0 0.000244140625
0.0343795908 0.107553461 0.913408059 0 0 0 0.000244140625
-0.438252215 -0.598115784 -0.148013988 0 0 0 0.000244140625
0.377382143 -0.452965857 -0.545037632 0 0 0 0.000244140625
-0.193097037 -0.416969689 0.0461203584 0 0 0 0.000244140625
0.10461344 0.371926655 -0.513307587 0 0 0 0.000244140625
-0.184144444 0.85735913 -0.169253936 0 0 0 0.000244140625
-0.652845354 0.442022852 0.174588922 0 0 0 0.000244140625
-0.843574899 0.0804243973 0.282992673 0 0 0 0.000244140625
0.389661642 0.342746091 -0.722674476 0 0 0 0.000244140625
0.748655508 -0.0796214558 -0.32183766 0 0 0 0.000244140625
0.23135041 0.533700872 -0.587108032 0 0 0 0.000244140625
-0.367787978 -0.232687747 0.0648765978 0 0 0 0.000244140625
0.505442264 -0.515003002 0.214241874 0 0 0 0.000244140625
-0.174967609 -0.512881562 -0.611714078 0 0 0 0.000244140625
-0.391422673 -0.290515188 -0.607683346 0 0 0 0.000244140625
-0.482874069 0.588640929 -0.0573790281 0 0 0 0.000244140625
0.00392410068 -0.0635771151 -0.713659012 0 0 0 0.000244140625
0.52348549 -0.17660079 -0.593824181 0 0 0 0.000244140625
-0.127432543 0.48764108 0.0361138728 0 0 0 0.000244140625
-0.00441266142 -0.701406625 0.355164483 0 0 0 0.000244140625
0.143417856 0.451532908 -0.391469341 0 0 0 0.000244140625
0.431261969 -0.754308138 0.234661512 0 0 0 0.000244140625
0.36948416 -0.706713618 -0.275296014 0 0 0 0.000244140625
-0.280619677 -0.588101867 0.182962842 0 0 0 0.000244140625
-0.141384155 0.0770792831 -0.198443196 0 0 0 0.000244140625
0.47547241 -0.690838131 -0.25836517 0 0 0 0.000244140625
-0.351605509 -0.312012502 -0.17184176 0 0 0 0.000244140625
-0.00212098906 0.278935513 0.360775269 0 0 0 0.000244140625
0.14331534 -0.392098143 0.621026433 0 0 0 0.000244140625
0.341250522 0.757791469 0.29487402 0 0 0 0.000244140625
0.710197309 -0.342289272 -0.614131631 0 0 0 0.000244140625
0.620355853 -0.580831801 0.0257522378 0 0 0 0.000244140625
-0.149882514 -0.0318415413 -0.23444442 0 0 0 0.000244140625
-0.510271624 -0.0739576536 -0.0501220564 0 0 0 0.000244140625
-0.0482004865 0.562465702 -0.518363036 0 0 0 0.000244140625
0.517666623 0.069331107 0.564590245 0 0 0 0.000244140625
-0.113555415 0.0506992233 -0.374363715 0 0 0 0.000244140625
0.305584017 0.282441723 0.586182445 0 0 0 0.000244140625
-0.534319156 0.636934809 -0.275418024 0 0 0 0.000244140625
0.55585233 -0.24061917 -0.133389202 0 0 0 0.000244140625
-0.184023253 -0.0123875755 0.487124891 0 0 0 0.000244140625
0.130895641 -0.426285958 0.876644519 0 0 0 0.000244140625
0.0678720761 -0.22928252 -0.507266324 0 0 0 0.000244140625
0.346783317 0.711580178 0.480555096 0 0 0 0.000244140625
0.424106874 -0.252019874 0.231262987 0 0 0 0.000244140625
0.155061332 0.0452836493 -0.0776646723 0 0 0 0.000244140625
-0.664635479 0.256417345 -0.545040848 0 0 0 0.000244140625
0.334278218 0.19369002 0.492069168 0 0 0 0.000244140625
-0.0705995984 0.715965911 0.393587568 0 0 0 0.000244140625
0.697120634 -0.00972495623 0.223343133 0 0 0 0.000244140625
0.623745676 0.192379793 -0.102766641 0 0 0 0.000244140625
-0.190663407 0.306553767 0.849121756 0 0 0 0.000244140625
-0.0616938255 -0.663514011 0.704957912 0 0 0 0.000244140625
-0.463887908 0.761213647 -0.220467711 0 0 0 0.000244140625
0.632751996 -0.448339636 -0.550512102 0 0 0 0.000244140625
0.354930602 -0.579527122 0.359376534 0 0 0 0.000244140625
0.0412058073 0.915967117 -0.0111600733 0 0 0 0.000244140625
-0.471290858 0.22314117 -0.676087475 0 0 0 0.000244140625
-0.746340842 -0.0646942578 0.247013844 0 0 0 0.000244140625
-0.18926649 -0.904872013 -0.171989376 0 0 0 0.000244140625
0.209475703 0.282113639 0.00343819787 0 0 0 0.000244140625
0.450970954 -0.340066368 0.72184177 0 0 0 0.000244140625
0.166179214 -0.475781612 -0.0825002349 0 0 0 0.000244140625
0.177470023 0.408210592 0.18516651 0 0 0 0.000244140625
0.219470733 -0.83107376 -0.203399509 0 0 0 0.000244140625
-0.0824287573 -0.733026182 -0.581167674 0 0 0 0.000244140625
0.364235667 0.63940973 0.18141109 0 0 0 0.000244140625
-0.0773323474 -0.630241091 -0.0455282001 0 0 0 0.000244140625
0.13348365 0.815016524 -0.436929212 0 0 0 0.000244140625
0.196399525 0.469101082 -0.474925019 0 0 0 0.000244140625
0.21378165 0.1047144 -0.906339515 0 0 0 0.000244140625
0.799448923 -0.400948861 -0.0516947146 0 0 0 0.000244140625
0.0530288058 -0.33059841 -0.759884238 0 0 0 0.000244140625
0.483039695 0.69625554 0.411248293 0 0 0 0.000244140625
-0.0218491436 -0.446908321 -0.655406343 0 0 0 0.000244140625
0.036233086 0.586174768 0.501108825 0 0 0 0.000244140625
0.457087394 -0.279898253 0.59431578 0 0 0 0.000244140625
-0.226523304 -0.570492214 -0.294272948 0 0 0 0.000244140625
-0.281557473 0.098468095 0.342515394 0 0 0 0.000244140625
0.571984216 -0.713248925 0.0371050365 0 0 0 0.000244140625
0.480237631 -0.0714051452 0.125578271 0 0 0 0.000244140625
0.288486172 0.426223469 -0.819673166 0 0 0 0.000244140625
-0.228813158 -0.0696541061 0.0883994787 0 0 0 0.000244140625
0.469535187 0.335196132 -0.356093783 0 0 0 0.000244140625
-0.414043084 0.770545701 0.431433336 0 0 0 0.000244140625
0.287787538 -0.555198208 0.386459816 0 0 0 0.000244140625
0.401134453 0.542589011 0.113479785 0 0 0 0.000244140625
-0.163631404 -0.780076851 -0.0478620074 0 0 0 0.000244140625
0.462789997 -0.866439529 -0.123226297 0 0 0 0.000244140625
0.534195461 -0.379396898 -0.282703644 0 0 0 0.000244140625
0.0560870494 -0.0293070626 0.511998596 0 0 0 0.000244140625
0.234556117 0.168645615 0.914915769 0 0 0 0.000244140625
-0.157353262 0.759350793 -0.31295031 0 0 0 0.000244140625
0.03483164 -0.0735812994 0.902615395 0 0 0 0.000244140625
-0.718308975 -0.493746397 -0.432445012 0 0 0 0.000244140625
-0.684069189 0.48365535 -0.466195345 0 0 0 0.000244140625
0.0755743526 0.351892066 0.57541304 0 0 0 0.000244140625
-0.38312841 -0.259307747 0.0827785519 0 0 0 0.000244140625
0.0563969058 0.136789013 0.119618152 0 0 0 0.000244140625
0.297463634 -0.0528411624 0.55523947 0 0 0 0.000244140625
0.206316195 -0.353726377 0.32070901 0 0 0 0.000244140625
-0.0191172899 0.655185671 0.244136006 0 0 0 0.000244140625
-0.398967076 -0.0475046089 -0.501781824 0 0 0 0.000244140625
-0.190572277 -0.732862837 0.285771444 0 0 0 0.000244140625
0.292954052 0.601980949 -0.100078922 0 0 0 0.000244140625
0.60385434 0.375674578 0.112274866 0 0 0 0.000244140625
0.414083329 -0.0835505085 0.677057204 0 0 0 0.000244140625
0.484508855 -0.395250793 0.490182454 0 0 0 0.000244140625
-0.351508308 -0.0957097216 0.425134287 0 0 0 0.000244140625
0.337117534 -0.0718017809 -0.381185964 0 0 0 0.000244140625
0.00591298909 0.178538491 0.603168934 0 0 0 0.000244140625
0.622773347 0.51338086 0.418914526 0 0 0 0.000244140625
-0.356550434 0.565631488 0.736839251 0 0 0 0.000244140625
0.461816133 -0.0250856044 -0.209093619 0 0 0 0.000244140625
-0.147713052 0.176399621 0.820354281 0 0 0 0.000244140625
0.451383658 -0.0477107407 0.419514915 0 0 0 0.000244140625
0.00165506254 -0.145422948 -0.0930041057 0 0 0 0.000244140625
-0.557887668 -0.410627078 0.626676409 0 0 0 0.000244140625
-0.262668266 0.736287252 0.264139022 0 0 0 0.000244140625
0.534635989 -0.512247303 0.43391655 0 0 0 0.000244140625
0.157956656 -0.603308936 -0.522428706 0 0 0 0.000244140625
0.36158165 0.453982464 -0.0192298052 0 0 0 0.000244140625
-0.256776268 0.234144122 -0.223512678 0 0 0 0.000244140625
0.543018892 0.25443535 0.440849756 0 0 0 0.000244140625
-0.225822103 0.311450759 0.0607525852 0 0 0 0.000244140625
-0.965116068 -0.0922826813 0.0789160761 0 0 0 0.000244140625
0.639164592 -0.645305544 0.0896907779 0 0 0 0.000244140625
-0.00993973114 -0.675862451 -0.0581385908 0 0 0 0.000244140625
0.170860325 -0.309386777 0.0120890416 0 0 0 0.000244140625
-0.770061028 0.485527472 0.0269358225 0 0 0 0.000244140625
-0.308597167 0.295065194 0.536839069 0 0 0 0.000244140625
0.816935111 -0.0764498634 0.254759068 0 0 0 0.000244140625
0.20612211 -0.313452955 -0.666555636 0 0 0 0.000244140625
-0.623762844 -0.211314175 -0.0537061672 0 0 0 0.000244140625
0.415765356 -0.382477249 -0.0679426344 0 0 0 0.000244140625
-0.458148836 -0.0149934561 -0.460785904 0 0 0 0.000244140625
-0.167445877 -0.729127605 0.398417533 0 0 0 0.000244140625
0.554228962 -0.140099208 0.549781366 0 0 0 0.000244140625
0.73361741 -0.404054553 -0.241182556 0 0 0 0.000244140625
0.893486104 -0.31132752 0.0335688177 0 0 0 0.000244140625
0.0967499767 -0.380620529 0.797366696 0 0 0 0.000244140625
-0.311944044 -0.794851365 -0.113550046 0 0 0 0.000244140625
0.30946681 0.160345756 0.246513248 0 0 0 0.000244140625
-0.150703663 -0.424509373 0.810338087 0 0 0 0.000244140625
0.449932402 -0.178083726 0.749090924 0 0 0 0.000244140625
0.738543329 0.00322345706 0.297371503 0 0 0 0.000244140625
-0.644486656 0.262936287 0.582075372 0 0 0 0.000244140625
0.379213008 -0.480019691 0.471452776 0 0 0 0.000244140625
-0.447700344 -0.361475956 -0.735959727 0 0 0 0.000244140625
0.479644067 0.627637569 -0.164230274 0 0 0 0.000244140625
-0.248758216 -0.494613698 0.0898052086 0 0 0 0.000244140625
0.672540309 0.236664509 0.159998826 0 0 0 0.000244140625
-0.566578132 -0.23930648 -0.102597375 0 0 0 0.000244140625
-0.144485383 -0.129030266 0.823137373 0 0 0 0.000244140625
-0.146892702 -0.711830318 -0.309043805 0 0 0 0.000244140625
-0.129367666 -0.26529248 0.926870775 0 0 0 0.000244140625
-0.0898478067 0.828776085 -0.412469479 0 0 0 0.000244140625
0.205539585 -0.958609052 0.0637414207 0 0 0 0.000244140625
0.223907235 0.687385242 -0.354743959 0 0 0 0.000244140625
0.576393662 -0.36455043 0.602522994 0 0 0 0.000244140625
0.210552868 -0.438066451 0.113372761 0 0 0 0.000244140625
-0.2382025 -0.270251228 -0.715540129 0 0 0 0.000244140625
0.227743903 -0.0985615601 0.819048387 0 0 0 0.000244140625
-0.0969853672 0.467236252 -0.578976295 0 0 0 0.000244140625
-0.264322997 0.457329327 -0.372189108 0 0 0 0.000244140625
-0.18290185 -0.556948386 0.324872798 0 0 0 0.000244140625
0.329415017 0.653676575 0.0186502924 0 0 0 0.000244140625
-0.466673051 0.609491218 -0.207340121 0 0 0 0.000244140625
0.120028014 -0.0158894143 -0.0859269471 0 0 0 0.000244140625
-0.548041885 -0.168360643 -0.406030947 0 0 0 0.000244140625
0.239675228 -0.58111659 0.587407034 0 0 0 0.000244140625
-0.278970311 -0.100258397 0.417588849 0 0 0 0.000244140625
0.00465878988 -0.265210713 -0.234146382 0 0 0 0.000244140625
0.605977868 -0.391198499 -0.0794704011 0 0 0 0.000244140625
0.449722601 -0.139414175 0.57255648 0 0 0 0.000244140625
0.4177981 -0.691394704 -0.320484933 0 0 0 0.000244140625
0.436530903 -0.320472066 0.288505013 0 0 0 0.000244140625
0.151867895 0.588091833 0.163450919 0 0 0 0.000244140625
0.523875186 0.416244415 -0.71225797 0 0 0 0.000244140625
0.152020569 -0.44472274 -0.296058639 0 0 0 0.000244140625
-0.34445101 -0.341029562 0.443521028 0 0 0 0.000244140625
0.238665825 0.894057899 0.149663906 0 0 0 0.000244140625
-0.844832006 0.349986267 -0.0137125572 0 0 0 0.000244140625
0.584821277 -0.211556487 0.371087041 0 0 0 0.000244140625
0.340609891 0.888614158 -0.21775744 0 0 0 0.000244140625
-0.304639908 0.0827599611 0.63338791 0 0 0 0.000244140625
-0.16511987 -0.0526513746 0.00198736383 0 0 0 0.000244140625
0.288882954 0.37380286 -0.685168965 0 0 0 0.000244140625
-0.110770328 -0.404160811 0.466659747 0 0 0 0.000244140625
0.151780866 -0.369931068 0.664342231 0 0 0 0.000244140625
-0.212229826 0.633848637 -0.694067817 0 0 0 0.000244140625
0.402676373 -0.343535635 0.358523433 0 0 0 0.000244140625
-0.360279067 0.261333391 -0.220888588 0 0 0 0.000244140625
0.62605473 -0.422343138 0.276275072 0 0 0 0.000244140625
0.0148580712 -0.649285935 -0.0846026354 0 0 0 0.000244140625
0.35644138 -0.309389963 -0.644342334 0 0 0 0.000244140625
0.266643072 0.627468269 0.678142192 0 0 0 0.000244140625
0.208850882 -0.441860733 0.432815074 0 0 0 0.000244140625
-0.188972309 -0.237961851 -0.887106412 0 0 0 0.000244140625
-0.661604141 0.38176702 -0.509049471 0 0 0 0.000244140625
0.0369796849 0.407578576 0.339348302 0 0 0 0.000244140625
-0.0732896628 -0.944267962 0.241904306 0 0 0 0.000244140625
0.159498469 -0.0831805285 0.0859526999 0 0 0 0.000244140625
-0.38193496 -0.386593376 0.838696311 0 0 0 0.000244140625
-0.343173066 0.299382358 -0.27386237 0 0 0 0.000244140625
-0.391316836 0.591604042 0.346503633 0 0 0 0.000244140625
0.00573532256 -0.78336672 -0.59275352 0 0 0 0.000244140625
-0.219432159 0.346782325 -0.403608631 0 0 0 0.000244140625
-0.319578675 0.81202102 -0.450232445 0 0 0 0.000244140625
-0.0726726642 -0.0725422142 0.384629573 0 0 0 0.000244140625
-0.00820849503 -0.179401987 0.0169360628 0 0 0 0.000244140625
0.649522237 -0.126553784 0.0622681942 0 0 0 0.000244140625
0.140181216 0.735723148 -0.336991709 0 0 0 0.000244140625
0.254195387 -0.446115149 -0.773441946 0 0 0 0.000244140625
-0.744070378 0.281756267 0.279597849 0 0 0 0.000244140625
-0.316551126 -0.448592599 -0.160871611 0 0 0 0.000244140625
-0.303882758 -0.0254788393 0.642721048 0 0 0 0.000244140625
-0.439929869 0.451180271 -0.572423213 0 0 0 0.000244140625
0.142452329 -0.760534423 -0.516384505 0 0 0 0.000244140625
0.705681773 -0.0794295322 -0.153183352 0 0 0 0.000244140625
0.357766801 -0.630438333 0.570613895 0 0 0 0.000244140625
-0.464299819 -0.506827012 0.353612654 0 0 0 0.000244140625
-0.60491378 0.594163682 -0.0875643025 0 0 0 0.000244140625
0.308568113 0.0935768655 -0.600331012 0 0 0 0.000244140625
-0.616058226 0.570730652 0.280707352 0 0 0 0.000244140625
-0.275032802 0.900288112 0.27800056 0 0 0 0.000244140625
0.175821317 -0.631123746 0.514134814 0 0 0 0.000244140625
0.375776638 -0.0527134721 0.0707631517 0 0 0 0.000244140625
0.493030632 0.289413734 0.639585701 0 0 0 0.000244140625
-0.105326481 -0.65755931 -0.412239339 0 0 0 0.000244140625
-0.59917832 0.520659559 0.398806619 0 0 0 0.000244140625
0.411100812 0.691328742 0.383563111 0 0 0 0.000244140625
-0.452945666 0.410882334 0.283907527 0 0 0 0.000244140625
0.452260106 0.361964494 0.52962214 0 0 0 0.000244140625
0.502177902 -0.396471764 -0.72239869 0 0 0 0.000244140625
0.487168839 0.230415746 0.300788033 0 0 0 0.000244140625
0.194292945 0.575274985 -0.749695532 0 0 0 0.000244140625
-0.104153287 0.163387887 0.377157497 0 0 0 0.000244140625
-0.706483091 0.16301135 -0.0289146972 0 0 0 0.000244140625
0.190974552 0.863169763 0.107775199 0 0 0 0.000244140625
-0.0574404787 0.359116468 0.817050965 0 0 0 0.000244140625
-0.719363695 -0.549281416 0.176906841 0 0 0 0.000244140625
0.66081076 0.359987673 0.313331201 0 0 0 0.000244140625
0.305468712 -0.108620738 -0.691713242 0 0 0 0.000244140625
0.00496896358 -0.670136375 0.00638001242 0 0 0 0.000244140625
-0.331247764 -0.290302201 0.138894241 0 0 0 0.000244140625
0.626522278 0.327628422 -0.218972681 0 0 0 0.000244140625
0.195035769 0.0676723371 -0.843815669 0 0 0 0.000244140625
-0.449069702 0.189043821 0.855876512 0 0 0 0.000244140625
0.217981339 -0.0130826022 -0.669438528 0 0 0 0.000244140625
0.639809745 0.140741928 -0.290191679 0 0 0 0.000244140625
0.63252888 -0.1749238 -0.0740461459 0 0 0 0.000244140625
0.721601586 0.534378122 -0.0130299791 0 0 0 0.000244140625
0.65316914 -0.0331178047 -0.30051123 0 0 0 0.000244140625
-0.444077024 0.0863163675 0.274211046 0 0 0 0.000244140625
0.365007092 0.415320798 -0.684002866 0 0 0 0.000244140625
0.125129187 -0.412120869 0.358957582 0 0 0 0.000244140625
-0.871428244 0.278495296 0.0729956391 0 0 0 0.000244140625
-0.302095622 0.321092346 0.474620441 0 0 0 0.000244140625
0.664198997 -0.661418457 0.218054117 0 0 0 0.000244140625
0.935458538 0.153141115 -0.185405801 0 0 0 0.000244140625
0.0845260826 -0.285288772 0.66234674 0 0 0 0.000244140625
-0.467532442 0.344655804 0.359380362 0 0 0 0.000244140625
-0.161375137 -0.570619916 -0.382257395 0 0 0 0.000244140625
-0.149657814 -0.100230264 0.0867224778 0 0 0 0.000244140625
-0.256717831 -0.857963678 -0.10226558 0 0 0 0.000244140625
0.0651108137 0.229678593 -0.721358595 0 0 0 0.000244140625
0.946664887 0.00866512974 0.17789086 0 0 0 0.000244140625
0.10102045 0.0366829882 0.36707537 0 0 0 0.000244140625
-0.307461797 0.809172981 0.408309973 0 0 0 0.000244140625
-0.296969716 -0.335226077 -0.777395361 0 0 0 0.000244140625
0.789360471 -0.144568624 -0.467074924 0 0 0 0.000244140625
-0.253176951 -0.111067375 0.294493971 0 0 0 0.000244140625
-0.425980703 -0.0137241483 -0.268074959 0 0 0 0.000244140625
-0.520331175 0.482611887 0.656017533 0 0 0 0.000244140625
0.0413907371 -0.862930397 -0.287899764 0 0 0 0.000244140625
-0.29615119 -0.0656535739 0.467095203 0 0 0 0.000244140625
0.619008147 0.290711273 0.0777134737 0 0 0 0.000244140625
0.110448893 0.297198786 -0.176453391 0 0 0 0.000244140625
-0.288762164 -0.462593846 0.113953187 0 0 0 0.000244140625
-0.0581633668 -0.655108051 0.492129864 0 0 0 0.000244140625
0.292748206 0.435482107 0.776725676 0 0 0 0.000244140625
-0.52684795 -0.648774322 -0.0980039463 0 0 0 0.000244140625
0.57390238 -0.0742871592 -0.69672571 0 0 0 0.000244140625
0.307419662 0.565787417 -0.122948902 0 0 0 0.000244140625
0.345172797 -0.715319935 -0.336369084 0 0 0 0.000244140625
-0.118294805 -0.299688756 -0.646872886 0 0 0 0.000244140625
-0.0453477054 -0.193650742 0.875536052 0 0 0 0.000244140625
-0.233388798 0.633074697 -0.581705221 0 0 0 0.000244140625
0.825062416 -0.178494659 0.243033958 0 0 0 0.000244140625
0.704140973 0.2959874 0.609106687 0 0 0 0.000244140625
-0.296026252 0.443103928 -0.0382444103 0 0 0 0.000244140625
0.372087091 0.547892898 -0.326905131 0 0 0 0.000244140625
-0.0977091625 0.68397334 0.586065002 0 0 0 0.000244140625
0.0995153604 0.686915242 0.118014414 0 0 0 0.000244140625
0.132430154 -0.122795558 0.435493789 0 0 0 0.000244140625
-0.533160012 0.194812905 -0.786149342 0 0 0 0.000244140625
0.217678277 0.130862023 0.513014441 0 0 0 0.000244140625
0.542218391 -0.480073843 0.628805597 0 0 0 0.000244140625
-0.672424078 -0.105467956 -0.512572083 0 0 0 0.000244140625
0.674105781 0.0287933872 0.610256521 0 0 0 0.000244140625
-0.0700707309 0.29602337 0.617140035 0 0 0 0.000244140625
0.457140774 0.0512930105 0.451908654 0 0 0 0.000244140625
0.61784222 0.234326152 0.538965839 0 0 0 0.000244140625
-0.086964668 -0.675619129 0.0379318937 0 0 0 0.000244140625
-0.644393957 0.40262787 0.338798112 0 0 0 0.000244140625
0.695284225 -0.3604505 -0.0171187898 0 0 0 0.000244140625
-0.177480398 0.611766117 0.376375246 0 0 0 0.000244140625
-0.432683109 0.552046979 -0.0628146475 0 0 0 0.000244140625
0.524038784 -0.200924209 0.174177808 0 0 0 0.000244140625
-0.225397697 -0.150045947 -0.00941543426 0 0 0 0.000244140625
0.18727057 0.385411469 0.812777783 0 0 0 0.000244140625
-0.301012488 -0.0170008755 0.539171931 0 0 0 0.000244140625
0.506889688 0.0155854104 -0.467390716 0 0 0 0.000244140625
-0.538439909 0.250284231 -0.766294508 0 0 0 0.000244140625
-0.146685772 -0.790732374 -0.411620014 0 0 0 0.000244140625
-0.00868256246 -0.316145898 0.37164889 0 0 0 0.000244140625
0.243780225 -0.713753789 -0.177727383 0 0 0 0.000244140625
-0.014266785 0.294273143 -0.647746437 0 0 0 0.000244140625
-0.516112207 -0.6524301 -0.375460929 0 0 0 0.000244140625
-0.229278641 0.0889719876 0.576024596 0 0 0 0.000244140625
0.234978222 -0.0475897765 -0.436022708 0 0 0 0.000244140625
0.77044726 0.0240022295 0.0716816233 0 0 0 0.000244140625
-0.219342285 0.651479969 0.667427432 0 0 0 0.000244140625
-0.281270366 -0.699199077 0.387580104 0 0 0 0.000244140625
0.366542802 -0.338597274 -0.00609015418 0 0 0 0.000244140625
0.229526993 -0.801276216 -0.283157238 0 0 0 0.000244140625
-0.584469296 0.195997289 -0.537205803 0 0 0 0.000244140625
0.103596869 -0.697466384 0.483748084 0 0 0 0.000244140625
0.0636661818 0.105695034 -0.296158734 0 0 0 0.000244140625
0.591470957 0.645976767 -0.361431478 0 0 0 0.000244140625
-0.477546063 -0.698325886 -0.125905267 0 0 0 0.000244140625
-0.0718378219 0.247370866 0.920503161 0 0 0 0.000244140625
0.173249935 0.445455217 0.0827541581 0 0 0 0.000244140625
-0.166171821 0.133098304 0.0677281085 0 0 0 0.000244140625
0.422722559 0.479156574 0.524458579 0 0 0 0.000244140625
0.592732324 -0.278296935 -0.149870639 0 0 0 0.000244140625
0.396906801 0.723844666 -0.162654858 0 0 0 0.000244140625
-0.478403195 0.316059001 -0.811641786 0 0 0 0.000244140625
0.48611832 -0.543617199 0.499070356 0 0 0 0.000244140625
0.397290583 -0.258117406 0.13869554 0 0 0 0.000244140625
0.303909303 -0.10921513 0.508797655 0 0 0 0.000244140625
-0.264341625 -0.102643819 0.540756029 0 0 0 0.000244140625
0.0549252825 0.00851684038 -0.678219932 0 0 0 0.000244140625
-0.288837314 0.567344399 -0.625936217 0 0 0 0.000244140625
0.400058395 -0.262375175 -0.780580751 0 0 0 0.000244140625
-0.562004211 -0.641554087 -0.445716906 0 0 0 0.000244140625
0.470058541 0.527757881 -0.0680814707 0 0 0 0.000244140625
-0.0378195914 0.0267879731 0.77048618 0 0 0 0.000244140625
0.00197485705 -0.693810567 0.10550144 0 0 0 0.000244140625
0.588796647 0.507447113 -0.128673579 0 0 0 0.000244140625
-0.359485852 -0.147371247 0.098969247 0 0 0 0.000244140625
0.342694272 -0.734263542 0.281156651 0 0 0 0.000244140625
0.274496012 -0.39886099 -0.113663673 0 0 0 0.000244140625
0.063280012 0.232620756 -0.356169971 0 0 0 0.000244140625
-0.0520115234 0.250107796 0.612114259 0 0 0 0.000244140625
-0.489796024 0.743702088 -0.134962509 0 0 0 0.000244140625
-0.138391601 0.651760961 0.460613432 0 0 0 0.000244140625
0.708827989 -0.0139667156 0.178480499 0 0 0 0.000244140625
-0.12008559 0.543267439 -0.657286858 0 0 0 0.000244140625
0.589196072 -0.441494987 0.491971442 0 0 0 0.000244140625
-0.54852612 0.12389756 -0.803303318 0 0 0 0.000244140625
-0.0486706487 0.731792705 -0.251223218 0 0 0 0.000244140625
0.00619728161 -0.411356719 -0.644969564 0 0 0 0.000244140625
-0.621374102 -0.148380543 0.0308007413 0 0 0 0.000244140625
0.245839121 0.363398315 0.877215264 0 0 0 0.000244140625
0.783438521 0.139108609 -0.260030045 0 0 0 0.000244140625
-0.214037083 0.00434604576 -0.342340302 0 0 0 0.000244140625
-0.655964213 0.0405557128 0.507789353 0 0 0 0.000244140625
0.222437285 -0.231866696 0.0310298103 0 0 0 0.000244140625
0.240298957 -0.859100953 -0.00272672228 0 0 0 0.000244140625
0.395311301 -0.72089432 0.209140121 0 0 0 0.000244140625
-0.0407737005 -0.494429991 -0.0889834731 0 0 0 0.000244140625
0.483588285 -0.403536223 0.135742995 0 0 0 0.000244140625
0.47468619 0.230951521 0.63537682 0 0 0 0.000244140625
-0.620027018 0.304860946 0.449953464 0 0 0 0.000244140625
0.0204817034 0.407677975 0.81735594 0 0 0 0.000244140625
-0.296462871 -0.19216976 -0.292712571 0 0 0 0.000244140625
-0.26202843 0.145522945 0.816008161 0 0 0 0.000244140625
0.0345517498 -0.93490548 -0.137797349 0 0 0 0.000244140625
-0.337286139 -0.549537755 0.0379865877 0 0 0 0.000244140625
-0.231945074 -0.824645543 0.398709777 0 0 0 0.000244140625
-0.736206491 -0.134469631 -0.0894526264 0 0 0 0.000244140625
0.374707771 0.436109456 -0.521406014 0 0 0 0.000244140625
0.700205979 0.295253193 0.311115192 0 0 0 0.000244140625
-0.336426036 -0.610194838 -0.535817 0 0 0 0.000244140625
0.857492664 0.0680585838 0.474924782 0 0 0 0.000244140625
0.326335133 -0.689947613 -0.170619258 0 0 0 0.000244140625
-0.0638241921 0.0304846528 -0.725166228 0 0 0 0.000244140625
-0.0418947197 0.178220886 0.467870827 0 0 0 0.000244140625
0.0392548511 0.893335184 -0.41323182 0 0 0 0.000244140625
-0.107504459 -0.603117977 0.109838087 0 0 0 0.000244140625
-0.157374103 0.742013616 -0.188588985 0 0 0 0.000244140625
0.0455218895 -0.0265853433 0.20360789 0 0 0 0.000244140625
-0.889301124 0.0364183063 -0.289187932 0 0 0 0.000244140625
0.327038185 -0.556140434 -0.305032568 0 0 0 0.000244140625
-0.372907025 0.729281015 0.13208084 0 0 0 0.000244140625
0.117151819 -0.0807226195 0.00601058556 0 0 0 0.000244140625
0.497044187 -0.385884827 -0.180216634 0 0 0 0.000244140625
-0.373194782 -0.0747295118 -0.691140476 0 0 0 0.000244140625
0.516591721 0.390745764 -0.171775634 0 0 0 0.000244140625
-0.215405249 -0.702952746 -0.593704468 0 0 0 0.000244140625
-0.225691855 0.727223253 0.632219592 0 0 0 0.000244140625
-0.423134233 0.270671009 -0.749932045 0 0 0 0.000244140625
-0.64118895 -0.214326199 -0.0388240455 0 0 0 0.000244140625
-0.495371632 0.666589808 -0.367529496 0 0 0 0.000244140625
-0.46326478 0.328372885 0.505482536 0 0 0 0.000244140625
0.142948726 -0.313564465 -0.377942891 0 0 0 0.000244140625
-0.828835274 0.303368074 0.0596547017 0 0 0 0.000244140625
-0.638956307 0.402486866 -0.224253755 0 0 0 0.000244140625
0.095269644 0.915155683 -0.36845984 0 0 0 0.000244140625
-0.0346062745 0.758434544 -0.107282653 0 0 0 0.000244140625
0.364062667 0.520828118 -0.229240174 0 0 0 0.000244140625
-0.329031675 -0.200346307 -0.540451328 0 0 0 0.000244140625
0.120181017 0.803422408 0.540522847 0 0 0 0.000244140625
-0.41891873 -0.554188901 -0.366547165 0 0 0 0.000244140625
0.78466586 -0.375252324 0.189539613 0 0 0 0.000244140625
-0.713089888 -0.470817151 0.235112535 0 0 0 0.000244140625
0.0730218996 0.605336161 -0.491850377 0 0 0 0.000244140625
-0.280782747 -0.0422335672 -0.471007789 0 0 0 0.000244140625
0.852302428 0.283168856 0.428171012 0 0 0 0.000244140625
-0.818381548 0.0436276394 -0.0128532144 0 0 0 0.000244140625
-0.64970226 0.194113747 -0.23304754 0 0 0 0.000244140625
-0.444535443 -0.6837412 -0.483697832 0 0 0 0.000244140625
-0.568214528 0.040574045 0.048844801 0 0 0 0.000244140625
0.580576107 0.734478851 0.115187099 0 0 0 0.000244140625
0.0980843595 0.948371034 0.294719395 0 0 0 0.000244140625
-0.0977967348 -0.297863719 0.407000592 0 0 0 0.000244140625
0.0240534531 -0.301369163 -0.266131298 0 0 0 0.000244140625
-0.490873774 0.0094827191 -0.189907922 0 0 0 0.000244140625
0.863688218 -0.300750491 0.337527877 0 0 0 0.000244140625
0.442306461 -0.598177836 0.225998806 0 0 0 0.000244140625
-0.0560298086 0.295019796 0.634272425 0 0 0 0.000244140625
0.595328894 0.197723141 0.177655197 0 0 0 0.000244140625
-0.106526202 -0.137177638 -0.439849341 0 0 0 0.000244140625
-0.681181878 -0.471365479 0.214747168 0 0 0 0.000244140625
-0.771145065 0.490013932 -0.0107121115 0 0 0 0.000244140625
0.337683996 -0.35795181 0.279922499 0 0 0 0.000244140625
-0.100126195 -0.0729537629 -0.485514862 0 0 0 0.000244140625
0.231721611 -0.433194982 -0.597169432 0 0 0 0.000244140625
-0.169911847 0.0864835286 -0.419592133 0 0 0 0.000244140625
0.0491481766 -0.468321498 -0.567897518 0 0 0 0.000244140625
0.763961492 -0.564769384 0.0315903836 0 0 0 0.000244140625
-0.0397940496 -0.241546319 0.137935806 0 0 0 0.000244140625
0.513563543 -0.557403709 -0.462682907 0 0 0 0.000244140625
-0.793233239 0.0149026605 -0.0295426333 0 0 0 0.000244140625
0.188054717 0.602026486 0.365467113 0 0 0 0.000244140625
-0.423821217 -0.511366046 -0.119063835 0 0 0 0.000244140625
0.134113089 0.449879383 0.55597054 0 0 0 0.000244140625
0.458147344 -0.0155291631 0.445449634 0 0 0 0.000244140625
0.158213867 0.595916554 0.142753696 0 0 0 0.000244140625
0.561555591 -0.276011704 0.107276514 0 0 0 0.000244140625
-0.192039551 0.438447835 -0.138595702 0 0 0 0.000244140625
0.0965499434 0.395576385 -0.0823696478 0 0 0 0.000244140625
-0.336359362 -0.479953914 -0.441766002 0 0 0 0.000244140625
-0.081506107 -0.0174252064 -0.808433297 0 0 0 0.000244140625
0.501472835 -0.76497068 0.180752329 0 0 0 0.000244140625
-0.420815783 -0.198048608 -0.222205204 0 0 0 0.000244140625
0.232950258 -0.482670164 -0.27450834 0 0 0 0.000244140625
-0.127175873 -0.548772136 0.646364472 0 0 0 0.000244140625
-0.4829717 0.447458687 0.719363073 0 0 0 0.000244140625
0.0635209245 0.0900794364 0.717579622 0 0 0 0.000244140625
0.387792557 -0.124919823 0.600742872 0 0 0 0.000244140625
0.915490812 0.0905054469 -0.313377021 0 0 0 0.000244140625
-0.101757305 -0.129980919 -0.914686304 0 0 0 0.000244140625
-0.5604151 -0.677814756 0.0112372931 0 0 0 0.000244140625
-0.635124876 0.108471864 -0.649098992 0 0 0 0.000244140625
0.104299651 -0.334089977 0.672813914 0 0 0 0.000244140625
-0.853107128 0.201811281 -0.329365394 0 0 0 0.000244140625
0.743142197 -0.13745664 0.278816778 0 0 0 0.000244140625
0.25583285 0.0608684488 -0.942106341 0 0 0 0.000244140625
-0.760319634 0.163673461 -0.0592536516 0 0 0 0.000244140625
-0.44164428 0.793311875 0.219228111 0 0 0 0.000244140625
0.471428208 0.364289184 0.0100623392 0 0 0 0.000244140625
-0.59328885 -0.637517214 -0.0591728274 0 0 0 0.000244140625
0.0608745619 -0.729118872 0.0323594911 0 0 0 0.000244140625
0.216478125 -0.227198735 0.484044573 0 0 0 0.000244140625
0.73136923 -0.395076231 -0.0242278879 0 0 0 0.000244140625
0.921458954 -0.264118072 -0.053676547 0 0 0 0.000244140625
0.35073307 -0.814748458 0.0657206464 0 0 0 0.000244140625
-0.752712723 0.160345013 -0.0396488352 0 0 0 0.000244140625
-0.627970861 0.374886088 0.64265049 0 0 0 0.000244140625
0.687849743 0.645122151 0.265449315 0 0 0 0.000244140625
0.268397256 -0.173986445 0.92488519 0 0 0 0.000244140625
0.249341185 -0.0333314718 -0.798826715 0 0 0 0.000244140625
-0.698952259 -0.0874433964 -0.53744437 0 0 0 0.000244140625
0.197234615 0.885694286 0.392429493 0 0 0 0.000244140625
-0.00661744365 -0.125013423 0.975329432 0 0 0 0.000244140625
-0.218586169 -0.108125901 0.62973985 0 0 0 0.000244140625
-0.337264122 -0.749953882 0.222105592 0 0 0 0.000244140625
0.487219711 -0.012609303 0.634002823 0 0 0 0.000244140625
-0.210583353 0.109654655 0.83838276 0 0 0 0.000244140625
0.119850583 -0.530019426 0.367422466 0 0 0 0.000244140625
0.144748874 -0.250827684 0.35956935 0 0 0 0.000244140625
-0.130275647 -0.736509037 -0.0091469664 0 0 0 0.000244140625
-0.26953953 0.129166388 0.50908095 0 0 0 0.000244140625
-0.109556257 0.244232982 -0.0996321137 0 0 0 0.000244140625
-0.54045814 0.152886506 0.565310412 0 0 0 0.000244140625
-0.0957183664 -0.0702220525 -0.795622909 0 0 0 0.000244140625
-0.183443787 0.395498159 0.24598255 0 0 0 0.000244140625
-0.4863767 0.229264882 0.652920697 0 0 0 0.000244140625
0.480885492 0.416039164 -0.477314873 0 0 0 0.000244140625
0.188873387 -0.872730437 0.085015033 0 0 0 0.000244140625
-0.138672546 0.469934377 0.559513277 0 0 0 0.000244140625
0.00836199782 0.898716553 -0.23391343 0 0 0 0.000244140625
-0.696156688 -0.0381949083 0.0869955045 0 0 0 0.000244140625
-0.609698441 -0.233518494 0.33611497 0 0 0 0.000244140625
-0.685008591 0.501610811 -0.129597285 0 0 0 0.000244140625
-0.219468735 -0.387078649 -0.0573223032 0 0 0 0.000244140625
-0.174778091 -0.617579091 0.44644331 0 0 0 0.000244140625
0.714742378 0.167851051 -0.526543986 0 0 0 0.000244140625
0.0710561856 0.00978617804 -0.179163115 0 0 0 0.000244140625
0.094857299 -0.408182943 -0.518598252 0 0 0 0.000244140625
0.326877209 0.589833206 -0.106618388 0 0 0 0.000244140625
0.730085941 -0.371052191 0.56420241 0 0 0 0.000244140625
-0.255594593 -0.344821678 0.311543203 0 0 0 0.000244140625
-0.263788584 -0.564998338 0.0664247695 0 0 0 0.000244140625
-0.0909574015 -0.62558936 0.735599692 0 0 0 0.000244140625
0.386134023 0.108743664 0.651799052 0 0 0 0.000244140625
-0.284076336 -0.214107991 0.0721425816 0 0 0 0.000244140625
-0.44532594 0.0386221961 0.715275038 0 0 0 0.000244140625
-0.970115201 -0.0615827796 0.0714388339 0 0 0 0.000244140625
0.37529957 0.210635237 -0.297325449 0 0 0 0.000244140625
0.247268359 -0.634095343 0.0772139156 0 0 0 0.000244140625
0.394521358 -0.37629465 -0.771756629 0 0 0 0.000244140625
0.128574572 0.54327043 0.115858391 0 0 0 0.000244140625
0.554275384 0.567122127 -0.111689224 0 0 0 0.000244140625
0.819987606 -0.0838839953 -0.334623538 0 0 0 0.000244140625
0.0463131469 -0.152096069 -0.236900993 0 0 0 0.000244140625
0.214039292 0.347567829 -0.183564401 0 0 0 0.000244140625
0.637473666 -0.423617979 -0.118360178 0 0 0 0.000244140625
0.236091741 0.33069169 0.366872613 0 0 0 0.000244140625
0.649669988 0.182068175 0.595732406 0 0 0 0.000244140625
-0.758062277 -0.366938493 0.0948249941 0 0 0 0.000244140625
0.567455628 0.0999096828 -0.432827065 0 0 0 0.000244140625
0.632862458 0.0287748695 -0.630004135 0 0 0 0.000244140625
0.176223481 0.379069243 0.765638547 0 0 0 0.000244140625
0.405293666 -0.714421069 0.371693491 0 0 0 0.000244140625
-0.0736313894 -0.327945768 0.514225074 0 0 0 0.000244140625
0.396961922 -0.370542121 -0.153807531 0 0 0 0.000244140625
0.698890152 0.370599958 0.357067825 0 0 0 0.000244140625
0.466581158 -0.21364198 0.479065597 0 0 0 0.000244140625
0.689564565 0.0528998765 -0.186483079 0 0 0 0.000244140625
0.59542072 0.663543116 -0.0435239131 0 0 0 0.000244140625
0.327681352 -0.0634362596 -0.755039569 0 0 0 0.000244140625
-0.748009089 -0.626694958 0.146823977 0 0 0 0.000244140625
-0.432891805 -0.00712733953 -0.011217494 0 0 0 0.000244140625
0.0319277326 0.630742176 -0.746680727 0 0 0 0.000244140625
0.168330069 -0.683638995 0.539023534 0 0 0 0.000244140625
0.640225412 -0.350021689 -0.056241187 0 0 0 0.000244140625
-0.178134459 -0.466002119 0.617520749 0 0 0 0.000244140625
-0.816194567 -0.256762321 -0.118209555 0 0 0 0.000244140625
-0.267986122 -0.596871527 -0.266962612 0 0 0 0.000244140625
-0.351410707 0.0606635381 -0.109655635 0 0 0 0.000244140625
0.00423641605 0.459311603 -0.225987916 0 0 0 0.000244140625
-0.108967784 -0.455682328 -0.025644561 0 0 0 0.000244140625
0.445780357 0.272553992 -0.631982626 0 0 0 0.000244140625
-0.748176608 -0.169801153 0.296781256 0 0 0 0.000244140625
-0.297562249 0.65800966 -0.171488637 0 0 0 0.000244140625
-0.140707882 0.25914245 0.156027709 0 0 0 0.000244140625
-0.289077126 -0.604673649 0.108591238 0 0 0 0.000244140625
-0.0519257162 0.177833083 0.0790115536 0 0 0 0.000244140625
0.64647677 -0.0740745825 0.426532522 0 0 0 0.000244140625
0.393481988 0.682931132 0.474807522 0 0 0 0.000244140625
-0.193217151 0.819576381 -0.219805238 0 0 0 0.000244140625
0.587013737 -0.535888775 0.441034647 0 0 0 0.000244140625
0.278663249 -0.163038434 0.705366145 0 0 0 0.000244140625
0.657676144 -0.367610244 -0.646350086 0 0 0 0.000244140625
-0.783737284 -0.158119224 0.531277125 0 0 0 0.000244140625
0.277813293 0.936175878 -0.213184957 0 0 0 0.000244140625
-0.347436165 0.902493552 0.18371552 0 0 0 0.000244140625
0.296465906 -0.568145047 0.548460312 0 0 0 0.000244140625
-0.720487015 -0.468324022 -0.116208481 0 0 0 0.000244140625
0.511523068 0.18350615 -0.285168463 0 0 0 0.000244140625
-0.0142629648 0.034518316 -0.0501037958 0 0 0 0.000244140625
0.258202469 0.391215866 0.669101809 0 0 0 0.000244140625
0.020670317 0.503814065 -0.262119786 0 0 0 0.000244140625
0.0649025447 0.509461201 -0.736081009 0 0 0 0.000244140625
-0.834441842 -0.0651801673 -0.074538016 0 0 0 0.000244140625
0.555185284 -0.176442241 -0.152815424 0 0 0 0.000244140625
0.612173934 0.0348252709 -0.0075535807 0 0 0 0.000244140625
-0.639901223 0.37825559 0.338086691 0 0 0 0.000244140625
-0.224860677 0.0618628137 0.419132793 0 0 0 0.000244140625
0.420433744 0.228110702 -0.774806527 0 0 0 0.000244140625
0.669770421 -0.723760291 -0.109610975 0 0 0 0.000244140625
-0.350811527 0.145360747 -0.672891789 0 0 0 0.000244140625
0.383162881 0.851854744 -0.0492154144 0 0 0 0.000244140625
-0.346754274 0.0872352495 0.74110189 0 0 0 0.000244140625
0.805752792 -0.518380795 0.204701165 0 0 0 0.000244140625
0.506194139 0.100975386 0.807763589 0 0 0 0.000244140625
0.0221130718 -0.645776374 -0.382820886 0 0 0 0.000244140625
-0.212172513 -0.646600375 0.675665445 0 0 0 0.000244140625
-0.283192256 -0.555685278 -0.071530211 0 0 0 0.000244140625
-0.465771179 0.815026173 0.232714293 0 0 0 0.000244140625
-0.0824613767 0.468229708 0.193692393 0 0 0 0.000244140625
0.430576967 0.101872631 0.561926306 0 0 0 0.000244140625
0.21786006 -0.459147226 -0.267970745 0 0 0 0.000244140625
-0.656324666 0.209284368 -0.724054054 0 0 0 0.000244140625
0.00890555531 0.90503054 -0.292010317 0 0 0 0.000244140625
-0.617394708 0.2035595 -0.391744475 0 0 0 0.000244140625
0.43675061 -0.330486823 0.173391559 0 0 0 0.000244140625
-0.0290358213 -0.0545146314 0.372917227 0 0 0 0.000244140625
0.0716749232 -0.870574632 0.19242578 0 0 0 0.000244140625
0.0621980903 0.717299829 -0.518379022 0 0 0 0.000244140625
-0.0826056962 0.564551179 0.614465743 0 0 0 0.000244140625
0.776209798 0.362819382 -0.22053538 0 0 0 0.000244140625
0.136204257 0.142369244 -0.937267725 0 0 0 0.000244140625
-0.0369679247 0.33390516 -0.78588359 0 0 0 0.000244140625
0.729528105 -0.247803058 0.227969378 0 0 0 0.000244140625
-0.302442932 -0.0692260708 0.241969328 0 0 0 0.000244140625
0.0718012334 -0.23898594 -0.509161756 0 0 0 0.000244140625
0.137662503 0.385209223 -0.901622865 0 0 0 0.000244140625
0.208840505 -0.603016205 0.52645202 0 0 0 0.000244140625
0.430455644 0.341443353 0.302307432 0 0 0 0.000244140625
-0.00223601907 0.258469894 0.761404496 0 0 0 0.000244140625
0.471092517 0.131543151 0.0595633987 0 0 0 0.000244140625
0.105873282 -0.0601522174 -0.89552601 0 0 0 0.000244140625
0.267552847 0.41190476 0.0524130986 0 0 0 0.000244140625
-0.429082858 -0.387201425 0.0250633764 0 0 0 0.000244140625
-0.787360326 -0.594482761 0.0135892461 0 0 0 0.000244140625
-0.528540313 -0.324624853 0.285867057 0 0 0 0.000244140625
0.110340645 -0.373297522 0.406801079 0 0 0 0.000244140625
-0.208916212 -0.28650206 0.787689413 0 0 0 0.000244140625
0.0282787547 -0.394254114 -0.856218379 0 0 0 0.000244140625
-0.1874144 -0.108066988 -0.476643852 0 0 0 0.000244140625
0.823572111 0.240962064 -0.369374934 0 0 0 0.000244140625
0.45097311 -0.523349265 -0.160649922 0 0 0 0.000244140625
0.216020499 0.367208797 0.648309604 0 0 0 0.000244140625
-0.0522990105 0.256931216 -0.398824627 0 0 0 0.000244140625
-0.558530392 0.0479865222 0.453233382 0 0 0 0.000244140625
-0.270114001 -0.551684471 0.157516466 0 0 0 0.000244140625
-0.706989038 -0.544374183 -0.216023041 0 0 0 0.000244140625
0.287060135 -0.278993118 -0.363789459 0 0 0 0.000244140625
-0.214349876 -0.663653329 0.179154777 0 0 0 0.000244140625
-0.646934213 0.499407215 0.354212363 0 0 0 0.000244140625
-0.208809478 0.712656546 -0.448718295 0 0 0 0.000244140625
0.603396219 -0.277297119 0.372177361 0 0 0 0.000244140625
0.699671307 -0.345067926 0.545755638 0 0 0 0.000244140625
-0.789665945 0.114438861 0.550204367 0 0 0 0.000244140625
-0.0155302861 -0.0743093043 -0.670171639 0 0 0 0.000244140625
0.0370436559 0.162227916 -0.638280911 0 0 0 0.000244140625
-0.694582182 -0.0152653915 -0.292221838 0 0 0 0.000244140625
-0.279801081 0.295998058 0.90230635 0 0 0 0.000244140625
0.060392932 -0.0133531458 0.195570569 0 0 0 0.000244140625
0.123613777 -0.334774012 0.794378632 0 0 0 0.000244140625
-0.00484812513 0.327888057 0.0884659723 0 0 0 0.000244140625
0.881658668 -0.339868683 0.0234541444 0 0 0 0.000244140625
-0.250619497 -0.682544369 -0.39903275 0 0 0 0.000244140625
0.423909685 0.485640985 -0.0815909671 0 0 0 0.000244140625
0.303864261 -0.417283939 -0.571951202 0 0 0 0.000244140625
-0.0338570789 0.161109299 -0.0757452654 0 0 0 0.000244140625
-0.807997509 -0.291111154 -0.354423456 0 0 0 0.000244140625
-0.38691841 -0.0157389032 0.719659571 0 0 0 0.000244140625
-0.0817600819 0.105963391 -0.434096285 0 0 0 0.000244140625
0.317426464 -0.332635002 -0.694185401 0 0 0 0.000244140625
-0.313206847 0.685070668 0.356582101 0 0 0 0.000244140625
0.545522025 -0.460590122 -0.0276335864 0 0 0 0.000244140625
-0.729676846 0.353172199 0.525689631 0 0 0 0.000244140625
-0.64570151 0.698361666 -0.190253525 0 0 0 0.000244140625
0.00791913291 -0.799724103 -0.200575985 0 0 0 0.000244140625
-0.530017854 0.616757413 0.0570293509 0 0 0 0.000244140625
-0.169654554 -0.836871116 -0.177772999 0 0 0 0.000244140625
-0.174198557 0.758100209 -0.0297823457 0 0 0 0.000244140625
-0.332846537 0.224809802 0.21501239 0 0 0 0.000244140625
0.518086944 0.38597752 -0.494106951 0 0 0 0.000244140625
0.250984394 -0.327836418 0.617383498 0 0 0 0.000244140625
0.57929842 -0.149570759 -0.25431741 0 0 0 0.000244140625
0.23199388 0.22967156 -0.935535135 0 0 0 0.000244140625
-0.314778807 0.658330774 -0.534257546 0 0 0 0.000244140625
0.376259826 -0.551849517 -0.0925054526 0 0 0 0.000244140625
0.870444218 -0.459423231 -0.0831167282 0 0 0 0.000244140625
0.190227579 -0.434722599 -0.59182983 0 0 0 0.000244140625
-0.484286088 -0.135498918 -0.603611862 0 0 0 0.000244140625
0.502192914 -0.121406349 0.851035436 0 0 0 0.000244140625
0.394013629 -0.0365635546 -0.61321509 0 0 0 0.000244140625
-0.100383808 -0.189500921 -0.335871939 0 0 0 0.000244140625
0.340326223 0.170274127 -0.0695926261 0 0 0 0.000244140625
0.825144963 0.069028466 0.308718576 0 0 0 0.000244140625
-0.00151722791 0.0285687965 -0.506262474 0 0 0 0.000244140625
0.564893638 0.402962283 0.47961034 0 0 0 0.000244140625
-0.261819224 0.173211672 0.74023973 0 0 0 0.000244140625
-0.0906426814 -0.081943483 -0.155931087 0 0 0 0.000244140625
0.0274480151 -0.0479945718 -0.928787979 0 0 0 0.000244140625
0.174998036 0.304443549 -0.0988307064 0 0 0 0.000244140625
0.152214567 -0.610584056 0.753088598 0 0 0 0.000244140625
0.0549187035 -0.646198858 -0.622927767 0 0 0 0.000244140625
0.699016886 -0.139291638 -0.428559195 0 0 0 0.000244140625
-0.512626154 0.710024195 -0.479356564 0 0 0 0.000244140625
-0.378699985 -0.492949331 0.168374854 0 0 0 0.000244140625
-0.0146794128 -0.73958742 0.584804739 0 0 0 0.000244140625
0.706019737 0.302705723 0.0189755574 0 0 0 0.000244140625
-0.071545345 -0.194988861 0.34688568 0 0 0 0.000244140625
-0.463580485 -0.598154715 -0.0151481008 0 0 0 0.000244140625
-0.480019151 -0.486931077 -0.376688404 0 0 0 0.000244140625
0.208023111 -0.80521296 0.309202218 0 0 0 0.000244140625
0.226508854 0.494635952 0.132969475 0 0 0 0.000244140625
-0.289816678 -0.0202934015 0.472940926 0 0 0 0.000244140625
-0.275881572 0.395604024 -0.079695376 0 0 0 0.000244140625
0.296871407 -0.534616682 -0.19465912 0 0 0 0.000244140625
-0.255881069 -0.434629694 -0.632625865 0 0 0 0.000244140625
-0.381916103 0.0615965949 -0.0993996832 0 0 0 0.000244140625
0.402460127 -0.193980734 -0.107961649 0 0 0 0.000244140625
-0.279534069 -0.60390832 -0.24734672 0 0 0 0.000244140625
0.668872553 0.207568857 -0.0672434433 0 0 0 0.000244140625
-0.428855911 -0.51642185 0.641180787 0 0 0 0.000244140625
0.287063402 -0.63388743 0.125459376 0 0 0 0.000244140625
-0.541694882 0.19315921 0.48787209 0 0 0 0.000244140625
0.00540121468 0.281562891 0.856618146 0 0 0 0.000244140625
0.263864216 -0.792123264 -0.319645614 0 0 0 0.000244140625
0.272322574 0.77434678 -0.540816548 0 0 0 0.000244140625
-0.246815979 0.523384401 0.447399193 0 0 0 0.000244140625
0.355170868 0.804350404 0.318321284 0 0 0 0.000244140625
0.384999635 0.665459348 -0.439326794 0 0 0 0.000244140625
0.638782455 0.341924234 0.183345024 0 0 0 0.000244140625
-0.528623431 0.761778261 -0.207049621 0 0 0 0.000244140625
0.1280983 -0.363670575 0.0941759149 0 0 0 0.000244140625
0.564868248 -0.55688391 0.142478513 0 0 0 0.000244140625
0.359890792 0.0620896574 -0.573700051 0 0 0 0.000244140625
0.153525969 0.966593142 0.153872667 0 0 0 0.000244140625
0.247338085 -0.453814783 -0.11947584 0 0 0 0.000244140625
0.0706002198 -0.20742744 0.0628602131 0 0 0 0.000244140625
-0.511530207 0.498197186 0.0287602087 0 0 0 0.000244140625
-0.0983769147 0.494376278 0.416237455 0 0 0 0.000244140625
-0.386589504 -0.249719658 0.23772775 0 0 0 0.000244140625
0.411985021 0.436906996 0.289655037 0 0 0 0.000244140625
-0.418145082 0.0505314592 -0.861137248 0 0 0 0.000244140625
0.0254220054 0.859716276 -0.236537394 0 0 0 0.000244140625
0.654709621 0.0124057211 -0.0410270464 0 0 0 0.000244140625
-0.411497932 0.693690705 -0.147955938 0 0 0 0.000244140625
0.0710809472 0.882623021 0.0234895019 0 0 0 0.000244140625
0.0670262421 -0.367608123 0.62139189 0 0 0 0.000244140625
-0.0594083266 0.0357267682 0.10631582 0 0 0 0.000244140625
0.119129388 0.265752868 0.948242323 0 0 0 0.000244140625
0.495862237 0.168983537 -0.694118618 0 0 0 0.000244140625
-0.832056023 -0.437730301 -0.223147154 0 0 0 0.000244140625
0.61960327 -0.558174945 -0.181512476 0 0 0 0.000244140625
-0.217680633 0.944410448 0.157621634 0 0 0 0.000244140625
-0.983369029 -0.109681045 0.0961693585 0 0 0 0.000244140625
0.258187968 -0.580899653 0.622943739 0 0 0 0.000244140625
-0.163685736 0.492495235 0.143361822 0 0 0 0.000244140625
-0.396272336 0.295377752 0.58357215 0 0 0 0.000244140625
-0.23010563 -0.498314821 0.121212544 0 0 0 0.000244140625
-0.294352838 -0.117754111 -0.754489588 0 0 0 0.000244140625
0.310137332 -0.398380224 -0.757291721 0 0 0 0.000244140625
-0.189618865 -0.00121905674 -0.74032101 0 0 0 0.000244140625
-0.152852652 -0.703296717 -0.44470936 0 0 0 0.000244140625
0.280373075 0.295411501 -0.678433912 0 0 0 0.000244140625
0.197503417 -0.454246125 -0.823019492 0 0 0 0.000244140625
0.321144973 0.691155051 0.175370532 0 0 0 0.000244140625
-0.149509172 -0.693114475 0.672618154 0 0 0 0.000244140625
-0.0308912581 0.454777486 -0.072861222 0 0 0 0.000244140625
0.168127122 -0.364993087 -0.0018023104 0 0 0 0.000244140625
0.341423085 -0.218553177 0.737027407 0 0 0 0.000244140625
-0.168240773 -0.455758416 -0.68001076 0 0 0 0.000244140625
0.323952328 0.218629802 0.538276081 0 0 0 0.000244140625
0.597250297 -0.134604074 0.0763336104 0 0 0 0.000244140625
-0.294524882 -0.503637885 0.482168738 0 0 0 0.000244140625
-0.353438087 -0.0158049824 0.893642856 0 0 0 0.000244140625
-0.112885634 -0.74794375 0.426236408 0 0 0 0.000244140625
0.239431536 0.0298079906 -0.726171651 0 0 0 0.000244140625
0.00995596667 0.524144631 -0.279840113 0 0 0 0.000244140625
-0.578234685 -0.173816124 -0.368466096 0 0 0 0.000244140625
-0.918023245 0.166934086 -0.346836292 0 0 0 0.000244140625
-0.146022849 0.156339066 0.0334440097 0 0 0 0.000244140625
0.203851655 -0.579130534 0.484414748 0 0 0 0.000244140625
-0.609561343 -0.174572383 0.386805066 0 0 0 0.000244140625
0.186186401 0.428954423 0.0764185831 0 0 0 0.000244140625
0.108317135 -0.306706659 -0.488848381 0 0 0 0.000244140625
-0.0323452109 -0.604227458 -0.375582904 0 0 0 0.000244140625
-0.0356628697 -0.323043185 0.584275772 0 0 0 0.000244140625
0.172051215 -0.541915088 -0.372166415 0 0 0 0.000244140625
0.088984561 0.490424749 0.483705643 0 0 0 0.000244140625
0.440046439 -0.0775949691 0.000693669365 0 0 0 0.000244140625
0.112047669 0.0801359967 0.294674029 0 0 0 0.000244140625
-0.119211428 -0.271321707 -0.562578666 0 0 0 0.000244140625
0.345540874 -0.63729583 -0.656559622 0 0 0 0.000244140625
0.206385247 0.173246451 0.046645477 0 0 0 0.000244140625
0.0805408677 0.900313325 0.0398222122 0 0 0 0.000244140625
0.0773343788 -0.42359043 -0.431974902 0 0 0 0.000244140625
0.63634774 -0.351507551 -0.242001385 0 0 0 0.000244140625
0.256822026 -0.693593391 -0.132399111 0 0 0 0.000244140625
-0.244131482 0.00608767254 0.655876553 0 0 0 0.000244140625
-0.542637578 0.365971124 -0.123623813 0 0 0 0.000244140625
-0.542744384 0.169820085 0.198975209 0 0 0 0.000244140625
-0.896346124 0.191405831 -0.310250268 0 0 0 0.000244140625
-0.240506574 0.365252196 0.634099041 0 0 0 0.000244140625
-0.45855373 0.333489273 0.481600958 0 0 0 0.000244140625
0.10004162 0.102844988 -0.218011665 0 0 0 0.000244140625
-0.111819463 0.358000651 -0.64163519 0 0 0 0.000244140625
0.353610884 -0.917470193 -0.0432519735 0 0 0 0.000244140625
0.31548499 -0.899024653 0.21915767 0 0 0 0.000244140625
0.0724085737 -0.644612021 0.616493243 0 0 0 0.000244140625
-0.232517425 0.032563688 0.102790368 0 0 0 0.000244140625
0.171378779 0.926005669 0.024690095 0 0 0 0.000244140625
0.241027641 -0.0281942318 -0.136271557 0 0 0 0.000244140625
0.253109346 0.437480748 0.648593476 0 0 0 0.000244140625
-0.865121352 0.125066276 -0.378526879 0 0 0 0.000244140625
0.721838573 -0.506177209 0.228435569 0 0 0 0.000244140625
0.517407869 -0.63772608 -0.133025256 0 0 0 0.000244140625
0.825073504 0.378912253 0.358560284 0 0 0 0.000244140625
0.254982075 -0.55851949 -0.0241161428 0 0 0 0.000244140625
0.144339631 -0.580449609 -0.333496592 0 0 0 0.000244140625
0.316357545 -0.499193093 0.177676665 0 0 0 0.000244140625
0.0163564377 -0.814844467 -0.566783591 0 0 0 0.000244140625
0.083690727 -0.270250478 0.156435987 0 0 0 0.000244140625
-0.13234654 0.266231451 0.155986392 0 0 0 0.000244140625
0.320285607 0.0292307958 -0.0756344031 0 0 0 0.000244140625
0.570773286 0.529179366 0.174573341 0 0 0 0.000244140625
0.42229931 -0.0040695719 -0.311390989 0 0 0 0.000244140625
-0.497693669 -0.154124862 -0.153267184 0 0 0 0.000244140625
-0.686196132 -0.269104211 0.477479346 0 0 0 0.000244140625
-0.528390358 0.31372435 -0.3651589 0 0 0 0.000244140625
0.380738082 0.360896002 -0.635895008 0 0 0 0.000244140625
0.752990798 0.303328141 -0.286729984 0 0 0 0.000244140625
0.208244368 -0.241591139 -0.431131213 0 0 0 0.000244140625
-0.274241454 -0.801932793 -0.0966437718 0 0 0 0.000244140625
-0.0873640768 -0.324523159 -0.248504563 0 0 0 0.000244140625
0.452180059 0.0319620487 0.533202325 0 0 0 0.000244140625
-0.0643937248 -0.173659496 0.223575606 0 0 0 0.000244140625
0.816457581 -0.0630430829 -0.518075693 0 0 0 0.000244140625
-0.449715468 -0.0889741293 0.782862815 0 0 0 0.000244140625
0.484850846 0.499916841 0.208889803 0 0 0 0.000244140625
-0.914564429 -0.308398131 -0.00503953039 0 0 0 0.000244140625
0.543543761 0.754886498 -0.127805513 0 0 0 0.000244140625
-0.706739248 0.377318182 -0.00759936754 0 0 0 0.000244140625
0.626908104 0.150242181 0.0102116024 0 0 0 0.000244140625
0.0594052056 -0.156737848 -0.163942309 0 0 0 0.000244140625
-0.0837968952 0.458181474 -0.413582477 0 0 0 0.000244140625
-0.305648066 0.0480344351 0.943574706 0 0 0 0.000244140625
-0.259607121 0.0494850046 0.330211245 0 0 0 0.000244140625
0.506945495 -0.552320849 0.549023429 0 0 0 0.000244140625
0.230781341 0.616282633 0.12350319 0 0 0 0.000244140625
-0.0594204095 0.0887283832 -0.364412199 0 0 0 0.000244140625
0.243019961 -0.16075428 -0.113265218 0 0 0 0.000244140625
-0.831416608 -0.0028675462 0.186007071 0 0 0 0.000244140625
-0.259265195 0.0218005733 -0.937122012 0 0 0 0.000244140625
-0.241382308 0.476199908 0.0866091039 0 0 0 0.000244140625
-0.708687145 -0.280630124 0.254276468 0 0 0 0.000244140625
0.654115532 -0.241665676 0.599316781 0 0 0 0.000244140625
-0.170186731 -0.697282812 0.196412258 0 0 0 0.000244140625
0.162867075 0.289709558 -0.607378493 0 0 0 0.000244140625
0.578397824 -0.632577406 0.0528335028 0 0 0 0.000244140625
-0.368323601 0.178253236 0.0282459758 0 0 0 0.000244140625
-0.86669967 -0.115800411 0.151453251 0 0 0 0.000244140625
-0.666149264 -0.305618348 -0.673463669 0 0 0 0.000244140625
0.35226276 0.100202931 -0.655780003 0 0 0 0.000244140625
0.0266349569 0.228472179 0.084614919 0 0 0 0.000244140625
-0.186430056 -0.398811052 -0.709446758 0 0 0 0.000244140625
0.35133069 0.237672854 -0.0423572499 0 0 0 0.000244140625
0.425886332 0.265430792 -0.492247177 0 0 0 0.000244140625
-0.312380436 -0.362994631 -0.249642461 0 0 0 0.000244140625
0.447317765 -0.0497366827 -0.447079354 0 0 0 0.000244140625
-0.272699723 0.615991968 -0.507536291 0 0 0 0.000244140625
0.0200714493 0.689312862 -0.422855092 0 0 0 0.000244140625
-0.375383099 0.521568836 0.512679477 0 0 0 0.000244140625
-0.795485631 -0.041590237 -0.112790804 0 0 0 0.000244140625
0.916720125 -0.313599991 -0.000931171145 0 0 0 0.000244140625
0.279226154 0.46676591 0.28175142 0 0 0 0.000244140625
-0.904234501 0.182709049 -0.184082998 0 0 0 0.000244140625
0.136635633 0.796004366 -0.492693832 0 0 0 0.000244140625
-0.790876857 -0.213749005 0.367797553 0 0 0 0.000244140625
-0.32250008 0.683141113 0.378408037 0 0 0 0.000244140625
-0.458182374 -0.327558748 0.455696506 0 0 0 0.000244140625
0.064795036 0.491390024 -0.354166084 0 0 0 0.000244140625
-0.331439154 0.399648751 -0.500730511 0 0 0 0.000244140625
0.68159623 0.515126176 0.203354812 0 0 0 0.000244140625
-0.767684965 -0.442924237 -0.00671375077 0 0 0 0.000244140625
0.258975656 0.803720238 -0.466349429 0 0 0 0.000244140625
-0.348246949 0.502989136 0.571706459 0 0 0 0.000244140625
-0.184909646 -0.730628624 0.370000124 0 0 0 0.000244140625
-0.463451989 0.173470315 0.529870211 0 0 0 0.000244140625
0.108310749 -0.306799182 -0.0305165534 0 0 0 0.000244140625
-0.326134459 -0.580953132 -0.73595783 0 0 0 0.000244140625
0.570603355 0.188911731 0.50329568 0 0 0 0.000244140625
0.911405855 -0.18022756 -0.167869895 0 0 0 0.000244140625
0.783704986 -0.158022078 0.186516985 0 0 0 0.000244140625
-0.368428193 0.150401171 0.693095724 0 0 0 0.000244140625
-0.305696919 -0.0155280515 0.62034209 0 0 0 0.000244140625
0.568599682 -0.638162147 0.0398285406 0 0 0 0.000244140625
0.612709226 0.282908206 0.321006445 0 0 0 0.000244140625
0.512357966 0.253753643 0.363764389 0 0 0 0.000244140625
0.195062278 0.238276122 -0.274793312 0 0 0 0.000244140625
0.116287855 0.811377912 -0.0242122995 0 0 0 0.000244140625
0.487172928 -0.173011879 -0.174102901 0 0 0 0.000244140625
-0.169694461 -0.440584596 -0.607732192 0 0 0 0.000244140625
-0.18542654 -0.505470822 -0.0315872033 0 0 0 0.000244140625
0.23009997 0.47284845 -0.35655612 0 0 0 0.000244140625
-0.910626286 0.181651122 -0.279657425 0 0 0 0.000244140625
-0.432586611 0.0518454331 -0.411842313 0 0 0 0.000244140625
-0.325476048 0.778555215 0.376489232 0 0 0 0.000244140625
0.00901877048 -0.411056144 0.0443095327 0 0 0 0.000244140625
-0.293596123 -0.119316099 0.39347611 0 0 0 0.000244140625
-0.156989334 0.173269047 -0.563758071 0 0 0 0.000244140625
0.744559303 0.108600008 -0.566654813 0 0 0 0.000244140625
0.100748136 0.531490748 -0.64264319 0 0 0 0.000244140625
-0.417308068 -0.829780019 -0.364448123 0 0 0 0.000244140625
0.522026033 0.430027462 0.0511986113 0 0 0 0.000244140625
0.592353566 -0.043795401 -0.0483192695 0 0 0 0.000244140625
-0.577683744 0.00481719663 0.116367147 0 0 0 0.000244140625
0.695135461 0.309253867 0.0737741578 0 0 0 0.000244140625
-0.751276707 0.494579017 0.120981218 0 0 0 0.000244140625
0.0597024662 0.533191429 0.67881434 0 0 0 0.000244140625
0.30531199 0.438763481 0.716608534 0 0 0 0.000244140625
-0.355016625 0.63259237 0.670040598 0 0 0 0.000244140625
-0.495440132 -0.224300625 -0.305866751 0 0 0 0.000244140625
0.0671616 -0.919000053 0.280338081 0 0 0 0.000244140625
-0.206220081 -0.775448861 0.0697885328 0 0 0 0.000244140625
-0.153183445 -0.680869396 0.0664020243 0 0 0 0.000244140625
0.265554435 0.190523364 -0.82332615 0 0 0 0.000244140625
0.178560067 -0.170975291 0.215308552 0 0 0 0.000244140625
-0.356069765 0.338036239 0.418445926 0 0 0 0.000244140625
0.642295938 0.319842244 -0.198484585 0 0 0 0.000244140625
0.443353837 -0.390844637 0.119242499 0 0 0 0.000244140625
-0.833173916 -0.142821853 0.0459659454 0 0 0 0.000244140625
0.0223814587 -0.527643 -0.577179051 0 0 0 0.000244140625
-0.128745327 -0.812783659 -0.352319739 0 0 0 0.000244140625
0.781793182 -0.0717490873 -0.0301988717 0 0 0 0.000244140625
0.371687925 -0.608123028 -0.0913662735 0 0 0 0.000244140625
0.43651331 0.369014778 -0.158195951 0 0 0 0.000244140625
-0.107063827 0.790600012 -0.0100394443 0 0 0 0.000244140625
-0.0820092433 0.432802909 0.720054869 0 0 0 0.000244140625
0.570448268 0.51322285 -0.434777372 0 0 0 0.000244140625
0.0432569752 -0.421714469 0.801539929 0 0 0 0.000244140625
0.132613778 -0.221628887 0.290257296 0 0 0 0.000244140625
-0.182909844 0.433938199 -0.1625664 0 0 0 0.000244140625
0.202895487 0.474915569 0.245920367 0 0 0 0.000244140625
-0.845534366 0.239232159 0.047140276 0 0 0 0.000244140625
-0.606526571 0.285783161 0.390244262 0 0 0 0.000244140625
-0.120565439 0.373153101 0.247082947 0 0 0 0.000244140625
0.143339257 -0.835502802 -0.411955177 0 0 0 0.000244140625
0.35182312 0.232696778 0.344792958 0 0 0 0.000244140625
-0.497954199 0.330465763 0.0603280088 0 0 0 0.000244140625
0.184953153 0.298043849 0.828902725 0 0 0 0.000244140625
0.114419936 -0.890525141 -0.0728082393 0 0 0 0.000244140625
-0.362174039 -0.285623899 -0.356216356 0 0 0 0.000244140625
-0.12754824 -0.690151818 0.206818791 0 0 0 0.000244140625
0.12031769 0.627788211 -0.0294907151 0 0 0 0.000244140625
0.158197595 0.798184004 -0.399795054 0 0 0 0.000244140625
-0.154062051 0.482255779 -0.716507814 0 0 0 0.000244140625
0.218922206 0.154824691 -0.0696598732 0 0 0 0.000244140625
-0.446366635 -0.28517543 0.23683057 0 0 0 0.000244140625
-0.559301847 -0.51546576 0.285590945 0 0 0 0.000244140625
0.797437389 0.062204456 0.00224533791 0 0 0 0.000244140625
0.292384015 0.948459269 -2.26449973e-06 0 0 0 0.000244140625
0.299831622 0.418908984 -0.626095773 0 0 0 0.000244140625
-0.0536969628 0.263503001 -0.924564781 0 0 0 0.000244140625
-0.322662077 0.624288659 0.6499592 0 0 0 0.000244140625
0.0735154104 -0.592741747 -0.549039003 0 0 0 0.000244140625
-0.305535868 0.443967463 0.662858754 0 0 0 0.000244140625
0.237794539 -0.548040367 0.499146261 0 0 0 0.000244140625
-0.189819165 -0.405045408 -0.791398998 0 0 0 0.000244140625
-0.276655909 0.874522427 0.322592224 0 0 0 0.000244140625
-0.905712149 0.158982564 0.361829532 0 0 0 0.000244140625
0.0487150655 0.792562823 0.602548359 0 0 0 0.000244140625
-0.646160269 0.414385161 -0.0419357656 0 0 0 0.000244140625
-0.152105542 0.567956345 -0.499439308 0 0 0 0.000244140625
-0.180920061 0.344901533 0.364882172 0 0 0 0.000244140625
0.648232485 -0.0149287634 0.306171261 0 0 0 0.000244140625
-0.359894089 0.359537427 -0.697645245 0 0 0 0.000244140625
0.0144591025 -0.177716185 0.0689773069 0 0 0 0.000244140625
0.354385868 0.815198206 -0.0102826402 0 0 0 0.000244140625
0.557901537 -0.265453247 0.292288815 0 0 0 0.000244140625
-0.206824237 0.306420601 0.050431466 0 0 0 0.000244140625
0.357352269 -0.232984686 0.765189131 0 0 0 0.000244140625
-0.220781906 0.653657554 -0.346318943 0 0 0 0.000244140625
-0.832333246 0.123347589 0.0111422945 0 0 0 0.000244140625
-0.466150648 0.313847395 -0.00546737842 0 0 0 0.000244140625
-0.0263505506 0.143743795 -0.87630084 0 0 0 0.000244140625
0.77234069 0.354034729 0.343256521 0 0 0 0.000244140625
0.464102542 -0.11214192 -0.548023514 0 0 0 0.000244140625
-0.377214 -0.161186502 0.00261086253 0 0 0 0.000244140625
0.0626144399 -0.478341223 -0.776198644 0 0 0 0.000244140625
0.540867484 0.218570589 -0.360128049 0 0 0 0.000244140625
0.19634791 -0.138358558 0.828770823 0 0 0 0.000244140625
0.167480659 0.208876159 0.953359861 0 0 0 0.000244140625
-0.109157342 -0.132502389 -0.289318488 0 0 0 0.000244140625
-0.369643043 0.47752446 0.735351676 0 0 0 0.000244140625
-0.52828004 -0.147677606 0.435637657 0 0 0 0.000244140625
-0.515378628 -0.352117686 -0.252514061 0 0 0 0.000244140625
-0.430440061 -0.50345989 -0.216688098 0 0 0 0.000244140625
0.78946125 0.129161991 0.354709436 0 0 0 0.000244140625
-0.171794766 -0.3910495 -0.479083741 0 0 0 0.000244140625
0.0658601788 -0.903861138 -0.118525596 0 0 0 0.000244140625
0.752375662 -0.396242478 -0.292025767 0 0 0 0.000244140625
0.4759042 0.206275149 0.489692304 0 0 0 0.000244140625
-0.142289501 0.135251763 -0.915968274 0 0 0 0.000244140625
0.593081743 0.121395569 -0.475752848 0 0 0 0.000244140625
0.178411094 0.436588398 0.59435524 0 0 0 0.000244140625
-0.690667073 -0.138540129 0.0317368373 0 0 0 0.000244140625
0.160067638 0.261362146 0.773310512 0 0 0 0.000244140625
-0.207105792 0.468895428 -0.255477504 0 0 0 0.000244140625
-0.170634644 -0.758904198 0.239228854 0 0 0 0.000244140625
0.512906002 -0.274915963 0.0772254199 0 0 0 0.000244140625
-0.285823104 0.0643293631 0.765350086 0 0 0 0.000244140625
-0.268459719 0.15251846 0.0553534129 0 0 0 0.000244140625
0.277903011 -0.241111937 0.538024148 0 0 0 0.000244140625
-0.525982224 0.00143859493 0.848725009 0 0 0 0.000244140625
0.377990736 0.310659701 0.537733327 0 0 0 0.000244140625
-0.72534668 -0.600592438 0.17854312 0 0 0 0.000244140625
0.537626636 0.755324902 0.200706544 0 0 0 0.000244140625
-0.340919266 -0.275972281 -0.453475977 0 0 0 0.000244140625
-0.553742829 -0.227739585 0.775508861 0 0 0 0.000244140625
-0.266572328 -0.624865535 -0.0953200098 0 0 0 0.000244140625
-0.371856162 -0.673599076 -0.148276295 0 0 0 0.000244140625
0.179033835 0.369087751 -0.20697102 0 0 0 0.000244140625
-0.450971738 0.619311538 0.0723954804 0 0 0 0.000244140625
-0.320862358 0.73528241 -0.297282777 0 0 0 0.000244140625
0.661118981 0.00990875959 0.393480446 0 0 0 0.000244140625
0.162207151 0.665205332 0.415483628 0 0 0 0.000244140625
0.011373741 0.621024089 -0.0809384681 0 0 0 0.000244140625
0.79549246 0.467943239 -0.00659147819 0 0 0 0.000244140625
-0.233578327 -0.404327483 -0.0915109462 0 0 0 0.000244140625
0.236785866 0.204779341 -0.864677891 0 0 0 0.000244140625
-0.170012671 -0.630357207 0.315664767 0 0 0 0.000244140625
-0.0937245062 0.482452368 -0.299160139 0 0 0 0.000244140625
0.0433373902 -0.718258369 -0.451869254 0 0 0 0.000244140625
0.712178955 -0.354287523 0.220235609 0 0 0 0.000244140625
-0.381151835 -0.321957119 0.79668204 0 0 0 0.000244140625
-0.124540742 0.623011491 -0.176342103 0 0 0 0.000244140625
0.0280937116 -0.614682505 -0.422023232 0 0 0 0.000244140625
0.554793428 -0.530681902 0.1915807 0 0 0 0.000244140625
0.113222007 0.0602471766 0.416534548 0 0 0 0.000244140625
0.256318631 -0.150043517 -0.946221126 0 0 0 0.000244140625
-0.108916404 0.306311601 0.742073939 0 0 0 0.000244140625
-0.239862378 -0.324243128 0.276397814 0 0 0 0.000244140625
0.147211506 0.153260648 0.0562233673 0 0 0 0.000244140625
0.334433907 0.261889986 -0.819817132 0 0 0 0.000244140625
-0.075375112 -0.122929694 0.173773283 0 0 0 0.000244140625
-0.510032938 -0.0803081046 -0.105930276 0 0 0 0.000244140625
0.212908331 -0.817336036 0.471411756 0 0 0 0.000244140625
0.34895378 0.469388284 0.278805309 0 0 0 0.000244140625
-0.0812948632 -0.0243937356 0.582912419 0 0 0 0.000244140625
0.529998531 0.809366728 0.192916507 0 0 0 0.000244140625
-0.437275178 0.0968425572 -0.0348034073 0 0 0 0.000244140625
-0.378893325 0.318477191 -0.35911985 0 0 0 0.000244140625
-0.232338242 -0.0211957728 0.508615176 0 0 0 0.000244140625
-0.0822766096 -0.50582799 -0.310945084 0 0 0 0.000244140625
0.507183984 -0.00983919442 -0.0604966131 0 0 0 0.000244140625
-0.878349097 0.000320199123 0.129421598 0 0 0 0.000244140625
0.0870638764 0.609596534 -0.0313431358 0 0 0 0.000244140625
-0.33947309 0.318235029 0.126055737 0 0 0 0.000244140625
-0.277212199 -0.269999725 -0.38282139 0 0 0 0.000244140625
0.44599925 0.389602 0.773774049 0 0 0 0.000244140625
-0.0301405059 0.412628102 -0.169052786 0 0 0 0.000244140625
-0.461106232 -0.3517858 0.584209251 0 0 0 0.000244140625
0.49358239 0.391333762 -0.0712934579 0 0 0 0.000244140625
-0.332881676 0.713487823 -0.18549602 0 0 0 0.000244140625
-0.662888361 -0.584419646 -0.362010008 0 0 0 0.000244140625
0.449604237 -0.572682194 -0.284572841 0 0 0 0.000244140625
0.323251039 0.233121107 -0.621967075 0 0 0 0.000244140625
0.301015534 0.300513057 -0.243856261 0 0 0 0.000244140625
-0.288102898 -0.163121763 0.557285902 0 0 0 0.000244140625
0.504570808 0.0831434557 0.451114097 0 0 0 0.000244140625
0.133063905 0.125373071 0.842914707 0 0 0 0.000244140625
0.289917907 0.331540255 -0.370171639 0 0 0 0.000244140625
-0.598541725 -0.378709384 -0.107382267 0 0 0 0.000244140625
-0.334763545 0.65014284 0.478110405 0 0 0 0.000244140625
-0.585321243 0.67351382 0.2818249 0 0 0 0.000244140625
0.599043983 -0.62649963 0.0111801098 0 0 0 0.000244140625
0.238305762 0.270490667 0.0683326166 0 0 0 0.000244140625
0.436933757 -0.206265436 0.473628382 0 0 0 0.000244140625
0.0361880061 -0.0208294765 0.0633979307 0 0 0 0.000244140625
0.44968605 -0.157086891 -0.135001094 0 0 0 0.000244140625
-0.341726391 -0.28876732 0.715932977 0 0 0 0.000244140625
-0.637406774 -0.0874661069 -0.708148555 0 0 0 0.000244140625
-0.558897279 -0.178941232 0.263180524 0 0 0 0.000244140625
-0.0354539453 -0.66550592 -0.480053508 0 0 0 0.000244140625
-0.542540943 -0.394088646 0.22764668 0 0 0 0.000244140625
-0.0749098924 -0.539096634 -0.800305122 0 0 0 0.000244140625
0.820153945 -0.473825784 -0.213146655 0 0 0 0.000244140625
0.345405065 -0.679396322 0.00166704429 0 0 0 0.000244140625
-0.0277955515 -0.150621882 0.487711257 0 0 0 0.000244140625
0.324911549 0.0461762073 0.246809395 0 0 0 0.000244140625
0.0821161204 0.0535128473 0.619897013 0 0 0 0.000244140625
-0.746105424 0.326970914 0.354629392 0 0 0 0.000244140625
0.0533954399 0.306382947 -0.607587734 0 0 0 0.000244140625
-0.879753567 0.032646045 0.0876775734 0 0 0 0.000244140625
0.372870594 0.523844889 0.384556221 0 0 0 0.000244140625
-0.0142286276 0.511625553 -0.308083864 0 0 0 0.000244140625
-0.118096973 0.336976332 0.892747856 0 0 0 0.000244140625
-0.116196896 -0.126702303 0.233717185 0 0 0 0.000244140625
-0.498978979 0.116604538 -0.220197411 0 0 0 0.000244140625
-0.0640702018 0.109861935 0.931359412 0 0 0 0.000244140625
-0.013735018 0.649235634 -0.223989497 0 0 0 0.000244140625
0.47470091 0.255020907 -0.329695217 0 0 0 0.000244140625
0.22391611 -0.64088695 0.437111406 0 0 0 0.000244140625
0.241924833 -0.0674508696 0.573905523 0 0 0 0.000244140625
0.0431347112 0.284141448 -0.129575346 0 0 0 0.000244140625
0.46571228 0.429009155 -0.662094155 0 0 0 0.000244140625
-0.251672881 -0.0910286413 -0.607498302 0 0 0 0.000244140625
0.53332678 0.177670458 0.30859044 0 0 0 0.000244140625
0.0386807411 -0.489606375 -0.401159556 0 0 0 0.000244140625
0.188153038 0.860561337 0.19446743 0 0 0 0.000244140625
0.735021817 0.168607886 0.124784065 0 0 0 0.000244140625
0.752478474 -0.262143821 0.356420613 0 0 0 0.000244140625
0.748134479 0.0206683941 0.00475689288 0 0 0 0.000244140625
-0.138027559 -0.156582206 0.722210194 0 0 0 0.000244140625
0.0597351806 -0.143991343 0.142040982 0 0 0 0.000244140625
0.0331229628 0.185311425 -0.701438889 0 0 0 0.000244140625
-0.367607647 -0.295339082 0.012508652 0 0 0 0.000244140625
-0.549588636 0.526831501 0.612471087 0 0 0 0.000244140625
-0.0494579862 0.111737639 0.287620849 0 0 0 0.000244140625
-0.317258626 -0.255047884 0.639476532 0 0 0 0.000244140625
0.0799954885 0.80808711 0.331038262 0 0 0 0.000244140625
-0.0727303093 -0.146699426 -0.0278533694 0 0 0 0.000244140625
-0.857212975 -0.112585039 0.223726927 0 0 0 0.000244140625
0.67233646 0.186082959 0.00315721421 0 0 0 0.000244140625
0.346829747 0.683601497 0.373817734 0 0 0 0.000244140625
-0.716497163 -0.197940056 -0.548674952 0 0 0 0.000244140625
0.417293916 0.681113574 0.337997929 0 0 0 0.000244140625
0.621477397 0.212260477 0.315297009 0 0 0 0.000244140625
0.0457846709 -0.242931255 -0.702515972 0 0 0 0.000244140625
0.310970652 -0.246787841 -0.713795302 0 0 0 0.000244140625
0.121072053 0.582593414 0.702709532 0 0 0 0.000244140625
0.00503894889 -0.721021967 -0.632504832 0 0 0 0.000244140625
0.382783288 -0.795862257 0.383433033 0 0 0 0.000244140625
-0.305659798 0.710338089 -0.339926464 0 0 0 0.000244140625
-0.40187536 0.36517083 -0.486727937 0 0 0 0.000244140625
-0.722894903 -0.525490471 -0.414537169 0 0 0 0.000244140625
0.165732398 0.784483905 -0.151061095 0 0 0 0.000244140625
0.196137115 -0.739998555 -0.354528387 0 0 0 0.000244140625
0.103271773 -0.0619183754 -0.909752169 0 0 0 0.000244140625
0.0350971612 -0.98428513 0.107938243 0 0 0 0.000244140625
-0.389389666 -0.282605488 -0.00978820238 0 0 0 0.000244140625
-0.709019811 -0.656873352 -0.0973349188 0 0 0 0.000244140625
-0.553571481 -0.709329621 -0.151703355 0 0 0 0.000244140625
-0.801092085 -0.109707998 -0.389483755 0 0 0 0.000244140625
-0.0190783075 -0.344699948 0.872426551 0 0 0 0.000244140625
-0.877522109 0.283987683 0.139657136 0 0 0 0.000244140625
0.0653477307 0.304829227 -0.496496896 0 0 0 0.000244140625
-0.0453409141 0.54071013 0.619505875 0 0 0 0.000244140625
-0.0530931544 0.751652912 0.0758704054 0 0 0 0.000244140625
-0.441937144 -0.477050876 0.391389606 0 0 0 0.000244140625
0.596610838 -0.564780134 -0.566785706 0 0 0 0.000244140625
0.356195411 0.391844189 0.561823456 0 0 0 0.000244140625
0.131160188 -0.193016948 0.165915262 0 0 0 0.000244140625
0.109617416 0.411051838 0.0390395656 0 0 0 0.000244140625
0.702328301 -0.641264437 -0.258732792 0 0 0 0.000244140625
-0.226910005 -0.624974414 -0.171982752 0 0 0 0.000244140625
0.369433628 -0.590207042 0.483249509 0 0 0 0.000244140625
0.744645631 -0.12261192 -0.317645975 0 0 0 0.000244140625
0.376529962 0.649120085 0.320264629 0 0 0 0.000244140625
0.261084992 0.677875386 -0.142664203 0 0 0 0.000244140625
-0.0724274332 -0.78429613 0.138368474 0 0 0 0.000244140625
-0.0331628962 -0.46912986 -0.65119039 0 0 0 0.000244140625
-0.690033569 0.225245435 0.620858576 0 0 0 0.000244140625
0.857892435 -0.0852498679 0.448612325 0 0 0 0.000244140625
0.171991333 0.323550798 0.743489393 0 0 0 0.000244140625
0.154746781 0.222094921 0.240781224 0 0 0 0.000244140625
-0.196802342 -0.46181763 0.543887967 0 0 0 0.000244140625
-0.0648162382 -0.49197968 0.112854688 0 0 0 0.000244140625
-0.325989135 -0.574191153 0.0743743509 0 0 0 0.000244140625
0.128564266 0.334517171 -0.152865943 0 0 0 0.000244140625
-0.173548498 0.100168497 0.215352023 0 0 0 0.000244140625
-0.581493148 0.40407077 -0.497754839 0 0 0 0.000244140625
0.420819799 0.330507649 -0.0793174952 0 0 0 0.000244140625
0.417710722 0.220217938 -0.271750537 0 0 0 0.000244140625
-0.266807139 -0.645285596 0.20291455 0 0 0 0.000244140625
-0.103997219 0.100514414 -0.346527717 0 0 0 0.000244140625
0.276584905 0.115599005 -0.537077354 0 0 0 0.000244140625
-0.166995126 0.457211436 -0.408373179 0 0 0 0.000244140625
-0.0284202677 0.251641611 -0.77921231 0 0 0 0.000244140625
0.627782746 0.505432942 -0.301532725 0 0 0 0.000244140625
0.169313992 -0.0765120233 -0.544598439 0 0 0 0.000244140625
0.166001395 -0.7226018 -0.543955272 0 0 0 0.000244140625
-0.304238664 -0.887373979 -0.277825135 0 0 0 0.000244140625
0.300624065 -0.349672705 0.600469508 0 0 0 0.000244140625
-0.620227943 -0.09507258 -0.192815046 0 0 0 0.000244140625
-0.0211031606 -0.866409354 -0.135700041 0 0 0 0.000244140625
-0.011516954 -0.769458701 0.467854232 0 0 0 0.000244140625
-0.414044422 0.696436623 0.49052747 0 0 0 0.000244140625
0.598452749 0.489347977 -0.179223537 0 0 0 0.000244140625
-0.502029547 0.191267408 0.336657276 0 0 0 0.000244140625
-0.259337484 -0.351468117 -0.162011412 0 0 0 0.000244140625
0.588342737 -0.0976444996 0.672959495 0 0 0 0.000244140625
0.231842496 0.721756068 -0.593935099 0 0 0 0.000244140625
0.0606963209 -0.262941855 -0.87827102 0 0 0 0.000244140625
0.370399038 0.49157784 -0.0175401417 0 0 0 0.000244140625
0.249842165 -0.282962453 0.471490634 0 0 0 0.000244140625
0.248223747 -0.130240533 -0.952490512 0 0 0 0.000244140625
0.371331599 -0.717963146 -0.140268172 0 0 0 0.000244140625
-0.00483194893 -0.110411483 0.424281097 0 0 0 0.000244140625
-0.0137510999 0.75400526 0.354742045 0 0 0 0.000244140625
-0.154508113 -0.82712731 0.272129538 0 0 0 0.000244140625
-0.0467783283 -0.326085274 -0.777446578 0 0 0 0.000244140625
0.2814881 0.279367641 0.214877697 0 0 0 0.000244140625
0.212768317 0.228385405 0.249038946 0 0 0 0.000244140625
0.236858798 -0.275876684 -0.070254603 0 0 0 0.000244140625
0.00712193329 -0.0931069959 0.472142224 0 0 0 0.000244140625
0.0620230532 -0.304475943 0.124448052 0 0 0 0.000244140625
-0.299884844 0.740321098 -0.0258317204 0 0 0 0.000244140625
-0.138648012 0.0645429098 -0.207445016 0 0 0 0.000244140625
0.789979881 -0.320548863 -0.498703168 0 0 0 0.000244140625
-0.402775448 0.00384388092 0.144689266 0 0 0 0.000244140625
-0.138673442 0.753975832 -0.181963697 0 0 0 0.000244140625
0.659068229 -0.400424832 0.454826043 0 0 0 0.000244140625
-0.0781517887 0.865054983 0.214318581 0 0 0 0.000244140625
-0.620553284 -0.729270655 0.0736108718 0 0 0 0.000244140625
-0.750072333 -0.359745044 -0.294839458 0 0 0 0.000244140625
0.0969562351 0.466880264 -0.00853636283 0 0 0 0.000244140625
0.776508389 0.0478983887 -0.309366581 0 0 0 0.000244140625
-0.0545195562 0.199351967 0.235428831 0 0 0 0.000244140625
0.121202587 -0.631721997 0.236339321 0 0 0 0.000244140625
0.572524702 -0.816668349 0.0470486541 0 0 0 0.000244140625
0.409076564 0.142822401 0.240287817 0 0 0 0.000244140625
0.0414339947 -0.730870678 -0.585945724 0 0 0 0.000244140625
-0.354599378 -0.330692891 0.478804956 0 0 0 0.000244140625
0.130435496 -0.120564832 0.716553568 0 0 0 0.000244140625
-0.490980923 0.523387919 0.604290708 0 0 0 0.000244140625
0.747909098 -0.237774002 -0.445543226 0 0 0 0.000244140625
-0.353032615 0.0412100268 -0.579257684 0 0 0 0.000244140625
-0.106438072 0.344002174 0.259018973 0 0 0 0.000244140625
0.604026692 0.654097293 -0.12056346 0 0 0 0.000244140625
-0.422592913 -0.601591587 0.224628932 0 0 0 0.000244140625
-0.347999144 -0.769896845 0.332532414 0 0 0 0.000244140625
-0.0821020688 -0.730518575 -0.33410046 0 0 0 0.000244140625
-0.399507989 0.632085544 -0.290906705 0 0 0 0.000244140625
-0.306196815 -0.275200991 0.553860712 0 0 0 0.000244140625
0.445424293 0.375257373 0.187788437 0 0 0 0.000244140625
-0.686866066 0.539882533 0.468107068 0 0 0 0.000244140625
-0.442603935 0.773986093 -0.0730916306 0 0 0 0.000244140625
0.433571892 -0.646475632 -0.447354955 0 0 0 0.000244140625
-0.270238211 0.51999927 -0.330121856 0 0 0 0.000244140625
-0.50097814 -0.142342853 0.15706222 0 0 0 0.000244140625
0.235009377 -0.529356338 -0.0686182358 0 0 0 0.000244140625
-0.706945901 0.0773602111 0.0276832153 0 0 0 0.000244140625
-0.664632985 0.633777013 0.0211146628 0 0 0 0.000244140625
0.802636354 0.0978845589 0.0479296159 0 0 0 0.000244140625
0.0452288749 -0.347468058 0.517921114 0 0 0 0.000244140625
0.529374767 0.289649136 -0.388045311 0 0 0 0.000244140625
-0.285864895 0.105038954 0.888503206 0 0 0 0.000244140625
0.0554590656 -0.460812108 -0.794283148 0 0 0 0.000244140625
0.0971937817 0.134858601 -0.91583839 0 0 0 0.000244140625
0.127886864 0.529295579 0.364349629 0 0 0 0.000244140625
-0.643717125 0.428097481 -0.419463291 0 0 0 0.000244140625
0.575721053 -0.550241624 0.411248611 0 0 0 0.000244140625
-0.277552908 -0.463329929 0.579557936 0 0 0 0.000244140625
-0.687325308 -0.36033711 0.194287442 0 0 0 0.000244140625
-0.0831423098 0.0626383701 -0.0765633076 0 0 0 0.000244140625
0.742161794 -0.154568198 -0.283599928 0 0 0 0.000244140625
-0.677876492 -0.500561678 -0.516459548 0 0 0 0.000244140625
0.134917663 0.702485308 -0.292879949 0 0 0 0.000244140625
0.554966768 0.0264827223 0.682896396 0 0 0 0.000244140625
0.667004379 0.506664958 -0.187850751 0 0 0 0.000244140625
0.287967084 -0.911364045 0.102301749 0 0 0 0.000244140625
0.159906047 -0.330715623 -0.640423384 0 0 0 0.000244140625
-0.574581974 0.0638303721 0.641207541 0 0 0 0.000244140625
0.217609361 -0.54026941 -0.111452006 0 0 0 0.000244140625
0.20798788 -0.630617868 -0.594476855 0 0 0 0.000244140625
0.87694732 -0.094013243 0.285794723 0 0 0 0.000244140625
0.344502243 -0.629114313 0.434763579 0 0 0 0.000244140625
-0.858524189 -0.157247403 0.0125640831 0 0 0 0.000244140625
-0.296798113 0.849142118 -0.32469604 0 0 0 0.000244140625
-0.219934598 0.298151044 0.191594629 0 0 0 0.000244140625
-0.289271462 -0.0130349256 0.672700112 0 0 0 0.000244140625
-0.111990513 0.0354457982 -0.740025317 0 0 0 0.000244140625
-0.0451343596 0.558898877 0.639470785 0 0 0 0.000244140625
-0.401054751 -0.596461875 -0.264079145 0 0 0 0.000244140625
-0.917490991 0.0387346359 -0.330946416 0 0 0 0.000244140625
0.161989741 0.25626705 0.491200232 0 0 0 0.000244140625
-0.227624367 -0.107226616 -0.0620694643 0 0 0 0.000244140625
-0.606990966 -0.657129765 0.142110797 0 0 0 0.000244140625
0.0244402151 -0.265448236 0.720332283 0 0 0 0.000244140625
0.567014625 0.777765608 0.0915203633 0 0 0 0.000244140625
-0.447752648 0.705789372 0.292767458 0 0 0 0.000244140625
0.223873633 -0.787825616 -0.226570881 0 0 0 0.000244140625
0.0676493455 0.966701673 0.155655033 0 0 0 0.000244140625
0.172677098 -0.227493313 0.450290418 0 0 0 0.000244140625
-0.106615045 -0.783948317 0.493078053 0 0 0 0.000244140625
0.362576627 0.883552257 0.205466965 0 0 0 0.000244140625
-0.473684705 0.806828294 -0.0740262515 0 0 0 0.000244140625
-0.819448872 -0.184869523 -0.472037065 0 0 0 0.000244140625
-0.229147588 0.434947513 0.313288703 0 0 0 0.000244140625
0.418759156 0.431056844 0.37066067 0 0 0 0.000244140625
0.0156604417 0.0207158837 -0.954462185 0 0 0 0.000244140625
-0.575376864 0.145160477 0.665052005 0 0 0 0.000244140625
-0.714236571 -0.244173009 0.0062632623 0 0 0 0.000244140625
0.183260103 -0.706904206 0.59231889 0 0 0 0.000244140625
0.205536936 -0.451751612 0.569870389 0 0 0 0.000244140625
0.0364853159 0.491864849 0.281988752 0 0 0 0.000244140625
-0.235865367 0.20859779 0.660042725 0 0 0 0.000244140625
-0.0178728151 0.933362611 0.0966540046 0 0 0 0.000244140625
0.78678123 -0.372575754 0.118015292 0 0 0 0.000244140625
0.144230378 0.394799699 0.807426927 0 0 0 0.000244140625
0.0015207772 -0.0995359809 -0.156229497 0 0 0 0.000244140625
-0.716934929 -0.0152026559 0.53669674 0 0 0 0.000244140625
-0.512037834 0.18156591 0.168799421 0 0 0 0.000244140625
0.500286487 0.0210261928 -0.825851743 0 0 0 0.000244140625
0.324434257 -0.881742893 -0.143528488 0 0 0 0.000244140625
-0.500965673 0.359647288 0.0715520043 0 0 0 0.000244140625
0.776483002 -0.173779014 0.38391697 0 0 0 0.000244140625
-0.330743103 0.630947475 0.416285774 0 0 0 0.000244140625
-0.230303061 -0.307624345 -0.0462332582 0 0 0 0.000244140625
-0.9778294 0.0197368062 -0.205834507 0 0 0 0.000244140625
-0.0959484763 -0.234903502 0.793471956 0 0 0 0.000244140625
0.44369763 0.64711449 -0.352908976 0 0 0 0.000244140625
0.0510445704 -0.00458779314 0.880333224 0 0 0 0.000244140625
-0.429764402 0.424531668 0.362757419 0 0 0 0.000244140625
0.498228409 -0.731742635 -0.326279924 0 0 0 0.000244140625
-0.28239113 -0.310238984 0.623517064 0 0 0 0.000244140625
0.297400108 -0.130695689 0.740155212 0 0 0 0.000244140625
-0.948271956 0.0548407101 0.31134158 0 0 0 0.000244140625
-0.024743316 0.429338899 -0.272110058 0 0 0 0.000244140625
-0.484593758 -0.722980028 0.0562147617 0 0 0 0.000244140625
0.152287535 0.207736746 -0.350449395 0 0 0 0.000244140625
-0.563070915 -0.0303137976 -0.608511568 0 0 0 0.000244140625
0.0561995248 -0.508140589 0.720865526 0 0 0 0.000244140625
0.0256010498 -0.346111065 -0.010226575 0 0 0 0.000244140625
-0.307661243 0.149333442 0.275495569 0 0 0 0.000244140625
-0.368406692 -0.233850951 0.584352714 0 0 0 0.000244140625
-0.568367418 0.470015654 -0.580668386 0 0 0 0.000244140625
-0.616870335 -0.21825869 0.509228072 0 0 0 0.000244140625
-0.502627562 0.498384384 -0.18030386 0 0 0 0.000244140625
-0.439973709 0.416965043 -0.32475124 0 0 0 0.000244140625
-0.260279053 0.184322288 -0.590375075 0 0 0 0.000244140625
0.0467220915 -0.0894396625 0.0769311576 0 0 0 0.000244140625
0.383142714 -0.312308382 0.236594257 0 0 0 0.000244140625
0.723840687 -0.67761588 0.0392679431 0 0 0 0.000244140625
0.775269839 0.434938271 -0.452213339 0 0 0 0.000244140625
-0.281336743 -0.677317821 -0.627283732 0 0 0 0.000244140625
-0.253123006 0.080363685 -0.759616345 0 0 0 0.000244140625
0.519575908 0.288234345 0.527749901 0 0 0 0.000244140625
0.729184442 -0.449819508 0.360390869 0 0 0 0.000244140625
-0.758496442 -0.28858811 0.0248924689 0 0 0 0.000244140625
-0.499130827 -0.346488732 0.362187519 0 0 0 0.000244140625
-0.392401155 -0.0953426388 -0.295565505 0 0 0 0.000244140625
-0.411817636 0.321000086 0.514188413 0 0 0 0.000244140625
-0.0393197741 0.180971252 -0.860843712 0 0 0 0.000244140625
0.00173285666 0.0117211097 -0.97315296 0 0 0 0.000244140625
0.42756109 0.25498418 0.343336259 0 0 0 0.000244140625
0.228583114 0.431655601 -0.851195672 0 0 0 0.000244140625
-0.400790852 -0.543837918 -0.380623646 0 0 0 0.000244140625
-0.206335048 -0.680943999 -0.382506171 0 0 0 0.000244140625
0.322793607 0.644639926 -0.387620488 0 0 0 0.000244140625
0.799565207 -0.0404975991 0.429884388 0 0 0 0.000244140625
-0.590927289 0.0978740947 -0.394114478 0 0 0 0.000244140625
0.253246807 0.114983738 0.784236062 0 0 0 0.000244140625
-0.283413231 -0.582320183 -0.728362611 0 0 0 0.000244140625
-0.316770427 -0.504789478 -0.656696137 0 0 0 0.000244140625
-0.642058536 0.255621834 -0.0719988994 0 0 0 0.000244140625
0.789846289 -0.165312887 -0.0347466852 0 0 0 0.000244140625
0.426803511 -0.336221772 -0.106936505 0 0 0 0.000244140625
0.432700126 0.222545678 0.161809205 0 0 0 0.000244140625
0.85179969 -0.41093949 -0.309940105 0 0 0 0.000244140625
0.831130274 -0.190979682 -0.315302767 0 0 0 0.000244140625
-0.183816069 0.302967297 -0.754076628 0 0 0 0.000244140625
-0.217583028 -0.341954744 0.852144773 0 0 0 0.000244140625
-0.499028231 0.483281339 0.439535092 0 0 0 0.000244140625
0.426916561 -0.624113711 0.613805791 0 0 0 0.000244140625
0.46729389 -0.627177134 0.438723946 0 0 0 0.000244140625
-0.0601261946 -0.858186577 -0.369425105 0 0 0 0.000244140625
-0.068654919 0.731408167 0.184381632 0 0 0 0.000244140625
-0.735244262 -0.551814034 0.0508229442 0 0 0 0.000244140625
-0.352771568 -0.709388495 -0.432169808 0 0 0 0.000244140625
-0.452864854 -0.628606371 0.417933495 0 0 0 0.000244140625
-0.567146914 0.0672766947 0.483308315 0 0 0 0.000244140625
0.073445116 -0.216476638 -0.50604216 0 0 0 0.000244140625
-0.291433231 0.763693347 -0.530905525 0 0 0 0.000244140625
0.150613712 0.265343875 -0.858433246 0 0 0 0.000244140625
-0.0291882444 -0.345257537 -0.61020331 0 0 0 0.000244140625
-0.449361653 0.638949758 -0.572748319 0 0 0 0.000244140625
-0.463714009 0.68016313 0.349193737 0 0 0 0.000244140625
0.665136815 -0.159964403 -0.567589855 0 0 0 0.000244140625
-0.518020076 0.369505263 -0.102267625 0 0 0 0.000244140625
0.169143221 0.430389082 -0.0902894509 0 0 0 0.000244140625
0.081563963 0.559561707 -0.492298353 0 0 0 0.000244140625
0.0974282389 0.284568822 0.43958132 0 0 0 0.000244140625
0.155680272 -0.290199951 0.0708747075 0 0 0 0.000244140625
0.730819397 -0.612017394 -0.287507716 0 0 0 0.000244140625
-0.230434842 -0.555875288 0.787798703 0 0 0 0.000244140625
0.572949496 -0.496072623 -0.283425737 0 0 0 0.000244140625
-0.376986175 0.0446500236 0.822216297 0 0 0 0.000244140625
-0.087320645 0.263990971 -0.543275573 0 0 0 0.000244140625
-0.0930770612 -0.021422052 -0.61717623 0 0 0 0.000244140625
-0.499825004 -0.542208446 -0.336651097 0 0 0 0.000244140625
-0.148488579 0.853440283 0.439937066 0 0 0 0.000244140625
-0.15231572 0.640353389 -0.631561902 0 0 0 0.000244140625
-0.137652152 -0.612530427 -0.332581676 0 0 0 0.000244140625
0.497311055 0.56937838 0.625430774 0 0 0 0.000244140625
-0.633339976 0.360766077 0.0978424182 0 0 0 0.000244140625
-0.15026746 0.366980368 0.681914179 0 0 0 0.000244140625
-0.0613673106 -0.487933823 -0.448633791 0 0 0 0.000244140625
0.263811054 0.903626977 -0.169349387 0 0 0 0.000244140625
0.812095663 0.367232406 0.323209414 0 0 0 0.000244140625
-0.300395531 0.479541295 -0.549992221 0 0 0 0.000244140625
0.000774604609 0.35885949 0.835144517 0 0 0 0.000244140625
0.225739114 -0.786381162 -0.549376288 0 0 0 0.000244140625
0.218439044 0.707458194 -0.0740427729 0 0 0 0.000244140625
-0.356773659 -0.184477888 0.565950032 0 0 0 0.000244140625
-0.32438742 -0.340261875 0.681989952 0 0 0 0.000244140625
-0.352915452 0.74102988 -0.219485129 0 0 0 0.000244140625
-0.231607621 -0.685194363 0.211398642 0 0 0 0.000244140625
-0.0264257293 -0.894915173 0.438201292 0 0 0 0.000244140625
0.51932076 0.558879775 -0.493152311 0 0 0 0.000244140625
0.284998766 0.725077966 -0.429694443 0 0 0 0.000244140625
0.159458294 -0.341697137 -0.890611556 0 0 0 0.000244140625
-0.290033326 -0.771761038 -0.467638875 0 0 0 0.000244140625
-0.135075481 0.60421635 -0.141946605 0 0 0 0.000244140625
0.0538585483 0.0617395062 -0.450560927 0 0 0 0.000244140625
0.147884522 -0.601886976 0.737864348 0 0 0 0.000244140625
-0.423740311 0.054926449 0.214694974 0 0 0 0.000244140625
-0.198491055 -0.315483089 -0.617277853 0 0 0 0.000244140625
0.594882283 -0.162203535 -0.103409587 0 0 0 0.000244140625
0.499462906 -0.304536198 -0.265531255 0 0 0 0.000244140625
0.464909988 -0.571045993 0.51855262 0 0 0 0.000244140625
-0.742765628 -0.583561391 -0.0311843784 0 0 0 0.000244140625
-0.565293965 0.755491836 0.201951316 0 0 0 0.000244140625
0.896724072 0.234890528 -0.238825656 0 0 0 0.000244140625
0.399999556 0.00590972587 0.662115155 0 0 0 0.000244140625
0.723296416 0.439122056 -0.0191822631 0 0 0 0.000244140625
0.577935695 0.515879911 -0.0371057335 0 0 0 0.000244140625
0.544470938 -0.405486653 0.16465343 0 0 0 0.000244140625
-0.429452178 0.12247791 -0.501137682 0 0 0 0.000244140625
-0.699226368 -0.421618635 0.452801499 0 0 0 0.000244140625
-0.0768068419 -0.845695542 -0.218474998 0 0 0 0.000244140625
0.242494738 -0.304431552 -0.502172301 0 0 0 0.000244140625
0.57163478 0.590923819 -0.113079429 0 0 0 0.000244140625
-0.141731883 0.908587422 -0.375832162 0 0 0 0.000244140625
0.366278445 0.21233692 0.751923034 0 0 0 0.000244140625
-0.133249211 0.591169502 0.212596286 0 0 0 0.000244140625
0.113424311 -0.527905762 -0.477432641 0 0 0 0.000244140625
-0.362447769 -0.238374084 -0.85863368 0 0 0 0.000244140625
-0.00413784939 0.389133758 0.718210111 0 0 0 0.000244140625
-0.242221728 -0.59382291 0.559524319 0 0 0 0.000244140625
-0.0827798353 0.550109348 -0.74892824 0 0 0 0.000244140625
0.287357206 0.162926622 -0.27632704 0 0 0 0.000244140625
-0.298449615 -0.168290699 0.217495396 0 0 0 0.000244140625
0.104037726 0.144491337 0.881785125 0 0 0 0.000244140625
-0.778984351 0.59457221 -0.0543401982 0 0 0 0.000244140625
-0.0796579901 0.442343121 -0.555402098 0 0 0 0.000244140625
0.744108226 -0.347154491 -0.0945570613 0 0 0 0.000244140625
0.176449018 -0.783119217 -0.578610933 0 0 0 0.000244140625
0.0430829635 -0.382578267 0.225743533 0 0 0 0.000244140625
0.516471555 0.252027345 -0.753607534 0 0 0 0.000244140625
-0.666574439 -0.35880491 -0.149540449 0 0 0 0.000244140625
-0.0911601698 -0.387932721 0.483636545 0 0 0 0.000244140625
0.217227734 0.83722333 0.391092057 0 0 0 0.000244140625
-0.351880001 -0.234308487 0.61612149 0 0 0 0.000244140625
0.688145467 0.370918634 0.211159707 0 0 0 0.000244140625
0.951093298 0.0161373496 -0.134160506 0 0 0 0.000244140625
0.406260815 0.816679876 0.34622263 0 0 0 0.000244140625
-0.230266587 -0.0874226079 -0.727266974 0 0 0 0.000244140625
-0.187001292 -0.111920676 -0.658091974 0 0 0 0.000244140625
0.0240414284 -0.652226612 0.582993986 0 0 0 0.000244140625
-0.767210177 -0.190311469 -0.180053757 0 0 0 0.000244140625
-0.41062291 0.588984001 -0.154812777 0 0 0 0.000244140625
-0.381112593 -0.301449676 0.682530413 0 0 0 0.000244140625
-0.636563278 0.665359 -0.232262583 0 0 0 0.000244140625
0.702688756 -0.0816559097 0.106492252 0 0 0 0.000244140625
-0.417537547 0.639629334 0.0501175247 0 0 0 0.000244140625
0.766920566 0.54949869 0.313389785 0 0 0 0.000244140625
-0.358008321 -0.0883801398 0.733959483 0 0 0 0.000244140625
-0.674031636 -0.213932623 0.466533842 0 0 0 0.000244140625
0.499701862 -0.203907871 0.194567017 0 0 0 0.000244140625
-0.420428523 -0.849419521 -0.0244631391 0 0 0 0.000244140625
-0.221856564 0.504452891 0.525250775 0 0 0 0.000244140625
-0.316398705 0.613227954 0.397072016 0 0 0 0.000244140625
0.699644061 0.158106442 -0.415368801 0 0 0 0.000244140625
0.750931314 0.100888417 0.521790546 0 0 0 0.000244140625
-0.206311341 0.477969325 -0.0476012062 0 0 0 0.000244140625
0.936787462 -0.0503237241 0.141493908 0 0 0 0.000244140625
0.188979443 0.922323243 -0.288080165 0 0 0 0.000244140625
0.63453571 -0.591214334 -0.0418197396 0 0 0 0.000244140625
-0.350433976 -0.179112115 0.381140389 0 0 0 0.000244140625
-0.348218274 0.592543788 0.541361482 0 0 0 0.000244140625
-0.847799953 0.20956446 -0.338025739 0 0 0 0.000244140625
0.108345739 -0.0944361734 -0.762609583 0 0 0 0.000244140625
0.631257176 0.231373688 0.131215508 0 0 0 0.000244140625
0.555445479 0.138423781 0.135627033 0 0 0 0.000244140625
0.858579506 -0.202270566 -0.293103801 0 0 0 0.000244140625
0.72700382 -0.156217682 0.51140422 0 0 0 0.000244140625
0.529149805 -0.417686143 -0.0330387107 0 0 0 0.000244140625
0.236511705 0.10917017 -0.37529043 0 0 0 0.000244140625
0.365673093 0.152752544 0.355408418 0 0 0 0.000244140625
0.4597153 -0.520293612 -0.251258611 0 0 0 0.000244140625
-0.178862958 0.088384885 0.495819728 0 0 0 0.000244140625
-0.34979584 -0.118571957 0.118160638 0 0 0 0.000244140625
0.362444041 -0.817163294 -0.338719291 0 0 0 0.000244140625
-0.136415416 -0.583502485 0.281930764 0 0 0 0.000244140625
-0.315279734 -0.26169862 -0.167194302 0 0 0 0.000244140625
-0.000963699371 -0.914536652 0.205656693 0 0 0 0.000244140625
-0.761678769 -0.440632197 0.42925761 0 0 0 0.000244140625
0.625999918 -0.261888477 0.18437606 0 0 0 0.000244140625
-0.672625166 -0.0724070862 -0.277011294 0 0 0 0.000244140625
0.430292475 0.295634554 0.0247638492 0 0 0 0.000244140625
-0.276247757 -0.639636453 0.232685211 0 0 0 0.000244140625
0.102303093 -0.132049738 0.497947942 0 0 0 0.000244140625
-0.680428173 0.254186298 -0.32311315 0 0 0 0.000244140625
-0.715796437 0.0490201943 0.422297582 0 0 0 0.000244140625
-0.591807317 -0.136865814 -0.686130242 0 0 0 0.000244140625
0.278971324 -0.355272107 -0.453550823 0 0 0 0.000244140625
0.314694573 0.577991825 -0.70063842 0 0 0 0.000244140625
-0.747066292 -0.470336184 -0.45287776 0 0 0 0.000244140625
0.116928029 -0.54555159 0.13597261 0 0 0 0.000244140625
-0.924350584 0.21081596 -0.121407848 0 0 0 0.000244140625
-0.413117704 0.597622474 -0.223887017 0 0 0 0.000244140625
-0.848570169 0.243395277 -0.186375779 0 0 0 0.000244140625
0.192582949 -0.0396542499 -0.925397224 0 0 0 0.000244140625
-0.687553797 0.404336046 0.0537262834 0 0 0 0.000244140625
0.416105059 0.37646637 -0.452409323 0 0 0 0.000244140625
-0.263124438 -0.0587382726 0.679834337 0 0 0 0.000244140625
0.32389517 -0.121187657 -0.350734453 0 0 0 0.000244140625
-0.672037822 -0.531203918 0.50191141 0 0 0 0.000244140625
0.118071824 0.136393593 0.670152188 0 0 0 0.000244140625
-0.251196052 0.33422734 0.509785692 0 0 0 0.000244140625
-0.424325773 -0.530880429 -0.635900941 0 0 0 0.000244140625
-0.103017966 -0.5867341 -0.242315233 0 0 0 0.000244140625
0.0408869212 0.583605831 0.530145421 0 0 0 0.000244140625
-0.798384778 0.0398770473 -0.44387228 0 0 0 0.000244140625
0.793613172 0.514677592 0.0153743068 0 0 0 0.000244140625
0.189028709 0.525279617 -0.394495337 0 0 0 0.000244140625
-0.621153902 -0.283453485 0.153458638 0 0 0 0.000244140625
-0.134962459 -0.0131800191 -0.134357765 0 0 0 0.000244140625
0.394455897 0.323146511 -0.452347978 0 0 0 0.000244140625
0.247285776 0.331383225 0.524727374 0 0 0 0.000244140625
-0.00545384239 0.823714485 -0.252511015 0 0 0 0.000244140625
-0.729807827 0.357333526 -0.271379693 0 0 0 0.000244140625
-0.85958458 -0.310058822 -0.313509741 0 0 0 0.000244140625
0.526107804 -0.270023206 -0.478253481 0 0 0 0.000244140625
-0.940501373 -0.0196180701 -0.206262133 0 0 0 0.000244140625
-0.0775332378 -0.316284806 0.489358635 0 0 0 0.000244140625
-0.544304337 -0.39548446 0.456315011 0 0 0 0.000244140625
0.551705832 -0.160128249 -0.164198339 0 0 0 0.000244140625
-0.000952128564 -0.626189865 -0.210107824 0 0 0 0.000244140625
-0.524744107 0.768552077 0.0230459205 0 0 0 0.000244140625
0.769419566 -0.0291051856 -0.168865777 0 0 0 0.000244140625
0.283786816 -0.329015662 0.819217584 0 0 0 0.000244140625
-0.690379345 0.263951436 0.519799373 0 0 0 0.000244140625
-0.796724697 0.335422194 0.027386108 0 0 0 0.000244140625
-0.476151386 0.0427862933 0.473552524 0 0 0 0.000244140625
-0.310239318 -0.352258768 -0.125108702 0 0 0 0.000244140625
0.343351257 0.727842839 -0.00700101389 0 0 0 0.000244140625
-0.526828894 0.0840472973 0.831924009 0 0 0 0.000244140625
-0.599515188 0.419106101 0.591881537 0 0 0 0.000244140625
-0.505646705 0.320821961 0.390303907 0 0 0 0.000244140625
-0.629006222 0.498410702 0.301212513 0 0 0 0.000244140625
0.221056436 -0.436035508 -0.724157559 0 0 0 0.000244140625
0.190685538 0.128582489 0.125340392 0 0 0 0.000244140625
-0.0467074864 0.548850876 0.727822328 0 0 0 0.000244140625
0.698057263 -0.313503664 -0.342307754 0 0 0 0.000244140625
-0.334622545 -0.504301528 -0.702080462 0 0 0 0.000244140625
0.660022443 0.494295267 -0.35522055 0 0 0 0.000244140625
0.044187491 0.889967523 -0.0105810337 0 0 0 0.000244140625
-0.150124478 0.0763125861 0.706648233 0 0 0 0.000244140625
-0.720064248 0.481840931 -0.361342977 0 0 0 0.000244140625
-0.802744216 -0.519992251 -0.085307656 0 0 0 0.000244140625
-0.318756552 0.353497201 0.4727147 0 0 0 0.000244140625
-0.291124495 -0.361354771 0.452515558 0 0 0 0.000244140625
0.0193759164 0.486428687 -0.795121088 0 0 0 0.000244140625
-0.309485721 -0.153987337 0.394698945 0 0 0 0.000244140625
-0.171344493 -0.361018497 -0.862978445 0 0 0 0.000244140625
-0.118655867 -0.702737255 -0.249283039 0 0 0 0.000244140625
-0.741857362 -0.279326861 -0.152438641 0 0 0 0.000244140625
-0.365453879 0.0756451336 0.0871572063 0 0 0 0.000244140625
-0.073532225 -0.744775036 0.403471242 0 0 0 0.000244140625
-0.162383843 0.530298382 0.144153515 0 0 0 0.000244140625
0.00485483259 0.446140461 -0.311201629 0 0 0 0.000244140625
0.70876728 -0.482715004 0.444000338 0 0 0 0.000244140625
0.00847854952 0.205731086 0.638265803 0 0 0 0.000244140625
-0.102035373 -0.442088293 0.516883941 0 0 0 0.000244140625
-0.320466378 0.222485235 -0.501911694 0 0 0 0.000244140625
0.576609882 -0.416516136 0.349101663 0 0 0 0.000244140625
0.485665084 0.555679266 0.228135216 0 0 0 0.000244140625
-0.573784051 0.56137182 0.257621311 0 0 0 0.000244140625
-0.405352744 0.161895922 -0.644921112 0 0 0 0.000244140625
0.352606304 0.27031649 -0.000781914546 0 0 0 0.000244140625
0.702057577 -0.232002257 -0.353085655 0 0 0 0.000244140625
-0.00702927023 0.0687844071 0.319043581 0 0 0 0.000244140625
0.383951417 -0.151431047 -0.298287413 0 0 0 0.000244140625
0.774767364 0.0210610734 0.331981057 0 0 0 0.000244140625
-0.374271378 0.34945405 -0.103319898 0 0 0 0.000244140625
-0.335425678 -0.230270128 0.911114949 0 0 0 0.000244140625
0.0325958841 0.428128647 -0.0399902132 0 0 0 0.000244140625
-0.938553071 0.173830323 0.171349021 0 0 0 0.000244140625
-0.592809536 0.491868618 0.381346587 0 0 0 0.000244140625
-0.0553546354 0.786215595 0.412368039 0 0 0 0.000244140625
-0.589935302 -0.199033836 0.224965476 0 0 0 0.000244140625
0.563962871 -0.722767865 -0.314927858 0 0 0 0.000244140625
0.528555992 0.120545576 -0.770045147 0 0 0 0.000244140625
0.51320287 -0.0841749872 -0.239610987 0 0 0 0.000244140625
0.610570285 -0.195117004 0.321154599 0 0 0 0.000244140625
0.683732708 -0.345015736 0.109853569 0 0 0 0.000244140625
0.414474075 -0.8629274 0.206648439 0 0 0 0.000244140625
0.828909833 -0.187834687 -0.150734566 0 0 0 0.000244140625
-0.297631561 0.688279473 0.295070369 0 0 0 0.000244140625
-0.15149882 0.701987176 -0.526184121 0 0 0 0.000244140625
-0.765019948 0.534250969 -0.254762878 0 0 0 0.000244140625
0.207315877 0.228630344 -0.477701597 0 0 0 0.000244140625
-0.449083591 0.109746421 -0.567592986 0 0 0 0.000244140625
0.359061801 0.463791934 0.699330824 0 0 0 0.000244140625
0.255244724 -0.372656415 -0.10988708 0 0 0 0.000244140625
-0.330268837 -0.550168161 -0.431195427 0 0 0 0.000244140625
-0.380004764 -0.134176182 -0.749476077 0 0 0 0.000244140625
0.268684465 0.599257334 -0.448538371 0 0 0 0.000244140625
0.359883519 -0.537822526 0.0963942768 0 0 0 0.000244140625
-0.360617595 0.461796066 -0.569273927 0 0 0 0.000244140625
-0.14057648 -0.319420875 0.908107648 0 0 0 0.000244140625
0.298488671 0.263181992 0.751392989 0 0 0 0.000244140625
0.748325435 0.578152935 -0.184682162 0 0 0 0.000244140625
-0.134937952 -0.264699475 -0.276786192 0 0 0 0.000244140625
0.0615060123 0.799422696 0.0523118836 0 0 0 0.000244140625
-0.248634412 -0.757474269 -0.447735345 0 0 0 0.000244140625
-0.690979967 -0.0117180907 0.710389203 0 0 0 0.000244140625
0.219339633 -0.2069959 -0.104557215 0 0 0 0.000244140625
-0.211648411 -0.160410163 0.307860668 0 0 0 0.000244140625
0.430490137 -0.791558789 0.280537721 0 0 0 0.000244140625
-0.0330961299 0.965595055 0.178900279 0 0 0 0.000244140625
-0.27297035 0.211368384 0.272621245 0 0 0 0.000244140625
-0.657371445 -0.341891281 0.392927354 0 0 0 0.000244140625
-0.462922924 -0.566714178 0.218121289 0 0 0 0.000244140625
-0.253013789 0.56377803 -0.224204675 0 0 0 0.000244140625
0.330158714 -0.0363357257 0.134433614 0 0 0 0.000244140625
-0.789654962 -0.0845840126 0.359442812 0 0 0 0.000244140625
0.198593544 0.332947075 -0.165594594 0 0 0 0.000244140625
0.246234022 -0.250862833 0.460859353 0 0 0 0.000244140625
-0.397782623 0.171023464 0.476326889 0 0 0 0.000244140625
0.00495746764 0.198923151 0.562202039 0 0 0 0.000244140625
0.12947408 -0.872839775 0.31709207 0 0 0 0.000244140625
-0.788264013 -0.286418872 -0.114197438 0 0 0 0.000244140625
0.464082632 0.706970695 -0.50470712 0 0 0 0.000244140625
0.38645461 0.146509744 0.626210605 0 0 0 0.000244140625
-0.707088665 -0.231708837 -0.368640995 0 0 0 0.000244140625
0.706702124 0.456103898 0.0578851111 0 0 0 0.000244140625
0.015195641 0.183291976 -0.780291523 0 0 0 0.000244140625
0.55517747 0.79416978 -0.187097032 0 0 0 0.000244140625
-0.000213154389 0.375067565 -0.801892691 0 0 0 0.000244140625
-0.32369762 0.0872802769 0.410740285 0 0 0 0.000244140625
0.102074199 -0.466759255 0.0640601528 0 0 0 0.000244140625
-0.269554909 -0.826039695 0.0293632345 0 0 0 0.000244140625
-0.0903936989 0.765825831 0.13268497 0 0 0 0.000244140625
0.956031823 0.0740635691 -0.00352491425 0 0 0 0.000244140625
0.277250982 0.618902337 -0.143223997 0 0 0 0.000244140625
-0.206047029 -0.529392372 0.215194804 0 0 0 0.000244140625
-0.200136519 -0.331298901 -0.116624755 0 0 0 0.000244140625
0.384975644 -0.744520053 0.188489826 0 0 0 0.000244140625
0.0904906916 -0.615536851 0.339911794 0 0 0 0.000244140625
0.0889307472 -0.325387677 0.835104191 0 0 0 0.000244140625
-0.160249355 -0.346362386 -0.0464727079 0 0 0 0.000244140625
-0.630321098 0.0905927866 -0.522295621 0 0 0 0.000244140625
0.47098127 0.312032577 -0.704033361 0 0 0 0.000244140625
-0.191764285 0.808587936 0.46780036 0 0 0 0.000244140625
-0.474098177 0.12680932 0.556224366 0 0 0 0.000244140625
0.725443786 -0.415058602 -0.0567009331 0 0 0 0.000244140625
-0.785808488 -0.410957228 -0.0738868564 0 0 0 0.000244140625
0.18816671 0.533494536 -0.654214527 0 0 0 0.000244140625
-0.816463362 0.2724059 -0.484856207 0 0 0 0.000244140625
0.315941238 0.251179399 0.586907077 0 0 0 0.000244140625
0.859807353 0.253000885 -0.0776807083 0 0 0 0.000244140625
-0.741206667 -0.0631461456 0.00638383978 0 0 0 0.000244140625
-0.285997149 -0.047748426 0.830459018 0 0 0 0.000244140625
0.445271259 0.603142425 -0.41801176 0 0 0 0.000244140625
-0.171315593 -0.503161835 0.752837328 0 0 0 0.000244140625
-0.545606593 0.410264361 0.50213991 0 0 0 0.000244140625
0.189517888 -0.372246948 0.453352448 0 0 0 0.000244140625
0.186978556 0.605008369 0.144305325 0 0 0 0.000244140625
0.243297077 0.257461182 0.513871809 0 0 0 0.000244140625
-0.955629054 -0.0760881178 -0.210293028 0 0 0 0.000244140625
0.658950282 -0.424377553 0.446681808 0 0 0 0.000244140625
0.439336391 0.576354194 0.670757167 0 0 0 0.000244140625
0.228767321 -0.137334537 -0.652603639 0 0 0 0.000244140625
0.695223329 -0.31171661 0.058771145 0 0 0 0.000244140625
0.313053963 -0.499242395 0.758866554 0 0 0 0.000244140625
-0.483604926 -0.388779477 0.130540913 0 0 0 0.000244140625
-0.430073532 0.297168455 0.379494214 0 0 0 0.000244140625
-0.359381991 0.767233723 0.0997722412 0 0 0 0.000244140625
-0.755931387 0.298201617 0.487538408 0 0 0 0.000244140625
0.387603504 0.574195501 -0.421218824 0 0 0 0.000244140625
0.814707063 0.309124852 -0.370976727 0 0 0 0.000244140625
-0.84228985 0.281496727 0.0553878887 0 0 0 0.000244140625
0.0358080497 -0.159708601 0.00803984573 0 0 0 0.000244140625
0.236427594 0.781476096 -0.32244355 0 0 0 0.000244140625
0.269730528 -0.077184383 -0.00779269953 0 0 0 0.000244140625
-0.328905586 -0.0399717363 0.672248692 0 0 0 0.000244140625
-0.408217369 0.350640547 -0.342463927 0 0 0 0.000244140625
0.0615722231 -0.660821216 -0.589666536 0 0 0 0.000244140625
0.608454347 -0.350554075 0.295735189 0 0 0 0.000244140625
0.23475273 0.417436978 0.795227661 0 0 0 0.000244140625
-0.0830685014 -0.476743298 -0.285642274 0 0 0 0.000244140625
-0.31689594 0.149799074 0.898486445 0 0 0 0.000244140625
0.0701720014 -0.602585809 0.047884476 0 0 0 0.000244140625
0.37165878 0.374857837 0.203425622 0 0 0 0.000244140625
-0.469971438 -0.304631693 0.379049271 0 0 0 0.000244140625
-0.595052529 0.258469566 -0.235247269 0 0 0 0.000244140625
-0.170229686 -0.878920342 -0.176584175 0 0 0 0.000244140625
0.430430318 0.0667313161 -0.672475887 0 0 0 0.000244140625
-0.13814292 -0.59793055 0.236669927 0 0 0 0.000244140625
-0.127997443 0.0244750584 -0.516644583 0 0 0 0.000244140625
-0.468273505 0.373681062 0.600820297 0 0 0 0.000244140625
-0.17242976 -0.611805746 -0.663178731 0 0 0 0.000244140625
-0.682818864 0.508743628 -0.262981676 0 0 0 0.000244140625
0.245165251 0.454380284 -0.571214639 0 0 0 0.000244140625
0.203026184 0.0205698691 -0.748939005 0 0 0 0.000244140625
0.440727028 -0.0511056723 0.483676466 0 0 0 0.000244140625
-0.303685994 0.205704183 0.755318022 0 0 0 0.000244140625
-0.659475086 0.0218263026 0.17823955 0 0 0 0.000244140625
0.680264792 0.264574887 0.30732396 0 0 0 0.000244140625
0.69950585 0.0962423208 0.00225450349 0 0 0 0.000244140625
-0.151658078 -0.179413922 0.137647561 0 0 0 0.000244140625
0.135420087 0.515667702 -0.370737488 0 0 0 0.000244140625
-0.0327829823 0.626346366 -0.131276856 0 0 0 0.000244140625
0.535870563 0.690807688 0.0111513101 0 0 0 0.000244140625
-0.0489810235 0.0554110233 0.637853751 0 0 0 0.000244140625
-0.0786057757 0.411605514 -0.130171183 0 0 0 0.000244140625
-0.840837819 0.0279308533 -0.217874783 0 0 0 0.000244140625
0.29027354 0.625124757 -0.514018334 0 0 0 0.000244140625
0.406128987 -0.066488617 0.486092059 0 0 0 0.000244140625
-0.263073572 -0.277652066 -0.782203865 0 0 0 0.000244140625
-0.142533915 -0.549921288 -0.584477559 0 0 0 0.000244140625
0.640505022 -0.585643712 0.161516638 0 0 0 0.000244140625
-0.356990428 0.170743865 0.862297782 0 0 0 0.000244140625
0.421999692 -0.42692482 0.519251743 0 0 0 0.000244140625
0.341175559 -0.132279181 -0.301938643 0 0 0 0.000244140625
-0.773456951 -0.197234601 0.299350005 0 0 0 0.000244140625
-0.151801375 0.867463834 0.23848919 0 0 0 0.000244140625
-0.467795704 0.168678073 -0.626746977 0 0 0 0.000244140625
0.755657832 -0.0481538654 -0.553742129 0 0 0 0.000244140625
-0.23849762 0.526689818 -0.287264788 0 0 0 0.000244140625
0.635523544 0.117813185 0.665373047 0 0 0 0.000244140625
0.641730962 -0.608954403 -0.0482129591 0 0 0 0.000244140625
-0.0621372502 0.68389962 -0.339295087 0 0 0 0.000244140625
-0.19794853 0.297739442 0.445801084 0 0 0 0.000244140625
-0.61490521 0.168799298 -0.255450274 0 0 0 0.000244140625
0.658463278 0.28352841 0.000832894187 0 0 0 0.000244140625
0.440222982 -0.240712824 0.736409802 0 0 0 0.000244140625
0.657643997 -0.3169781 -0.463345017 0 0 0 0.000244140625
-0.042913942 -0.0317987517 0.682731026 0 0 0 0.000244140625
-0.249520282 0.316320614 0.152672902 0 0 0 0.000244140625
-0.294668563 0.393140527 -0.40824372 0 0 0 0.000244140625
0.0698569998 -0.593366541 -0.704054978 0 0 0 0.000244140625
0.107137811 -0.836218728 0.0723890226 0 0 0 0.000244140625
-0.298519845 0.247705427 0.110615961 0 0 0 0.000244140625
-0.0603293195 0.231212114 -0.189987577 0 0 0 0.000244140625
-0.460281394 0.0303968723 -0.530832102 0 0 0 0.000244140625
-0.323380908 -0.653011584 0.593205693 0 0 0 0.000244140625
0.00695905347 0.170143624 -0.491120236 0 0 0 0.000244140625
0.302149738 0.789033343 0.517692296 0 0 0 0.000244140625
0.16304676 0.82024162 -0.103133375 0 0 0 0.000244140625
-0.862975227 -0.278530298 0.0937858409 0 0 0 0.000244140625
-0.734977181 -0.238104151 0.631734032 0 0 0 0.000244140625
-0.260384498 -0.622218802 0.725793403 0 0 0 0.000244140625
0.648259625 -0.562210491 -0.0425945745 0 0 0 0.000244140625
0.368259548 -0.446177561 0.475789995 0 0 0 0.000244140625
-0.475317828 -0.455924794 0.221337202 0 0 0 0.000244140625
-0.12296158 -0.468227158 -0.249224755 0 0 0 0.000244140625
0.189410878 -0.394352281 -0.556481805 0 0 0 0.000244140625
-0.659671197 0.412661536 -0.547035378 0 0 0 0.000244140625
-0.245433456 -0.946520564 0.0168295557 0 0 0 0.000244140625
0.271515567 0.793548165 -0.166336642 0 0 0 0.000244140625
0.0567733374 -0.51370126 0.124108513 0 0 0 0.000244140625
-0.380591436 0.21860807 -0.480291951 0 0 0 0.000244140625
0.70845081 -0.448909007 -0.252491775 0 0 0 0.000244140625
0.260619452 0.193136814 0.599913556 0 0 0 0.000244140625
-0.610195309 -0.381322097 -0.233100621 0 0 0 0.000244140625
-0.767774543 -0.0334808923 0.187422112 0 0 0 0.000244140625
-0.732010375 -0.39022371 0.0574018282 0 0 0 0.000244140625
-0.841930701 -0.374337929 0.265873098 0 0 0 0.000244140625
-0.126704966 0.205414862 -0.446514848 0 0 0 0.000244140625
-0.0373671746 0.133815415 0.463801152 0 0 0 0.000244140625
-0.182808506 -0.436757066 -0.489746231 0 0 0 0.000244140625
0.794309416 -0.313435005 0.414426146 0 0 0 0.000244140625
-0.332328903 -0.305891495 0.370431403 0 0 0 0.000244140625
0.0369969224 0.559553508 0.188142342 0 0 0 0.000244140625
-0.416260616 -0.130831952 0.295006641 0 0 0 0.000244140625
-0.0950999277 0.595856165 0.791153042 0 0 0 0.000244140625
0.0617134342 0.430907841 0.129117537 0 0 0 0.000244140625
0.223602993 -0.59584693 -0.383172631 0 0 0 0.000244140625
0.570294029 0.396538223 0.36326356 0 0 0 0.000244140625
0.194598308 -0.651641011 0.474315581 0 0 0 0.000244140625
-0.316774311 -0.183609643 0.116151165 0 0 0 0.000244140625
-0.329852396 -0.660126734 0.47064164 0 0 0 0.000244140625
0.417732812 0.315765475 0.388628562 0 0 0 0.000244140625
-0.790112851 0.118821313 -0.590733771 0 0 0 0.000244140625
-0.520644395 0.430606716 0.678946214 0 0 0 0.000244140625
0.386773189 -0.496368887 -0.394267586 0 0 0 0.000244140625
0.648665865 0.0748813329 0.224014427 0 0 0 0.000244140625
-0.59960331 0.334798551 0.389339822 0 0 0 0.000244140625
-0.1175347 0.217337867 -0.613683369 0 0 0 0.000244140625
0.0564353078 -0.0755607375 0.556782277 0 0 0 0.000244140625
-0.186234845 0.2109118 -0.382263936 0 0 0 0.000244140625
-0.214540987 -0.170136098 -0.261329357 0 0 0 0.000244140625
0.0644077186 -0.824808127 -0.514321631 0 0 0 0.000244140625
-0.0273976762 -0.00835359701 -0.947111672 0 0 0 0.000244140625
0.410171568 -0.351418142 0.370920054 0 0 0 0.000244140625
-0.567526874 -0.176123808 0.609592341 0 0 0 0.000244140625
-0.198009222 -0.739170415 0.179669572 0 0 0 0.000244140625
0.0714187856 -0.34368546 -0.202155478 0 0 0 0.000244140625
-0.1992604 0.516402961 -0.15374192 0 0 0 0.000244140625
-0.310334767 0.249263712 -0.256426124 0 0 0 0.000244140625
-0.376155155 0.224469226 -0.488842758 0 0 0 0.000244140625
-0.611338327 -0.622191356 0.07277648 0 0 0 0.000244140625
-0.0976142664 -0.364376576 -0.337760332 0 0 0 0.000244140625
0.119901399 0.180670439 -0.36113966 0 0 0 0.000244140625
-0.738434859 0.399417159 0.360368422 0 0 0 0.000244140625
0.353220725 -0.0489341549 0.550247765 0 0 0 0.000244140625
-0.0458907115 -0.173660756 0.569926841 0 0 0 0.000244140625
0.83124643 -0.424859416 -0.144220411 0 0 0 0.000244140625
-0.14401184 -0.317463854 0.867168447 0 0 0 0.000244140625
-0.793809063 -0.484699483 0.124852146 0 0 0 0.000244140625
0.0144792151 -0.289381249 0.395838169 0 0 0 0.000244140625
-0.399642987 0.0260789294 0.103530387 0 0 0 0.000244140625
0.0696941637 -0.392624295 -0.283328105 0 0 0 0.000244140625
0.384811757 0.525884032 0.353937687 0 0 0 0.000244140625
0.187870191 -0.848385382 -0.0283633593 0 0 0 0.000244140625
-0.35874498 -0.729072929 -0.32872397 0 0 0 0.000244140625
-0.0232409935 0.2268632 0.0857716031 0 0 0 0.000244140625
-0.486912638 0.854301659 -0.164267118 0 0 0 0.000244140625
-0.0427902511 0.761627025 0.163334224 0 0 0 0.000244140625
-0.190665928 -0.488703144 0.00510644916 0 0 0 0.000244140625
-0.13236296 -0.242259044 0.22702695 0 0 0 0.000244140625
-0.0315065538 0.132510399 -0.868843092 0 0 0 0.000244140625
0.295393854 -0.334955084 -0.125022057 0 0 0 0.000244140625
0.619640211 0.395893826 -0.619699761 0 0 0 0.000244140625
0.446050854 0.399154818 -0.0781568457 0 0 0 0.000244140625
0.605299137 -0.468587571 0.581043666 0 0 0 0.000244140625
-0.105129418 -0.114134062 0.248782842 0 0 0 0.000244140625
-0.356140519 0.207425536 -0.0291048783 0 0 0 0.000244140625
-0.22769796 0.328641495 0.784877068 0 0 0 0.000244140625
-0.0973993188 0.395252249 -0.300433751 0 0 0 0.000244140625
-0.331693049 0.0762478152 -0.517095729 0 0 0 0.000244140625
-0.381136677 -0.241579381 -0.545708478 0 0 0 0.000244140625
0.364454774 0.242222628 0.544727992 0 0 0 0.000244140625
0.0228507812 0.556810492 -0.327726861 0 0 0 0.000244140625
-0.4068202 0.419880196 -0.160737436 0 0 0 0.000244140625
0.12298469 0.10736639 -0.176059933 0 0 0 0.000244140625
0.165930268 -0.348310739 -0.162650195 0 0 0 0.000244140625
-0.278077487 -0.840720449 0.0484324494 0 0 0 0.000244140625
-0.178413923 0.913260525 0.274532054 0 0 0 0.000244140625
0.697120536 -0.10411391 -0.119370756 0 0 0 0.000244140625
0.132780291 0.988010925 -0.0197440174 0 0 0 0.000244140625
0.16207055 0.199535284 0.367872226 0 0 0 0.000244140625
-0.182887821 -0.211998502 -0.775498195 0 0 0 0.000244140625
-0.19841763 0.763965698 0.599959715 0 0 0 0.000244140625
-0.00943167257 0.277947361 -0.404087587 0 0 0 0.000244140625
0.761062381 -0.276165632 0.361624588 0 0 0 0.000244140625
0.753099359 -0.0438797553 0.290904176 0 0 0 0.000244140625
0.363877289 -0.0247593492 -0.80190907 0 0 0 0.000244140625
0.189820362 0.232715032 -0.337766159 0 0 0 0.000244140625
-0.089668334 -0.366174228 0.914616016 0 0 0 0.000244140625
-0.661153195 -0.120583453 0.490345491 0 0 0 0.000244140625
0.0387408537 -0.341014384 -0.41386086 0 0 0 0.000244140625
0.315785919 -0.818793337 -0.282073974 0 0 0 0.000244140625
-0.328022969 0.0952308144 0.525550506 0 0 0 0.000244140625
0.522792839 -0.441820431 -0.29338873 0 0 0 0.000244140625
-0.0340937825 0.530389861 0.0638685627 0 0 0 0.000244140625
-0.177484494 -0.209010008 -0.327620661 0 0 0 0.000244140625
-0.0201373135 0.0360302603 -0.0116297525 0 0 0 0.000244140625
0.345715193 -0.617962004 -0.119301231 0 0 0 0.000244140625
0.194424438 0.38734497 0.397958469 0 0 0 0.000244140625
0.617464828 -0.593188723 -0.190114326 0 0 0 0.000244140625
-0.168204637 -0.00862362445 0.723250925 0 0 0 0.000244140625
0.483586277 0.344103184 0.34281728 0 0 0 0.000244140625
0.26158858 0.0378688614 0.76910405 0 0 0 0.000244140625
-0.0589152244 -0.822572714 0.524658329 0 0 0 0.000244140625
0.286810632 -0.771733674 -0.0829113693 0 0 0 0.000244140625
-0.0601452424 -0.115181934 -0.844673449 0 0 0 0.000244140625
0.315105613 0.480008409 -0.105554201 0 0 0 0.000244140625
-0.298127922 -0.269685861 -0.857019371 0 0 0 0.000244140625
-0.417882248 -0.832574673 0.31891385 0 0 0 0.000244140625
-0.596091117 -0.454040071 0.0616137846 0 0 0 0.000244140625
-0.246904679 0.0819559309 0.411276352 0 0 0 0.000244140625
0.212391308 -0.204783457 0.893082412 0 0 0 0.000244140625
-0.904397794 0.139129474 0.268988215 0 0 0 0.000244140625
-0.2907439 0.104936106 -0.394379043 0 0 0 0.000244140625
0.805945603 0.074328417 0.160869363 0 0 0 0.000244140625
-0.31275083 -0.617735053 -0.2063757 0 0 0 0.000244140625
-0.655648778 -0.519640032 -0.104968027 0 0 0 0.000244140625
0.153925434 -0.499022571 -0.741755485 0 0 0 0.000244140625
0.678189331 -0.123804939 -0.479259952 0 0 0 0.000244140625
-0.544966552 -0.19601847 0.594488439 0 0 0 0.000244140625
-0.0639733511 -0.132168379 0.713715112 0 0 0 0.000244140625
0.485139679 0.439720247 0.677398517 0 0 0 0.000244140625
-0.480411622 -0.145563921 0.227725994 0 0 0 0.000244140625
-0.4426161 0.701439957 -0.490901536 0 0 0 0.000244140625
-0.261472363 -0.546795518 0.342620664 0 0 0 0.000244140625
-0.412252181 0.108907845 -0.80313114 0 0 0 0.000244140625
-0.0261428027 -0.141857785 -0.195744178 0 0 0 0.000244140625
0.0425614892 -0.0208940613 0.707288943 0 0 0 0.000244140625
0.494743522 -0.153089861 0.525521863 0 0 0 0.000244140625
0.474346631 -0.367508751 0.694617824 0 0 0 0.000244140625
0.249851551 -0.68414035 0.468759891 0 0 0 0.000244140625
0.541446178 -0.737365717 -0.117195925 0 0 0 0.000244140625
0.0155246762 0.682158972 0.471328389 0 0 0 0.000244140625
-0.365484227 -0.790579031 0.227898536 0 0 0 0.000244140625
-0.282065727 0.0761329454 0.540561867 0 0 0 0.000244140625
-0.427441564 -0.0393702315 -0.441949739 0 0 0 0.000244140625
-0.543751262 0.126170514 0.402659128 0 0 0 0.000244140625
-0.241982003 -0.0517482673 0.49665134 0 0 0 0.000244140625
-0.290803409 0.768496541 -0.370327961 0 0 0 0.000244140625
0.658375252 -0.556830909 0.348071139 0 0 0 0.000244140625
0.347801234 0.904682581 0.0924106678 0 0 0 0.000244140625
0.428811131 0.656139975 -0.536432778 0 0 0 0.000244140625
0.154220138 -0.626534551 -0.186467347 0 0 0 0.000244140625
-0.721537972 0.538199712 0.172874304 0 0 0 0.000244140625
-0.173311504 0.852050425 0.289968097 0 0 0 0.000244140625
0.374489369 0.673360599 -0.54854581 0 0 0 0.000244140625
-0.711817072 0.476957072 0.212666285 0 0 0 0.000244140625
-0.0167182306 0.245258916 -0.446208372 0 0 0 0.000244140625
-0.0808497984 -0.142107085 0.755682833 0 0 0 0.000244140625
-0.660232907 -0.351156737 0.313224354 0 0 0 0.000244140625
-0.0780929047 -0.0382713413 -0.92900687 0 0 0 0.000244140625
0.380227108 0.31995099 -0.161374231 0 0 0 0.000244140625
-0.249002959 0.784070707 -0.182240831 0 0 0 0.000244140625
-0.507470368 -0.196939129 -0.0630214458 0 0 0 0.000244140625
0.648541856 -0.0544344143 -0.381303492 0 0 0 0.000244140625
0.337334214 0.0226901981 0.746227856 0 0 0 0.000244140625
0.192334784 -0.678414948 -0.492385926 0 0 0 0.000244140625
-0.0991422129 -0.192881955 -0.75880316 0 0 0 0.000244140625
0.380331904 0.693940184 -0.270232088 0 0 0 0.000244140625
-0.273584522 0.298070774 0.913529352 0 0 0 0.000244140625
-0.0208693413 0.232928033 -0.157830296 0 0 0 0.000244140625
-0.577005824 0.278078056 -0.00788304445 0 0 0 0.000244140625
0.500257707 -0.00975333757 -0.693237522 0 0 0 0.000244140625
0.59046133 -0.580029771 -0.0491169436 0 0 0 0.000244140625
-0.474288927 0.198174451 -0.80225504 0 0 0 0.000244140625
-0.43076491 0.0239362029 -0.132911575 0 0 0 0.000244140625
0.371602758 0.473942826 -0.66896987 0 0 0 0.000244140625
0.0733401793 -0.614299303 0.693087192 0 0 0 0.000244140625
-0.282719516 -0.370217048 0.110610388 0 0 0 0.000244140625
-0.195236565 -0.0264883627 0.694864728 0 0 0 0.000244140625
-0.619268581 -0.297183593 0.351829345 0 0 0 0.000244140625
0.0627823187 0.00531970199 0.0789475757 0 0 0 0.000244140625
-0.0207690303 0.183445524 0.940990386 0 0 0 0.000244140625
0.0611078624 -0.285053042 0.760936223 0 0 0 0.000244140625
-0.750073609 -0.292056786 0.108565985 0 0 0 0.000244140625
0.768312294 0.543136088 -0.181934885 0 0 0 0.000244140625
0.0735511933 -0.267066486 0.556171987 0 0 0 0.000244140625
-0.324015164 -0.603074373 -0.529795442 0 0 0 0.000244140625
-0.116937349 -0.188018443 0.26667115 0 0 0 0.000244140625
0.81078777 0.0299199718 -0.285474257 0 0 0 0.000244140625
-0.613996125 0.356964899 0.110995522 0 0 0 0.000244140625
0.106094302 -0.50648547 0.784799051 0 0 0 0.000244140625
0.676204627 0.435755032 -0.388194679 0 0 0 0.000244140625
0.695252368 0.430094814 0.170570384 0 0 0 0.000244140625
-0.536153045 0.509696121 -0.638628125 0 0 0 0.000244140625
0.151487159 -0.709897958 0.113355827 0 0 0 0.000244140625
0.237924086 -0.254173789 -0.469830969 0 0 0 0.000244140625
-0.552531941 -0.0418429914 0.313923786 0 0 0 0.000244140625
0.603055772 -0.00787791103 -0.659833289 0 0 0 0.000244140625
-0.620441876 0.41853801 0.129416225 0 0 0 0.000244140625
0.546740988 0.813708786 0.172394833 0 0 0 0.000244140625
-0.58442818 -0.221755717 -0.406603107 0 0 0 0.000244140625
-0.352164901 0.515986161 -0.721833525 0 0 0 0.000244140625
-0.194251492 -0.317856967 0.72172977 0 0 0 0.000244140625
0.0596619088 0.824534064 -0.26477965 0 0 0 0.000244140625
-0.422148983 0.119408799 -0.157846856 0 0 0 0.000244140625
-0.0135469744 -0.809506562 0.263567823 0 0 0 0.000244140625
-0.203400065 -0.488277121 0.0880033813 0 0 0 0.000244140625
-0.276995924 0.802571603 0.347574952 0 0 0 0.000244140625
-0.426699718 0.257127219 0.50040305 0 0 0 0.000244140625
-0.300514636 -0.293173936 0.0371656938 0 0 0 0.000244140625
-0.420514048 -0.353297564 0.0873225662 0 0 0 0.000244140625
-0.368672609 0.235077716 0.187958396 0 0 0 0.000244140625
0.380930044 -0.650509254 -0.406993216 0 0 0 0.000244140625
0.0507954463 0.227715816 -0.349564312 0 0 0 0.000244140625
0.196364447 -0.749540329 -0.387415625 0 0 0 0.000244140625
0.0321936489 0.0218159878 0.190722475 0 0 0 0.000244140625
-0.499201502 0.0807924715 -0.216328146 0 0 0 0.000244140625
-0.378480328 -0.10755677 -0.889504969 0 0 0 0.000244140625
-0.191103443 0.393801736 0.39376864 0 0 0 0.000244140625
-0.594270427 -0.0940663399 -0.288064604 0 0 0 0.000244140625
0.334648886 0.304493381 -0.507573029 0 0 0 0.000244140625
0.223041453 -0.805769477 0.464953964 0 0 0 0.000244140625
0.0242166177 0.745575577 -0.368525337 0 0 0 0.000244140625
0.674350587 0.576215301 -0.0875765992 0 0 0 0.000244140625
0.656065931 0.133520049 -0.622270601 0 0 0 0.000244140625
-0.572246656 0.715049592 -0.0705984647 0 0 0 0.000244140625
-0.833556081 0.111681742 0.18478837 0 0 0 0.000244140625
-0.912344843 -0.218994746 0.0394460612 0 0 0 0.000244140625
-0.104832752 0.584933475 -0.715112616 0 0 0 0.000244140625
0.48360777 0.489062651 0.576562311 0 0 0 0.000244140625
-0.160241014 -0.199999088 0.522146529 0 0 0 0.000244140625
-0.703470474 -0.514860995 0.150961226 0 0 0 0.000244140625
-0.905015129 -0.278082232 -0.162174609 0 0 0 0.000244140625
0.330274718 -0.679905123 -0.0607676812 0 0 0 0.000244140625
-0.360278896 -0.28394283 -0.244277289 0 0 0 0.000244140625
0.195678113 0.501722104 -0.658938015 0 0 0 0.000244140625
0.299327892 0.12394704 -0.927477269 0 0 0 0.000244140625
-0.352174204 -0.178169036 -0.154848971 0 0 0 0.000244140625
0.471675422 0.0545566424 -0.57946168 0 0 0 0.000244140625
-0.412719623 -0.302484524 0.243617502 0 0 0 0.000244140625
0.386511419 0.544583266 0.732989005 0 0 0 0.000244140625
-0.214499902 -0.361268967 0.669299415 0 0 0 0.000244140625
0.325397068 0.309164036 0.558493002 0 0 0 0.000244140625
-0.943843895 0.131932397 -0.166230412 0 0 0 0.000244140625
0.30502085 0.0295836868 -0.138906633 0 0 0 0.000244140625
-0.024500629 -0.18187328 -0.176988999 0 0 0 0.000244140625
0.775384183 0.0588963771 -0.434807865 0 0 0 0.000244140625
0.0275808444 0.144871647 0.673797652 0 0 0 0.000244140625
-0.585077009 -0.669183532 0.343876745 0 0 0 0.000244140625
0.285168457 0.0464312408 -0.737489538 0 0 0 0.000244140625
-0.250202021 0.550719547 -0.0934748308 0 0 0 0.000244140625
0.0738705104 0.157061984 0.970633476 0 0 0 0.000244140625
-0.307607354 0.673192985 -0.561919042 0 0 0 0.000244140625
-0.699879305 -0.268321793 0.420498435 0 0 0 0.000244140625
0.479367362 0.117601562 -0.812887161 0 0 0 0.000244140625
-0.560831897 0.333739258 0.0827761718 0 0 0 0.000244140625
0.115376645 -0.023926683 0.115134421 0 0 0 0.000244140625
-0.373020135 0.269602686 0.377215219 0 0 0 0.000244140625
0.0313677808 -0.64614526 0.379365905 0 0 0 0.000244140625
0.522356031 0.198757263 -0.394437105 0 0 0 0.000244140625
-0.0237227962 0.0608603673 -0.439575163 0 0 0 0.000244140625
-0.246386668 -0.846197191 0.0405987171 0 0 0 0.000244140625
0.0576112121 0.106166078 0.893336655 0 0 0 0.000244140625
0.536131262 -0.662176386 0.330511221 0 0 0 0.000244140625
0.0324862673 0.659138598 0.393444435 0 0 0 0.000244140625
-0.393697531 0.0157760137 -0.212148951 0 0 0 0.000244140625
-0.632341722 0.120967959 0.730107677 0 0 0 0.000244140625
-0.141949331 -0.450727574 0.603496516 0 0 0 0.000244140625
0.486388762 -0.269257325 -0.0225845062 0 0 0 0.000244140625
0.684643375 0.43838489 0.22359924 0 0 0 0.000244140625
0.900767572 -0.0208560205 0.0822488793 0 0 0 0.000244140625
0.637207321 0.0129563548 -0.525984324 0 0 0 0.000244140625
0.639433345 -0.296841802 0.330439327 0 0 0 0.000244140625
-0.193257241 0.278102902 -0.029509378 0 0 0 0.000244140625
0.055747415 0.00351756233 -0.265374402 0 0 0 0.000244140625
-0.925169032 -0.26813033 -0.258281303 0 0 0 0.000244140625
0.705165355 0.266966545 0.121961823 0 0 0 0.000244140625
-0.907621341 -0.281863588 0.22342522 0 0 0 0.000244140625
0.214713654 -0.258658068 -0.695958818 0 0 0 0.000244140625
-0.652551067 0.0962779441 0.194606352 0 0 0 0.000244140625
0.655957878 -0.55681643 -0.233422219 0 0 0 0.000244140625
0.276073045 0.285293857 0.478560502 0 0 0 0.000244140625
-0.0597402921 -0.0649266497 -0.611442498 0 0 0 0.000244140625
-0.116964738 0.600153388 -0.0249372085 0 0 0 0.000244140625
-0.0218255268 -0.684815769 0.682426766 0 0 0 0.000244140625
-0.0773687216 -0.420673497 -0.589731167 0 0 0 0.000244140625
-0.210458931 0.0930563912 0.120309999 0 0 0 0.000244140625
-0.363026299 -0.440963047 -0.567712276 0 0 0 0.000244140625
-0.704566792 0.531742133 0.297070971 0 0 0 0.000244140625
0.148088629 0.341767443 0.497162491 0 0 0 0.000244140625
0.491833717 0.282114906 0.152792575 0 0 0 0.000244140625
0.506513697 -0.35704315 -0.34207728 0 0 0 0.000244140625
0.275385454 -0.372733009 0.667618853 0 0 0 0.000244140625
-0.809904625 -0.295679993 0.0417684739 0 0 0 0.000244140625
0.528483862 0.136792017 0.562722492 0 0 0 0.000244140625
0.408378355 0.0588445397 -0.534960946 0 0 0 0.000244140625
-0.907750051 -0.103767498 -0.0945489773 0 0 0 0.000244140625
-0.630028854 0.10746845 0.10243317 0 0 0 0.000244140625
-0.21390317 0.264794625 -0.813090674 0 0 0 0.000244140625
-0.0281530653 -0.147120059 -0.173368395 0 0 0 0.000244140625
0.840627937 -0.453668675 -0.0289349859 0 0 0 0.000244140625
-0.0409833748 -0.21903757 0.182003591 0 0 0 0.000244140625
0.376346494 -0.0879819725 -0.327716517 0 0 0 0.000244140625
-0.0204553198 -0.753395183 0.646370834 0 0 0 0.000244140625
0.793666226 0.417744429 -0.131052424 0 0 0 0.000244140625
0.0424026087 0.573618597 0.391009907 0 0 0 0.000244140625
-0.307850504 0.652658951 0.559729838 0 0 0 0.000244140625
0.0398525132 0.00741031008 0.807914162 0 0 0 0.000244140625
0.659173091 -0.592662666 -0.322218353 0 0 0 0.000244140625
0.0542438411 -0.00829069694 0.420019903 0 0 0 0.000244140625
0.154294056 0.0701097335 -0.0564585446 0 0 0 0.000244140625
0.700458384 -0.571721203 -0.350720565 0 0 0 0.000244140625
0.476690125 -0.58717675 -0.629195734 0 0 0 0.000244140625
0.708549887 0.196074533 0.100458593 0 0 0 0.000244140625
0.466123076 -0.25049137 0.457649814 0 0 0 0.000244140625
-0.0950584635 -0.921206496 -0.303396056 0 0 0 0.000244140625
0.551583624 -0.262843144 0.223306268 0 0 0 0.000244140625
0.192475968 0.309846407 0.647465658 0 0 0 0.000244140625
-0.210835427 0.432780425 -0.530578366 0 0 0 0.000244140625
0.462379901 0.296034621 -0.356592865 0 0 0 0.000244140625
0.593174611 -0.163225687 -0.562949798 0 0 0 0.000244140625
0.653346862 0.311367589 0.285886315 0 0 0 0.000244140625
0.240000389 -0.67003714 0.373118807 0 0 0 0.000244140625
0.166341777 0.900797355 -0.137604692 0 0 0 0.000244140625
0.0295332349 -0.826351871 -0.450142879 0 0 0 0.000244140625
-0.688008548 0.111564627 0.136929123 0 0 0 0.000244140625
-0.716023752 0.00649033905 0.0865178051 0 0 0 0.000244140625
-0.532528465 0.0958382483 -0.54837773 0 0 0 0.000244140625
-0.0781229636 0.847877802 -0.0417521356 0 0 0 0.000244140625
-0.182019053 0.113605359 -0.735626187 0 0 0 0.000244140625
0.215798309 -0.445718485 0.147451918 0 0 0 0.000244140625
0.322477924 0.106845826 -0.333289417 0 0 0 0.000244140625
0.0539461526 0.131653065 -0.566895273 0 0 0 0.000244140625
-0.336891888 0.782112203 0.0959613007 0 0 0 0.000244140625
0.403546245 0.110239172 -0.793064157 0 0 0 0.000244140625
0.197777025 0.036401426 0.211278839 0 0 0 0.000244140625
-0.58425824 -0.198687454 0.577517204 0 0 0 0.000244140625
-0.559326615 -0.254480196 -0.680238581 0 0 0 0.000244140625
-0.281097589 0.831091676 -0.0972059759 0 0 0 0.000244140625
-0.58633978 -0.267659996 0.240031612 0 0 0 0.000244140625
-0.266459908 -0.42075238 -0.0693138854 0 0 0 0.000244140625
-0.259932714 0.257474243 -0.667582352 0 0 0 0.000244140625
-0.378842222 0.266900677 0.261515298 0 0 0 0.000244140625
-0.668547105 -0.121674958 -0.0535923958 0 0 0 0.000244140625
0.16738402 -0.792304155 0.145895791 0 0 0 0.000244140625
-0.0587432082 0.338714981 -0.365428882 0 0 0 0.000244140625
0.377430285 -0.751852751 0.0262327617 0 0 0 0.000244140625
-0.511050508 -0.630341804 0.211858434 0 0 0 0.000244140625
-0.838165611 -0.429555042 -0.201976217 0 0 0 0.000244140625
0.103508562 0.462624415 -0.0913943006 0 0 0 0.000244140625
-0.0573036618 -0.840143113 -0.303599408 0 0 0 0.000244140625
-0.0547508437 -0.501063479 0.284090899 0 0 0 0.000244140625
0.290392022 -0.364272534 -0.261847465 0 0 0 0.000244140625
0.367645926 0.667533511 0.0500695788 0 0 0 0.000244140625
-0.582958324 0.26332617 0.154679647 0 0 0 0.000244140625
-0.587017418 0.307761137 0.523089289 0 0 0 0.000244140625
-0.355433531 -0.142178456 0.619593601 0 0 0 0.000244140625
-0.246528507 0.576977621 0.0850858819 0 0 0 0.000244140625
-0.202487327 0.01998409 -0.866181046 0 0 0 0.000244140625
0.394349278 0.217486279 -0.851152782 0 0 0 0.000244140625
0.155366233 -0.646575228 -0.622737935 0 0 0 0.000244140625
-0.909791874 -0.0496046837 -0.0448520251 0 0 0 0.000244140625
0.194634868 0.09653024 0.682706207 0 0 0 0.000244140625
0.624696161 0.416297555 -0.313090253 0 0 0 0.000244140625
0.28106164 -0.0651301724 0.46471971 0 0 0 0.000244140625
-0.658279963 -0.0923369682 0.317216084 0 0 0 0.000244140625
-0.168304869 0.324319194 -0.224890756 0 0 0 0.000244140625
0.140870952 0.000569792726 -0.968443154 0 0 0 0.000244140625
0.17291576 -0.52822432 0.431664099 0 0 0 0.000244140625
-0.316754572 -0.562468849 0.577289992 0 0 0 0.000244140625
-0.0855750743 -0.480004674 0.659507269 0 0 0 0.000244140625
0.577435148 -0.408302564 0.397826116 0 0 0 0.000244140625
0.327816286 0.313870824 0.0372481432 0 0 0 0.000244140625
-0.12795235 0.190812781 -0.0665920783 0 0 0 0.000244140625
-0.47206184 -0.00627914566 0.452104258 0 0 0 0.000244140625
0.424574802 0.870959846 -0.0770520733 0 0 0 0.000244140625
-0.588342202 -0.702207592 0.321242373 0 0 0 0.000244140625
-0.191486699 0.367479692 0.426536656 0 0 0 0.000244140625
-0.639729175 -0.517808748 0.237135739 0 0 0 0.000244140625
-0.387241739 0.49455536 0.27955236 0 0 0 0.000244140625
-0.358882362 0.351021787 -0.85236055 0 0 0 0.000244140625
-0.334767059 -0.601077787 -0.308950376 0 0 0 0.000244140625
-0.0876437632 0.681595514 -0.229812901 0 0 0 0.000244140625
-0.251925238 -0.752581382 -0.555178018 0 0 0 0.000244140625
-0.0519127463 0.553061185 -0.666916381 0 0 0 0.000244140625
-0.437941151 -0.867495508 0.23564289 0 0 0 0.000244140625
0.230867306 -0.153341787 -0.635434026 0 0 0 0.000244140625
-0.634888311 -0.195436319 0.698810056 0 0 0 0.000244140625
-0.213307671 -0.256987837 -0.789423533 0 0 0 0.000244140625
0.374716598 0.787312362 0.0268681608 0 0 0 0.000244140625
0.354849588 -0.820936559 -0.384530321 0 0 0 0.000244140625
0.451237302 0.34349746 0.410514363 0 0 0 0.000244140625
0.494139275 0.211512846 0.72011425 0 0 0 0.000244140625
-0.227754761 -0.65870816 -0.427080579 0 0 0 0.000244140625
-0.353263709 -0.387792964 0.414237907 0 0 0 0.000244140625
0.390505412 -0.283098762 0.737294032 0 0 0 0.000244140625
0.243195467 0.0720729799 -0.921904731 0 0 0 0.000244140625
-0.788131118 0.0639838735 -0.542505174 0 0 0 0.000244140625
-0.0423311868 -0.58378703 -0.42071584 0 0 0 0.000244140625
-0.755565499 -0.484038596 0.158245794 0 0 0 0.000244140625
0.48912986 0.610560327 0.132827788 0 0 0 0.000244140625
0.613272687 0.238968108 -0.251841729 0 0 0 0.000244140625
0.531322967 -0.327083705 -0.411724308 0 0 0 0.000244140625
0.729167406 -0.310080335 0.470453332 0 0 0 0.000244140625
-0.0197772214 0.636641691 -0.72526341 0 0 0 0.000244140625
-0.13531142 -0.922505279 0.07275489 0 0 0 0.000244140625
0.46782006 0.197368685 0.676692162 0 0 0 0.000244140625
0.313512005 0.673933821 -0.0727810201 0 0 0 0.000244140625
0.105360519 0.35105015 -0.500533419 0 0 0 0.000244140625
0.198076256 -0.276103977 -0.779361788 0 0 0 0.000244140625
-0.682143839 -0.305588614 0.0300584222 0 0 0 0.000244140625
-0.810169613 0.184118232 0.390055294 0 0 0 0.000244140625
0.335153983 -0.630703326 -0.225754348 0 0 0 0.000244140625
0.074310923 0.549768617 -0.58408616 0 0 0 0.000244140625
-0.926673716 0.0879539934 -0.0935437619 0 0 0 0.000244140625
-0.123924032 0.27284248 -0.450791602 0 0 0 0.000244140625
0.41454017 -0.0262256407 -0.670583495 0 0 0 0.000244140625
0.150241463 -0.182869998 -0.943902143 0 0 0 0.000244140625
0.0576951329 0.160607664 0.351062155 0 0 0 0.000244140625
0.71626997 0.552541276 0.0906145821 0 0 0 0.000244140625
-0.0849370508 0.15466317 0.307145982 0 0 0 0.000244140625
0.44487036 0.218280237 0.0150878249 0 0 0 0.000244140625
-0.181372874 0.186304839 0.668915347 0 0 0 0.000244140625
0.534940913 -0.831197501 -0.0626894246 0 0 0 0.000244140625
-0.495700222 -0.368590386 -0.668281355 0 0 0 0.000244140625
-0.440491034 -0.337642369 -0.65807768 0 0 0 0.000244140625
-0.2837807 -0.928335566 -0.182446783 0 0 0 0.000244140625
-0.228594798 -0.451787249 -0.0545874493 0 0 0 0.000244140625
-0.413954966 0.750485978 0.27230908 0 0 0 0.000244140625
0.417620492 -0.424231463 -0.776101894 0 0 0 0.000244140625
0.208249971 0.924531968 -0.0126787598 0 0 0 0.000244140625
0.731242249 0.316711972 -0.00170951756 0 0 0 0.000244140625
-0.446719519 -0.393695716 0.487955864 0 0 0 0.000244140625
0.548504693 0.105273237 0.617546549 0 0 0 0.000244140625
-0.694982656 0.343427534 -0.622738091 0 0 0 0.000244140625
-0.674802465 0.378858446 0.150255293 0 0 0 0.000244140625
0.565144911 -0.333196613 0.612166596 0 0 0 0.000244140625
-0.25059925 -0.756715349 -0.137802058 0 0 0 0.000244140625
0.121139458 -0.360391801 0.737005888 0 0 0 0.000244140625
0.0551702915 -0.902695903 -0.40412902 0 0 0 0.000244140625
-0.257481793 -0.527118627 0.671459804 0 0 0 0.000244140625
-0.0375109686 -0.145179383 -0.28889898 0 0 0 0.000244140625
0.122069794 -0.489955412 -0.684523791 0 0 0 0.000244140625
-0.331795627 0.721045621 0.0958987382 0 0 0 0.000244140625
0.146096263 0.449850497 -0.457646735 0 0 0 0.000244140625
-0.55794222 0.0534544688 -0.237565199 0 0 0 0.000244140625
0.781279772 0.0466286884 0.552723421 0 0 0 0.000244140625
0.637537179 0.0778736978 0.235548878 0 0 0 0.000244140625
0.329791022 0.413892398 -0.200202696 0 0 0 0.000244140625
-0.15889806 0.966213726 -0.0798360816 0 0 0 0.000244140625
-0.568034738 0.0933668881 -0.578194827 0 0 0 0.000244140625
0.466922265 0.109285429 0.343931153 0 0 0 0.000244140625
0.124806522 -0.43766972 -0.774679288 0 0 0 0.000244140625
0.0947631503 -0.295918645 -0.548366248 0 0 0 0.000244140625
-0.167025911 -0.566297984 0.428774121 0 0 0 0.000244140625
-0.0782006697 0.740920625 -0.0861874029 0 0 0 0.000244140625
-0.089140886 0.800971439 -0.194819576 0 0 0 0.000244140625
-0.358866298 -0.434620433 -0.23223134 0 0 0 0.000244140625
0.0612864474 -0.537713766 -0.160158758 0 0 0 0.000244140625
0.0521326161 -0.25959678 0.725863599 0 0 0 0.000244140625
0.158892105 -0.638329267 0.211341891 0 0 0 0.000244140625
-0.111898427 -0.500058012 0.0208567209 0 0 0 0.000244140625
0.0787886085 -0.177435203 -0.810639919 0 0 0 0.000244140625
0.211360689 -0.0511134481 0.757925541 0 0 0 0.000244140625
-0.404302978 0.892652373 -0.0300467403 0 0 0 0.000244140625
0.641912173 -0.110853738 0.557442059 0 0 0 0.000244140625
0.620414682 0.336112167 -0.306102852 0 0 0 0.000244140625
-0.48163742 0.455512362 -0.333651563 0 0 0 0.000244140625
-0.453414733 -0.161815925 -0.139873821 0 0 0 0.000244140625
-0.13088786 -0.81839677 0.532902587 0 0 0 0.000244140625
0.180916189 -0.427087069 0.753837509 0 0 0 0.000244140625
-0.69288703 -0.453894249 0.0189228927 0 0 0 0.000244140625
0.289693489 -0.21288195 0.596237029 0 0 0 0.000244140625
-0.172909974 -0.0850648517 0.292415971 0 0 0 0.000244140625
-0.434602261 0.761344743 0.354106587 0 0 0 0.000244140625
-0.190693344 0.197617331 -0.400167985 0 0 0 0.000244140625
-0.155098995 0.58034283 0.335309694 0 0 0 0.000244140625
0.0556347303 0.472923271 -0.277159362 0 0 0 0.000244140625
0.286599834 -0.4864761 0.820924478 0 0 0 0.000244140625
-0.338969727 -0.21893177 0.519323522 0 0 0 0.000244140625
-0.715839374 -0.345505842 0.273612209 0 0 0 0.000244140625
-0.13543402 0.709410622 0.422460496 0 0 0 0.000244140625
-0.197736749 0.678997926 -0.534117971 0 0 0 0.000244140625
-0.19525201 -0.581147563 -0.707420602 0 0 0 0.000244140625
-0.130982389 -0.317355491 -0.258555291 0 0 0 0.000244140625
-0.165344138 0.436491015 -0.0956128029 0 0 0 0.000244140625
0.0646662745 0.849993499 -0.149319925 0 0 0 0.000244140625
0.553723272 0.512264085 0.524328927 0 0 0 0.000244140625
0.41118255 0.61769522 -0.533669401 0 0 0 0.000244140625
-0.250653078 -0.0789249976 0.790440003 0 0 0 0.000244140625
-0.433193308 0.35958067 -0.0555279608 0 0 0 0.000244140625
0.226569949 -0.526919292 -0.770502346 0 0 0 0.000244140625
0.895597102 -0.240246867 0.166636719 0 0 0 0.000244140625
-0.448624078 0.810105449 -0.0640662116 0 0 0 0.000244140625
-0.616846961 0.237773958 -0.242755084 0 0 0 0.000244140625
-0.511742734 -0.521884569 -0.579322389 0 0 0 0.000244140625
0.704173491 0.292548956 -0.434150137 0 0 0 0.000244140625
-0.0957394991 -0.594673939 0.777938868 0 0 0 0.000244140625
0.436678881 -0.646008716 -0.18285948 0 0 0 0.000244140625
0.76063414 -0.0170089332 0.479843204 0 0 0 0.000244140625
0.0508089169 0.378632072 0.0879851138 0 0 0 0.000244140625
0.00093749774 0.271711399 -0.251803051 0 0 0 0.000244140625
0.404635913 0.398584589 -0.206298053 0 0 0 0.000244140625
-0.253723409 0.380229539 0.374598648 0 0 0 0.000244140625
0.0797587452 -0.148929114 -0.908294754 0 0 0 0.000244140625
-0.897014737 0.287271171 0.20192462 0 0 0 0.000244140625
0.54952287 0.652144492 -0.314097965 0 0 0 0.000244140625
-0.850759698 -0.046527977 -0.100555249 0 0 0 0.000244140625
-0.712840841 -0.390999523 -0.0603491803 0 0 0 0.000244140625
0.429054812 0.307197437 0.753908668 0 0 0 0.000244140625
0.684537891 0.0312334032 -0.210855828 0 0 0 0.000244140625
0.223201065 0.499502494 -0.490503296 0 0 0 0.000244140625
-0.561264435 -0.538380862 0.287745402 0 0 0 0.000244140625
-0.336887404 0.477484289 0.38721017 0 0 0 0.000244140625
-0.493026152 0.743317753 -0.10029518 0 0 0 0.000244140625
0.161357208 0.77387729 -0.4096828 0 0 0 0.000244140625
0.177938567 -0.20276169 0.411867904 0 0 0 0.000244140625
-0.156003518 0.778680731 -0.280124707 0 0 0 0.000244140625
0.456372101 -0.413201055 0.0453053357 0 0 0 0.000244140625
0.0575310992 -0.673020064 0.52537651 0 0 0 0.000244140625
0.101965915 -0.71069883 -0.601332585 0 0 0 0.000244140625
-0.443800976 0.139415926 0.656418275 0 0 0 0.000244140625
-0.523702132 0.467225134 -0.700942437 0 0 0 0.000244140625
-0.178488827 0.610985704 -0.192307095 0 0 0 0.000244140625
0.225459458 -0.143623766 0.246468549 0 0 0 0.000244140625
-0.065629828 0.445058614 0.506445826 0 0 0 0.000244140625
-0.609847465 0.631117768 -0.181639548 0 0 0 0.000244140625
0.676678834 0.046801717 0.542130623 0 0 0 0.000244140625
-0.535083699 -0.686343098 0.00667880871 0 0 0 0.000244140625
0.667091706 -0.172290717 0.520384712 0 0 0 0.000244140625
-0.0748252924 0.59066176 0.499512635 0 0 0 0.000244140625
0.00566491131 0.293998216 0.556958851 0 0 0 0.000244140625
-0.373777367 -0.241748248 -0.730052092 0 0 0 0.000244140625
-0.147646432 -0.570120804 -0.0225143207 0 0 0 0.000244140625
0.533797155 -0.335986612 -0.0015763382 0 0 0 0.000244140625
0.418034277 0.382175689 -0.777345211 0 0 0 0.000244140625
-0.513522581 0.378874381 -0.497963243 0 0 0 0.000244140625
0.34190422 0.669446517 -0.644263429 0 0 0 0.000244140625
-0.579318483 -0.104643391 -0.540414309 0 0 0 0.000244140625
0.475835697 0.704850987 -0.255043275 0 0 0 0.000244140625
0.411842626 -0.0597509025 0.531337183 0 0 0 0.000244140625
0.400799307 -0.486241785 -0.00362573994 0 0 0 0.000244140625
0.529346988 -0.315564157 -0.455364857 0 0 0 0.000244140625
0.625583828 -0.106483951 0.147916315 0 0 0 0.000244140625
0.437545375 -0.207712301 -0.251393114 0 0 0 0.000244140625
-0.642217505 0.204125159 0.0509785122 0 0 0 0.000244140625
-0.509842809 0.111074936 -0.56795846 0 0 0 0.000244140625
0.0057422932 -0.17550231 0.579757488 0 0 0 0.000244140625
0.140647417 0.0333913628 0.322220981 0 0 0 0.000244140625
0.11204921 -0.434265061 -0.553138685 0 0 0 0.000244140625
0.192430485 0.499223907 -0.685125209 0 0 0 0.000244140625
0.386858204 -0.580879524 -0.310469181 0 0 0 0.000244140625
-0.647130983 0.0202602946 -0.291463118 0 0 0 0.000244140625
0.406078916 -0.0642530989 0.685981057 0 0 0 0.000244140625
0.477370477 0.595608597 -0.379607713 0 0 0 0.000244140625
-0.0935742358 0.683876944 0.686499673 0 0 0 0.000244140625
0.788137352 0.397610567 -0.311652801 0 0 0 0.000244140625
-0.511125316 -0.523750379 -0.410938607 0 0 0 0.000244140625
-0.257507031 -0.488515237 -0.36703071 0 0 0 0.000244140625
-0.541066371 -0.274785859 -0.571418724 0 0 0 0.000244140625
0.857490617 -0.181132496 -0.404686305 0 0 0 0.000244140625
0.257707707 0.403831523 -0.227695258 0 0 0 0.000244140625
0.602046257 -0.166572702 -0.703990736 0 0 0 0.000244140625
0.421822641 0.876808077 0.116811171 0 0 0 0.000244140625
-0.736442536 0.46720946 0.0931034352 0 0 0 0.000244140625
-0.146740418 -0.317930074 -0.464965284 0 0 0 0.000244140625
0.73152394 0.461351173 0.0936458281 0 0 0 0.000244140625
0.761776055 -0.184301914 -0.3609894 0 0 0 0.000244140625
0.389507474 -0.409968382 0.680339712 0 0 0 0.000244140625
0.0365353544 0.702981744 -0.107356395 0 0 0 0.000244140625
-0.82899392 -0.354598426 0.250233682 0 0 0 0.000244140625
-0.82626252 0.288862737 0.253471246 0 0 0 0.000244140625
-0.162665086 0.239336942 -0.059006752 0 0 0 0.000244140625
0.490385657 0.131542376 0.126051633 0 0 0 0.000244140625
0.157286117 0.592540345 -0.747227449 0 0 0 0.000244140625
0.155560239 0.3989438 0.196491122 0 0 0 0.000244140625
-0.67378522 -0.230630517 -0.310330139 0 0 0 0.000244140625
0.326438146 0.389028212 0.283966628 0 0 0 0.000244140625
0.745112465 -0.149332528 0.122196406 0 0 0 0.000244140625
-0.295525632 0.203706947 -0.290581873 0 0 0 0.000244140625
0.362392438 -0.591855218 0.486186292 0 0 0 0.000244140625
-0.53653228 0.0797124361 -0.0206307939 0 0 0 0.000244140625
0.144354602 -0.218734611 0.306081344 0 0 0 0.000244140625
0.173387231 -0.398693759 0.799054881 0 0 0 0.000244140625
-0.096801546 -0.279020975 -0.804075891 0 0 0 0.000244140625
0.432244974 -0.490606753 0.370654143 0 0 0 0.000244140625
-0.308793502 0.393771537 -0.86075444 0 0 0 0.000244140625
-0.142423612 0.0156906367 0.175895241 0 0 0 0.000244140625
0.543987426 -0.0560210532 -0.172041295 0 0 0 0.000244140625
0.150239023 0.319334716 -0.373065723 0 0 0 0.000244140625
-0.0752641993 0.33883969 -0.21461351 0 0 0 0.000244140625
0.328698605 -0.191778515 0.653681642 0 0 0 0.000244140625
0.550857185 0.585537413 -0.449691118 0 0 0 0.000244140625
-0.414046353 0.596804188 0.205863972 0 0 0 0.000244140625
0.428247581 -0.405098755 -0.0213732439 0 0 0 0.000244140625
0.145264689 -0.544872003 -0.675973538 0 0 0 0.000244140625
-0.351622365 0.439615084 -0.721409238 0 0 0 0.000244140625
0.122911075 0.239772854 0.896706132 0 0 0 0.000244140625
-0.267622419 0.428104671 0.00431015944 0 0 0 0.000244140625
0.0834588951 0.431967225 0.0148334466 0 0 0 0.000244140625
0.394899076 -0.326835754 0.164642041 0 0 0 0.000244140625
0.257896516 0.211465311 -0.932254168 0 0 0 0.000244140625
0.374832755 -0.839122223 0.0626677933 0 0 0 0.000244140625
0.459603987 0.711273758 0.48761728 0 0 0 0.000244140625
-0.624951483 -0.374958769 -0.340906203 0 0 0 0.000244140625
-0.447652071 -0.259594502 -0.526548745 0 0 0 0.000244140625
-0.590988325 -0.706491545 0.0999868324 0 0 0 0.000244140625
0.376137732 -0.309191356 0.238826938 0 0 0 0.000244140625
-0.179985155 0.134035762 0.69272302 0 0 0 0.000244140625
-0.490242477 0.483269445 0.537832375 0 0 0 0.000244140625
0.333734767 0.357711579 -0.301646081 0 0 0 0.000244140625
0.426592863 -0.186987123 0.480096526 0 0 0 0.000244140625
-0.127998522 -0.390624521 -0.133009383 0 0 0 0.000244140625
0.660330398 0.231325619 -0.175226183 0 0 0 0.000244140625
0.185538477 0.245833289 -0.570715768 0 0 0 0.000244140625
0.28645495 0.915644365 -0.162575137 0 0 0 0.000244140625
-0.753848838 0.175930363 0.0511271296 0 0 0 0.000244140625
0.0833080621 0.167324222 0.690323664 0 0 0 0.000244140625
-0.314687916 -0.619192927 0.501256586 0 0 0 0.000244140625
0.676160304 0.211437268 -0.42442272 0 0 0 0.000244140625
-0.0240608097 -0.537444375 0.640612814 0 0 0 0.000244140625
-0.872881293 0.156165737 0.316568877 0 0 0 0.000244140625
-0.464449469 -0.132829051 -0.587653484 0 0 0 0.000244140625
-0.308424565 -0.507111728 0.229868238 0 0 0 0.000244140625
0.378581894 -0.600639204 -0.148107286 0 0 0 0.000244140625
0.180063882 -0.693807382 -0.672058004 0 0 0 0.000244140625
-0.616411151 0.183799658 -0.0804745976 0 0 0 0.000244140625
0.483333415 0.148027627 0.533300749 0 0 0 0.000244140625
-0.666623031 0.1603172 -0.719605181 0 0 0 0.000244140625
-0.102378334 0.0341644761 -0.303837813 0 0 0 0.000244140625
-0.30575376 -0.232592959 -0.374603475 0 0 0 0.000244140625
-0.364179417 -0.00664050733 0.527070567 0 0 0 0.000244140625
-0.49077041 -0.143168187 0.137792321 0 0 0 0.000244140625
-0.321736982 -0.115430949 -0.352729802 0 0 0 0.000244140625
0.121900082 -0.474350538 0.301467701 0 0 0 0.000244140625
-0.143959761 -0.3707633 -0.30587339 0 0 0 0.000244140625
0.146733134 0.150268375 -0.275368128 0 0 0 0.000244140625
0.668237192 -0.41010819 0.277864568 0 0 0 0.000244140625
0.672139439 -0.078375149 0.423020676 0 0 0 0.000244140625
0.505428411 -0.468878768 -0.116248862 0 0 0 0.000244140625
-0.0730334774 0.089504961 0.51898321 0 0 0 0.000244140625
-0.54817102 0.0594518714 -0.827064029 0 0 0 0.000244140625
-0.163292762 0.304551243 0.151490071 0 0 0 0.000244140625
0.565461364 -0.278451532 0.145604699 0 0 0 0.000244140625
0.615291649 -0.281571864 0.390612105 0 0 0 0.000244140625
-0.518496314 0.223518637 -0.54991916 0 0 0 0.000244140625
-0.816518365 0.122609131 -0.262811203 0 0 0 0.000244140625
0.812471571 -0.216867774 -0.0503389628 0 0 0 0.000244140625
-0.341955126 -0.327706606 -0.477354842 0 0 0 0.000244140625
0.207322779 0.693716695 -0.154892819 0 0 0 0.000244140625
0.15067197 0.772882246 -0.3890042 0 0 0 0.000244140625
0.7163492 0.0142098829 -0.327033708 0 0 0 0.000244140625
-0.117897325 -0.131997651 0.816234742 0 0 0 0.000244140625
0.0976629019 -0.0553386319 0.29550286 0 0 0 0.000244140625
0.683442149 -0.0474504687 -0.0440116159 0 0 0 0.000244140625
-0.49031162 -0.183929725 -0.507971246 0 0 0 0.000244140625
-0.550519763 0.0247917556 -0.732386232 0 0 0 0.000244140625
0.431274329 -0.628412618 0.57548277 0 0 0 0.000244140625
-0.501585946 0.425555409 -0.134459298 0 0 0 0.000244140625
0.650561791 0.394621631 -0.462924197 0 0 0 0.000244140625
-0.0371930582 0.146295002 -0.936920541 0 0 0 0.000244140625
-0.429540964 -0.409757037 -0.79105506 0 0 0 0.000244140625
0.120253722 -0.750107802 -0.0374074605 0 0 0 0.000244140625
0.690367778 -0.125673722 -0.125244578 0 0 0 0.000244140625
-0.336994639 -0.274121288 0.735267368 0 0 0 0.000244140625
0.348949895 0.649596277 -0.312235782 0 0 0 0.000244140625
-0.640300549 -0.293114994 0.302418655 0 0 0 0.000244140625
-0.387069783 -0.419264595 -0.486819668 0 0 0 0.000244140625
0.484637058 0.304239255 -0.430153047 0 0 0 0.000244140625
0.374228804 -0.252530676 -0.459373309 0 0 0 0.000244140625
-0.482824494 0.109318224 0.676311275 0 0 0 0.000244140625
0.573863584 -0.556356357 0.0512148703 0 0 0 0.000244140625
-0.47630146 -0.18880119 -0.736321223 0 0 0 0.000244140625
0.0940028177 0.33100579 -0.563272771 0 0 0 0.000244140625
-0.15439638 -0.602084661 0.403975224 0 0 0 0.000244140625
-0.920007272 -0.374036187 0.0557033828 0 0 0 0.000244140625
0.711741984 -0.0148948452 0.288890232 0 0 0 0.000244140625
0.204408852 -0.371004153 0.3689173 0 0 0 0.000244140625
0.380640123 -0.324000558 0.235462018 0 0 0 0.000244140625
-0.574203049 -0.18301651 -0.550676596 0 0 0 0.000244140625
0.0818687789 0.485766673 0.456662339 0 0 0 0.000244140625
-0.511330264 -0.268819014 -0.123401383 0 0 0 0.000244140625
0.0426472583 -0.291646976 -0.134708123 0 0 0 0.000244140625
0.666407673 0.573220642 0.418386549 0 0 0 0.000244140625
-0.120179384 0.0964905134 0.619105124 0 0 0 0.000244140625
-0.0145128479 -0.747501497 0.647982601 0 0 0 0.000244140625
0.591043977 -0.462904177 -0.622074666 0 0 0 0.000244140625
0.761255594 -0.0804193537 -0.396605185 0 0 0 0.000244140625
-0.051329184 -0.712014871 -0.340581029 0 0 0 0.000244140625
-0.00540276674 0.691078254 -0.288948377 0 0 0 0.000244140625
0.740258405 -0.0958384901 0.408603007 0 0 0 0.000244140625
0.797289836 -0.108394739 0.0805611823 0 0 0 0.000244140625
0.183581651 0.345533385 0.646506782 0 0 0 0.000244140625
0.124313358 0.567283665 0.224056301 0 0 0 0.000244140625
0.467039858 0.879075434 0.0565792918 0 0 0 0.000244140625
-0.609206613 -0.0396817004 0.241150237 0 0 0 0.000244140625
0.437236015 -0.722446193 -0.488096185 0 0 0 0.000244140625
0.230846052 -0.619844713 0.0760415245 0 0 0 0.000244140625
-0.335353899 0.713191904 0.284062757 0 0 0 0.000244140625
-0.624658689 -0.380219349 0.192690914 0 0 0 0.000244140625
0.188565623 0.567067012 0.164702901 0 0 0 0.000244140625
0.568491243 -0.371516434 0.161364238 0 0 0 0.000244140625
-0.843866293 0.355195921 0.23945604 0 0 0 0.000244140625
0.459304107 0.42560719 -0.466555771 0 0 0 0.000244140625
-0.68934479 -0.612873331 0.0983453954 0 0 0 0.000244140625
-0.10691891 -0.329844818 0.134712405 0 0 0 0.000244140625
-0.335322816 0.764767543 -0.321849702 0 0 0 0.000244140625
-0.328298524 -0.747910555 0.477694872 0 0 0 0.000244140625
0.502633825 0.0778646839 -0.193298572 0 0 0 0.000244140625
0.600957225 -0.2123346 -0.0512306225 0 0 0 0.000244140625
-0.551666033 0.631098759 -0.200295443 0 0 0 0.000244140625
-0.562757113 -0.102925968 -0.375950782 0 0 0 0.000244140625
0.953547878 0.254980169 0.0211881352 0 0 0 0.000244140625
-0.420622974 0.679306719 -0.391222783 0 0 0 0.000244140625
-0.0676885546 -0.845178375 -0.261606038 0 0 0 0.000244140625
0.0842064292 -0.399413746 0.0309987233 0 0 0 0.000244140625
0.0688085121 -0.399659148 0.364269353 0 0 0 0.000244140625
-0.837580892 0.157214947 -0.00719663578 0 0 0 0.000244140625
0.488234684 -0.236791099 -0.345458618 0 0 0 0.000244140625
0.527163224 0.466501157 -0.466625101 0 0 0 0.000244140625
-0.0669461125 0.431100716 0.610020628 0 0 0 0.000244140625
-0.450190587 0.237626747 0.437661271 0 0 0 0.000244140625
-0.418828384 -0.569142733 0.0596209394 0 0 0 0.000244140625
0.45452949 0.410033641 -0.342870225 0 0 0 0.000244140625
0.120798653 0.636454072 -0.706815849 0 0 0 0.000244140625
0.788978294 0.474192212 0.0715034247 0 0 0 0.000244140625
-0.234512023 -0.1370898 -0.099800095 0 0 0 0.000244140625
-0.322805056 -0.289189775 -0.102822627 0 0 0 0.000244140625
0.346850332 0.85446597 -0.240593965 0 0 0 0.000244140625
0.163648368 0.278649955 0.0413027729 0 0 0 0.000244140625
-0.0961229076 0.383118635 -0.379061552 0 0 0 0.000244140625
0.0216779032 -0.729155692 -0.38638822 0 0 0 0.000244140625
-0.109780327 0.610152543 -0.764366543 0 0 0 0.000244140625
0.119473976 -0.556102907 -0.294513932 0 0 0 0.000244140625
0.0298905938 0.00748409632 0.244351768 0 0 0 0.000244140625
0.319348589 0.03849132 -0.927435889 0 0 0 0.000244140625
0.0399007221 0.463050061 -0.242334792 0 0 0 0.000244140625
-0.404202544 -0.462754727 -0.446330266 0 0 0 0.000244140625
0.480339915 0.2704469 -0.453923381 0 0 0 0.000244140625
-0.621956373 0.316498797 -0.488460684 0 0 0 0.000244140625
-0.41780832 0.256760765 0.72209893 0 0 0 0.000244140625
-0.750544221 0.118496352 0.186512681 0 0 0 0.000244140625
-0.0123721557 -0.151044404 -0.452677114 0 0 0 0.000244140625
0.508602164 -0.460646631 0.484931281 0 0 0 0.000244140625
0.616945237 -0.398491336 -0.329528982 0 0 0 0.000244140625
0.375890237 -0.780795924 -0.202710289 0 0 0 0.000244140625
-0.618851382 0.102189175 -0.072718968 0 0 0 0.000244140625
0.110626856 -0.947547529 -0.0498903247 0 0 0 0.000244140625
0.0114501392 -0.528911187 -0.461809371 0 0 0 0.000244140625
0.169543546 -0.794128959 0.198953362 0 0 0 0.000244140625
0.463035949 -0.42289424 0.0702748483 0 0 0 0.000244140625
0.215569928 0.430226388 -0.715704343 0 0 0 0.000244140625
0.0375860631 0.476365229 0.726415408 0 0 0 0.000244140625
-0.456012706 -0.683158067 0.000859807034 0 0 0 0.000244140625
-0.944160433 -0.0370895615 -0.3255326 0 0 0 0.000244140625
0.506065959 0.686538523 0.22315068 0 0 0 0.000244140625
0.420004805 0.786484583 -0.250083907 0 0 0 0.000244140625
0.0814037379 0.518709177 -0.15943501 0 0 0 0.000244140625
0.767279775 0.12947598 0.202275677 0 0 0 0.000244140625
-0.593424641 0.689493213 0.26821917 0 0 0 0.000244140625
-0.810085958 -0.445830133 0.0728568985 0 0 0 0.000244140625
0.170950585 -0.214896634 -0.824050167 0 0 0 0.000244140625
0.119861277 0.827030724 0.30576634 0 0 0 0.000244140625
-0.716587035 -0.324456725 -0.593123709 0 0 0 0.000244140625
0.0911949626 0.173264436 -0.0383613507 0 0 0 0.000244140625
0.460758079 0.542413948 0.302154068 0 0 0 0.000244140625
-0.103768298 -0.0895101137 0.971359501 0 0 0 0.000244140625
-0.459854482 0.5253349 0.222371129 0 0 0 0.000244140625
0.21772424 0.410794762 0.0786871252 0 0 0 0.000244140625
0.321168928 -0.752252013 -0.122754823 0 0 0 0.000244140625
0.336637328 -0.0812810939 -0.822139479 0 0 0 0.000244140625
0.0947971629 0.0260105435 0.218671126 0 0 0 0.000244140625
-0.0253963639 -0.942052942 0.154358882 0 0 0 0.000244140625
-0.678511238 0.22623362 -0.293350808 0 0 0 0.000244140625
0.0828067371 -0.1309813 -0.0733141524 0 0 0 0.000244140625
0.379652355 -0.121489764 -0.0590477743 0 0 0 0.000244140625
-0.553308545 -0.092527062 0.105660225 0 0 0 0.000244140625
-0.0902855211 -0.14021572 0.952473551 0 0 0 0.000244140625
0.0122039529 -0.859332363 -0.375933394 0 0 0 0.000244140625
-0.677958991 -0.197783676 -0.542447463 0 0 0 0.000244140625
0.192450716 -0.145489724 0.189179651 0 0 0 0.000244140625
0.346041987 -0.0147555794 0.618970268 0 0 0 0.000244140625
-0.403303759 0.753987487 0.0256122641 0 0 0 0.000244140625
-0.267152407 0.162728132 -0.701831454 0 0 0 0.000244140625
0.368747081 0.371308906 -0.227825953 0 0 0 0.000244140625
0.312672585 0.748674002 -0.211570479 0 0 0 0.000244140625
0.233508985 0.832291234 0.460919745 0 0 0 0.000244140625
0.770439821 -0.22791238 -0.00181784559 0 0 0 0.000244140625
-0.53250765 -0.361817651 0.167646896 0 0 0 0.000244140625
0.183968243 -0.323156016 0.892333496 0 0 0 0.000244140625
0.39482964 0.576995093 -0.00633172722 0 0 0 0.000244140625
0.146809224 -0.489139022 -0.43854696 0 0 0 0.000244140625
-0.300323074 -0.250557904 -0.730474404 0 0 0 0.000244140625
-0.262479993 -0.266385993 -0.927187805 0 0 0 0.000244140625
0.293542163 -0.496844452 0.282213125 0 0 0 0.000244140625
-0.131641754 -0.73091766 0.0840768487 0 0 0 0.000244140625
-0.196241872 0.0181849221 0.281299373 0 0 0 0.000244140625
-0.108977934 -0.818422161 0.0551396928 0 0 0 0.000244140625
0.188233903 0.0258335269 0.912458238 0 0 0 0.000244140625
0.469040878 -0.282421558 -0.706462158 0 0 0 0.000244140625
-0.176468837 0.499573154 -0.800502544 0 0 0 0.000244140625
-0.269246359 -0.397196642 -0.235179331 0 0 0 0.000244140625
-0.152373925 -0.255166658 0.474133222 0 0 0 0.000244140625
0.222262022 -0.593539251 -0.206588549 0 0 0 0.000244140625
-0.194373607 -0.434407626 -0.169872888 0 0 0 0.000244140625
0.336593284 -0.283761859 0.778333156 0 0 0 0.000244140625
-0.53331662 -0.64039933 -0.152081588 0 0 0 0.000244140625
0.227218772 -0.208027564 0.816675417 0 0 0 0.000244140625
0.0097960624 0.432912352 -0.548173822 0 0 0 0.000244140625
0.237954259 0.360448239 -0.617627269 0 0 0 0.000244140625
0.321665823 -0.796799117 0.174064582 0 0 0 0.000244140625
0.609735243 0.0374487894 0.708788113 0 0 0 0.000244140625
0.840012585 0.411827439 -0.0959824238 0 0 0 0.000244140625
0.535442915 0.237441598 -0.246328165 0 0 0 0.000244140625
0.799756591 -0.379941889 0.316598443 0 0 0 0.000244140625
0.167238728 -0.941906368 0.257531954 0 0 0 0.000244140625
-0.614280882 -0.0691538063 0.00699001408 0 0 0 0.000244140625
0.511565804 0.0825638644 -0.29454979 0 0 0 0.000244140625
0.379244077 0.261148237 0.177325291 0 0 0 0.000244140625
0.454220232 0.545203396 0.59694423 0 0 0 0.000244140625
0.944900439 0.0352230179 -0.0939888887 0 0 0 0.000244140625
0.148938875 -0.272072354 0.261921474 0 0 0 0.000244140625
0.33289273 -0.308966704 -0.0123994779 0 0 0 0.000244140625
0.68902472 -0.0789481013 -0.225551188 0 0 0 0.000244140625
0.736557379 -0.211913045 0.110852723 0 0 0 0.000244140625
0.350473172 -0.924187965 -0.0137201355 0 0 0 0.000244140625
0.0183203402 -0.931682612 0.15355878 0 0 0 0.000244140625
-0.595193593 0.0659348539 -0.050041197 0 0 0 0.000244140625
-0.351133797 -0.666158046 0.144716223 0 0 0 0.000244140625
-0.192372474 0.25529797 -0.496269567 0 0 0 0.000244140625
-0.506985767 -0.337355565 0.228849453 0 0 0 0.000244140625
0.224596424 -0.0156510647 0.629226371 0 0 0 0.000244140625
-0.330166807 -0.247916271 0.14142008 0 0 0 0.000244140625
0.73441562 0.291386464 0.416213654 0 0 0 0.000244140625
0.710704501 0.214545863 -0.0041327967 0 0 0 0.000244140625
-0.262645087 -0.323320908 0.307704044 0 0 0 0.000244140625
-0.11094547 0.458048399 0.553281304 0 0 0 0.000244140625
0.241187351 0.617007515 0.694720442 0 0 0 0.000244140625
-0.19807034 0.155540545 -0.530394404 0 0 0 0.000244140625
-0.432498445 -0.122060083 0.696793734 0 0 0 0.000244140625
0.812314022 -0.39728563 0.0523090909 0 0 0 0.000244140625
0.561866987 -0.0896870253 0.133177607 0 0 0 0.000244140625
0.471646894 0.707831287 -0.00852201624 0 0 0 0.000244140625
0.75956645 -0.128921394 -0.579841157 0 0 0 0.000244140625
-0.0107471066 0.538640306 0.365455509 0 0 0 0.000244140625
-0.892726477 -0.0325298963 -0.121020655 0 0 0 0.000244140625
0.442315837 -0.715563972 -0.163857325 0 0 0 0.000244140625
-0.449053036 -0.605955886 0.0754845316 0 0 0 0.000244140625
-0.162631904 0.905028868 0.100515352 0 0 0 0.000244140625
-0.0043111296 0.0841010883 0.766048381 0 0 0 0.000244140625
-0.807161533 0.0170708838 -0.173776473 0 0 0 0.000244140625
0.535130254 0.649406777 -0.438333632 0 0 0 0.000244140625
-0.190973155 -0.314088633 -0.831781446 0 0 0 0.000244140625
-0.677829825 -0.0834965101 0.645194784 0 0 0 0.000244140625
0.684283277 0.170627622 0.601489651 0 0 0 0.000244140625
0.347782376 -0.265225388 0.829743757 0 0 0 0.000244140625
-0.565741311 -0.406190258 0.126785333 0 0 0 0.000244140625
-0.286355042 -0.55507334 -0.336396812 0 0 0 0.000244140625
0.443007374 -0.182772555 -0.817773171 0 0 0 0.000244140625
-0.0163683837 0.21266987 0.0445592843 0 0 0 0.000244140625
0.244890361 0.918876493 0.17296148 0 0 0 0.000244140625
0.143996827 -0.0173945345 -0.662400456 0 0 0 0.000244140625
0.389888791 -0.00539572979 -0.68453012 0 0 0 0.000244140625
0.0743663867 -0.292418585 0.790256556 0 0 0 0.000244140625
-0.68673423 0.340732054 -0.241536928 0 0 0 0.000244140625
-0.557046607 -0.0117207116 0.424098539 0 0 0 0.000244140625
-0.556477424 0.33563558 -0.0407268158 0 0 0 0.000244140625
0.165385415 -0.48899427 -0.334060349 0 0 0 0.000244140625
-0.926955277 -0.17477509 0.296996343 0 0 0 0.000244140625
0.610953896 0.481506117 -0.237238584 0 0 0 0.000244140625
-0.54826122 0.0657132958 -0.147611724 0 0 0 0.000244140625
-0.133286519 -0.0368327496 0.662840483 0 0 0 0.000244140625
-0.685192941 0.426964098 0.365984436 0 0 0 0.000244140625
-0.587436096 0.197993253 -0.28067566 0 0 0 0.000244140625
0.858563299 0.0998830746 0.240393598 0 0 0 0.000244140625
-0.649574684 0.424490872 -0.59198405 0 0 0 0.000244140625
-0.103162412 0.748540066 -0.249026395 0 0 0 0.000244140625
0.578550924 0.206531227 -0.562906998 0 0 0 0.000244140625
-0.526053217 0.198100038 -0.632055252 0 0 0 0.000244140625
0.464200511 -0.0885176148 -0.520797543 0 0 0 0.000244140625
-0.525294938 0.33267489 -0.259980725 0 0 0 0.000244140625
0.658217674 0.153563919 -0.0859694196 0 0 0 0.000244140625
0.637598235 -0.278277389 -0.157870161 0 0 0 0.000244140625
0.295503359 0.836665336 0.18162614 0 0 0 0.000244140625
0.491962428 0.109623824 0.219666307 0 0 0 0.000244140625
-0.638819198 0.353851444 0.11254323 0 0 0 0.000244140625
-0.529744204 0.211336085 0.496501374 0 0 0 0.000244140625
0.386487674 -0.206114872 0.791673672 0 0 0 0.000244140625
-0.140193504 -0.00589893942 -0.405163201 0 0 0 0.000244140625
-0.116622395 -0.415803667 -0.624667886 0 0 0 0.000244140625
-0.81284183 -0.374521768 -0.265382619 0 0 0 0.000244140625
-0.740998538 0.0984274889 -0.185135221 0 0 0 0.000244140625
0.497516203 -0.447914118 0.692905038 0 0 0 0.000244140625
-0.0987084053 -0.019559054 -0.52633733 0 0 0 0.000244140625
-0.171579628 -0.753191418 0.118155414 0 0 0 0.000244140625
0.0835115089 0.469028392 -0.377110775 0 0 0 0.000244140625
0.356511645 0.44205513 -0.508983292 0 0 0 0.000244140625
0.267993096 -0.0468073253 0.016788847 0 0 0 0.000244140625
0.351402739 0.0124238456 0.84466752 0 0 0 0.000244140625
-0.659987379 -0.170823556 0.375753124 0 0 0 0.000244140625
-0.18346295 0.60413886 0.0777507275 0 0 0 0.000244140625
-0.671844428 -0.37703411 -0.147935373 0 0 0 0.000244140625
-0.914505682 -0.227608525 0.0669050188 0 0 0 0.000244140625
-0.117419572 -0.718009907 -0.0671838756 0 0 0 0.000244140625
-0.425700101 -0.680720766 0.233917322 0 0 0 0.000244140625
-0.804342363 0.36596986 0.156499953 0 0 0 0.000244140625
-0.231352943 0.699569928 -0.230468558 0 0 0 0.000244140625
0.386414514 0.0718679909 0.415920673 0 0 0 0.000244140625
-0.469276781 -0.43986623 0.367115697 0 0 0 0.000244140625
-0.22534347 -0.543382171 -0.317173649 0 0 0 0.000244140625
-0.74628992 -0.354609193 0.478331368 0 0 0 0.000244140625
0.0570712193 0.305512085 0.700255045 0 0 0 0.000244140625
-0.484712678 -0.0141740039 -0.156945002 0 0 0 0.000244140625
0.149049099 0.204101503 0.879795779 0 0 0 0.000244140625
-0.162679416 0.743107409 -0.0106902973 0 0 0 0.000244140625
0.590918331 -0.302393463 -0.268080827 0 0 0 0.000244140625
0.196108737 0.368924852 0.124163679 0 0 0 0.000244140625
-0.942953577 0.112063559 -0.294000311 0 0 0 0.000244140625
-0.1189141 0.33035161 -0.71682071 0 0 0 0.000244140625
0.411129932 0.483841509 -0.230818557 0 0 0 0.000244140625
0.359538187 -0.597069179 -0.221210603 0 0 0 0.000244140625
0.25306927 -0.0706790725 0.078259397 0 0 0 0.000244140625
-0.270843768 0.55079385 -0.480892784 0 0 0 0.000244140625
0.864203445 0.323421733 -0.278766207 0 0 0 0.000244140625
0.469882249 0.437138398 0.516974442 0 0 0 0.000244140625
0.804044292 0.365142235 0.0591352196 0 0 0 0.000244140625
-0.505218229 0.423871247 -0.399151432 0 0 0 0.000244140625
-0.366505109 0.338617124 0.624348042 0 0 0 0.000244140625
0.829754546 0.532541638 -0.139730678 0 0 0 0.000244140625
-0.191029416 0.199965495 -0.699811014 0 0 0 0.000244140625
-0.0388520663 -0.686330214 -0.441154704 0 0 0 0.000244140625
0.580586941 0.152632095 -0.403923153 0 0 0 0.000244140625
-0.492187664 -0.244859247 0.0430376972 0 0 0 0.000244140625
-0.384589705 -0.757207556 0.165695892 0 0 0 0.000244140625
0.535128117 0.368533798 0.539855436 0 0 0 0.000244140625
-0.524083615 0.71737202 -0.376891045 0 0 0 0.000244140625
0.168035983 -0.0292688641 -0.097293106 0 0 0 0.000244140625
0.795658962 -0.337170469 -0.38878391 0 0 0 0.000244140625
0.372967198 0.807338465 0.258830393 0 0 0 0.000244140625
-0.443455127 -0.201619754 0.183876325 0 0 0 0.000244140625
-0.487156785 0.272599955 0.455401933 0 0 0 0.000244140625
-0.6403096 -0.300435647 -0.541135288 0 0 0 0.000244140625
-0.194028915 0.638323052 -0.0347442378 0 0 0 0.000244140625
-0.0375824845 0.548716699 -0.72332304 0 0 0 0.000244140625
0.416995272 0.113163489 0.509194942 0 0 0 0.000244140625
0.580633385 -0.454507116 -0.514339161 0 0 0 0.000244140625
0.186758885 0.138601646 0.373306246 0 0 0 0.000244140625
0.116194384 -0.916275017 0.33609964 0 0 0 0.000244140625
-0.35011649 0.28863766 0.873352529 0 0 0 0.000244140625
-0.0811517611 0.115241235 -0.212047106 0 0 0 0.000244140625
0.906053141 -0.288952003 0.252962475 0 0 0 0.000244140625
-0.14993058 0.0784482575 -0.481597565 0 0 0 0.000244140625
0.640936203 -0.100454352 -0.672698491 0 0 0 0.000244140625
0.327863413 -0.122870273 -0.702476684 0 0 0 0.000244140625
-0.585087024 -0.449305239 0.243073237 0 0 0 0.000244140625
0.758237634 0.474740293 -0.286769705 0 0 0 0.000244140625
0.441059043 -0.250444335 0.19303433 0 0 0 0.000244140625
-0.506147455 -0.230113055 -0.794079255 0 0 0 0.000244140625
-0.859686143 -0.475682381 0.175047339 0 0 0 0.000244140625
0.227604717 -0.911216843 0.113300901 0 0 0 0.000244140625
-0.179081438 -0.3870966 0.582446856 0 0 0 0.000244140625
-0.545387831 -0.391862051 0.510749906 0 0 0 0.000244140625
0.643525009 0.247097875 -0.50388219 0 0 0 0.000244140625
0.0542479068 0.69884004 0.144500703 0 0 0 0.000244140625
-0.424577513 0.309937948 0.307267666 0 0 0 0.000244140625
-0.340837262 -0.12549663 0.830565251 0 0 0 0.000244140625
-0.303547133 -0.00963126517 0.650816431 0 0 0 0.000244140625
-0.199345186 0.116958453 -0.850713488 0 0 0 0.000244140625
0.202408602 -0.758673075 -0.378894616 0 0 0 0.000244140625
0.681819508 0.365285358 0.500086553 0 0 0 0.000244140625
-0.669518715 -0.0637948696 -0.309012338 0 0 0 0.000244140625
-0.804307684 -0.103473826 -0.282341813 0 0 0 0.000244140625
-0.350039334 -0.463377784 -0.497911666 0 0 0 0.000244140625
-0.627733971 0.0227173148 0.62790637 0 0 0 0.000244140625
0.0804980977 0.0327317714 0.935045888 0 0 0 0.000244140625
-0.0631418848 0.279360924 0.816084069 0 0 0 0.000244140625
-0.251984921 0.51483712 0.156752331 0 0 0 0.000244140625
0.596520769 -0.784022122 -0.0690352724 0 0 0 0.000244140625
-0.833251445 -0.154911151 0.478997654 0 0 0 0.000244140625
-0.69511801 -0.0950798035 0.144378311 0 0 0 0.000244140625
-0.427479398 0.47470043 -0.175779388 0 0 0 0.000244140625
0.79980559 0.191786671 0.106058695 0 0 0 0.000244140625
0.199133267 0.256300141 -0.523001561 0 0 0 0.000244140625
0.146031905 0.882910435 0.23339886 0 0 0 0.000244140625
-0.372771568 -0.880569536 0.197932869 0 0 0 0.000244140625
0.817373764 0.481282896 -0.140051067 0 0 0 0.000244140625
0.781306335 0.244319984 0.000744941567 0 0 0 0.000244140625
0.595449293 0.10516973 -0.785066247 0 0 0 0.000244140625
0.71281669 0.083853773 -0.126736455 0 0 0 0.000244140625
0.00709826228 -0.614673012 -0.662316736 0 0 0 0.000244140625
0.750507286 -0.466278239 0.19328267 0 0 0 0.000244140625
-0.652605691 0.0735022124 -0.377102693 0 0 0 0.000244140625
0.582578041 -0.316328758 -0.219147255 0 0 0 0.000244140625
-0.210933384 -0.1043425 -0.574429454 0 0 0 0.000244140625
-0.0513949193 -0.700815983 0.162366867 0 0 0 0.000244140625
-0.021678142 -0.233394608 0.726592467 0 0 0 0.000244140625
0.208659535 -0.0443111317 0.458168769 0 0 0 0.000244140625
-0.546482762 -0.726250464 -0.0948259656 0 0 0 0.000244140625
0.357329921 -0.500748603 0.119816353 0 0 0 0.000244140625
0.262865324 0.452826681 -0.376523372 0 0 0 0.000244140625
-0.454839807 -0.319262731 -0.415096228 0 0 0 0.000244140625
-0.308219173 -0.434005198 0.666897977 0 0 0 0.000244140625
0.196332858 0.0545113651 -0.0349823682 0 0 0 0.000244140625
0.817173775 0.414166483 0.0285357916 0 0 0 0.000244140625
0.910525151 -0.199802056 -0.292132423 0 0 0 0.000244140625
-0.236990642 0.60788941 -0.612465955 0 0 0 0.000244140625
0.0285376618 -0.666760107 0.0280046948 0 0 0 0.000244140625
0.217315898 -0.7951984 0.327500441 0 0 0 0.000244140625
0.0844125414 0.543740696 0.780833717 0 0 0 0.000244140625
0.356953596 -0.556108183 0.261800441 0 0 0 0.000244140625
0.54566333 -0.413382444 -0.483577838 0 0 0 0.000244140625
0.685175993 0.296250424 -0.310769191 0 0 0 0.000244140625
-0.409368234 0.00803962535 0.86358879 0 0 0 0.000244140625
-0.742685781 0.180611445 0.41614589 0 0 0 0.000244140625
0.565356646 -0.35376192 -0.682949647 0 0 0 0.000244140625
-0.317972514 0.213422787 -0.509065956 0 0 0 0.000244140625
-0.230522539 -0.435887047 0.826839595 0 0 0 0.000244140625
0.723831605 0.349949824 -0.261035594 0 0 0 0.000244140625
-0.289689937 -0.229155711 -0.641315231 0 0 0 0.000244140625
-0.267849473 -0.367878167 -0.132630623 0 0 0 0.000244140625
0.753755178 0.274024437 0.40429202 0 0 0 0.000244140625
0.358458564 0.505436681 0.75930072 0 0 0 0.000244140625
0.905263713 -0.114122461 0.23699766 0 0 0 0.000244140625
0.623163001 -0.402302348 0.204014528 0 0 0 0.000244140625
0.607922147 0.347347574 0.132947374 0 0 0 0.000244140625
0.455999917 -0.308110982 0.345000226 0 0 0 0.000244140625
0.573064 0.271254254 0.0113953885 0 0 0 0.000244140625
-0.948299943 -0.0894157574 0.0987409662 0 0 0 0.000244140625
0.721719583 0.465924971 -0.350534967 0 0 0 0.000244140625
0.613601322 -0.340566733 0.414957945 0 0 0 0.000244140625
-0.0898545292 -0.813678845 0.0593562555 0 0 0 0.000244140625
0.256148273 -0.78500844 0.527260282 0 0 0 0.000244140625
-0.0859102932 0.301181053 -0.886991612 0 0 0 0.000244140625
-0.298017148 0.538043414 0.16580744 0 0 0 0.000244140625
-0.00761280483 0.188323255 -0.613502656 0 0 0 0.000244140625
0.279534858 -0.548930602 -0.716763189 0 0 0 0.000244140625
0.487480254 -0.410380395 -0.0334495242 0 0 0 0.000244140625
-0.191601471 0.18355705 -0.455741136 0 0 0 0.000244140625
-0.802658839 0.289225399 0.0770156893 0 0 0 0.000244140625
-0.0171520258 0.511578469 -0.686977446 0 0 0 0.000244140625
-0.191172896 0.766722658 -0.295884596 0 0 0 0.000244140625
0.538224674 -0.51264513 -0.244176632 0 0 0 0.000244140625
-0.0562505181 0.69105304 -0.107819883 0 0 0 0.000244140625
0.152725525 -0.000296125976 -0.851911524 0 0 0 0.000244140625
0.253491133 0.813012025 -0.50183585 0 0 0 0.000244140625
-0.760930036 -0.168986482 -0.102765379 0 0 0 0.000244140625
-0.48977592 -0.516801981 -0.547209246 0 0 0 0.000244140625
-0.728616883 0.589483189 -0.331405962 0 0 0 0.000244140625
0.0655637481 0.773652741 -0.472349544 0 0 0 0.000244140625
0.453557392 -0.164110348 0.757698721 0 0 0 0.000244140625
0.1464275 -0.215470648 -0.795115662 0 0 0 0.000244140625
-0.0142206951 -0.112413223 -0.495836762 0 0 0 0.000244140625
0.475041372 -0.586049874 -0.258257843 0 0 0 0.000244140625
0.126268013 -0.517771755 0.619861155 0 0 0 0.000244140625
0.251095879 0.73333432 0.317549919 0 0 0 0.000244140625
-0.812218848 0.0151767665 -0.27485705 0 0 0 0.000244140625
0.385648097 -0.602549077 -0.542311426 0 0 0 0.000244140625
-0.583049531 0.384519393 0.245298514 0 0 0 0.000244140625
0.0865645693 -0.588481232 0.405042247 0 0 0 0.000244140625
-0.811664266 -0.270205604 -0.467240698 0 0 0 0.000244140625
0.4836581 0.00547275719 -0.865296495 0 0 0 0.000244140625
-0.713222384 0.146923384 0.301803724 0 0 0 0.000244140625
-0.603901054 0.171161832 -0.184292792 0 0 0 0.000244140625
0.293466815 -0.396169783 0.336238253 0 0 0 0.000244140625
0.29681167 0.217697591 0.923807186 0 0 0 0.000244140625
0.387925438 -0.695470622 -0.296386944 0 0 0 0.000244140625
-0.304040217 0.502024396 -0.71998893 0 0 0 0.000244140625
-0.457296305 -0.375768292 -0.415462934 0 0 0 0.000244140625
0.256525626 0.924548066 -0.138070285 0 0 0 0.000244140625
-0.320569594 0.0573046535 0.272457303 0 0 0 0.000244140625
-0.357334975 0.692079931 0.180707844 0 0 0 0.000244140625
-0.156689244 0.579234121 -0.28308579 0 0 0 0.000244140625
-0.686466103 -0.250789319 0.343269775 0 0 0 0.000244140625
0.694981619 -0.164636115 -0.57023075 0 0 0 0.000244140625
0.357634516 -0.433204087 -0.429706399 0 0 0 0.000244140625
0.132779372 0.146482466 0.159985106 0 0 0 0.000244140625
0.424254123 0.545759874 0.0515649845 0 0 0 0.000244140625
0.57800306 0.140093037 0.393046584 0 0 0 0.000244140625
-0.2563926 0.819313363 -0.442679525 0 0 0 0.000244140625
0.206083106 0.536221138 -0.268055856 0 0 0 0.000244140625
-0.59099336 0.35485047 0.226386963 0 0 0 0.000244140625
-0.0747652429 0.357373253 0.108921727 0 0 0 0.000244140625
0.402421795 -0.400017312 0.636457358 0 0 0 0.000244140625
0.71008394 0.238952404 -0.161422507 0 0 0 0.000244140625
0.559832004 -0.0742792285 -0.547513393 0 0 0 0.000244140625
-0.494936217 0.159388583 0.0743931505 0 0 0 0.000244140625
-0.0466767196 0.453912643 -0.550043852 0 0 0 0.000244140625
0.628925878 -0.0039507816 0.148826357 0 0 0 0.000244140625
-0.109173157 -0.105229539 0.764561343 0 0 0 0.000244140625
-0.455664809 0.288634945 0.824672286 0 0 0 0.000244140625
-0.198638465 -0.268842178 -0.613285637 0 0 0 0.000244140625
-0.502165768 0.420628327 0.734141517 0 0 0 0.000244140625
-0.277885658 0.0261837053 0.679546307 0 0 0 0.000244140625
-0.365291391 -0.318518867 -0.640388929 0 0 0 0.000244140625
0.316545835 -0.850705865 0.410496647 0 0 0 0.000244140625
-0.294508489 -0.236262858 -0.409758131 0 0 0 0.000244140625
-0.408593416 -0.0823917366 -0.0101283867 0 0 0 0.000244140625
-0.493857445 0.399019904 0.550439157 0 0 0 0.000244140625
0.247446042 0.738206545 -0.470614286 0 0 0 0.000244140625
0.175607666 0.258662528 -0.266605584 0 0 0 0.000244140625
-0.469561454 -0.0424117695 -0.305526969 0 0 0 0.000244140625
-0.195846525 0.71626207 0.0816743691 0 0 0 0.000244140625
0.050211269 -0.886038116 -0.101568515 0 0 0 0.000244140625
0.343076231 0.147353928 0.356189171 0 0 0 0.000244140625
0.267788173 0.101105599 -0.83535798 0 0 0 0.000244140625
0.185914026 0.79949828 -0.0270314811 0 0 0 0.000244140625
0.530221574 -0.225206654 0.564451609 0 0 0 0.000244140625
0.25944318 -0.493540025 0.294233714 0 0 0 0.000244140625
0.524305542 0.407637566 0.0568672617 0 0 0 0.000244140625
-0.0758282679 0.966964157 0.154603527 0 0 0 0.000244140625
0.202197384 -0.845396941 0.361191384 0 0 0 0.000244140625
-0.660546185 0.0446100127 0.117106334 0 0 0 0.000244140625
-0.168377251 -0.705537622 -0.361267524 0 0 0 0.000244140625
0.363088839 -0.605771584 -0.639584485 0 0 0 0.000244140625
-0.166672835 -0.537094656 -0.788360186 0 0 0 0.000244140625
-0.463871388 -0.245486961 -0.729953561 0 0 0 0.000244140625
0.119357352 -0.9416133 0.0483807344 0 0 0 0.000244140625
-0.00148917738 -0.0399989904 -0.12071241 0 0 0 0.000244140625
-0.283874552 -0.218094696 -0.344038874 0 0 0 0.000244140625
-0.524484587 -0.422962773 0.582016829 0 0 0 0.000244140625
