# cold uniform sphere, M=1, R=1; seed=20260821
# x y z vx vy vz mass
-0.10705568 0.925580042 0.326892626 0 0 0 6.10351562e-05
0.563836106 -0.606420666 -0.468025428 0 0 0 6.10351562e-05
-0.860300629 0.340043963 0.172253807 0 0 0 6.10351562e-05
-0.200961663 -0.87409523 0.159862759 0 0 0 6.10351562e-05
0.268694454 0.102499215 0.831043455 0 0 0 6.10351562e-05
-0.0453530269 -0.504938948 0.213429084 0 0 0 6.10351562e-05
0.484146809 0.376571949 -0.746527068 0 0 0 6.10351562e-05
0.83634338 0.352829402 -0.289435858 0 0 0 6.10351562e-05
0.166166872 -0.68513161 -0.57521213 0 0 0 6.10351562e-05
-0.501735471 0.672908574 0.130273235 0 0 0 6.10351562e-05
-0.535746809 -0.524778967 0.55008591 0 0 0 6.10351562e-05
-0.409993267 -0.0563747367 0.259732543 0 0 0 6.10351562e-05
0.385371233 -0.61380065 -0.00890388346 0 0 0 6.10351562e-05
-0.460794639 -0.381747882 -0.53639165 0 0 0 6.10351562e-05
-0.273179183 0.0436001478 -0.2619671 0 0 0 6.10351562e-05
-0.697386337 0.328139667 0.253452721 0 0 0 6.10351562e-05
0.748127962 -0.42411381 0.0108327768 0 0 0 6.10351562e-05
-0.106184041 -0.332549053 -0.386317179 0 0 0 6.10351562e-05
-0.444845958 0.56837276 0.489698011 0 0 0 6.10351562e-05
0.0981959299 0.00533443862 -0.982555607 0 0 0 6.10351562e-05
0.329415823 0.759119277 0.256642208 0 0 0 6.10351562e-05
-0.0352278931 -0.297703034 0.206215924 0 0 0 6.10351562e-05
-0.64615892 -0.329334687 -0.139661535 0 0 0 6.10351562e-05
-0.797320514 -0.00383595388 -0.435380725 0 0 0 6.10351562e-05
-0.633290587 0.31423515 0.237385609 0 0 0 6.10351562e-05
0.655757345 -0.546280079 0.038898818 0 0 0 6.10351562e-05
0.834560873 0.0454816995 0.206382114 0 0 0 6.10351562e-05
-0.319075083 0.604702098 0.255247751 0 0 0 6.10351562e-05
0.756631306 -0.334114503 0.184646928 0 0 0 6.10351562e-05
0.347557168 -0.10773715 -0.490440273 0 0 0 6.10351562e-05
-0.46470223 0.279981296 0.444347453 0 0 0 6.10351562e-05
0.927003184 -0.30160225 -0.16137412 0 0 0 6.10351562e-05
-0.636241164 -0.443041967 0.381978152 0 0 0 6.10351562e-05
0.255784994 -0.467354327 -0.835661567 0 0 0 6.10351562e-05
0.0302407751 0.479981021 -0.507365698 0 0 0 6.10351562e-05
0.634389644 0.440088432 0.236738641 0 0 0 6.10351562e-05
-0.655963769 -0.466598321 -0.222688554 0 0 0 6.10351562e-05
-0.418914199 -0.229319466 -0.0617606007 0 0 0 6.10351562e-05
0.539276311 -0.630873601 0.226645305 0 0 0 6.10351562e-05
0.629551798 0.496215433 -0.597602036 0 0 0 6.10351562e-05
0.49364769 0.245420866 -0.585948046 0 0 0 6.10351562e-05
-0.505328079 -0.391963526 0.338756697 0 0 0 6.10351562e-05
-0.165423119 -0.35565326 0.450779473 0 0 0 6.10351562e-05
0.741117112 0.0653638197 -0.176809799 0 0 0 6.10351562e-05
-0.134680617 -0.534650411 0.123578142 0 0 0 6.10351562e-05
-0.239686831 -0.0372226744 0.620916989 0 0 0 6.10351562e-05
-0.666616744 -0.208520241 0.00182590127 0 0 0 6.10351562e-05
0.140706256 -0.847675803 0.135866571 0 0 0 6.10351562e-05
-0.214193558 0.176033643 0.297991484 0 0 0 6.10351562e-05
-0.718192035 0.532389976 -0.109394335 0 0 0 6.10351562e-05
-0.280706681 0.0120332177 0.441420376 0 0 0 6.10351562e-05
0.104947537 -0.776249388 -0.270607816 0 0 0 6.10351562e-05
-0.533512876 -0.524252812 -0.196700431 0 0 0 6.10351562e-05
-0.36454446 0.492728135 -0.494078569 0 0 0 6.10351562e-05
-0.353982575 -0.620620068 -0.684069964 0 0 0 6.10351562e-05
-0.578626739 0.368604325 0.706707816 0 0 0 6.10351562e-05
-0.338943932 -0.485501236 0.500286833 0 0 0 6.10351562e-05
0.757394723 0.388559552 0.323084717 0 0 0 6.10351562e-05
0.631215025 0.0726224169 -0.386850636 0 0 0 6.10351562e-05
-0.134898879 -0.888784946 0.00214967764 0 0 0 6.10351562e-05
0.554720428 0.208564955 0.218988111 0 0 0 6.10351562e-05
-0.715876275 -0.307649188 -0.123364213 0 0 0 6.10351562e-05
0.162398584 0.369283675 0.767192842 0 0 0 6.10351562e-05
-0.0153041386 0.427774875 -0.601762258 0 0 0 6.10351562e-05
0.120031934 0.956119086 -0.129665777 0 0 0 6.10351562e-05
0.14490899 0.320598308 0.424804404 0 0 0 6.10351562e-05
-0.535783205 0.075405554 -0.456846741 0 0 0 6.10351562e-05
0.214960863 0.54866577 0.426369266 0 0 0 6.10351562e-05
-0.7690732 0.216952567 -0.137667543 0 0 0 6.10351562e-05
-0.306774395 -0.474697101 -0.603128864 0 0 0 6.10351562e-05
-0.74562751 -0.124130935 -0.45605454 0 0 0 6.10351562e-05
0.75894218 -0.31663763 -0.494980695 0 0 0 6.10351562e-05
-0.543076913 -0.16023651 -0.66258757 0 0 0 6.10351562e-05
-0.345559281 -0.265102161 -0.225484442 0 0 0 6.10351562e-05
-0.217979288 0.624870538 -0.180977268 0 0 0 6.10351562e-05
-0.0719115652 0.0390647096 0.333816489 0 0 0 6.10351562e-05
0.57359695 -0.122919745 -0.349154242 0 0 0 6.10351562e-05
0.454103949 0.0546997956 0.567278674 0 0 0 6.10351562e-05
0.558931363 0.0206581138 -0.316353654 0 0 0 6.10351562e-05
-0.200213519 -0.494818958 -0.556159081 0 0 0 6.10351562e-05
-0.1709738 0.423148649 -0.238228187 0 0 0 6.10351562e-05
0.593525885 -0.0590591408 0.785009592 0 0 0 6.10351562e-05
-0.540387331 0.24889012 0.382996838 0 0 0 6.10351562e-05
-0.601266135 0.222214119 -0.639483003 0 0 0 6.10351562e-05
-0.119623686 0.400522013 -0.0988043137 0 0 0 6.10351562e-05
-0.438788815 0.0374580544 -0.80760843 0 0 0 6.10351562e-05
0.316349584 -0.539821516 0.752145396 0 0 0 6.10351562e-05
-0.209762294 0.11516543 0.300391547 0 0 0 6.10351562e-05
0.581054968 -0.0390580814 -0.175906839 0 0 0 6.10351562e-05
0.27397444 -0.608196048 -0.311723152 0 0 0 6.10351562e-05
0.328336967 -0.0259927212 0.843170146 0 0 0 6.10351562e-05
0.258617855 0.594145849 -0.589999352 0 0 0 6.10351562e-05
-0.646944048 0.200852087 0.724702708 0 0 0 6.10351562e-05
0.353641529 -0.795596273 0.473939363 0 0 0 6.10351562e-05
0.834487008 0.0428887757 -0.43368658 0 0 0 6.10351562e-05
0.5880918 -0.120733 -0.14282407 0 0 0 6.10351562e-05
-0.611307751 -0.431044654 -0.350500176 0 0 0 6.10351562e-05
-0.582178423 -0.305723101 -0.339302999 0 0 0 6.10351562e-05
-0.254147899 0.829047802 -0.386068159 0 0 0 6.10351562e-05
-0.487003271 -0.707637402 -0.0454251103 0 0 0 6.10351562e-05
0.116612993 -0.413116183 -0.644586374 0 0 0 6.10351562e-05
0.382640196 0.662272362 -0.236213318 0 0 0 6.10351562e-05
-0.459271167 0.214674967 0.379030109 0 0 0 6.10351562e-05
0.795122512 -0.489570839 0.330533779 0 0 0 6.10351562e-05
0.279511534 0.506096136 -0.378761699 0 0 0 6.10351562e-05
-0.424684123 0.0769995392 -0.452059914 0 0 0 6.10351562e-05
0.123876464 0.821682491 0.194881466 0 0 0 6.10351562e-05
0.13925323 -0.796348434 -0.26178278 0 0 0 6.10351562e-05
0.227393811 -0.115455167 -0.570198519 0 0 0 6.10351562e-05
0.18337535 0.438999068 -0.190401754 0 0 0 6.10351562e-05
0.164984001 0.516174827 -0.657713551 0 0 0 6.10351562e-05
0.518288774 0.62670832 0.514288363 0 0 0 6.10351562e-05
-0.457624749 0.025897645 -0.147966098 0 0 0 6.10351562e-05
-0.338999798 -0.395136344 -0.230950212 0 0 0 6.10351562e-05
-0.504751511 -0.680564366 0.0258451782 0 0 0 6.10351562e-05
-0.0781445421 0.625856457 -0.267592254 0 0 0 6.10351562e-05
-0.429067059 -0.0365719484 -0.721648932 0 0 0 6.10351562e-05
0.214878538 0.616193193 0.686136277 0 0 0 6.10351562e-05
0.241107733 -0.02053583 0.117879362 0 0 0 6.10351562e-05
0.277957286 -0.254645174 0.496425391 0 0 0 6.10351562e-05
-0.139961571 0.5055445 -0.334575945 0 0 0 6.10351562e-05
0.319138295 -0.237707324 -0.344634307 0 0 0 6.10351562e-05
0.236895034 -0.532156403 0.125856365 0 0 0 6.10351562e-05
0.50949122 -0.0990556969 -0.689892702 0 0 0 6.10351562e-05
-0.30058999 -0.319077683 0.775795008 0 0 0 6.10351562e-05
0.558013367 0.579610581 -0.0614268635 0 0 0 6.10351562e-05
-0.165110036 -0.131044578 -0.791333573 0 0 0 6.10351562e-05
0.103989794 0.316724751 -0.242875423 0 0 0 6.10351562e-05
-0.116865103 -0.388012906 -0.313009823 0 0 0 6.10351562e-05
0.141596741 0.0641446265 -0.0114727917 0 0 0 6.10351562e-05
0.233735915 0.707083567 0.636021253 0 0 0 6.10351562e-05
-0.525994641 -0.371426096 0.209448686 0 0 0 6.10351562e-05
0.355105528 0.129793681 0.852293322 0 0 0 6.10351562e-05
-0.552399021 -0.470979514 0.474558222 0 0 0 6.10351562e-05
-0.580664094 -0.490577794 -0.575746002 0 0 0 6.10351562e-05
-0.0521495095 -0.223938098 -0.420973071 0 0 0 6.10351562e-05
-0.135861629 -0.685186639 -0.566051005 0 0 0 6.10351562e-05
-0.630605529 0.0381416767 -0.184410365 0 0 0 6.10351562e-05
-0.814173003 0.448498392 -0.0293831931 0 0 0 6.10351562e-05
-0.567177601 0.240693621 -0.147301108 0 0 0 6.10351562e-05
0.194075665 -0.395626704 -0.266646323 0 0 0 6.10351562e-05
0.118149681 -0.806458393 -0.14377025 0 0 0 6.10351562e-05
-0.570398619 -0.672829507 -0.263668882 0 0 0 6.10351562e-05
0.545113874 0.164567253 -0.810306554 0 0 0 6.10351562e-05
0.447936925 0.165147983 -0.478796371 0 0 0 6.10351562e-05
0.0694025722 0.0859949176 -0.56982112 0 0 0 6.10351562e-05
0.13591081 0.827966233 -0.0465044939 0 0 0 6.10351562e-05
-0.404283223 -0.190335601 0.8423226 0 0 0 6.10351562e-05
0.0159224823 0.389020116 0.855141815 0 0 0 6.10351562e-05
0.245787933 -0.0108956044 0.929662965 0 0 0 6.10351562e-05
-0.2881976 0.276967163 -0.34207668 0 0 0 6.10351562e-05
0.0797497399 0.274848725 0.813944006 0 0 0 6.10351562e-05
0.259853616 0.0548588425 0.575535893 0 0 0 6.10351562e-05
-0.633821548 0.194699869 0.704209308 0 0 0 6.10351562e-05
-0.491548755 -0.0485888734 0.714294516 0 0 0 6.10351562e-05
-0.174120808 0.215999338 0.808418502 0 0 0 6.10351562e-05
0.884283481 -0.372469135 -0.251281689 0 0 0 6.10351562e-05
-0.633654388 -0.488698228 0.0340032629 0 0 0 6.10351562e-05
-0.742967535 0.22301739 -0.016277812 0 0 0 6.10351562e-05
-0.0488375269 0.207911562 -0.16102694 0 0 0 6.10351562e-05
-0.0309096944 0.53765212 0.00704221344 0 0 0 6.10351562e-05
0.455920659 -0.0181208032 -0.324447819 0 0 0 6.10351562e-05
-0.443972798 0.00562447569 -0.164043856 0 0 0 6.10351562e-05
-0.486111507 0.0344434335 0.398196145 0 0 0 6.10351562e-05
0.250586563 0.247078068 0.524305765 0 0 0 6.10351562e-05
0.689187439 0.000337983297 0.72279979 0 0 0 6.10351562e-05
0.676963124 -0.57967438 0.180469837 0 0 0 6.10351562e-05
0.711579285 0.318643056 -0.277041314 0 0 0 6.10351562e-05
-0.569574171 -0.0406170695 -0.591700176 0 0 0 6.10351562e-05
0.678249436 0.0843120313 -0.359429072 0 0 0 6.10351562e-05
-0.0861886414 -0.89717217 0.166815969 0 0 0 6.10351562e-05
0.0732086959 0.100129382 -0.782113512 0 0 0 6.10351562e-05
-0.181268053 -0.756428486 0.382479979 0 0 0 6.10351562e-05
0.220701689 -0.00522301299 -0.701477995 0 0 0 6.10351562e-05
0.246489536 -0.756441949 -0.314557028 0 0 0 6.10351562e-05
-0.273122571 0.63862352 0.204023765 0 0 0 6.10351562e-05
0.237593826 -0.924314446 0.210899381 0 0 0 6.10351562e-05
-0.162460736 -0.429717241 -0.211846316 0 0 0 6.10351562e-05
0.733382973 0.534355727 0.0607795288 0 0 0 6.10351562e-05
0.0731327688 -0.00467894507 0.247127005 0 0 0 6.10351562e-05
0.129117375 -0.171908918 -0.709536637 0 0 0 6.10351562e-05
0.435920782 -0.20003479 0.5941421 0 0 0 6.10351562e-05
-0.691424896 0.376869128 0.0351946251 0 0 0 6.10351562e-05
0.415764933 -0.509469633 -0.30016557 0 0 0 6.10351562e-05
0.792256933 -0.52674588 -0.190391751 0 0 0 6.10351562e-05
-0.729546502 -0.240825658 0.0891870704 0 0 0 6.10351562e-05
0.425918531 0.40737538 0.59038814 0 0 0 6.10351562e-05
0.282765028 -0.807667859 -0.438883191 0 0 0 6.10351562e-05
0.374993175 0.226448943 0.875997327 0 0 0 6.10351562e-05
0.0789526426 -0.584876598 0.731620637 0 0 0 6.10351562e-05
-0.36550464 -0.871645108 0.0584859052 0 0 0 6.10351562e-05
-0.420316976 0.488343363 0.226050417 0 0 0 6.10351562e-05
-0.607958041 -0.034562379 -0.475006741 0 0 0 6.10351562e-05
0.741712081 0.283567383 0.245540752 0 0 0 6.10351562e-05
0.152543229 0.515072178 0.372278952 0 0 0 6.10351562e-05
0.447773966 0.304173174 -0.182418432 0 0 0 6.10351562e-05
-0.211724231 0.588813722 0.547165689 0 0 0 6.10351562e-05
0.231683613 0.863588034 -0.0314939447 0 0 0 6.10351562e-05
-0.345042045 0.468896865 -0.0323634413 0 0 0 6.10351562e-05
0.0752522662 0.018568196 -0.491392154 0 0 0 6.10351562e-05
-0.70020659 0.203031986 0.0210037159 0 0 0 6.10351562e-05
-0.768156609 0.316963427 0.420140545 0 0 0 6.10351562e-05
0.088074864 -0.724646863 0.0387935441 0 0 0 6.10351562e-05
0.152003522 -0.943638659 0.285176654 0 0 0 6.10351562e-05
-0.077911224 -0.694808529 0.687380966 0 0 0 6.10351562e-05
0.333433542 0.697235406 -0.240094233 0 0 0 6.10351562e-05
-0.578969948 -0.454798569 0.638750347 0 0 0 6.10351562e-05
0.165054989 0.144895384 0.130586564 0 0 0 6.10351562e-05
0.261600808 -0.535439311 -0.354587747 0 0 0 6.10351562e-05
-0.725024787 0.0646836906 0.505081085 0 0 0 6.10351562e-05
-0.132997924 -0.309565264 -0.728313938 0 0 0 6.10351562e-05
-0.921146228 -0.150795109 -0.203390032 0 0 0 6.10351562e-05
0.15754394 -0.111753132 0.1493894 0 0 0 6.10351562e-05
0.360529068 0.69113446 -0.424833542 0 0 0 6.10351562e-05
-0.93905564 -0.141980708 0.102949718 0 0 0 6.10351562e-05
-0.760360005 0.399158773 0.2688721 0 0 0 6.10351562e-05
-0.0469191974 -0.508034967 0.505843579 0 0 0 6.10351562e-05
-0.121422151 0.156685721 0.727364888 0 0 0 6.10351562e-05
0.272919346 -0.191841496 -0.207609381 0 0 0 6.10351562e-05
0.585514408 0.036286365 -0.417243444 0 0 0 6.10351562e-05
0.947741195 -0.178519034 -0.171255543 0 0 0 6.10351562e-05
-0.0742371502 0.588102601 0.418133962 0 0 0 6.10351562e-05
0.138286371 0.226817211 -0.375444046 0 0 0 6.10351562e-05
-0.248857036 0.0739261869 -0.559351154 0 0 0 6.10351562e-05
0.70291337 -0.548260459 0.104764794 0 0 0 6.10351562e-05
-0.361420303 -0.223157331 -0.482575834 0 0 0 6.10351562e-05
-0.0990198263 0.727310618 0.200159946 0 0 0 6.10351562e-05
0.102603493 0.562497797 -0.226875697 0 0 0 6.10351562e-05
0.297211002 -0.384364516 0.855708766 0 0 0 6.10351562e-05
0.650073777 0.154349679 -0.517103651 0 0 0 6.10351562e-05
-0.276435872 -0.4615782 0.396125349 0 0 0 6.10351562e-05
0.352012863 0.374921954 -0.295459887 0 0 0 6.10351562e-05
0.0124952689 0.593671372 -0.56928143 0 0 0 6.10351562e-05
-0.543161525 -0.392788758 -0.448797723 0 0 0 6.10351562e-05
-0.257119943 0.571183856 -0.437664392 0 0 0 6.10351562e-05
0.203642109 0.519931471 -0.814182784 0 0 0 6.10351562e-05
-0.624544202 -0.252421426 0.35474108 0 0 0 6.10351562e-05
-0.188562116 0.0207630229 -0.916628226 0 0 0 6.10351562e-05
0.473428902 0.132538558 -0.319113955 0 0 0 6.10351562e-05
-0.220383849 -0.283837272 0.482524014 0 0 0 6.10351562e-05
0.601376805 -0.0395164737 -0.617510984 0 0 0 6.10351562e-05
-0.200972546 -0.258682973 -0.302645442 0 0 0 6.10351562e-05
0.429055765 0.537417733 0.515284734 0 0 0 6.10351562e-05
-0.329067728 -0.630458565 -0.0591299739 0 0 0 6.10351562e-05
-0.17898789 -0.183808013 0.257561321 0 0 0 6.10351562e-05
-0.711130304 0.0272595591 -0.414941331 0 0 0 6.10351562e-05
0.106640757 -0.636846397 0.7421577 0 0 0 6.10351562e-05
-0.391367483 0.358446196 0.57557911 0 0 0 6.10351562e-05
-0.0343629846 0.272167344 0.400084698 0 0 0 6.10351562e-05
0.185126547 0.049267395 -0.977619983 0 0 0 6.10351562e-05
-0.121960541 0.437790652 -0.4514581 0 0 0 6.10351562e-05
-0.445879648 -0.42791984 -0.102878572 0 0 0 6.10351562e-05
0.234891357 -0.272569348 -0.140128206 0 0 0 6.10351562e-05
0.433502987 -0.603950903 0.529561379 0 0 0 6.10351562e-05
0.334916774 -0.238712767 0.852146444 0 0 0 6.10351562e-05
-0.00120002471 0.472148849 -0.0890798978 0 0 0 6.10351562e-05
-0.202642889 0.417960721 0.697529974 0 0 0 6.10351562e-05
-0.319139248 0.762390878 -0.222337648 0 0 0 6.10351562e-05
0.138244667 -0.0654533765 0.696196255 0 0 0 6.10351562e-05
0.258697524 0.159140094 0.802002133 0 0 0 6.10351562e-05
-0.520083442 -0.0639994409 0.690861747 0 0 0 6.10351562e-05
0.5103267 -0.0521343905 -0.753025218 0 0 0 6.10351562e-05
-0.256018659 -0.376014753 -0.185428152 0 0 0 6.10351562e-05
0.136034917 -0.0422352636 -0.491517351 0 0 0 6.10351562e-05
0.218508752 0.149762479 -0.851393932 0 0 0 6.10351562e-05
-0.0253790817 0.657878661 -0.604792205 0 0 0 6.10351562e-05
-0.791853864 0.0241689732 -0.179546216 0 0 0 6.10351562e-05
0.237332681 -0.599302877 -0.536487211 0 0 0 6.10351562e-05
-0.649092629 0.266350968 0.119919674 0 0 0 6.10351562e-05
0.651800362 -0.135497967 0.106169421 0 0 0 6.10351562e-05
0.338976688 -0.23259041 -0.612357057 0 0 0 6.10351562e-05
0.605873618 -0.15861035 -0.152455296 0 0 0 6.10351562e-05
0.467458747 0.594481563 -0.33134206 0 0 0 6.10351562e-05
0.0847148076 0.127308047 -0.0667581499 0 0 0 6.10351562e-05
-0.624366247 -0.214303186 0.601671512 0 0 0 6.10351562e-05
-0.548144444 0.054613177 0.714074366 0 0 0 6.10351562e-05
-0.628666559 0.383825685 -0.208947497 0 0 0 6.10351562e-05
-0.647088104 0.241671308 0.630649473 0 0 0 6.10351562e-05
-0.0880247229 0.0862604884 0.741291961 0 0 0 6.10351562e-05
-0.288588629 -0.628308284 0.385212316 0 0 0 6.10351562e-05
-0.826588832 0.48238378 -0.230237396 0 0 0 6.10351562e-05
-0.702308803 0.0488802272 0.502434602 0 0 0 6.10351562e-05
-0.274625929 0.264197196 0.215110988 0 0 0 6.10351562e-05
-0.0793343781 -0.506097373 -0.037613522 0 0 0 6.10351562e-05
0.28876635 0.548000666 -0.635307605 0 0 0 6.10351562e-05
0.351302441 -0.350894541 0.466219118 0 0 0 6.10351562e-05
0.764984941 0.582098318 0.137503158 0 0 0 6.10351562e-05
-0.365982385 0.333315846 -0.0342503063 0 0 0 6.10351562e-05
-0.582849962 -0.0243986037 0.507454581 0 0 0 6.10351562e-05
-0.374332918 -0.160801666 0.824704886 0 0 0 6.10351562e-05
0.590353338 -0.539374178 -0.0891220111 0 0 0 6.10351562e-05
0.170427977 0.469815274 -0.835851691 0 0 0 6.10351562e-05
0.676839168 -0.19390721 0.0651980402 0 0 0 6.10351562e-05
-0.029785098 -0.201554424 0.389272889 0 0 0 6.10351562e-05
-0.888052612 0.153891039 -0.347378584 0 0 0 6.10351562e-05
0.219309774 -0.135758987 -0.5508692 0 0 0 6.10351562e-05
-0.246508533 -0.143153827 -0.175006413 0 0 0 6.10351562e-05
0.739559264 -0.635246131 0.0695254628 0 0 0 6.10351562e-05
0.67333223 -0.509070218 -0.195855177 0 0 0 6.10351562e-05
-0.187784584 0.812506594 -0.0389126734 0 0 0 6.10351562e-05
-0.656040097 -0.308890009 -0.241609751 0 0 0 6.10351562e-05
0.299547213 -0.284824789 0.274126763 0 0 0 6.10351562e-05
0.0919623177 0.179015257 0.930769402 0 0 0 6.10351562e-05
0.567749512 0.131765362 -0.540936938 0 0 0 6.10351562e-05
0.744750727 -0.166211605 0.627753545 0 0 0 6.10351562e-05
0.0264816971 -0.825522073 0.185465396 0 0 0 6.10351562e-05
-0.466993001 0.191268403 0.175320469 0 0 0 6.10351562e-05
-0.217072108 -0.0519017544 0.406275657 0 0 0 6.10351562e-05
-0.398226477 -0.133593388 0.303351057 0 0 0 6.10351562e-05
0.727432221 -0.221245707 -0.167290657 0 0 0 6.10351562e-05
0.0407200605 0.0779131702 -0.0870230747 0 0 0 6.10351562e-05
0.18209904 0.317193468 0.000134990107 0 0 0 6.10351562e-05
0.668989059 -0.0534274115 0.0647062959 0 0 0 6.10351562e-05
-0.297058154 -0.469962414 -0.3515638 0 0 0 6.10351562e-05
0.523487853 0.535204314 0.62462166 0 0 0 6.10351562e-05
-0.610339451 -0.310097475 0.115060962 0 0 0 6.10351562e-05
0.170516152 0.856875925 -0.262937212 0 0 0 6.10351562e-05
-0.042815846 -0.453283837 0.287228111 0 0 0 6.10351562e-05
-0.10848386 0.0213267452 0.441839194 0 0 0 6.10351562e-05
-0.0310062821 -0.518057256 -0.256484148 0 0 0 6.10351562e-05
0.327976094 0.365055192 -0.743392224 0 0 0 6.10351562e-05
0.461662552 -0.483603901 0.73528199 0 0 0 6.10351562e-05
-0.428233679 -0.197476792 -0.228407967 0 0 0 6.10351562e-05
-0.390840185 0.0351651516 -0.743494806 0 0 0 6.10351562e-05
-0.275532164 0.309274618 0.836340247 0 0 0 6.10351562e-05
0.649821946 -0.230207581 -0.665009784 0 0 0 6.10351562e-05
0.826796356 0.475004253 -0.277694397 0 0 0 6.10351562e-05
0.21056489 -0.64805898 0.584986101 0 0 0 6.10351562e-05
0.961342103 0.136491481 0.0776700913 0 0 0 6.10351562e-05
0.509368316 0.168725299 0.13175992 0 0 0 6.10351562e-05
-0.706723688 0.058567477 0.236976056 0 0 0 6.10351562e-05
0.637035983 -0.329699393 -0.141811728 0 0 0 6.10351562e-05
-0.500216272 -0.762707647 -0.159340162 0 0 0 6.10351562e-05
-0.697316671 -0.518352662 0.198220697 0 0 0 6.10351562e-05
0.0286999606 -0.556632678 0.479145232 0 0 0 6.10351562e-05
0.522037496 -0.51682119 0.20674024 0 0 0 6.10351562e-05
-0.259854633 0.878715059 -0.140695479 0 0 0 6.10351562e-05
-0.783098281 0.225086061 0.14408005 0 0 0 6.10351562e-05
0.401926417 0.370861273 0.656975678 0 0 0 6.10351562e-05
0.0877742419 0.522976138 -0.234179284 0 0 0 6.10351562e-05
0.0814186194 0.177656008 -0.400300378 0 0 0 6.10351562e-05
-0.111187546 -0.504804123 -0.192733459 0 0 0 6.10351562e-05
-0.12962601 0.0142521833 -0.886668003 0 0 0 6.10351562e-05
-0.561040101 -0.635957032 0.322224465 0 0 0 6.10351562e-05
0.847603979 0.0110323954 0.501779111 0 0 0 6.10351562e-05
-0.526254714 -0.151681563 0.08240473 0 0 0 6.10351562e-05
0.162190477 -0.282673473 0.298021575 0 0 0 6.10351562e-05
-0.180862657 -0.247193067 0.717471814 0 0 0 6.10351562e-05
0.308003258 -0.539824876 0.000894850027 0 0 0 6.10351562e-05
-0.420317797 0.196975669 -0.0584684917 0 0 0 6.10351562e-05
-0.582734489 0.527267205 -0.183402947 0 0 0 6.10351562e-05
0.761980076 0.0733073394 -0.521048588 0 0 0 6.10351562e-05
-0.8796791 -0.00626422643 0.353567909 0 0 0 6.10351562e-05
-0.159490864 -0.498932419 0.513857189 0 0 0 6.10351562e-05
0.268798528 -0.210884708 -0.213650113 0 0 0 6.10351562e-05
-0.379494018 -0.308873854 0.0564155065 0 0 0 6.10351562e-05
-0.461483902 -0.52886961 0.295969604 0 0 0 6.10351562e-05
0.0427838246 -0.0316401957 -0.608439433 0 0 0 6.10351562e-05
0.387531824 -0.310125953 -0.140715467 0 0 0 6.10351562e-05
-0.144942059 0.163769834 0.475298044 0 0 0 6.10351562e-05
0.297592812 0.487917367 0.72544234 0 0 0 6.10351562e-05
0.203706485 -0.695673259 0.529871601 0 0 0 6.10351562e-05
-0.581013577 0.745145014 -0.166461005 0 0 0 6.10351562e-05
0.00357856849 0.639651314 -0.274258728 0 0 0 6.10351562e-05
-0.405989295 -0.218431516 0.120127609 0 0 0 6.10351562e-05
-0.0904463009 -0.0552429164 -0.861073486 0 0 0 6.10351562e-05
-0.317439835 -0.259353267 0.82778146 0 0 0 6.10351562e-05
0.0278345203 -0.709654295 -0.0494455643 0 0 0 6.10351562e-05
-0.627176815 0.430278208 -0.466452386 0 0 0 6.10351562e-05
-0.426978157 -0.510085055 -0.036836078 0 0 0 6.10351562e-05
0.797684318 0.0341994739 0.471641604 0 0 0 6.10351562e-05
0.129254681 -0.227086901 0.441502735 0 0 0 6.10351562e-05
-0.425697872 -0.302053083 -0.349675664 0 0 0 6.10351562e-05
0.616110452 -0.695575697 -0.0352598972 0 0 0 6.10351562e-05
0.738118299 0.0759419249 0.24960995 0 0 0 6.10351562e-05
0.487344329 0.321928102 0.600092151 0 0 0 6.10351562e-05
-0.677537935 -0.0662638888 0.642392407 0 0 0 6.10351562e-05
0.213184572 -0.0703531712 -0.428959087 0 0 0 6.10351562e-05
0.233096813 -0.644739921 -0.186218145 0 0 0 6.10351562e-05
-0.0440710754 0.321090797 0.195782024 0 0 0 6.10351562e-05
0.504008283 -0.116070746 0.683293278 0 0 0 6.10351562e-05
-0.167683711 -0.793067821 0.363033087 0 0 0 6.10351562e-05
0.415747028 -0.740630142 0.170864712 0 0 0 6.10351562e-05
-0.240514 -0.742107705 -0.0699539108 0 0 0 6.10351562e-05
-0.450431486 0.575719918 0.377389525 0 0 0 6.10351562e-05
-0.455272007 0.744987613 0.215910347 0 0 0 6.10351562e-05
-0.722865752 0.260592439 0.560930529 0 0 0 6.10351562e-05
0.651221835 -0.266395071 -0.145211874 0 0 0 6.10351562e-05
0.0878151338 -0.460500812 0.0120918565 0 0 0 6.10351562e-05
0.0495144046 -0.766192923 -0.524363375 0 0 0 6.10351562e-05
0.545163341 0.46142529 0.0681806283 0 0 0 6.10351562e-05
-0.0497513007 0.710074478 -0.0436204956 0 0 0 6.10351562e-05
0.531597504 0.303252601 -0.0562695884 0 0 0 6.10351562e-05
-0.0730552172 -0.278810893 0.201825754 0 0 0 6.10351562e-05
-0.288133827 -0.085451978 0.115008834 0 0 0 6.10351562e-05
-0.511146156 0.11779338 0.513725767 0 0 0 6.10351562e-05
-0.153297988 -0.370011683 -0.0617372407 0 0 0 6.10351562e-05
0.260226359 -0.224088774 0.15896914 0 0 0 6.10351562e-05
0.219037429 0.284393061 0.426919482 0 0 0 6.10351562e-05
0.305608477 -0.3779136 -0.520749142 0 0 0 6.10351562e-05
-0.0792271144 0.187182814 0.53076763 0 0 0 6.10351562e-05
0.0293662379 -0.37296572 -0.67700818 0 0 0 6.10351562e-05
0.87161121 0.404621417 0.151157053 0 0 0 6.10351562e-05
0.229024674 -0.555787649 0.355195435 0 0 0 6.10351562e-05
-0.574523309 -0.403867008 0.0660857023 0 0 0 6.10351562e-05
0.47395943 -0.391276473 0.102004494 0 0 0 6.10351562e-05
0.293044174 -0.892547528 0.330872423 0 0 0 6.10351562e-05
-0.319134776 0.0397196554 -0.593527801 0 0 0 6.10351562e-05
-0.0376340431 -0.156317215 -0.271012792 0 0 0 6.10351562e-05
0.155839342 -0.216481065 0.0310390342 0 0 0 6.10351562e-05
0.0382759437 -0.807467636 0.385330628 0 0 0 6.10351562e-05
-0.687385921 -0.0379800088 -0.162752005 0 0 0 6.10351562e-05
-0.0965554246 0.512112456 0.742325208 0 0 0 6.10351562e-05
-0.734669347 0.0225502413 -0.0966387169 0 0 0 6.10351562e-05
-0.422582025 0.889235313 0.0777091443 0 0 0 6.10351562e-05
-0.515608651 -0.229820145 -0.41903535 0 0 0 6.10351562e-05
-0.463506072 -0.4338135 0.565654993 0 0 0 6.10351562e-05
-0.510686787 0.763073236 0.120736581 0 0 0 6.10351562e-05
0.688326648 0.250167059 0.527825333 0 0 0 6.10351562e-05
-0.347681212 0.736694692 -0.286109856 0 0 0 6.10351562e-05
-0.0473506009 -0.677140898 0.666677412 0 0 0 6.10351562e-05
-0.14932438 0.512613267 -0.172438881 0 0 0 6.10351562e-05
-0.376153429 -0.166773988 -0.273855676 0 0 0 6.10351562e-05
-0.00610951181 0.681310091 -0.25418171 0 0 0 6.10351562e-05
0.729988843 0.120522176 0.0667406088 0 0 0 6.10351562e-05
0.0922869799 0.574398614 0.600787625 0 0 0 6.10351562e-05
-0.073720279 0.935963536 0.32401753 0 0 0 6.10351562e-05
0.492383737 -0.430588938 0.284224765 0 0 0 6.10351562e-05
-0.033386284 0.485382108 -0.489879091 0 0 0 6.10351562e-05
-0.2096895 0.512884221 0.0777994358 0 0 0 6.10351562e-05
-0.131794267 0.398976334 -0.474586868 0 0 0 6.10351562e-05
0.573157396 0.415976849 -0.171565592 0 0 0 6.10351562e-05
0.389433925 -0.0940465041 -0.142785979 0 0 0 6.10351562e-05
-0.41462119 -0.25496384 -0.0622198972 0 0 0 6.10351562e-05
-0.24746981 -0.608452066 0.276787052 0 0 0 6.10351562e-05
-0.400179281 0.799599884 -0.299467501 0 0 0 6.10351562e-05
0.174984383 -0.318867705 0.565691371 0 0 0 6.10351562e-05
0.0629263305 -0.488116185 0.831097356 0 0 0 6.10351562e-05
-0.210767485 0.145017841 -0.29887921 0 0 0 6.10351562e-05
-0.250275562 0.330733684 0.264763887 0 0 0 6.10351562e-05
-0.147616919 0.219936181 0.604046708 0 0 0 6.10351562e-05
0.0583340848 0.494915108 0.516346983 0 0 0 6.10351562e-05
0.313213198 -0.532631772 0.499030856 0 0 0 6.10351562e-05
0.559801904 0.203675742 -0.139240422 0 0 0 6.10351562e-05
-0.468081718 -0.269755138 -0.36445328 0 0 0 6.10351562e-05
0.777324512 -0.0463296883 -0.18068809 0 0 0 6.10351562e-05
0.199272483 0.174637906 -0.684582354 0 0 0 6.10351562e-05
0.353741031 -0.0275839832 -0.806389972 0 0 0 6.10351562e-05
0.256211479 0.763966005 -0.112643701 0 0 0 6.10351562e-05
0.403242901 -0.457108662 -0.0532071031 0 0 0 6.10351562e-05
0.399756001 -0.36404165 -0.181960006 0 0 0 6.10351562e-05
0.484895906 0.631878433 -0.383921045 0 0 0 6.10351562e-05
0.599894538 0.0478114245 0.124623023 0 0 0 6.10351562e-05
0.185244671 -0.732062401 0.279448688 0 0 0 6.10351562e-05
-0.673094635 -0.00730293155 0.262626199 0 0 0 6.10351562e-05
-0.620609249 -0.472085999 -0.441435738 0 0 0 6.10351562e-05
0.481619808 -0.646657977 -0.0859446152 0 0 0 6.10351562e-05
-0.245872315 0.689680662 -0.338872901 0 0 0 6.10351562e-05
0.180867078 0.0334154341 -0.535695563 0 0 0 6.10351562e-05
-0.300678173 0.25912671 -0.649120835 0 0 0 6.10351562e-05
-0.319696939 0.204045473 0.836743363 0 0 0 6.10351562e-05
0.606453322 -0.180563222 -0.550417066 0 0 0 6.10351562e-05
-0.775005897 -0.559380716 0.173468539 0 0 0 6.10351562e-05
0.170587314 0.153099029 0.50909202 0 0 0 6.10351562e-05
0.449193366 0.511382648 0.46561617 0 0 0 6.10351562e-05
-0.018193198 -0.479153978 -0.484551677 0 0 0 6.10351562e-05
-0.911833376 -0.0772060883 0.271450318 0 0 0 6.10351562e-05
0.428926311 0.230236642 0.384889362 0 0 0 6.10351562e-05
-0.50697207 -0.673745692 -0.352263624 0 0 0 6.10351562e-05
-0.837428108 0.140943766 0.272801817 0 0 0 6.10351562e-05
0.632931436 0.0422901866 0.380672181 0 0 0 6.10351562e-05
-0.0668483243 0.202386024 -0.305862712 0 0 0 6.10351562e-05
-0.599529281 -0.271643292 0.291950778 0 0 0 6.10351562e-05
0.140736023 -0.556269014 -0.358356165 0 0 0 6.10351562e-05
-0.222672478 -0.0142626217 -0.453177436 0 0 0 6.10351562e-05
-0.291824915 0.495630157 -0.249943969 0 0 0 6.10351562e-05
-0.74053463 -0.104513973 -0.15130678 0 0 0 6.10351562e-05
-0.237640567 -0.872969658 0.309487998 0 0 0 6.10351562e-05
-0.220484783 0.350350566 -0.656465025 0 0 0 6.10351562e-05
0.269464864 -0.683551451 0.137433776 0 0 0 6.10351562e-05
0.41968455 0.753208138 -0.288104419 0 0 0 6.10351562e-05
0.0103520783 -0.094973694 -0.965800568 0 0 0 6.10351562e-05
-0.277503349 0.825554272 -0.482648557 0 0 0 6.10351562e-05
0.184441509 -0.898752055 0.142399238 0 0 0 6.10351562e-05
-0.107697134 0.712901988 -0.328620034 0 0 0 6.10351562e-05
0.0373354062 0.517966682 -0.614741843 0 0 0 6.10351562e-05
-0.740532934 0.17619283 0.114134364 0 0 0 6.10351562e-05
0.733112562 0.414440777 -0.188833149 0 0 0 6.10351562e-05
0.180079812 -0.652192606 -0.287410962 0 0 0 6.10351562e-05
-0.676135939 -0.454175734 0.182320492 0 0 0 6.10351562e-05
0.872699274 0.150424542 -0.219336204 0 0 0 6.10351562e-05
0.022609289 -0.0333403723 -0.452009088 0 0 0 6.10351562e-05
0.462709897 -0.321500841 -0.427275231 0 0 0 6.10351562e-05
-0.216058761 0.789451343 -0.300653188 0 0 0 6.10351562e-05
-0.167141074 -0.249644876 0.6820869 0 0 0 6.10351562e-05
0.270570936 -0.151908741 -0.0021071166 0 0 0 6.10351562e-05
-0.2136022 -0.092037479 0.0874970412 0 0 0 6.10351562e-05
-0.762960649 0.336184399 0.370127134 0 0 0 6.10351562e-05
0.632259675 0.328088951 0.351495184 0 0 0 6.10351562e-05
-0.0765329821 0.325342176 -0.00639103879 0 0 0 6.10351562e-05
0.0221777986 0.323355861 -0.085708032 0 0 0 6.10351562e-05
0.760433719 -0.535942378 -0.364893301 0 0 0 6.10351562e-05
-0.865352719 -0.31252221 0.300884458 0 0 0 6.10351562e-05
0.301616364 0.549022892 0.649028918 0 0 0 6.10351562e-05
0.446111022 -0.771761585 0.0839784076 0 0 0 6.10351562e-05
0.0596630479 0.665832688 0.332207576 0 0 0 6.10351562e-05
0.196290868 -0.254785156 -0.60981932 0 0 0 6.10351562e-05
-0.0552176167 -0.474483706 -0.840280217 0 0 0 6.10351562e-05
0.17636784 0.118908548 -0.389230905 0 0 0 6.10351562e-05
0.352188077 -0.290981455 0.727552124 0 0 0 6.10351562e-05
0.232576558 -0.590341764 0.678308846 0 0 0 6.10351562e-05
-0.288795437 0.727541287 -0.578735752 0 0 0 6.10351562e-05
0.0290077325 0.818030292 0.54043846 0 0 0 6.10351562e-05
0.195796374 0.331525916 0.790825061 0 0 0 6.10351562e-05
0.493040317 0.159100019 -0.721015822 0 0 0 6.10351562e-05
-0.293409276 0.748265536 0.0894717119 0 0 0 6.10351562e-05
0.221692861 0.590855708 -0.0493515039 0 0 0 6.10351562e-05
0.757777424 0.0217437574 -0.616481849 0 0 0 6.10351562e-05
-0.714254903 0.10974359 0.268531982 0 0 0 6.10351562e-05
-0.681765917 0.289710594 -0.185262968 0 0 0 6.10351562e-05
0.569087401 0.355490428 -0.650137103 0 0 0 6.10351562e-05
0.523042207 0.169701261 0.339082522 0 0 0 6.10351562e-05
0.429798361 0.674943272 0.456636527 0 0 0 6.10351562e-05
0.56350333 -0.0652867008 -0.263517864 0 0 0 6.10351562e-05
-0.148978267 -0.245197655 0.877151937 0 0 0 6.10351562e-05
-0.324511003 0.615942623 -0.619820652 0 0 0 6.10351562e-05
0.286154052 0.467533676 0.383456781 0 0 0 6.10351562e-05
0.735445048 -0.619622716 0.154396108 0 0 0 6.10351562e-05
0.204872092 -0.157897225 -0.268074723 0 0 0 6.10351562e-05
-0.486617756 0.0620177705 0.838333844 0 0 0 6.10351562e-05
0.539464364 0.65209521 -0.510668572 0 0 0 6.10351562e-05
0.137427624 -0.509049265 -0.0755393892 0 0 0 6.10351562e-05
0.656689051 -0.310349149 -0.48554232 0 0 0 6.10351562e-05
0.418848608 0.100188848 -0.657798523 0 0 0 6.10351562e-05
-0.362288041 -0.599788263 0.329487892 0 0 0 6.10351562e-05
0.258400838 0.930259382 -0.12027194 0 0 0 6.10351562e-05
0.0468760149 -0.206547288 -0.370807465 0 0 0 6.10351562e-05
-0.11239917 -0.215717836 0.548496621 0 0 0 6.10351562e-05
0.648288998 -0.37524538 -0.0154724511 0 0 0 6.10351562e-05
-0.52147679 -0.434319003 0.0915540869 0 0 0 6.10351562e-05
-0.174414162 -0.0720481522 0.599166713 0 0 0 6.10351562e-05
-0.201906139 -0.412510888 -0.782178563 0 0 0 6.10351562e-05
0.645309096 -0.426633893 0.484851786 0 0 0 6.10351562e-05
0.0406571026 0.0378150207 -0.424272504 0 0 0 6.10351562e-05
-0.807024044 -0.130789431 -0.268689843 0 0 0 6.10351562e-05
-0.403513265 0.411520111 0.421190787 0 0 0 6.10351562e-05
-0.616712317 0.288181305 -0.641055709 0 0 0 6.10351562e-05
-0.487238477 0.059887784 -0.310096928 0 0 0 6.10351562e-05
0.088375662 -0.736788458 -0.419083812 0 0 0 6.10351562e-05
0.206342398 -0.0477389743 -0.746350972 0 0 0 6.10351562e-05
-0.171222331 0.340506318 -0.106088241 0 0 0 6.10351562e-05
-0.27425546 -0.546633982 -0.0607833322 0 0 0 6.10351562e-05
0.78866551 -0.479536591 -0.22802336 0 0 0 6.10351562e-05
0.0591087605 -0.427364452 0.0995059509 0 0 0 6.10351562e-05
0.803052861 0.185798473 -0.461994164 0 0 0 6.10351562e-05
-0.208967542 -0.293703725 0.0571029022 0 0 0 6.10351562e-05
-0.120622802 0.0760519263 0.649748447 0 0 0 6.10351562e-05
0.16599519 -0.685172402 -0.275602831 0 0 0 6.10351562e-05
-0.349082745 0.219698832 0.64444209 0 0 0 6.10351562e-05
0.238921892 0.376221678 0.535716066 0 0 0 6.10351562e-05
-0.0244102343 -0.0607856511 0.609714396 0 0 0 6.10351562e-05
0.206452614 -0.278760311 0.30649703 0 0 0 6.10351562e-05
-0.154003904 -0.741955876 -0.532412196 0 0 0 6.10351562e-05
0.0981538118 0.410655557 -0.223417976 0 0 0 6.10351562e-05
-0.075545603 -0.816653767 0.115695051 0 0 0 6.10351562e-05
0.33799504 0.622116267 -0.310238651 0 0 0 6.10351562e-05
-0.278359464 0.182365409 -0.711686114 0 0 0 6.10351562e-05
-0.384416608 0.606196952 -0.0788203616 0 0 0 6.10351562e-05
-0.0207642764 0.0165882422 -0.0317927755 0 0 0 6.10351562e-05
-0.0692115596 -0.966897101 0.193629519 0 0 0 6.10351562e-05
0.357632314 -0.785917955 -0.158717984 0 0 0 6.10351562e-05
-0.216447154 -0.618164178 0.177253077 0 0 0 6.10351562e-05
-0.457182644 -0.412649822 -0.329016825 0 0 0 6.10351562e-05
0.694576414 0.301780695 0.600093448 0 0 0 6.10351562e-05
0.0630978658 0.389072571 0.673883955 0 0 0 6.10351562e-05
0.181389828 0.0107910957 0.803039654 0 0 0 6.10351562e-05
-0.280439359 -0.216674902 0.812311502 0 0 0 6.10351562e-05
-0.859533124 0.0195597871 0.422114194 0 0 0 6.10351562e-05
0.0111176433 -0.388857558 0.362078355 0 0 0 6.10351562e-05
0.134840003 -0.426901399 0.484543571 0 0 0 6.10351562e-05
0.29154849 -0.382324514 0.8557307 0 0 0 6.10351562e-05
0.694898483 0.674344378 -0.037094034 0 0 0 6.10351562e-05
-0.554827497 0.153685731 -0.517146746 0 0 0 6.10351562e-05
0.351979499 -0.757195506 0.218020086 0 0 0 6.10351562e-05
-0.447490327 0.753246217 -0.28646576 0 0 0 6.10351562e-05
-0.654555224 0.47541258 -0.516331213 0 0 0 6.10351562e-05
0.528023168 0.440402961 0.71760732 0 0 0 6.10351562e-05
0.178825695 0.393907557 -0.575632206 0 0 0 6.10351562e-05
0.878684505 0.283739881 -0.100048818 0 0 0 6.10351562e-05
0.248144257 0.371881005 -0.038881952 0 0 0 6.10351562e-05
0.0953068473 0.75496205 -0.420868626 0 0 0 6.10351562e-05
-0.325285146 -0.391830567 0.118247498 0 0 0 6.10351562e-05
0.656919962 -0.107402982 0.190339245 0 0 0 6.10351562e-05
-0.16294305 -0.284449526 -0.046721933 0 0 0 6.10351562e-05
-0.620229638 -0.509126231 -0.338359777 0 0 0 6.10351562e-05
-0.704547796 -0.265067639 -0.066032194 0 0 0 6.10351562e-05
0.707371308 -0.377903174 -0.0711328218 0 0 0 6.10351562e-05
-0.62692447 0.451118288 -0.440361648 0 0 0 6.10351562e-05
0.550510098 0.020360498 -0.779360798 0 0 0 6.10351562e-05
0.131640756 -0.731729213 0.266493553 0 0 0 6.10351562e-05
0.386969207 -0.0941178056 0.863047442 0 0 0 6.10351562e-05
-0.401825753 -0.201776645 -0.860306678 0 0 0 6.10351562e-05
0.130911732 -0.00435203695 -0.382206374 0 0 0 6.10351562e-05
-0.658896396 -0.360598159 0.322497442 0 0 0 6.10351562e-05
0.193494886 -0.00119516034 0.330646369 0 0 0 6.10351562e-05
-0.451188904 -0.504861989 0.0675080237 0 0 0 6.10351562e-05
-0.12037267 -0.0166730103 -0.231175924 0 0 0 6.10351562e-05
0.231247025 -0.757032391 0.284992333 0 0 0 6.10351562e-05
0.309018529 0.151074449 -0.0324171983 0 0 0 6.10351562e-05
0.435492937 0.146583588 -0.2592636 0 0 0 6.10351562e-05
0.315811343 0.0186472178 0.437619038 0 0 0 6.10351562e-05
0.113573633 -0.460772487 0.0336752845 0 0 0 6.10351562e-05
-0.958815142 0.0594023927 0.0668471239 0 0 0 6.10351562e-05
0.160506246 0.0426460278 0.138597963 0 0 0 6.10351562e-05
0.02792875 -0.352580561 -0.0281952356 0 0 0 6.10351562e-05
-0.586985882 -0.455628378 -0.144730375 0 0 0 6.10351562e-05
-0.707106325 -0.146384748 0.100267315 0 0 0 6.10351562e-05
-0.565532449 0.203119941 0.789927657 0 0 0 6.10351562e-05
0.171472044 -0.362547706 0.366638211 0 0 0 6.10351562e-05
0.456468576 -0.00388903044 -0.427644191 0 0 0 6.10351562e-05
-0.720274691 -0.00279511582 -0.361729984 0 0 0 6.10351562e-05
0.228063528 -0.159108758 -0.564562472 0 0 0 6.10351562e-05
0.353858803 -0.0217059854 0.416847244 0 0 0 6.10351562e-05
0.395900578 0.447934475 -0.576262261 0 0 0 6.10351562e-05
-0.0051112582 -0.461951287 -0.548050934 0 0 0 6.10351562e-05
-0.638084145 -0.39072235 -0.631573003 0 0 0 6.10351562e-05
-0.461453374 0.0710726481 -0.39142199 0 0 0 6.10351562e-05
-0.440101738 -0.168608748 -0.615552983 0 0 0 6.10351562e-05
0.238384892 0.14216063 0.310190399 0 0 0 6.10351562e-05
-0.0405352026 -0.0302022416 0.991277705 0 0 0 6.10351562e-05
0.0643949543 -0.635169944 -0.660579266 0 0 0 6.10351562e-05
0.753425982 -0.483073981 -0.213279869 0 0 0 6.10351562e-05
0.830552218 -0.223498411 0.198386112 0 0 0 6.10351562e-05
-0.0522653339 0.686802181 0.104241939 0 0 0 6.10351562e-05
-0.2618373 0.742504654 -0.466530191 0 0 0 6.10351562e-05
0.220583506 0.483759671 -0.652260694 0 0 0 6.10351562e-05
-0.0135075776 0.15650714 0.732769081 0 0 0 6.10351562e-05
0.186676116 -0.645918197 -0.422090815 0 0 0 6.10351562e-05
-0.152149294 0.951154828 -0.172532937 0 0 0 6.10351562e-05
-0.826252184 0.281684413 0.22275757 0 0 0 6.10351562e-05
0.909790154 -0.085338871 0.216958455 0 0 0 6.10351562e-05
0.409405125 0.42457036 0.494485391 0 0 0 6.10351562e-05
-0.627739969 -0.134876412 0.128065907 0 0 0 6.10351562e-05
0.606560681 0.232344057 0.182091508 0 0 0 6.10351562e-05
-0.709995572 0.168451749 -0.370996334 0 0 0 6.10351562e-05
0.108663731 -0.876155595 -0.155395569 0 0 0 6.10351562e-05
0.772126502 0.17293984 0.446295741 0 0 0 6.10351562e-05
0.864486678 -0.058274921 0.39237463 0 0 0 6.10351562e-05
-0.0612462515 0.691738772 0.441570218 0 0 0 6.10351562e-05
0.0642104573 0.812474233 -0.0215497913 0 0 0 6.10351562e-05
-0.0927887165 0.542100013 -0.240362852 0 0 0 6.10351562e-05
0.186496204 0.0111375781 -0.199338331 0 0 0 6.10351562e-05
-0.119432399 0.63792278 0.586329825 0 0 0 6.10351562e-05
0.356631459 -0.462685594 0.0616850019 0 0 0 6.10351562e-05
0.248914249 0.263734146 -0.0767550922 0 0 0 6.10351562e-05
-0.682287774 -0.0376139084 0.562815022 0 0 0 6.10351562e-05
0.53858152 -0.579057525 -0.542995437 0 0 0 6.10351562e-05
0.837187429 -0.0423824645 -0.512567205 0 0 0 6.10351562e-05
0.249425282 0.775247838 4.04782044e-05 0 0 0 6.10351562e-05
-0.426578838 0.125319562 -0.0967708118 0 0 0 6.10351562e-05
0.085907481 0.83992324 -0.52589092 0 0 0 6.10351562e-05
0.388013669 -0.0823610367 -0.400242155 0 0 0 6.10351562e-05
-0.813550013 0.350475576 -0.108212576 0 0 0 6.10351562e-05
-0.295155802 0.262689984 -0.338187538 0 0 0 6.10351562e-05
0.400191509 0.839774481 0.224202472 0 0 0 6.10351562e-05
-0.484635562 -0.594667454 0.493113411 0 0 0 6.10351562e-05
-0.268530951 0.56033172 -0.0220952722 0 0 0 6.10351562e-05
0.0659959801 -0.550900636 -0.793555211 0 0 0 6.10351562e-05
0.736743866 0.380771251 -0.0888729009 0 0 0 6.10351562e-05
0.792592782 -0.349679119 0.226912269 0 0 0 6.10351562e-05
-0.398438573 -0.308316894 0.43024168 0 0 0 6.10351562e-05
-0.740342908 0.187121322 -0.53851361 0 0 0 6.10351562e-05
0.183865851 0.00482816526 0.891214431 0 0 0 6.10351562e-05
-0.8987291 0.0174161811 0.126421847 0 0 0 6.10351562e-05
0.774507771 -0.282028417 -0.429263622 0 0 0 6.10351562e-05
-0.415582472 0.220070895 -0.378757759 0 0 0 6.10351562e-05
-0.679609355 -0.55731954 0.381173587 0 0 0 6.10351562e-05
-0.664567289 -0.131351519 0.0730587468 0 0 0 6.10351562e-05
0.0957543158 -0.179245175 0.606535725 0 0 0 6.10351562e-05
-0.250696329 0.236920565 -0.904197406 0 0 0 6.10351562e-05
0.621745516 0.488163371 -0.0253590597 0 0 0 6.10351562e-05
-0.0401072827 -0.362787644 0.170527819 0 0 0 6.10351562e-05
0.492517154 0.527768658 -0.21729696 0 0 0 6.10351562e-05
-0.5209042 0.00886405485 -0.100527918 0 0 0 6.10351562e-05
-0.399560279 0.29654 0.514180273 0 0 0 6.10351562e-05
0.761307667 -0.481904336 0.405501854 0 0 0 6.10351562e-05
0.888132901 0.315993743 -0.0966007608 0 0 0 6.10351562e-05
-0.00895822258 -0.00954692603 0.138838879 0 0 0 6.10351562e-05
0.548554785 0.123620475 0.505705757 0 0 0 6.10351562e-05
-0.21723907 -0.696386631 0.377676861 0 0 0 6.10351562e-05
-0.659136209 -0.143107072 0.56599256 0 0 0 6.10351562e-05
0.090953833 -0.70408111 0.40245262 0 0 0 6.10351562e-05
-0.0418115129 -0.137575947 -0.899975996 0 0 0 6.10351562e-05
0.106818526 -0.823443649 0.145679906 0 0 0 6.10351562e-05
-0.511078524 -0.271037864 -0.802216072 0 0 0 6.10351562e-05
-0.498720782 0.259137172 0.423571379 0 0 0 6.10351562e-05
0.130702051 -0.37130841 -0.733045311 0 0 0 6.10351562e-05
-0.111545588 -0.551976919 0.268463043 0 0 0 6.10351562e-05
-0.285121524 -0.543297084 -0.558684469 0 0 0 6.10351562e-05
-0.412136748 -0.18241562 -0.606502687 0 0 0 6.10351562e-05
0.421769758 -0.191698466 0.159551309 0 0 0 6.10351562e-05
-0.104225294 0.0965247571 -0.772777393 0 0 0 6.10351562e-05
0.698291776 -0.178121557 -0.551678721 0 0 0 6.10351562e-05
-0.303793565 -0.328793333 0.306092 0 0 0 6.10351562e-05
-0.877562127 0.42310347 0.0563627212 0 0 0 6.10351562e-05
0.3591711 -0.895533272 0.121091064 0 0 0 6.10351562e-05
0.394913591 0.484013807 0.527657027 0 0 0 6.10351562e-05
0.587850876 0.643250167 0.257777885 0 0 0 6.10351562e-05
0.661212965 0.414732848 0.124418143 0 0 0 6.10351562e-05
-0.143017708 -0.562389878 -0.625665513 0 0 0 6.10351562e-05
-0.0311844705 0.295891021 -0.946078422 0 0 0 6.10351562e-05
-0.615016324 -0.338405859 -0.175559812 0 0 0 6.10351562e-05
-0.0607401595 -0.0126365613 0.047488972 0 0 0 6.10351562e-05
0.321814954 -0.441730942 0.28331195 0 0 0 6.10351562e-05
0.345635864 0.776579503 0.300692857 0 0 0 6.10351562e-05
0.521310922 -0.522661715 -0.196229097 0 0 0 6.10351562e-05
-0.0172059371 -0.700300677 0.237712718 0 0 0 6.10351562e-05
-0.077570902 0.199103142 -0.309362182 0 0 0 6.10351562e-05
-0.0528942271 -0.0365867916 -0.421902695 0 0 0 6.10351562e-05
0.342334174 -0.618749339 0.0806132082 0 0 0 6.10351562e-05
0.668966879 0.289299174 0.264847897 0 0 0 6.10351562e-05
-0.583000557 -0.520200153 -0.146852682 0 0 0 6.10351562e-05
-0.325963042 0.856753486 0.00363668183 0 0 0 6.10351562e-05
-0.692366213 0.691410396 -0.163305529 0 0 0 6.10351562e-05
-0.262565499 -0.221848507 0.35548573 0 0 0 6.10351562e-05
0.407203615 0.0559827998 -0.691660775 0 0 0 6.10351562e-05
0.843570417 -0.424957912 0.115274636 0 0 0 6.10351562e-05
-0.70603404 -0.0113915423 0.336702106 0 0 0 6.10351562e-05
0.475752589 -0.0735014582 -0.548039014 0 0 0 6.10351562e-05
0.117326184 0.151995324 0.107882597 0 0 0 6.10351562e-05
0.749505051 -0.211382723 -0.312393018 0 0 0 6.10351562e-05
-0.303997354 0.393790236 0.382463885 0 0 0 6.10351562e-05
-0.230820715 0.3615802 0.425532045 0 0 0 6.10351562e-05
-0.60053627 0.119028371 0.00789807319 0 0 0 6.10351562e-05
-0.0939962384 -0.680994089 -0.284250787 0 0 0 6.10351562e-05
-0.0193910387 0.325910737 -0.858096433 0 0 0 6.10351562e-05
0.445855314 -0.177296362 0.455152324 0 0 0 6.10351562e-05
-0.0547627402 -0.333671299 -0.885878169 0 0 0 6.10351562e-05
-0.271203398 -0.344087553 -0.563581501 0 0 0 6.10351562e-05
0.583770975 -0.337540642 0.417925905 0 0 0 6.10351562e-05
-0.0630571 -0.323202461 -0.905375387 0 0 0 6.10351562e-05
0.322528035 -0.192607975 -0.857057231 0 0 0 6.10351562e-05
0.116824138 -0.0993425664 -0.386706523 0 0 0 6.10351562e-05
0.101583719 -0.0425902973 -0.951703256 0 0 0 6.10351562e-05
0.171292341 -0.29141757 -0.609520547 0 0 0 6.10351562e-05
-0.0973440544 0.742716553 0.0200197302 0 0 0 6.10351562e-05
0.0414879255 0.304148277 -0.544166079 0 0 0 6.10351562e-05
0.20380267 -0.865400234 0.272177194 0 0 0 6.10351562e-05
-0.0748528362 0.710544405 -0.689808082 0 0 0 6.10351562e-05
-0.257556859 0.622090839 -0.531304068 0 0 0 6.10351562e-05
0.454570385 -0.276091903 -0.278064728 0 0 0 6.10351562e-05
0.427384486 0.500020675 0.134451271 0 0 0 6.10351562e-05
0.0663945498 -0.627861525 -0.715418818 0 0 0 6.10351562e-05
-0.0746057484 -0.534895933 -0.652378474 0 0 0 6.10351562e-05
0.832234258 -0.133254783 -0.35778258 0 0 0 6.10351562e-05
0.00447762369 0.482727819 0.319397325 0 0 0 6.10351562e-05
-0.667855775 0.0696487208 0.325811772 0 0 0 6.10351562e-05
-0.720385289 -0.236363872 0.195613639 0 0 0 6.10351562e-05
-0.170861738 -0.115528048 -0.150635544 0 0 0 6.10351562e-05
-0.352637332 -0.62752844 0.642665727 0 0 0 6.10351562e-05
0.0460547177 0.110885652 0.538082207 0 0 0 6.10351562e-05
0.28724085 0.336249359 -0.807450687 0 0 0 6.10351562e-05
0.196347878 -0.39376138 -0.392390588 0 0 0 6.10351562e-05
0.635483904 -0.707850377 0.121158096 0 0 0 6.10351562e-05
-0.183621292 -0.582136257 0.424449902 0 0 0 6.10351562e-05
0.211332765 0.172999383 0.527878994 0 0 0 6.10351562e-05
-0.027733881 0.223078953 0.578918545 0 0 0 6.10351562e-05
-0.65519781 -0.571236794 0.127573467 0 0 0 6.10351562e-05
0.614678058 0.0519368366 -0.272173458 0 0 0 6.10351562e-05
-0.57583526 -0.480589266 0.147691176 0 0 0 6.10351562e-05
0.331264584 0.0847920587 -0.711037246 0 0 0 6.10351562e-05
0.494536472 -0.622633557 -0.0592990473 0 0 0 6.10351562e-05
-0.620634588 -0.579740487 0.121117044 0 0 0 6.10351562e-05
0.399430996 0.00623294888 0.357563094 0 0 0 6.10351562e-05
-0.57564061 -0.222001302 0.188940811 0 0 0 6.10351562e-05
0.522018188 -0.728288334 0.422225989 0 0 0 6.10351562e-05
0.427574041 0.0823256461 -0.181070996 0 0 0 6.10351562e-05
-0.152168087 0.691886966 -0.580642835 0 0 0 6.10351562e-05
0.779595035 0.510475156 0.325377265 0 0 0 6.10351562e-05
-0.09386238 0.0123123461 0.67409275 0 0 0 6.10351562e-05
0.352489409 0.523159943 -0.356846802 0 0 0 6.10351562e-05
-0.587906816 -0.586692731 -0.275710894 0 0 0 6.10351562e-05
-0.450923093 -0.798698529 -0.0124458707 0 0 0 6.10351562e-05
0.7557216 0.197202111 0.0203549939 0 0 0 6.10351562e-05
-0.510843454 0.452078954 -0.0963401947 0 0 0 6.10351562e-05
0.836275063 -0.0589041374 0.137484314 0 0 0 6.10351562e-05
-0.0129627286 -0.145002539 0.582899632 0 0 0 6.10351562e-05
0.0978882431 0.125676859 0.131160655 0 0 0 6.10351562e-05
0.185077768 -0.554673809 0.314092892 0 0 0 6.10351562e-05
-0.806391844 -0.262301514 0.474680024 0 0 0 6.10351562e-05
-0.445209678 -0.59111604 0.59914372 0 0 0 6.10351562e-05
-0.112962194 0.619765398 0.12417565 0 0 0 6.10351562e-05
0.074748027 -0.135947173 0.726723028 0 0 0 6.10351562e-05
0.548131313 0.7745429 -0.30858347 0 0 0 6.10351562e-05
0.28436907 0.406181 -0.666626852 0 0 0 6.10351562e-05
-0.139847377 -0.725393847 0.622573616 0 0 0 6.10351562e-05
0.225479684 0.169844816 0.716713608 0 0 0 6.10351562e-05
0.0810756505 0.859659263 -0.320374494 0 0 0 6.10351562e-05
-0.763157564 0.17189692 -0.345136132 0 0 0 6.10351562e-05
0.657899555 0.182462679 -0.374752395 0 0 0 6.10351562e-05
-0.746637268 -0.0617406388 0.52791497 0 0 0 6.10351562e-05
0.498549509 0.547355376 0.2015784 0 0 0 6.10351562e-05
-0.352275998 -0.809106659 -0.38702981 0 0 0 6.10351562e-05
-0.0682792732 -0.00637699376 0.0384823281 0 0 0 6.10351562e-05
0.197035421 0.62607972 -0.172155011 0 0 0 6.10351562e-05
0.219870246 -0.54715822 -0.754895433 0 0 0 6.10351562e-05
0.422794579 0.660918737 -0.326888429 0 0 0 6.10351562e-05
0.690386396 0.404364858 0.293747078 0 0 0 6.10351562e-05
-0.550737776 -0.552002961 -0.398171594 0 0 0 6.10351562e-05
0.311401896 -0.460411566 -0.0763676237 0 0 0 6.10351562e-05
-0.24780685 -0.536775977 0.337000581 0 0 0 6.10351562e-05
0.0372395235 0.0434984169 0.154773276 0 0 0 6.10351562e-05
-0.422069621 -0.786057991 0.193445008 0 0 0 6.10351562e-05
0.268901595 -0.927393963 0.139148958 0 0 0 6.10351562e-05
-0.331660456 0.775505602 0.345994137 0 0 0 6.10351562e-05
0.522105381 -0.0513883478 0.448541845 0 0 0 6.10351562e-05
0.390966407 -0.0555053035 0.301181378 0 0 0 6.10351562e-05
0.17930779 0.373092397 -0.305460963 0 0 0 6.10351562e-05
-0.0693782739 -0.538207882 0.738077796 0 0 0 6.10351562e-05
-0.388276197 0.768290318 -0.499798018 0 0 0 6.10351562e-05
-0.00181753187 -0.267695343 -0.714679406 0 0 0 6.10351562e-05
0.149724702 0.517863767 -0.790425184 0 0 0 6.10351562e-05
0.500263026 -0.147983529 0.374855915 0 0 0 6.10351562e-05
0.573312927 -0.191943568 0.409113041 0 0 0 6.10351562e-05
0.485823772 -0.667479518 -0.473502717 0 0 0 6.10351562e-05
0.443964717 -0.315627315 0.0572442677 0 0 0 6.10351562e-05
-0.649545697 0.192835385 -0.364188765 0 0 0 6.10351562e-05
-0.307803344 -0.260997123 -0.106975667 0 0 0 6.10351562e-05
-0.125033583 -0.30134416 0.415053601 0 0 0 6.10351562e-05
-0.437393482 -0.262769052 0.0248612055 0 0 0 6.10351562e-05
-0.0733094189 -0.522691784 -0.515477952 0 0 0 6.10351562e-05
0.568286419 0.733507766 0.206685456 0 0 0 6.10351562e-05
0.155114051 0.373795284 -0.0428933863 0 0 0 6.10351562e-05
-0.249980672 -0.225843772 -0.927726102 0 0 0 6.10351562e-05
0.117651566 -0.107397883 -0.324305335 0 0 0 6.10351562e-05
0.0133354851 0.646100592 -0.128767747 0 0 0 6.10351562e-05
0.329136768 -0.270683733 -0.332584075 0 0 0 6.10351562e-05
-0.270358406 0.418961353 -0.584193665 0 0 0 6.10351562e-05
0.409124816 0.536943959 -0.651394075 0 0 0 6.10351562e-05
-0.647740741 -0.65703834 0.352495074 0 0 0 6.10351562e-05
0.142225705 0.580002086 0.498676791 0 0 0 6.10351562e-05
-0.509782655 -0.495601322 0.230539312 0 0 0 6.10351562e-05
-0.586856154 0.427340229 -0.336220052 0 0 0 6.10351562e-05
0.0176077071 -0.461111006 -0.70570168 0 0 0 6.10351562e-05
0.781665431 -0.39805606 -0.169141665 0 0 0 6.10351562e-05
0.502456164 0.444663651 -0.324573904 0 0 0 6.10351562e-05
0.296913874 -0.115576575 0.700631837 0 0 0 6.10351562e-05
0.524275636 -0.0312466141 -0.246757442 0 0 0 6.10351562e-05
0.0217496105 -0.484292487 0.0549629528 0 0 0 6.10351562e-05
-0.32280025 0.625589132 -0.650924386 0 0 0 6.10351562e-05
0.254124484 0.626339525 -0.304152225 0 0 0 6.10351562e-05
0.64254539 0.447711753 -0.306428848 0 0 0 6.10351562e-05
-0.0356475938 -0.796447719 -0.445429357 0 0 0 6.10351562e-05
0.576453914 0.538015956 -0.45880318 0 0 0 6.10351562e-05
0.0214346046 0.146458191 -0.337764934 0 0 0 6.10351562e-05
-0.245681934 -0.0307021081 -0.472602178 0 0 0 6.10351562e-05
0.263036162 -0.77572784 0.557848729 0 0 0 6.10351562e-05
0.730621037 -0.208532182 0.238752629 0 0 0 6.10351562e-05
0.531720638 0.128967935 -0.411544788 0 0 0 6.10351562e-05
-0.13678825 0.423395571 -0.268458929 0 0 0 6.10351562e-05
0.197247305 -0.158843082 0.628556944 0 0 0 6.10351562e-05
-0.927740223 -0.0486148488 -0.0578017445 0 0 0 6.10351562e-05
-0.00587053855 0.743616742 -0.361163677 0 0 0 6.10351562e-05
0.113094888 -0.286482702 0.863597048 0 0 0 6.10351562e-05
-0.761899968 -0.480928782 -0.0598569897 0 0 0 6.10351562e-05
-0.0935628672 -0.542256 0.473883193 0 0 0 6.10351562e-05
-0.463259187 -0.0637297328 0.0297845019 0 0 0 6.10351562e-05
0.330136049 0.533781823 0.449192282 0 0 0 6.10351562e-05
-0.283708329 -0.0491100092 -0.225224465 0 0 0 6.10351562e-05
-0.634836192 -0.37309457 -0.382508568 0 0 0 6.10351562e-05
0.361170933 0.234491518 -0.346375021 0 0 0 6.10351562e-05
0.508019019 0.209281486 -0.157931642 0 0 0 6.10351562e-05
-0.197149327 -0.460906539 0.831693768 0 0 0 6.10351562e-05
-0.960941266 -0.0737286529 -0.218702725 0 0 0 6.10351562e-05
0.197469746 0.0321245141 -0.881569557 0 0 0 6.10351562e-05
0.149904214 0.23419754 0.548239943 0 0 0 6.10351562e-05
0.0868078602 0.137890649 0.784884055 0 0 0 6.10351562e-05
0.615157385 0.676486273 0.0588020352 0 0 0 6.10351562e-05
-0.383187834 -0.440694005 -0.336072895 0 0 0 6.10351562e-05
-0.564466112 -0.144301287 0.691520277 0 0 0 6.10351562e-05
0.394793885 -0.693830086 0.01142852 0 0 0 6.10351562e-05
-0.505046029 -0.219926006 -0.0108406419 0 0 0 6.10351562e-05
0.302912403 0.717772054 0.56566345 0 0 0 6.10351562e-05
-0.650831961 -0.487250762 0.329433071 0 0 0 6.10351562e-05
-0.119944002 0.369395206 0.678987435 0 0 0 6.10351562e-05
0.765452425 -0.390850254 -0.173766327 0 0 0 6.10351562e-05
-0.208135148 0.391087364 0.743329082 0 0 0 6.10351562e-05
0.261426445 -0.863910967 0.0284141569 0 0 0 6.10351562e-05
-0.60976928 -0.119932744 0.0846787729 0 0 0 6.10351562e-05
-0.400426838 -0.206052713 -0.453687086 0 0 0 6.10351562e-05
-0.639753535 -0.153481531 0.660987215 0 0 0 6.10351562e-05
0.380188806 -0.178840307 0.247657199 0 0 0 6.10351562e-05
0.344284936 -0.302623967 0.303349749 0 0 0 6.10351562e-05
0.716891341 0.525450503 -0.0673885867 0 0 0 6.10351562e-05
-0.468161439 -0.353821133 0.783641729 0 0 0 6.10351562e-05
0.71295733 -0.0862235214 0.549507917 0 0 0 6.10351562e-05
-0.684269755 -0.512542729 0.290697589 0 0 0 6.10351562e-05
0.277073716 -0.808227866 0.403507728 0 0 0 6.10351562e-05
0.359316071 0.346319943 0.0554112635 0 0 0 6.10351562e-05
-0.865800151 -0.358042486 -0.250969355 0 0 0 6.10351562e-05
-0.400474138 -0.333216677 -0.068105848 0 0 0 6.10351562e-05
-0.855499222 0.118533869 0.0606808015 0 0 0 6.10351562e-05
-0.830825346 -0.481310344 -0.117121357 0 0 0 6.10351562e-05
0.251555045 -0.0316413648 0.564010826 0 0 0 6.10351562e-05
-0.0483721142 -0.243658573 -0.952195394 0 0 0 6.10351562e-05
-0.902280367 0.336295785 -0.0841069736 0 0 0 6.10351562e-05
0.440190973 0.678477518 0.302599146 0 0 0 6.10351562e-05
-0.397620101 0.262126179 0.172439419 0 0 0 6.10351562e-05
0.340696942 0.90699288 -0.143095009 0 0 0 6.10351562e-05
-0.27384867 -0.337989815 -0.443711882 0 0 0 6.10351562e-05
0.693839346 0.36929715 -0.283544081 0 0 0 6.10351562e-05
-0.162269905 -0.58814854 0.499766231 0 0 0 6.10351562e-05
-0.0846261557 -0.142544713 0.60609997 0 0 0 6.10351562e-05
0.157269633 -0.404581528 0.255933023 0 0 0 6.10351562e-05
0.452391711 -0.187668789 0.451808627 0 0 0 6.10351562e-05
-0.672756872 -0.0349454138 -0.672070394 0 0 0 6.10351562e-05
-0.397206617 -0.213601247 0.627878519 0 0 0 6.10351562e-05
0.323943944 -0.395931089 0.336247912 0 0 0 6.10351562e-05
0.144944427 0.147016924 0.249861969 0 0 0 6.10351562e-05
0.380748532 0.0227039036 -0.471127308 0 0 0 6.10351562e-05
-0.751208501 0.244471356 0.513019453 0 0 0 6.10351562e-05
-0.500462759 0.371851426 0.478608501 0 0 0 6.10351562e-05
-0.889164453 -0.0285401564 0.155137503 0 0 0 6.10351562e-05
0.314557462 0.437303169 -0.434949075 0 0 0 6.10351562e-05
-0.249119866 0.158919157 0.865858018 0 0 0 6.10351562e-05
-0.185522747 0.342700859 0.85173098 0 0 0 6.10351562e-05
0.35748253 -0.638859515 -0.561270106 0 0 0 6.10351562e-05
0.0840935024 -0.205280951 0.586404725 0 0 0 6.10351562e-05
0.443201024 0.278694957 -0.807236346 0 0 0 6.10351562e-05
0.388207173 0.1436703 -0.421667205 0 0 0 6.10351562e-05
-0.026213311 0.448433616 -0.709188801 0 0 0 6.10351562e-05
0.44102353 -0.334576884 0.804347993 0 0 0 6.10351562e-05
-0.0110847061 0.0531921709 0.0595028567 0 0 0 6.10351562e-05
-0.391073821 -0.348496912 -0.227096439 0 0 0 6.10351562e-05
-0.0574647413 0.386011141 0.254097814 0 0 0 6.10351562e-05
0.231684245 -0.687915256 0.653076067 0 0 0 6.10351562e-05
-0.419879197 0.448648593 -0.298711585 0 0 0 6.10351562e-05
-0.151630564 0.0975433604 -0.632719438 0 0 0 6.10351562e-05
-0.170002213 -0.56029525 0.442988988 0 0 0 6.10351562e-05
0.465179149 0.524571797 -0.393836957 0 0 0 6.10351562e-05
-0.33910039 0.418142073 -0.325267543 0 0 0 6.10351562e-05
0.212117312 -0.711201365 -0.05672948 0 0 0 6.10351562e-05
-0.0909113541 -0.442027346 -0.208682399 0 0 0 6.10351562e-05
-0.831319666 -0.417881915 -0.106496206 0 0 0 6.10351562e-05
0.113583567 -0.492475625 0.621630704 0 0 0 6.10351562e-05
0.534872679 0.286254483 -0.0814798611 0 0 0 6.10351562e-05
0.594369272 0.0130349591 0.203647017 0 0 0 6.10351562e-05
0.176199522 0.702167478 -0.671824952 0 0 0 6.10351562e-05
0.36764243 0.849849713 -0.346746928 0 0 0 6.10351562e-05
0.759021514 0.107410699 0.487557905 0 0 0 6.10351562e-05
-0.0213346337 -0.083936664 -0.795953942 0 0 0 6.10351562e-05
0.152297854 -0.689799088 -0.455325476 0 0 0 6.10351562e-05
-0.391748266 -0.216482034 -0.337186841 0 0 0 6.10351562e-05
0.665256148 -0.000942711204 -0.715517533 0 0 0 6.10351562e-05
-0.533843822 0.797344339 -0.00344198004 0 0 0 6.10351562e-05
0.676046232 0.121731854 0.180532914 0 0 0 6.10351562e-05
-0.268682836 -0.701984892 0.603509599 0 0 0 6.10351562e-05
-0.497525308 0.473512505 -0.0259872168 0 0 0 6.10351562e-05
0.116756308 -0.719122208 0.161226811 0 0 0 6.10351562e-05
-0.0923601851 0.31713703 0.245453444 0 0 0 6.10351562e-05
-0.0951202974 0.641390768 0.407356685 0 0 0 6.10351562e-05
-0.790384852 0.0188579552 0.483207834 0 0 0 6.10351562e-05
0.00761387436 -0.878182082 -0.449555544 0 0 0 6.10351562e-05
-0.566017411 0.496088672 0.0581491415 0 0 0 6.10351562e-05
0.889723768 0.285614514 0.231690435 0 0 0 6.10351562e-05
-0.230621095 -0.396198117 0.087020114 0 0 0 6.10351562e-05
0.346599683 -0.10531 0.471805134 0 0 0 6.10351562e-05
-0.319134242 -0.833896585 0.393821353 0 0 0 6.10351562e-05
0.0796677006 0.720217632 0.176693055 0 0 0 6.10351562e-05
-0.351873385 0.243886326 -0.442095927 0 0 0 6.10351562e-05
-0.174584432 0.802387655 0.482910972 0 0 0 6.10351562e-05
0.71791545 -0.0278479047 -0.573821277 0 0 0 6.10351562e-05
-0.210982349 -0.381368044 -0.214238743 0 0 0 6.10351562e-05
-0.882215017 -0.133381126 -0.0315533611 0 0 0 6.10351562e-05
-0.0828074158 -0.743281456 -0.26963093 0 0 0 6.10351562e-05
0.201986626 -0.218740403 0.82173026 0 0 0 6.10351562e-05
0.9384404 -0.0651907127 -0.0739243221 0 0 0 6.10351562e-05
-0.582087758 -0.629349051 0.158836004 0 0 0 6.10351562e-05
-0.899958241 0.406518679 0.0480443062 0 0 0 6.10351562e-05
0.390110281 -0.558100642 0.332809275 0 0 0 6.10351562e-05
0.212498296 -0.280447546 0.361955133 0 0 0 6.10351562e-05
0.0624952912 -0.526514946 0.200621502 0 0 0 6.10351562e-05
0.384569114 0.500624445 0.160888837 0 0 0 6.10351562e-05
0.430286396 -0.893014012 0.104909758 0 0 0 6.10351562e-05
0.865587821 0.129003559 -0.0316852834 0 0 0 6.10351562e-05
-0.162596032 0.281444414 0.433768277 0 0 0 6.10351562e-05
0.572094693 0.262676959 -0.767574846 0 0 0 6.10351562e-05
0.524683072 -0.1197021 0.249694669 0 0 0 6.10351562e-05
0.840263591 0.179962981 0.0760136921 0 0 0 6.10351562e-05
-0.548585895 0.517838475 0.557181022 0 0 0 6.10351562e-05
-0.3043664 -0.012308263 0.191501442 0 0 0 6.10351562e-05
-0.40442678 0.64307679 -0.0167029277 0 0 0 6.10351562e-05
0.604606874 0.313796242 -0.204319909 0 0 0 6.10351562e-05
0.0450094172 0.24348955 0.945883685 0 0 0 6.10351562e-05
-0.0368807668 0.710412899 0.566242287 0 0 0 6.10351562e-05
-0.168098452 0.141964989 0.283626741 0 0 0 6.10351562e-05
-0.746162895 0.408970425 -0.101445202 0 0 0 6.10351562e-05
0.0715623049 -0.538817018 0.0649695091 0 0 0 6.10351562e-05
-0.11446059 -0.287842891 0.702579483 0 0 0 6.10351562e-05
-0.026698911 -0.83073871 0.0372447711 0 0 0 6.10351562e-05
-0.329053939 0.212045894 -0.88390035 0 0 0 6.10351562e-05
0.123144443 -0.118714591 -0.172920727 0 0 0 6.10351562e-05
-0.584595557 0.454497901 -0.242144346 0 0 0 6.10351562e-05
0.376138641 -0.885171902 -0.228185456 0 0 0 6.10351562e-05
-0.817238699 -0.120907368 0.411238814 0 0 0 6.10351562e-05
0.425600858 -0.427220319 -0.342169313 0 0 0 6.10351562e-05
0.783380125 -0.115836885 -0.42443889 0 0 0 6.10351562e-05
0.0461755237 -0.622713014 -0.397882897 0 0 0 6.10351562e-05
0.532658593 -0.697888374 0.032807417 0 0 0 6.10351562e-05
0.639603175 0.400620642 0.0558703847 0 0 0 6.10351562e-05
-0.444931777 0.824525648 0.169026648 0 0 0 6.10351562e-05
-0.568002527 -0.383400883 0.626635244 0 0 0 6.10351562e-05
-0.684649987 0.203611844 0.12845523 0 0 0 6.10351562e-05
-0.909638448 -0.00943251631 -0.124224898 0 0 0 6.10351562e-05
-0.756769512 0.493241233 0.122194287 0 0 0 6.10351562e-05
-0.529956604 -0.232264062 -0.254073529 0 0 0 6.10351562e-05
-0.371930323 -0.629133189 0.486348019 0 0 0 6.10351562e-05
0.0741488747 0.246057997 0.538499785 0 0 0 6.10351562e-05
0.613015821 -0.225289763 -0.384797393 0 0 0 6.10351562e-05
0.371460215 0.86414102 -0.317161194 0 0 0 6.10351562e-05
0.183408795 0.234287427 0.358498064 0 0 0 6.10351562e-05
0.446660926 -0.262960072 0.200946038 0 0 0 6.10351562e-05
-0.447064612 -0.52970969 0.118879155 0 0 0 6.10351562e-05
-0.590850532 0.246095887 0.202356318 0 0 0 6.10351562e-05
-0.273347926 -0.163854333 -0.518756796 0 0 0 6.10351562e-05
0.60028038 -0.655569802 -0.207976361 0 0 0 6.10351562e-05
-0.706017162 -0.589489385 0.324581524 0 0 0 6.10351562e-05
-0.51737266 0.373904821 -0.235247 0 0 0 6.10351562e-05
0.141699792 -0.258715105 -0.262197391 0 0 0 6.10351562e-05
0.120351293 0.456457855 0.0439278628 0 0 0 6.10351562e-05
0.32404623 0.102394383 -0.425850506 0 0 0 6.10351562e-05
-0.411834784 -0.521637255 -0.26835747 0 0 0 6.10351562e-05
-0.225191346 0.0058039938 -0.414728229 0 0 0 6.10351562e-05
-0.120818013 -0.751378115 -0.239876141 0 0 0 6.10351562e-05
-0.505833075 0.329437227 -0.0864857491 0 0 0 6.10351562e-05
0.941786243 -0.0376032465 0.307392595 0 0 0 6.10351562e-05
0.2305912 -0.0425768102 0.568726802 0 0 0 6.10351562e-05
-0.213285234 -0.268173881 -0.438521019 0 0 0 6.10351562e-05
0.328524414 -0.273293945 -0.758188668 0 0 0 6.10351562e-05
0.0317632866 0.233765126 -0.00270782858 0 0 0 6.10351562e-05
0.163942983 -0.109184203 0.792028352 0 0 0 6.10351562e-05
0.210542093 0.588640257 -0.750227571 0 0 0 6.10351562e-05
-0.538679686 0.378743864 -0.678288356 0 0 0 6.10351562e-05
-0.292601906 0.542423846 -0.572368348 0 0 0 6.10351562e-05
0.466407087 -0.186668883 0.80711923 0 0 0 6.10351562e-05
0.374595674 -0.132900609 -0.0628016709 0 0 0 6.10351562e-05
0.115857657 -0.0623167498 -0.853612301 0 0 0 6.10351562e-05
-0.72490275 0.0422403398 -0.0812696052 0 0 0 6.10351562e-05
-0.692531925 0.107576702 0.190564717 0 0 0 6.10351562e-05
0.788625649 -0.552296196 -0.173786853 0 0 0 6.10351562e-05
-0.689830329 0.520071919 0.0121095745 0 0 0 6.10351562e-05
-0.143490848 -0.338779927 -0.737557416 0 0 0 6.10351562e-05
0.346131948 -0.202759722 -0.224103183 0 0 0 6.10351562e-05
0.617116957 -0.697056194 0.151556666 0 0 0 6.10351562e-05
0.000734072597 -0.632587077 -0.279229205 0 0 0 6.10351562e-05
-0.252466908 -0.470007283 0.72949268 0 0 0 6.10351562e-05
0.269462208 0.12730049 0.765464855 0 0 0 6.10351562e-05
-0.0617699536 -0.127278103 -0.0155418356 0 0 0 6.10351562e-05
-0.434098612 0.0643634455 0.581313046 0 0 0 6.10351562e-05
-0.2875501 -0.0124604237 -0.922481983 0 0 0 6.10351562e-05
-0.667894145 0.00623153499 -0.304717962 0 0 0 6.10351562e-05
0.5096254 0.118512002 -0.54945335 0 0 0 6.10351562e-05
0.684763628 -0.484853811 0.318115942 0 0 0 6.10351562e-05
0.123843941 -0.973694154 0.0754893787 0 0 0 6.10351562e-05
-0.379527371 -0.224146186 -0.268626338 0 0 0 6.10351562e-05
0.145131265 0.516568351 0.361106319 0 0 0 6.10351562e-05
-0.909818572 -0.0886070315 0.165606995 0 0 0 6.10351562e-05
0.233288835 0.451115452 0.574745901 0 0 0 6.10351562e-05
0.613975794 0.317999297 -0.648626569 0 0 0 6.10351562e-05
-0.187236987 0.263023488 -0.501017706 0 0 0 6.10351562e-05
0.679092278 0.0289476275 -0.490053284 0 0 0 6.10351562e-05
0.135526434 -0.162146246 0.0367357501 0 0 0 6.10351562e-05
-0.00557972157 -0.429210972 0.71512361 0 0 0 6.10351562e-05
0.596527988 -0.376639634 0.19091292 0 0 0 6.10351562e-05
0.26300641 0.151312996 -0.824877291 0 0 0 6.10351562e-05
-0.522087314 0.192086395 0.0916552121 0 0 0 6.10351562e-05
0.569830681 -0.41672123 -0.107590176 0 0 0 6.10351562e-05
0.246745318 0.704629 0.0351544844 0 0 0 6.10351562e-05
0.488067076 -0.231540197 0.52791855 0 0 0 6.10351562e-05
0.0942478873 -0.525970903 0.351572662 0 0 0 6.10351562e-05
-0.532443166 -0.568684628 -0.52608832 0 0 0 6.10351562e-05
-0.197803033 -0.96924311 -0.0395536892 0 0 0 6.10351562e-05
-0.644743316 -0.519107063 0.0831250344 0 0 0 6.10351562e-05
0.456209677 0.489201506 0.0211183048 0 0 0 6.10351562e-05
-0.152812576 -0.176529028 0.791520179 0 0 0 6.10351562e-05
-0.811570372 0.0740801203 0.417083286 0 0 0 6.10351562e-05
0.182331324 0.0636801722 -0.393306672 0 0 0 6.10351562e-05
0.614910523 0.309875163 0.676408914 0 0 0 6.10351562e-05
-0.440454387 -0.229040213 -0.583869106 0 0 0 6.10351562e-05
0.61770231 0.232026399 -0.742140854 0 0 0 6.10351562e-05
-0.494884717 -0.640561994 0.195494785 0 0 0 6.10351562e-05
-0.135145052 -0.711386289 0.590290246 0 0 0 6.10351562e-05
-0.415214841 -0.273154362 0.157595729 0 0 0 6.10351562e-05
-0.0599334454 -0.232431177 0.398057699 0 0 0 6.10351562e-05
0.386826908 0.639281752 0.32231872 0 0 0 6.10351562e-05
0.101351831 -0.222345513 -0.0629768801 0 0 0 6.10351562e-05
0.190820259 0.561893376 -0.405477121 0 0 0 6.10351562e-05
0.672390615 -0.068395013 -0.623477172 0 0 0 6.10351562e-05
0.784231489 0.0312604454 0.0622484886 0 0 0 6.10351562e-05
-0.0732076967 0.10217819 -0.291829803 0 0 0 6.10351562e-05
0.245637914 -0.0497700986 -0.376178176 0 0 0 6.10351562e-05
-0.295152783 -0.357278115 0.0539421779 0 0 0 6.10351562e-05
-0.272048762 0.264518882 0.470373648 0 0 0 6.10351562e-05
-0.188829367 0.50704914 0.0837166778 0 0 0 6.10351562e-05
0.0625619067 -0.0460528363 0.198644608 0 0 0 6.10351562e-05
0.106259769 -0.790854603 -0.512836409 0 0 0 6.10351562e-05
-0.000413194419 0.196349974 -0.800688474 0 0 0 6.10351562e-05
0.298942633 -0.638476548 0.60016349 0 0 0 6.10351562e-05
0.780801629 0.252089845 0.0937531065 0 0 0 6.10351562e-05
0.0618331333 0.182124439 0.304083428 0 0 0 6.10351562e-05
0.280601018 -0.791365831 -0.453257641 0 0 0 6.10351562e-05
0.761350129 0.430038125 0.150287258 0 0 0 6.10351562e-05
-0.236131509 -0.386586465 0.485924035 0 0 0 6.10351562e-05
-0.345100762 -0.689693921 0.0522083187 0 0 0 6.10351562e-05
-0.416818891 0.124033544 0.283153896 0 0 0 6.10351562e-05
0.896515612 -0.21098567 0.0846281191 0 0 0 6.10351562e-05
-0.699949237 0.267053203 0.0811750211 0 0 0 6.10351562e-05
-0.862852824 -0.111998466 -0.224142618 0 0 0 6.10351562e-05
0.467526763 0.815378768 0.319333461 0 0 0 6.10351562e-05
0.700350213 -0.0937268577 0.605104301 0 0 0 6.10351562e-05
-0.0857004369 -0.0874346395 0.252439027 0 0 0 6.10351562e-05
0.0407355851 -0.594800926 -0.489866978 0 0 0 6.10351562e-05
0.282739213 0.344099089 0.600267929 0 0 0 6.10351562e-05
0.269973647 0.942523075 -0.0480810818 0 0 0 6.10351562e-05
0.0808579617 -0.434763309 0.340347483 0 0 0 6.10351562e-05
0.118744142 -0.0400748403 -0.376222146 0 0 0 6.10351562e-05
-0.881368812 0.0573527895 0.00631592064 0 0 0 6.10351562e-05
-0.293744117 0.810672162 -0.0936541655 0 0 0 6.10351562e-05
0.629041989 0.157800587 -0.262118387 0 0 0 6.10351562e-05
0.110393626 -0.843618918 -0.232437824 0 0 0 6.10351562e-05
0.511680308 0.808417435 0.276533697 0 0 0 6.10351562e-05
0.327640988 -0.801436569 0.2067194 0 0 0 6.10351562e-05
0.836560274 0.000618709745 -0.487547861 0 0 0 6.10351562e-05
0.0461851612 0.182526734 -0.340376507 0 0 0 6.10351562e-05
0.503137321 -0.444263646 0.176838267 0 0 0 6.10351562e-05
-0.432668219 0.390899183 0.437418819 0 0 0 6.10351562e-05
-0.389714112 -0.472990794 0.0395633239 0 0 0 6.10351562e-05
-0.304300833 0.115949914 -0.939730717 0 0 0 6.10351562e-05
0.431733365 -0.206175668 0.516329566 0 0 0 6.10351562e-05
0.138813962 0.453285731 -0.646330132 0 0 0 6.10351562e-05
0.125155799 -0.508492613 -0.811528966 0 0 0 6.10351562e-05
0.145227464 -0.236297481 0.523308541 0 0 0 6.10351562e-05
-0.574895296 0.806394278 0.138502466 0 0 0 6.10351562e-05
-0.0613392676 -0.455601459 -0.0390216682 0 0 0 6.10351562e-05
-0.340488647 -0.493654259 -0.469434501 0 0 0 6.10351562e-05
-0.23824563 -0.419901527 0.0189612524 0 0 0 6.10351562e-05
-0.00893736397 0.349870362 -0.801663563 0 0 0 6.10351562e-05
0.89113103 0.0753524857 -0.34201859 0 0 0 6.10351562e-05
-0.112925731 -0.413006292 -0.757663872 0 0 0 6.10351562e-05
0.498203162 0.0373513994 0.563972924 0 0 0 6.10351562e-05
0.267081509 0.71269136 -0.383380506 0 0 0 6.10351562e-05
-0.0356826532 -0.178401863 0.248892433 0 0 0 6.10351562e-05
0.32445714 -0.317994489 -0.871712003 0 0 0 6.10351562e-05
-0.172154887 0.834725796 -0.0968476467 0 0 0 6.10351562e-05
-0.824192224 -0.0266159658 0.547933313 0 0 0 6.10351562e-05
0.345952578 -0.0808866849 -0.243693681 0 0 0 6.10351562e-05
-0.448209902 0.34112882 0.129153419 0 0 0 6.10351562e-05
0.253246243 -0.0524464057 0.568197194 0 0 0 6.10351562e-05
-0.150918832 0.105445434 -0.398518289 0 0 0 6.10351562e-05
-0.197693344 -0.0093900598 -0.26396829 0 0 0 6.10351562e-05
-0.0529240695 -0.0840610028 0.874024787 0 0 0 6.10351562e-05
-0.133938581 -0.720205566 -0.13120008 0 0 0 6.10351562e-05
-0.346155886 0.473250404 0.365881081 0 0 0 6.10351562e-05
-0.13946927 -0.832419619 -0.30041116 0 0 0 6.10351562e-05
0.356038422 -0.131734938 -0.706906298 0 0 0 6.10351562e-05
0.69831119 -0.666517884 0.143730216 0 0 0 6.10351562e-05
-0.605195545 -0.536702231 0.116405283 0 0 0 6.10351562e-05
-0.102211255 -0.482891708 0.594551282 0 0 0 6.10351562e-05
-0.460438665 -0.0950346593 -0.857828829 0 0 0 6.10351562e-05
0.120846045 0.194042468 0.16969458 0 0 0 6.10351562e-05
-0.959070391 0.0434647593 0.267535594 0 0 0 6.10351562e-05
-0.691803082 -0.359536193 -0.127011178 0 0 0 6.10351562e-05
0.768129158 0.186387605 0.199355868 0 0 0 6.10351562e-05
-0.500091459 -0.549495166 -0.182935938 0 0 0 6.10351562e-05
0.21731181 -0.766614231 0.181458001 0 0 0 6.10351562e-05
0.273328917 -0.162855975 -0.742387886 0 0 0 6.10351562e-05
-0.815017224 0.0048966487 -0.553123331 0 0 0 6.10351562e-05
-0.0698342182 -0.486027341 -0.00981571178 0 0 0 6.10351562e-05
-0.60125256 -0.625446373 0.300456442 0 0 0 6.10351562e-05
-0.733672392 -0.487220375 0.139188068 0 0 0 6.10351562e-05
-0.765307845 0.326260427 -0.0226917867 0 0 0 6.10351562e-05
-0.0695679831 0.55981559 0.450324323 0 0 0 6.10351562e-05
-0.281876605 0.532650438 0.414979512 0 0 0 6.10351562e-05
-0.045837837 -0.47860081 0.344519873 0 0 0 6.10351562e-05
-0.637937624 0.262495429 -0.626805751 0 0 0 6.10351562e-05
0.0960404435 0.668526646 -0.534494153 0 0 0 6.10351562e-05
0.251487753 -0.203854416 -0.310303508 0 0 0 6.10351562e-05
-0.380788942 -0.240299746 -0.75219439 0 0 0 6.10351562e-05
-0.839184834 0.244392847 0.20514859 0 0 0 6.10351562e-05
0.126821477 0.522595516 -0.662406073 0 0 0 6.10351562e-05
-0.229285314 0.698985609 -0.111574018 0 0 0 6.10351562e-05
-0.35135367 0.0401883699 0.556889512 0 0 0 6.10351562e-05
-0.389197897 -0.901121872 0.173931293 0 0 0 6.10351562e-05
0.256712236 0.745173001 -0.205459824 0 0 0 6.10351562e-05
0.629055458 0.52294168 -0.486237083 0 0 0 6.10351562e-05
0.301734622 0.268579329 -0.50130993 0 0 0 6.10351562e-05
0.734277241 0.328373697 -0.289331878 0 0 0 6.10351562e-05
-0.456290927 -0.426492994 -0.145044555 0 0 0 6.10351562e-05
-0.22245764 0.538577767 0.0363983359 0 0 0 6.10351562e-05
0.25565342 -0.16813752 0.0892260184 0 0 0 6.10351562e-05
0.437040654 -0.10659937 -0.788018095 0 0 0 6.10351562e-05
-0.307117644 -0.472557813 -0.153831223 0 0 0 6.10351562e-05
-0.46232539 -0.81618618 -0.339831068 0 0 0 6.10351562e-05
0.177149502 0.573997062 0.345687119 0 0 0 6.10351562e-05
-0.341384293 0.389636719 -0.158809798 0 0 0 6.10351562e-05
0.71647407 0.316608866 -0.11542111 0 0 0 6.10351562e-05
-0.471122225 -0.559657168 0.673278609 0 0 0 6.10351562e-05
-0.741947472 0.139968807 0.592765736 0 0 0 6.10351562e-05
0.472890622 -0.203741246 -0.119831494 0 0 0 6.10351562e-05
0.38170011 -0.884411759 -0.208048072 0 0 0 6.10351562e-05
0.748809073 -0.106604558 0.00221887114 0 0 0 6.10351562e-05
0.233951102 -0.786118061 0.550112394 0 0 0 6.10351562e-05
-0.702490115 -0.638796666 0.242322553 0 0 0 6.10351562e-05
-0.39879413 0.186334556 -0.702549419 0 0 0 6.10351562e-05
0.716971179 -0.172160385 0.530942319 0 0 0 6.10351562e-05
0.258697623 0.303207603 -0.404574952 0 0 0 6.10351562e-05
0.312895383 -0.736432469 0.572774511 0 0 0 6.10351562e-05
0.127983897 0.430508122 -0.438458184 0 0 0 6.10351562e-05
-0.293986051 -0.152167269 0.674821618 0 0 0 6.10351562e-05
0.379338606 -0.447258629 0.64219719 0 0 0 6.10351562e-05
-0.390852275 -0.602691981 -0.461294571 0 0 0 6.10351562e-05
-0.688925055 -0.130094184 0.155128947 0 0 0 6.10351562e-05
0.389416774 -0.662583472 0.190355994 0 0 0 6.10351562e-05
-0.569290635 0.675927303 0.201779808 0 0 0 6.10351562e-05
0.494177079 -0.706582103 0.356425459 0 0 0 6.10351562e-05
-0.146537539 -0.774709706 -0.117156205 0 0 0 6.10351562e-05
0.00247155766 -0.79449492 0.142556255 0 0 0 6.10351562e-05
-0.26819594 -0.177278261 -0.304616733 0 0 0 6.10351562e-05
-0.153640176 -0.0500051985 0.421469334 0 0 0 6.10351562e-05
-0.665818889 -0.169017841 -0.183761173 0 0 0 6.10351562e-05
-0.44749918 -0.73714904 0.184795323 0 0 0 6.10351562e-05
0.638153011 0.511704464 -0.210614481 0 0 0 6.10351562e-05
-0.668389848 0.34208459 -0.151721341 0 0 0 6.10351562e-05
-0.436648978 0.150043069 -0.486348245 0 0 0 6.10351562e-05
-0.210551147 0.156500946 0.188643084 0 0 0 6.10351562e-05
0.267218402 0.209599523 -0.29789443 0 0 0 6.10351562e-05
0.0343795908 0.107553461 0.913408059 0 0 0 6.10351562e-05
-0.438252215 -0.598115784 -0.148013988 0 0 0 6.10351562e-05
0.377382143 -0.452965857 -0.545037632 0 0 0 6.10351562e-05
-0.193097037 -0.416969689 0.0461203584 0 0 0 6.10351562e-05
0.10461344 0.371926655 -0.513307587 0 0 0 6.10351562e-05
-0.184144444 0.85735913 -0.169253936 0 0 0 6.10351562e-05
-0.652845354 0.442022852 0.174588922 0 0 0 6.10351562e-05
-0.843574899 0.0804243973 0.282992673 0 0 0 6.10351562e-05
0.389661642 0.342746091 -0.722674476 0 0 0 6.10351562e-05
0.748655508 -0.0796214558 -0.32183766 0 0 0 6.10351562e-05
0.23135041 0.533700872 -0.587108032 0 0 0 6.10351562e-05
-0.367787978 -0.232687747 0.0648765978 0 0 0 6.10351562e-05
0.505442264 -0.515003002 0.214241874 0 0 0 6.10351562e-05
-0.174967609 -0.512881562 -0.611714078 0 0 0 6.10351562e-05
-0.391422673 -0.290515188 -0.607683346 0 0 0 6.10351562e-05
-0.482874069 0.588640929 -0.0573790281 0 0 0 6.10351562e-05
0.00392410068 -0.0635771151 -0.713659012 0 0 0 6.10351562e-05
0.52348549 -0.17660079 -0.593824181 0 0 0 6.10351562e-05
-0.127432543 0.48764108 0.0361138728 0 0 0 6.10351562e-05
-0.00441266142 -0.701406625 0.355164483 0 0 0 6.10351562e-05
0.143417856 0.451532908 -0.391469341 0 0 0 6.10351562e-05
0.431261969 -0.754308138 0.234661512 0 0 0 6.10351562e-05
0.36948416 -0.706713618 -0.275296014 0 0 0 6.10351562e-05
-0.280619677 -0.588101867 0.182962842 0 0 0 6.10351562e-05
-0.141384155 0.0770792831 -0.198443196 0 0 0 6.10351562e-05
0.47547241 -0.690838131 -0.25836517 0 0 0 6.10351562e-05
-0.351605509 -0.312012502 -0.17184176 0 0 0 6.10351562e-05
-0.00212098906 0.278935513 0.360775269 0 0 0 6.10351562e-05
0.14331534 -0.392098143 0.621026433 0 0 0 6.10351562e-05
0.341250522 0.757791469 0.29487402 0 0 0 6.10351562e-05
0.710197309 -0.342289272 -0.614131631 0 0 0 6.10351562e-05
0.620355853 -0.580831801 0.0257522378 0 0 0 6.10351562e-05
-0.149882514 -0.0318415413 -0.23444442 0 0 0 6.10351562e-05
-0.510271624 -0.0739576536 -0.0501220564 0 0 0 6.10351562e-05
-0.0482004865 0.562465702 -0.518363036 0 0 0 6.10351562e-05
0.517666623 0.069331107 0.564590245 0 0 0 6.10351562e-05
-0.113555415 0.0506992233 -0.374363715 0 0 0 6.10351562e-05
0.305584017 0.282441723 0.586182445 0 0 0 6.10351562e-05
-0.534319156 0.636934809 -0.275418024 0 0 0 6.10351562e-05
0.55585233 -0.24061917 -0.133389202 0 0 0 6.10351562e-05
-0.184023253 -0.0123875755 0.487124891 0 0 0 6.10351562e-05
0.130895641 -0.426285958 0.876644519 0 0 0 6.10351562e-05
0.0678720761 -0.22928252 -0.507266324 0 0 0 6.10351562e-05
0.346783317 0.711580178 0.480555096 0 0 0 6.10351562e-05
0.424106874 -0.252019874 0.231262987 0 0 0 6.10351562e-05
0.155061332 0.0452836493 -0.0776646723 0 0 0 6.10351562e-05
-0.664635479 0.256417345 -0.545040848 0 0 0 6.10351562e-05
0.334278218 0.19369002 0.492069168 0 0 0 6.10351562e-05
-0.0705995984 0.715965911 0.393587568 0 0 0 6.10351562e-05
0.697120634 -0.00972495623 0.223343133 0 0 0 6.10351562e-05
0.623745676 0.192379793 -0.102766641 0 0 0 6.10351562e-05
-0.190663407 0.306553767 0.849121756 0 0 0 6.10351562e-05
-0.0616938255 -0.663514011 0.704957912 0 0 0 6.10351562e-05
-0.463887908 0.761213647 -0.220467711 0 0 0 6.10351562e-05
0.632751996 -0.448339636 -0.550512102 0 0 0 6.10351562e-05
0.354930602 -0.579527122 0.359376534 0 0 0 6.10351562e-05
0.0412058073 0.915967117 -0.0111600733 0 0 0 6.10351562e-05
-0.471290858 0.22314117 -0.676087475 0 0 0 6.10351562e-05
-0.746340842 -0.0646942578 0.247013844 0 0 0 6.10351562e-05
-0.18926649 -0.904872013 -0.171989376 0 0 0 6.10351562e-05
0.209475703 0.282113639 0.00343819787 0 0 0 6.10351562e-05
0.450970954 -0.340066368 0.72184177 0 0 0 6.10351562e-05
0.166179214 -0.475781612 -0.0825002349 0 0 0 6.10351562e-05
0.177470023 0.408210592 0.18516651 0 0 0 6.10351562e-05
0.219470733 -0.83107376 -0.203399509 0 0 0 6.10351562e-05
-0.0824287573 -0.733026182 -0.581167674 0 0 0 6.10351562e-05
0.364235667 0.63940973 0.18141109 0 0 0 6.10351562e-05
-0.0773323474 -0.630241091 -0.0455282001 0 0 0 6.10351562e-05
0.13348365 0.815016524 -0.436929212 0 0 0 6.10351562e-05
0.196399525 0.469101082 -0.474925019 0 0 0 6.10351562e-05
0.21378165 0.1047144 -0.906339515 0 0 0 6.10351562e-05
0.799448923 -0.400948861 -0.0516947146 0 0 0 6.10351562e-05
0.0530288058 -0.33059841 -0.759884238 0 0 0 6.10351562e-05
0.483039695 0.69625554 0.411248293 0 0 0 6.10351562e-05
-0.0218491436 -0.446908321 -0.655406343 0 0 0 6.10351562e-05
0.036233086 0.586174768 0.501108825 0 0 0 6.10351562e-05
0.457087394 -0.279898253 0.59431578 0 0 0 6.10351562e-05
-0.226523304 -0.570492214 -0.294272948 0 0 0 6.10351562e-05
-0.281557473 0.098468095 0.342515394 0 0 0 6.10351562e-05
0.571984216 -0.713248925 0.0371050365 0 0 0 6.10351562e-05
0.480237631 -0.0714051452 0.125578271 0 0 0 6.10351562e-05
0.288486172 0.426223469 -0.819673166 0 0 0 6.10351562e-05
-0.228813158 -0.0696541061 0.0883994787 0 0 0 6.10351562e-05
0.469535187 0.335196132 -0.356093783 0 0 0 6.10351562e-05
-0.414043084 0.770545701 0.431433336 0 0 0 6.10351562e-05
0.287787538 -0.555198208 0.386459816 0 0 0 6.10351562e-05
0.401134453 0.542589011 0.113479785 0 0 0 6.10351562e-05
-0.163631404 -0.780076851 -0.0478620074 0 0 0 6.10351562e-05
0.462789997 -0.866439529 -0.123226297 0 0 0 6.10351562e-05
0.534195461 -0.379396898 -0.282703644 0 0 0 6.10351562e-05
0.0560870494 -0.0293070626 0.511998596 0 0 0 6.10351562e-05
0.234556117 0.168645615 0.914915769 0 0 0 6.10351562e-05
-0.157353262 0.759350793 -0.31295031 0 0 0 6.10351562e-05
0.03483164 -0.0735812994 0.902615395 0 0 0 6.10351562e-05
-0.718308975 -0.493746397 -0.432445012 0 0 0 6.10351562e-05
-0.684069189 0.48365535 -0.466195345 0 0 0 6.10351562e-05
0.0755743526 0.351892066 0.57541304 0 0 0 6.10351562e-05
-0.38312841 -0.259307747 0.0827785519 0 0 0 6.10351562e-05
0.0563969058 0.136789013 0.119618152 0 0 0 6.10351562e-05
0.297463634 -0.0528411624 0.55523947 0 0 0 6.10351562e-05
0.206316195 -0.353726377 0.32070901 0 0 0 6.10351562e-05
-0.0191172899 0.655185671 0.244136006 0 0 0 6.10351562e-05
-0.398967076 -0.0475046089 -0.501781824 0 0 0 6.10351562e-05
-0.190572277 -0.732862837 0.285771444 0 0 0 6.10351562e-05
0.292954052 0.601980949 -0.100078922 0 0 0 6.10351562e-05
0.60385434 0.375674578 0.112274866 0 0 0 6.10351562e-05
0.414083329 -0.0835505085 0.677057204 0 0 0 6.10351562e-05
0.484508855 -0.395250793 0.490182454 0 0 0 6.10351562e-05
-0.351508308 -0.0957097216 0.425134287 0 0 0 6.10351562e-05
0.337117534 -0.0718017809 -0.381185964 0 0 0 6.10351562e-05
0.00591298909 0.178538491 0.603168934 0 0 0 6.10351562e-05
0.622773347 0.51338086 0.418914526 0 0 0 6.10351562e-05
-0.356550434 0.565631488 0.736839251 0 0 0 6.10351562e-05
0.461816133 -0.0250856044 -0.209093619 0 0 0 6.10351562e-05
-0.147713052 0.176399621 0.820354281 0 0 0 6.10351562e-05
0.451383658 -0.0477107407 0.419514915 0 0 0 6.10351562e-05
0.00165506254 -0.145422948 -0.0930041057 0 0 0 6.10351562e-05
-0.557887668 -0.410627078 0.626676409 0 0 0 6.10351562e-05
-0.262668266 0.736287252 0.264139022 0 0 0 6.10351562e-05
0.534635989 -0.512247303 0.43391655 0 0 0 6.10351562e-05
0.157956656 -0.603308936 -0.522428706 0 0 0 6.10351562e-05
0.36158165 0.453982464 -0.0192298052 0 0 0 6.10351562e-05
-0.256776268 0.234144122 -0.223512678 0 0 0 6.10351562e-05
0.543018892 0.25443535 0.440849756 0 0 0 6.10351562e-05
-0.225822103 0.311450759 0.0607525852 0 0 0 6.10351562e-05
-0.965116068 -0.0922826813 0.0789160761 0 0 0 6.10351562e-05
0.639164592 -0.645305544 0.0896907779 0 0 0 6.10351562e-05
-0.00993973114 -0.675862451 -0.0581385908 0 0 0 6.10351562e-05
0.170860325 -0.309386777 0.0120890416 0 0 0 6.10351562e-05
-0.770061028 0.485527472 0.0269358225 0 0 0 6.10351562e-05
-0.308597167 0.295065194 0.536839069 0 0 0 6.10351562e-05
0.816935111 -0.0764498634 0.254759068 0 0 0 6.10351562e-05
0.20612211 -0.313452955 -0.666555636 0 0 0 6.10351562e-05
-0.623762844 -0.211314175 -0.0537061672 0 0 0 6.10351562e-05
0.415765356 -0.382477249 -0.0679426344 0 0 0 6.10351562e-05
-0.458148836 -0.0149934561 -0.460785904 0 0 0 6.10351562e-05
-0.167445877 -0.729127605 0.398417533 0 0 0 6.10351562e-05
0.554228962 -0.140099208 0.549781366 0 0 0 6.10351562e-05
0.73361741 -0.404054553 -0.241182556 0 0 0 6.10351562e-05
0.893486104 -0.31132752 0.0335688177 0 0 0 6.10351562e-05
0.0967499767 -0.380620529 0.797366696 0 0 0 6.10351562e-05
-0.311944044 -0.794851365 -0.113550046 0 0 0 6.10351562e-05
0.30946681 0.160345756 0.246513248 0 0 0 6.10351562e-05
-0.150703663 -0.424509373 0.810338087 0 0 0 6.10351562e-05
0.449932402 -0.178083726 0.749090924 0 0 0 6.10351562e-05
0.738543329 0.00322345706 0.297371503 0 0 0 6.10351562e-05
-0.644486656 0.262936287 0.582075372 0 0 0 6.10351562e-05
0.379213008 -0.480019691 0.471452776 0 0 0 6.10351562e-05
-0.447700344 -0.361475956 -0.735959727 0 0 0 6.10351562e-05
0.479644067 0.627637569 -0.164230274 0 0 0 6.10351562e-05
-0.248758216 -0.494613698 0.0898052086 0 0 0 6.10351562e-05
0.672540309 0.236664509 0.159998826 0 0 0 6.10351562e-05
-0.566578132 -0.23930648 -0.102597375 0 0 0 6.10351562e-05
-0.144485383 -0.129030266 0.823137373 0 0 0 6.10351562e-05
-0.146892702 -0.711830318 -0.309043805 0 0 0 6.10351562e-05
-0.129367666 -0.26529248 0.926870775 0 0 0 6.10351562e-05
-0.0898478067 0.828776085 -0.412469479 0 0 0 6.10351562e-05
0.205539585 -0.958609052 0.0637414207 0 0 0 6.10351562e-05
0.223907235 0.687385242 -0.354743959 0 0 0 6.10351562e-05
0.576393662 -0.36455043 0.602522994 0 0 0 6.10351562e-05
0.210552868 -0.438066451 0.113372761 0 0 0 6.10351562e-05
-0.2382025 -0.270251228 -0.715540129 0 0 0 6.10351562e-05
0.227743903 -0.0985615601 0.819048387 0 0 0 6.10351562e-05
-0.0969853672 0.467236252 -0.578976295 0 0 0 6.10351562e-05
-0.264322997 0.457329327 -0.372189108 0 0 0 6.10351562e-05
-0.18290185 -0.556948386 0.324872798 0 0 0 6.10351562e-05
0.329415017 0.653676575 0.0186502924 0 0 0 6.10351562e-05
-0.466673051 0.609491218 -0.207340121 0 0 0 6.10351562e-05
0.120028014 -0.0158894143 -0.0859269471 0 0 0 6.10351562e-05
-0.548041885 -0.168360643 -0.406030947 0 0 0 6.10351562e-05
0.239675228 -0.58111659 0.587407034 0 0 0 6.10351562e-05
-0.278970311 -0.100258397 0.417588849 0 0 0 6.10351562e-05
0.00465878988 -0.265210713 -0.234146382 0 0 0 6.10351562e-05
0.605977868 -0.391198499 -0.0794704011 0 0 0 6.10351562e-05
0.449722601 -0.139414175 0.57255648 0 0 0 6.10351562e-05
0.4177981 -0.691394704 -0.320484933 0 0 0 6.10351562e-05
0.436530903 -0.320472066 0.288505013 0 0 0 6.10351562e-05
0.151867895 0.588091833 0.163450919 0 0 0 6.10351562e-05
0.523875186 0.416244415 -0.71225797 0 0 0 6.10351562e-05
0.152020569 -0.44472274 -0.296058639 0 0 0 6.10351562e-05
-0.34445101 -0.341029562 0.443521028 0 0 0 6.10351562e-05
0.238665825 0.894057899 0.149663906 0 0 0 6.10351562e-05
-0.844832006 0.349986267 -0.0137125572 0 0 0 6.10351562e-05
0.584821277 -0.211556487 0.371087041 0 0 0 6.10351562e-05
0.340609891 0.888614158 -0.21775744 0 0 0 6.10351562e-05
-0.304639908 0.0827599611 0.63338791 0 0 0 6.10351562e-05
-0.16511987 -0.0526513746 0.00198736383 0 0 0 6.10351562e-05
0.288882954 0.37380286 -0.685168965 0 0 0 6.10351562e-05
-0.110770328 -0.404160811 0.466659747 0 0 0 6.10351562e-05
0.151780866 -0.369931068 0.664342231 0 0 0 6.10351562e-05
-0.212229826 0.633848637 -0.694067817 0 0 0 6.10351562e-05
0.402676373 -0.343535635 0.358523433 0 0 0 6.10351562e-05
-0.360279067 0.261333391 -0.220888588 0 0 0 6.10351562e-05
0.62605473 -0.422343138 0.276275072 0 0 0 6.10351562e-05
0.0148580712 -0.649285935 -0.0846026354 0 0 0 6.10351562e-05
0.35644138 -0.309389963 -0.644342334 0 0 0 6.10351562e-05
0.266643072 0.627468269 0.678142192 0 0 0 6.10351562e-05
0.208850882 -0.441860733 0.432815074 0 0 0 6.10351562e-05
-0.188972309 -0.237961851 -0.887106412 0 0 0 6.10351562e-05
-0.661604141 0.38176702 -0.509049471 0 0 0 6.10351562e-05
0.0369796849 0.407578576 0.339348302 0 0 0 6.10351562e-05
-0.0732896628 -0.944267962 0.241904306 0 0 0 6.10351562e-05
0.159498469 -0.0831805285 0.0859526999 0 0 0 6.10351562e-05
-0.38193496 -0.386593376 0.838696311 0 0 0 6.10351562e-05
-0.343173066 0.299382358 -0.27386237 0 0 0 6.10351562e-05
-0.391316836 0.591604042 0.346503633 0 0 0 6.10351562e-05
0.00573532256 -0.78336672 -0.59275352 0 0 0 6.10351562e-05
-0.219432159 0.346782325 -0.403608631 0 0 0 6.10351562e-05
-0.319578675 0.81202102 -0.450232445 0 0 0 6.10351562e-05
-0.0726726642 -0.0725422142 0.384629573 0 0 0 6.10351562e-05
-0.00820849503 -0.179401987 0.0169360628 0 0 0 6.10351562e-05
0.649522237 -0.126553784 0.0622681942 0 0 0 6.10351562e-05
0.140181216 0.735723148 -0.336991709 0 0 0 6.10351562e-05
0.254195387 -0.446115149 -0.773441946 0 0 0 6.10351562e-05
-0.744070378 0.281756267 0.279597849 0 0 0 6.10351562e-05
-0.316551126 -0.448592599 -0.160871611 0 0 0 6.10351562e-05
-0.303882758 -0.0254788393 0.642721048 0 0 0 6.10351562e-05
-0.439929869 0.451180271 -0.572423213 0 0 0 6.10351562e-05
0.142452329 -0.760534423 -0.516384505 0 0 0 6.10351562e-05
0.705681773 -0.0794295322 -0.153183352 0 0 0 6.10351562e-05
0.357766801 -0.630438333 0.570613895 0 0 0 6.10351562e-05
-0.464299819 -0.506827012 0.353612654 0 0 0 6.10351562e-05
-0.60491378 0.594163682 -0.0875643025 0 0 0 6.10351562e-05
0.308568113 0.0935768655 -0.600331012 0 0 0 6.10351562e-05
-0.616058226 0.570730652 0.280707352 0 0 0 6.10351562e-05
-0.275032802 0.900288112 0.27800056 0 0 0 6.10351562e-05
0.175821317 -0.631123746 0.514134814 0 0 0 6.10351562e-05
0.375776638 -0.0527134721 0.0707631517 0 0 0 6.10351562e-05
0.493030632 0.289413734 0.639585701 0 0 0 6.10351562e-05
-0.105326481 -0.65755931 -0.412239339 0 0 0 6.10351562e-05
-0.59917832 0.520659559 0.398806619 0 0 0 6.10351562e-05
0.411100812 0.691328742 0.383563111 0 0 0 6.10351562e-05
-0.452945666 0.410882334 0.283907527 0 0 0 6.10351562e-05
0.452260106 0.361964494 0.52962214 0 0 0 6.10351562e-05
0.502177902 -0.396471764 -0.72239869 0 0 0 6.10351562e-05
0.487168839 0.230415746 0.300788033 0 0 0 6.10351562e-05
0.194292945 0.575274985 -0.749695532 0 0 0 6.10351562e-05
-0.104153287 0.163387887 0.377157497 0 0 0 6.10351562e-05
-0.706483091 0.16301135 -0.0289146972 0 0 0 6.10351562e-05
0.190974552 0.863169763 0.107775199 0 0 0 6.10351562e-05
-0.0574404787 0.359116468 0.817050965 0 0 0 6.10351562e-05
-0.719363695 -0.549281416 0.176906841 0 0 0 6.10351562e-05
0.66081076 0.359987673 0.313331201 0 0 0 6.10351562e-05
0.305468712 -0.108620738 -0.691713242 0 0 0 6.10351562e-05
0.00496896358 -0.670136375 0.00638001242 0 0 0 6.10351562e-05
-0.331247764 -0.290302201 0.138894241 0 0 0 6.10351562e-05
0.626522278 0.327628422 -0.218972681 0 0 0 6.10351562e-05
0.195035769 0.0676723371 -0.843815669 0 0 0 6.10351562e-05
-0.449069702 0.189043821 0.855876512 0 0 0 6.10351562e-05
0.217981339 -0.0130826022 -0.669438528 0 0 0 6.10351562e-05
0.639809745 0.140741928 -0.290191679 0 0 0 6.10351562e-05
0.63252888 -0.1749238 -0.0740461459 0 0 0 6.10351562e-05
0.721601586 0.534378122 -0.0130299791 0 0 0 6.10351562e-05
0.65316914 -0.0331178047 -0.30051123 0 0 0 6.10351562e-05
-0.444077024 0.0863163675 0.274211046 0 0 0 6.10351562e-05
0.365007092 0.415320798 -0.684002866 0 0 0 6.10351562e-05
0.125129187 -0.412120869 0.358957582 0 0 0 6.10351562e-05
-0.871428244 0.278495296 0.0729956391 0 0 0 6.10351562e-05
-0.302095622 0.321092346 0.474620441 0 0 0 6.10351562e-05
0.664198997 -0.661418457 0.218054117 0 0 0 6.10351562e-05
0.935458538 0.153141115 -0.185405801 0 0 0 6.10351562e-05
0.0845260826 -0.285288772 0.66234674 0 0 0 6.10351562e-05
-0.467532442 0.344655804 0.359380362 0 0 0 6.10351562e-05
-0.161375137 -0.570619916 -0.382257395 0 0 0 6.10351562e-05
-0.149657814 -0.100230264 0.0867224778 0 0 0 6.10351562e-05
-0.256717831 -0.857963678 -0.10226558 0 0 0 6.10351562e-05
0.0651108137 0.229678593 -0.721358595 0 0 0 6.10351562e-05
0.946664887 0.00866512974 0.17789086 0 0 0 6.10351562e-05
0.10102045 0.0366829882 0.36707537 0 0 0 6.10351562e-05
-0.307461797 0.809172981 0.408309973 0 0 0 6.10351562e-05
-0.296969716 -0.335226077 -0.777395361 0 0 0 6.10351562e-05
0.789360471 -0.144568624 -0.467074924 0 0 0 6.10351562e-05
-0.253176951 -0.111067375 0.294493971 0 0 0 6.10351562e-05
-0.425980703 -0.0137241483 -0.268074959 0 0 0 6.10351562e-05
-0.520331175 0.482611887 0.656017533 0 0 0 6.10351562e-05
0.0413907371 -0.862930397 -0.287899764 0 0 0 6.10351562e-05
-0.29615119 -0.0656535739 0.467095203 0 0 0 6.10351562e-05
0.619008147 0.290711273 0.0777134737 0 0 0 6.10351562e-05
0.110448893 0.297198786 -0.176453391 0 0 0 6.10351562e-05
-0.288762164 -0.462593846 0.113953187 0 0 0 6.10351562e-05
-0.0581633668 -0.655108051 0.492129864 0 0 0 6.10351562e-05
0.292748206 0.435482107 0.776725676 0 0 0 6.10351562e-05
-0.52684795 -0.648774322 -0.0980039463 0 0 0 6.10351562e-05
0.57390238 -0.0742871592 -0.69672571 0 0 0 6.10351562e-05
0.307419662 0.565787417 -0.122948902 0 0 0 6.10351562e-05
0.345172797 -0.715319935 -0.336369084 0 0 0 6.10351562e-05
-0.118294805 -0.299688756 -0.646872886 0 0 0 6.10351562e-05
-0.0453477054 -0.193650742 0.875536052 0 0 0 6.10351562e-05
-0.233388798 0.633074697 -0.581705221 0 0 0 6.10351562e-05
0.825062416 -0.178494659 0.243033958 0 0 0 6.10351562e-05
0.704140973 0.2959874 0.609106687 0 0 0 6.10351562e-05
-0.296026252 0.443103928 -0.0382444103 0 0 0 6.10351562e-05
0.372087091 0.547892898 -0.326905131 0 0 0 6.10351562e-05
-0.0977091625 0.68397334 0.586065002 0 0 0 6.10351562e-05
0.0995153604 0.686915242 0.118014414 0 0 0 6.10351562e-05
0.132430154 -0.122795558 0.435493789 0 0 0 6.10351562e-05
-0.533160012 0.194812905 -0.786149342 0 0 0 6.10351562e-05
0.217678277 0.130862023 0.513014441 0 0 0 6.10351562e-05
0.542218391 -0.480073843 0.628805597 0 0 0 6.10351562e-05
-0.672424078 -0.105467956 -0.512572083 0 0 0 6.10351562e-05
0.674105781 0.0287933872 0.610256521 0 0 0 6.10351562e-05
-0.0700707309 0.29602337 0.617140035 0 0 0 6.10351562e-05
0.457140774 0.0512930105 0.451908654 0 0 0 6.10351562e-05
0.61784222 0.234326152 0.538965839 0 0 0 6.10351562e-05
-0.086964668 -0.675619129 0.0379318937 0 0 0 6.10351562e-05
-0.644393957 0.40262787 0.338798112 0 0 0 6.10351562e-05
0.695284225 -0.3604505 -0.0171187898 0 0 0 6.10351562e-05
-0.177480398 0.611766117 0.376375246 0 0 0 6.10351562e-05
-0.432683109 0.552046979 -0.0628146475 0 0 0 6.10351562e-05
0.524038784 -0.200924209 0.174177808 0 0 0 6.10351562e-05
-0.225397697 -0.150045947 -0.00941543426 0 0 0 6.10351562e-05
0.18727057 0.385411469 0.812777783 0 0 0 6.10351562e-05
-0.301012488 -0.0170008755 0.539171931 0 0 0 6.10351562e-05
0.506889688 0.0155854104 -0.467390716 0 0 0 6.10351562e-05
-0.538439909 0.250284231 -0.766294508 0 0 0 6.10351562e-05
-0.146685772 -0.790732374 -0.411620014 0 0 0 6.10351562e-05
-0.00868256246 -0.316145898 0.37164889 0 0 0 6.10351562e-05
0.243780225 -0.713753789 -0.177727383 0 0 0 6.10351562e-05
-0.014266785 0.294273143 -0.647746437 0 0 0 6.10351562e-05
-0.516112207 -0.6524301 -0.375460929 0 0 0 6.10351562e-05
-0.229278641 0.0889719876 0.576024596 0 0 0 6.10351562e-05
0.234978222 -0.0475897765 -0.436022708 0 0 0 6.10351562e-05
0.77044726 0.0240022295 0.0716816233 0 0 0 6.10351562e-05
-0.219342285 0.651479969 0.667427432 0 0 0 6.10351562e-05
-0.281270366 -0.699199077 0.387580104 0 0 0 6.10351562e-05
0.366542802 -0.338597274 -0.00609015418 0 0 0 6.10351562e-05
0.229526993 -0.801276216 -0.283157238 0 0 0 6.10351562e-05
-0.584469296 0.195997289 -0.537205803 0 0 0 6.10351562e-05
0.103596869 -0.697466384 0.483748084 0 0 0 6.10351562e-05
0.0636661818 0.105695034 -0.296158734 0 0 0 6.10351562e-05
0.591470957 0.645976767 -0.361431478 0 0 0 6.10351562e-05
-0.477546063 -0.698325886 -0.125905267 0 0 0 6.10351562e-05
-0.0718378219 0.247370866 0.920503161 0 0 0 6.10351562e-05
0.173249935 0.445455217 0.0827541581 0 0 0 6.10351562e-05
-0.166171821 0.133098304 0.0677281085 0 0 0 6.10351562e-05
0.422722559 0.479156574 0.524458579 0 0 0 6.10351562e-05
0.592732324 -0.278296935 -0.149870639 0 0 0 6.10351562e-05
0.396906801 0.723844666 -0.162654858 0 0 0 6.10351562e-05
-0.478403195 0.316059001 -0.811641786 0 0 0 6.10351562e-05
0.48611832 -0.543617199 0.499070356 0 0 0 6.10351562e-05
0.397290583 -0.258117406 0.13869554 0 0 0 6.10351562e-05
0.303909303 -0.10921513 0.508797655 0 0 0 6.10351562e-05
-0.264341625 -0.102643819 0.540756029 0 0 0 6.10351562e-05
0.0549252825 0.00851684038 -0.678219932 0 0 0 6.10351562e-05
-0.288837314 0.567344399 -0.625936217 0 0 0 6.10351562e-05
0.400058395 -0.262375175 -0.780580751 0 0 0 6.10351562e-05
-0.562004211 -0.641554087 -0.445716906 0 0 0 6.10351562e-05
0.470058541 0.527757881 -0.0680814707 0 0 0 6.10351562e-05
-0.0378195914 0.0267879731 0.77048618 0 0 0 6.10351562e-05
0.00197485705 -0.693810567 0.10550144 0 0 0 6.10351562e-05
0.588796647 0.507447113 -0.128673579 0 0 0 6.10351562e-05
-0.359485852 -0.147371247 0.098969247 0 0 0 6.10351562e-05
0.342694272 -0.734263542 0.281156651 0 0 0 6.10351562e-05
0.274496012 -0.39886099 -0.113663673 0 0 0 6.10351562e-05
0.063280012 0.232620756 -0.356169971 0 0 0 6.10351562e-05
-0.0520115234 0.250107796 0.612114259 0 0 0 6.10351562e-05
-0.489796024 0.743702088 -0.134962509 0 0 0 6.10351562e-05
-0.138391601 0.651760961 0.460613432 0 0 0 6.10351562e-05
0.708827989 -0.0139667156 0.178480499 0 0 0 6.10351562e-05
-0.12008559 0.543267439 -0.657286858 0 0 0 6.10351562e-05
0.589196072 -0.441494987 0.491971442 0 0 0 6.10351562e-05
-0.54852612 0.12389756 -0.803303318 0 0 0 6.10351562e-05
-0.0486706487 0.731792705 -0.251223218 0 0 0 6.10351562e-05
0.00619728161 -0.411356719 -0.644969564 0 0 0 6.10351562e-05
-0.621374102 -0.148380543 0.0308007413 0 0 0 6.10351562e-05
0.245839121 0.363398315 0.877215264 0 0 0 6.10351562e-05
0.783438521 0.139108609 -0.260030045 0 0 0 6.10351562e-05
-0.214037083 0.00434604576 -0.342340302 0 0 0 6.10351562e-05
-0.655964213 0.0405557128 0.507789353 0 0 0 6.10351562e-05
0.222437285 -0.231866696 0.0310298103 0 0 0 6.10351562e-05
0.240298957 -0.859100953 -0.00272672228 0 0 0 6.10351562e-05
0.395311301 -0.72089432 0.209140121 0 0 0 6.10351562e-05
-0.0407737005 -0.494429991 -0.0889834731 0 0 0 6.10351562e-05
0.483588285 -0.403536223 0.135742995 0 0 0 6.10351562e-05
0.47468619 0.230951521 0.63537682 0 0 0 6.10351562e-05
-0.620027018 0.304860946 0.449953464 0 0 0 6.10351562e-05
0.0204817034 0.407677975 0.81735594 0 0 0 6.10351562e-05
-0.296462871 -0.19216976 -0.292712571 0 0 0 6.10351562e-05
-0.26202843 0.145522945 0.816008161 0 0 0 6.10351562e-05
0.0345517498 -0.93490548 -0.137797349 0 0 0 6.10351562e-05
-0.337286139 -0.549537755 0.0379865877 0 0 0 6.10351562e-05
-0.231945074 -0.824645543 0.398709777 0 0 0 6.10351562e-05
-0.736206491 -0.134469631 -0.0894526264 0 0 0 6.10351562e-05
0.374707771 0.436109456 -0.521406014 0 0 0 6.10351562e-05
0.700205979 0.295253193 0.311115192 0 0 0 6.10351562e-05
-0.336426036 -0.610194838 -0.535817 0 0 0 6.10351562e-05
0.857492664 0.0680585838 0.474924782 0 0 0 6.10351562e-05
0.326335133 -0.689947613 -0.170619258 0 0 0 6.10351562e-05
-0.0638241921 0.0304846528 -0.725166228 0 0 0 6.10351562e-05
-0.0418947197 0.178220886 0.467870827 0 0 0 6.10351562e-05
0.0392548511 0.893335184 -0.41323182 0 0 0 6.10351562e-05
-0.107504459 -0.603117977 0.109838087 0 0 0 6.10351562e-05
-0.157374103 0.742013616 -0.188588985 0 0 0 6.10351562e-05
0.0455218895 -0.0265853433 0.20360789 0 0 0 6.10351562e-05
-0.889301124 0.0364183063 -0.289187932 0 0 0 6.10351562e-05
0.327038185 -0.556140434 -0.305032568 0 0 0 6.10351562e-05
-0.372907025 0.729281015 0.13208084 0 0 0 6.10351562e-05
0.117151819 -0.0807226195 0.00601058556 0 0 0 6.10351562e-05
0.497044187 -0.385884827 -0.180216634 0 0 0 6.10351562e-05
-0.373194782 -0.0747295118 -0.691140476 0 0 0 6.10351562e-05
0.516591721 0.390745764 -0.171775634 0 0 0 6.10351562e-05
-0.215405249 -0.702952746 -0.593704468 0 0 0 6.10351562e-05
-0.225691855 0.727223253 0.632219592 0 0 0 6.10351562e-05
-0.423134233 0.270671009 -0.749932045 0 0 0 6.10351562e-05
-0.64118895 -0.214326199 -0.0388240455 0 0 0 6.10351562e-05
-0.495371632 0.666589808 -0.367529496 0 0 0 6.10351562e-05
-0.46326478 0.328372885 0.505482536 0 0 0 6.10351562e-05
0.142948726 -0.313564465 -0.377942891 0 0 0 6.10351562e-05
-0.828835274 0.303368074 0.0596547017 0 0 0 6.10351562e-05
-0.638956307 0.402486866 -0.224253755 0 0 0 6.10351562e-05
0.095269644 0.915155683 -0.36845984 0 0 0 6.10351562e-05
-0.0346062745 0.758434544 -0.107282653 0 0 0 6.10351562e-05
0.364062667 0.520828118 -0.229240174 0 0 0 6.10351562e-05
-0.329031675 -0.200346307 -0.540451328 0 0 0 6.10351562e-05
0.120181017 0.803422408 0.540522847 0 0 0 6.10351562e-05
-0.41891873 -0.554188901 -0.366547165 0 0 0 6.10351562e-05
0.78466586 -0.375252324 0.189539613 0 0 0 6.10351562e-05
-0.713089888 -0.470817151 0.235112535 0 0 0 6.10351562e-05
0.0730218996 0.605336161 -0.491850377 0 0 0 6.10351562e-05
-0.280782747 -0.0422335672 -0.471007789 0 0 0 6.10351562e-05
0.852302428 0.283168856 0.428171012 0 0 0 6.10351562e-05
-0.818381548 0.0436276394 -0.0128532144 0 0 0 6.10351562e-05
-0.64970226 0.194113747 -0.23304754 0 0 0 6.10351562e-05
-0.444535443 -0.6837412 -0.483697832 0 0 0 6.10351562e-05
-0.568214528 0.040574045 0.048844801 0 0 0 6.10351562e-05
0.580576107 0.734478851 0.115187099 0 0 0 6.10351562e-05
0.0980843595 0.948371034 0.294719395 0 0 0 6.10351562e-05
-0.0977967348 -0.297863719 0.407000592 0 0 0 6.10351562e-05
0.0240534531 -0.301369163 -0.266131298 0 0 0 6.10351562e-05
-0.490873774 0.0094827191 -0.189907922 0 0 0 6.10351562e-05
0.863688218 -0.300750491 0.337527877 0 0 0 6.10351562e-05
0.442306461 -0.598177836 0.225998806 0 0 0 6.10351562e-05
-0.0560298086 0.295019796 0.634272425 0 0 0 6.10351562e-05
0.595328894 0.197723141 0.177655197 0 0 0 6.10351562e-05
-0.106526202 -0.137177638 -0.439849341 0 0 0 6.10351562e-05
-0.681181878 -0.471365479 0.214747168 0 0 0 6.10351562e-05
-0.771145065 0.490013932 -0.0107121115 0 0 0 6.10351562e-05
0.337683996 -0.35795181 0.279922499 0 0 0 6.10351562e-05
-0.100126195 -0.0729537629 -0.485514862 0 0 0 6.10351562e-05
0.231721611 -0.433194982 -0.597169432 0 0 0 6.10351562e-05
-0.169911847 0.0864835286 -0.419592133 0 0 0 6.10351562e-05
0.0491481766 -0.468321498 -0.567897518 0 0 0 6.10351562e-05
0.763961492 -0.564769384 0.0315903836 0 0 0 6.10351562e-05
-0.0397940496 -0.241546319 0.137935806 0 0 0 6.10351562e-05
0.513563543 -0.557403709 -0.462682907 0 0 0 6.10351562e-05
-0.793233239 0.0149026605 -0.0295426333 0 0 0 6.10351562e-05
0.188054717 0.602026486 0.365467113 0 0 0 6.10351562e-05
-0.423821217 -0.511366046 -0.119063835 0 0 0 6.10351562e-05
0.134113089 0.449879383 0.55597054 0 0 0 6.10351562e-05
0.458147344 -0.0155291631 0.445449634 0 0 0 6.10351562e-05
0.158213867 0.595916554 0.142753696 0 0 0 6.10351562e-05
0.561555591 -0.276011704 0.107276514 0 0 0 6.10351562e-05
-0.192039551 0.438447835 -0.138595702 0 0 0 6.10351562e-05
0.0965499434 0.395576385 -0.0823696478 0 0 0 6.10351562e-05
-0.336359362 -0.479953914 -0.441766002 0 0 0 6.10351562e-05
-0.081506107 -0.0174252064 -0.808433297 0 0 0 6.10351562e-05
0.501472835 -0.76497068 0.180752329 0 0 0 6.10351562e-05
-0.420815783 -0.198048608 -0.222205204 0 0 0 6.10351562e-05
0.232950258 -0.482670164 -0.27450834 0 0 0 6.10351562e-05
-0.127175873 -0.548772136 0.646364472 0 0 0 6.10351562e-05
-0.4829717 0.447458687 0.719363073 0 0 0 6.10351562e-05
0.0635209245 0.0900794364 0.717579622 0 0 0 6.10351562e-05
0.387792557 -0.124919823 0.600742872 0 0 0 6.10351562e-05
0.915490812 0.0905054469 -0.313377021 0 0 0 6.10351562e-05
-0.101757305 -0.129980919 -0.914686304 0 0 0 6.10351562e-05
-0.5604151 -0.677814756 0.0112372931 0 0 0 6.10351562e-05
-0.635124876 0.108471864 -0.649098992 0 0 0 6.10351562e-05
0.104299651 -0.334089977 0.672813914 0 0 0 6.10351562e-05
-0.853107128 0.201811281 -0.329365394 0 0 0 6.10351562e-05
0.743142197 -0.13745664 0.278816778 0 0 0 6.10351562e-05
0.25583285 0.0608684488 -0.942106341 0 0 0 6.10351562e-05
-0.760319634 0.163673461 -0.0592536516 0 0 0 6.10351562e-05
-0.44164428 0.793311875 0.219228111 0 0 0 6.10351562e-05
0.471428208 0.364289184 0.0100623392 0 0 0 6.10351562e-05
-0.59328885 -0.637517214 -0.0591728274 0 0 0 6.10351562e-05
0.0608745619 -0.729118872 0.0323594911 0 0 0 6.10351562e-05
0.216478125 -0.227198735 0.484044573 0 0 0 6.10351562e-05
0.73136923 -0.395076231 -0.0242278879 0 0 0 6.10351562e-05
0.921458954 -0.264118072 -0.053676547 0 0 0 6.10351562e-05
0.35073307 -0.814748458 0.0657206464 0 0 0 6.10351562e-05
-0.752712723 0.160345013 -0.0396488352 0 0 0 6.10351562e-05
-0.627970861 0.374886088 0.64265049 0 0 0 6.10351562e-05
0.687849743 0.645122151 0.265449315 0 0 0 6.10351562e-05
0.268397256 -0.173986445 0.92488519 0 0 0 6.10351562e-05
0.249341185 -0.0333314718 -0.798826715 0 0 0 6.10351562e-05
-0.698952259 -0.0874433964 -0.53744437 0 0 0 6.10351562e-05
0.197234615 0.885694286 0.392429493 0 0 0 6.10351562e-05
-0.00661744365 -0.125013423 0.975329432 0 0 0 6.10351562e-05
-0.218586169 -0.108125901 0.62973985 0 0 0 6.10351562e-05
-0.337264122 -0.749953882 0.222105592 0 0 0 6.10351562e-05
0.487219711 -0.012609303 0.634002823 0 0 0 6.10351562e-05
-0.210583353 0.109654655 0.83838276 0 0 0 6.10351562e-05
0.119850583 -0.530019426 0.367422466 0 0 0 6.10351562e-05
0.144748874 -0.250827684 0.35956935 0 0 0 6.10351562e-05
-0.130275647 -0.736509037 -0.0091469664 0 0 0 6.10351562e-05
-0.26953953 0.129166388 0.50908095 0 0 0 6.10351562e-05
-0.109556257 0.244232982 -0.0996321137 0 0 0 6.10351562e-05
-0.54045814 0.152886506 0.565310412 0 0 0 6.10351562e-05
-0.0957183664 -0.0702220525 -0.795622909 0 0 0 6.10351562e-05
-0.183443787 0.395498159 0.24598255 0 0 0 6.10351562e-05
-0.4863767 0.229264882 0.652920697 0 0 0 6.10351562e-05
0.480885492 0.416039164 -0.477314873 0 0 0 6.10351562e-05
0.188873387 -0.872730437 0.085015033 0 0 0 6.10351562e-05
-0.138672546 0.469934377 0.559513277 0 0 0 6.10351562e-05
0.00836199782 0.898716553 -0.23391343 0 0 0 6.10351562e-05
-0.696156688 -0.0381949083 0.0869955045 0 0 0 6.10351562e-05
-0.609698441 -0.233518494 0.33611497 0 0 0 6.10351562e-05
-0.685008591 0.501610811 -0.129597285 0 0 0 6.10351562e-05
-0.219468735 -0.387078649 -0.0573223032 0 0 0 6.10351562e-05
-0.174778091 -0.617579091 0.44644331 0 0 0 6.10351562e-05
0.714742378 0.167851051 -0.526543986 0 0 0 6.10351562e-05
0.0710561856 0.00978617804 -0.179163115 0 0 0 6.10351562e-05
0.094857299 -0.408182943 -0.518598252 0 0 0 6.10351562e-05
0.326877209 0.589833206 -0.106618388 0 0 0 6.10351562e-05
0.730085941 -0.371052191 0.56420241 0 0 0 6.10351562e-05
-0.255594593 -0.344821678 0.311543203 0 0 0 6.10351562e-05
-0.263788584 -0.564998338 0.0664247695 0 0 0 6.10351562e-05
-0.0909574015 -0.62558936 0.735599692 0 0 0 6.10351562e-05
0.386134023 0.108743664 0.651799052 0 0 0 6.10351562e-05
-0.284076336 -0.214107991 0.0721425816 0 0 0 6.10351562e-05
-0.44532594 0.0386221961 0.715275038 0 0 0 6.10351562e-05
-0.970115201 -0.0615827796 0.0714388339 0 0 0 6.10351562e-05
0.37529957 0.210635237 -0.297325449 0 0 0 6.10351562e-05
0.247268359 -0.634095343 0.0772139156 0 0 0 6.10351562e-05
0.394521358 -0.37629465 -0.771756629 0 0 0 6.10351562e-05
0.128574572 0.54327043 0.115858391 0 0 0 6.10351562e-05
0.554275384 0.567122127 -0.111689224 0 0 0 6.10351562e-05
0.819987606 -0.0838839953 -0.334623538 0 0 0 6.10351562e-05
0.0463131469 -0.152096069 -0.236900993 0 0 0 6.10351562e-05
0.214039292 0.347567829 -0.183564401 0 0 0 6.10351562e-05
0.637473666 -0.423617979 -0.118360178 0 0 0 6.10351562e-05
0.236091741 0.33069169 0.366872613 0 0 0 6.10351562e-05
0.649669988 0.182068175 0.595732406 0 0 0 6.10351562e-05
-0.758062277 -0.366938493 0.0948249941 0 0 0 6.10351562e-05
0.567455628 0.0999096828 -0.432827065 0 0 0 6.10351562e-05
0.632862458 0.0287748695 -0.630004135 0 0 0 6.10351562e-05
0.176223481 0.379069243 0.765638547 0 0 0 6.10351562e-05
0.405293666 -0.714421069 0.371693491 0 0 0 6.10351562e-05
-0.0736313894 -0.327945768 0.514225074 0 0 0 6.10351562e-05
0.396961922 -0.370542121 -0.153807531 0 0 0 6.10351562e-05
0.698890152 0.370599958 0.357067825 0 0 0 6.10351562e-05
0.466581158 -0.21364198 0.479065597 0 0 0 6.10351562e-05
0.689564565 0.0528998765 -0.186483079 0 0 0 6.10351562e-05
0.59542072 0.663543116 -0.0435239131 0 0 0 6.10351562e-05
0.327681352 -0.0634362596 -0.755039569 0 0 0 6.10351562e-05
-0.748009089 -0.626694958 0.146823977 0 0 0 6.10351562e-05
-0.432891805 -0.00712733953 -0.011217494 0 0 0 6.10351562e-05
0.0319277326 0.630742176 -0.746680727 0 0 0 6.10351562e-05
0.168330069 -0.683638995 0.539023534 0 0 0 6.10351562e-05
0.640225412 -0.350021689 -0.056241187 0 0 0 6.10351562e-05
-0.178134459 -0.466002119 0.617520749 0 0 0 6.10351562e-05
-0.816194567 -0.256762321 -0.118209555 0 0 0 6.10351562e-05
-0.267986122 -0.596871527 -0.266962612 0 0 0 6.10351562e-05
-0.351410707 0.0606635381 -0.109655635 0 0 0 6.10351562e-05
0.00423641605 0.459311603 -0.225987916 0 0 0 6.10351562e-05
-0.108967784 -0.455682328 -0.025644561 0 0 0 6.10351562e-05
0.445780357 0.272553992 -0.631982626 0 0 0 6.10351562e-05
-0.748176608 -0.169801153 0.296781256 0 0 0 6.10351562e-05
-0.297562249 0.65800966 -0.171488637 0 0 0 6.10351562e-05
-0.140707882 0.25914245 0.156027709 0 0 0 6.10351562e-05
-0.289077126 -0.604673649 0.108591238 0 0 0 6.10351562e-05
-0.0519257162 0.177833083 0.0790115536 0 0 0 6.10351562e-05
0.64647677 -0.0740745825 0.426532522 0 0 0 6.10351562e-05
0.393481988 0.682931132 0.474807522 0 0 0 6.10351562e-05
-0.193217151 0.819576381 -0.219805238 0 0 0 6.10351562e-05
0.587013737 -0.535888775 0.441034647 0 0 0 6.10351562e-05
0.278663249 -0.163038434 0.705366145 0 0 0 6.10351562e-05
0.657676144 -0.367610244 -0.646350086 0 0 0 6.10351562e-05
-0.783737284 -0.158119224 0.531277125 0 0 0 6.10351562e-05
0.277813293 0.936175878 -0.213184957 0 0 0 6.10351562e-05
-0.347436165 0.902493552 0.18371552 0 0 0 6.10351562e-05
0.296465906 -0.568145047 0.548460312 0 0 0 6.10351562e-05
-0.720487015 -0.468324022 -0.116208481 0 0 0 6.10351562e-05
0.511523068 0.18350615 -0.285168463 0 0 0 6.10351562e-05
-0.0142629648 0.034518316 -0.0501037958 0 0 0 6.10351562e-05
0.258202469 0.391215866 0.669101809 0 0 0 6.10351562e-05
0.020670317 0.503814065 -0.262119786 0 0 0 6.10351562e-05
0.0649025447 0.509461201 -0.736081009 0 0 0 6.10351562e-05
-0.834441842 -0.0651801673 -0.074538016 0 0 0 6.10351562e-05
0.555185284 -0.176442241 -0.152815424 0 0 0 6.10351562e-05
0.612173934 0.0348252709 -0.0075535807 0 0 0 6.10351562e-05
-0.639901223 0.37825559 0.338086691 0 0 0 6.10351562e-05
-0.224860677 0.0618628137 0.419132793 0 0 0 6.10351562e-05
0.420433744 0.228110702 -0.774806527 0 0 0 6.10351562e-05
0.669770421 -0.723760291 -0.109610975 0 0 0 6.10351562e-05
-0.350811527 0.145360747 -0.672891789 0 0 0 6.10351562e-05
0.383162881 0.851854744 -0.0492154144 0 0 0 6.10351562e-05
-0.346754274 0.0872352495 0.74110189 0 0 0 6.10351562e-05
0.805752792 -0.518380795 0.204701165 0 0 0 6.10351562e-05
0.506194139 0.100975386 0.807763589 0 0 0 6.10351562e-05
0.0221130718 -0.645776374 -0.382820886 0 0 0 6.10351562e-05
-0.212172513 -0.646600375 0.675665445 0 0 0 6.10351562e-05
-0.283192256 -0.555685278 -0.071530211 0 0 0 6.10351562e-05
-0.465771179 0.815026173 0.232714293 0 0 0 6.10351562e-05
-0.0824613767 0.468229708 0.193692393 0 0 0 6.10351562e-05
0.430576967 0.101872631 0.561926306 0 0 0 6.10351562e-05
0.21786006 -0.459147226 -0.267970745 0 0 0 6.10351562e-05
-0.656324666 0.209284368 -0.724054054 0 0 0 6.10351562e-05
0.00890555531 0.90503054 -0.292010317 0 0 0 6.10351562e-05
-0.617394708 0.2035595 -0.391744475 0 0 0 6.10351562e-05
0.43675061 -0.330486823 0.173391559 0 0 0 6.10351562e-05
-0.0290358213 -0.0545146314 0.372917227 0 0 0 6.10351562e-05
0.0716749232 -0.870574632 0.19242578 0 0 0 6.10351562e-05
0.0621980903 0.717299829 -0.518379022 0 0 0 6.10351562e-05
-0.0826056962 0.564551179 0.614465743 0 0 0 6.10351562e-05
0.776209798 0.362819382 -0.22053538 0 0 0 6.10351562e-05
0.136204257 0.142369244 -0.937267725 0 0 0 6.10351562e-05
-0.0369679247 0.33390516 -0.78588359 0 0 0 6.10351562e-05
0.729528105 -0.247803058 0.227969378 0 0 0 6.10351562e-05
-0.302442932 -0.0692260708 0.241969328 0 0 0 6.10351562e-05
0.0718012334 -0.23898594 -0.509161756 0 0 0 6.10351562e-05
0.137662503 0.385209223 -0.901622865 0 0 0 6.10351562e-05
0.208840505 -0.603016205 0.52645202 0 0 0 6.10351562e-05
0.430455644 0.341443353 0.302307432 0 0 0 6.10351562e-05
-0.00223601907 0.258469894 0.761404496 0 0 0 6.10351562e-05
0.471092517 0.131543151 0.0595633987 0 0 0 6.10351562e-05
0.105873282 -0.0601522174 -0.89552601 0 0 0 6.10351562e-05
0.267552847 0.41190476 0.0524130986 0 0 0 6.10351562e-05
-0.429082858 -0.387201425 0.0250633764 0 0 0 6.10351562e-05
-0.787360326 -0.594482761 0.0135892461 0 0 0 6.10351562e-05
-0.528540313 -0.324624853 0.285867057 0 0 0 6.10351562e-05
0.110340645 -0.373297522 0.406801079 0 0 0 6.10351562e-05
-0.208916212 -0.28650206 0.787689413 0 0 0 6.10351562e-05
0.0282787547 -0.394254114 -0.856218379 0 0 0 6.10351562e-05
-0.1874144 -0.108066988 -0.476643852 0 0 0 6.10351562e-05
0.823572111 0.240962064 -0.369374934 0 0 0 6.10351562e-05
0.45097311 -0.523349265 -0.160649922 0 0 0 6.10351562e-05
0.216020499 0.367208797 0.648309604 0 0 0 6.10351562e-05
-0.0522990105 0.256931216 -0.398824627 0 0 0 6.10351562e-05
-0.558530392 0.0479865222 0.453233382 0 0 0 6.10351562e-05
-0.270114001 -0.551684471 0.157516466 0 0 0 6.10351562e-05
-0.706989038 -0.544374183 -0.216023041 0 0 0 6.10351562e-05
0.287060135 -0.278993118 -0.363789459 0 0 0 6.10351562e-05
-0.214349876 -0.663653329 0.179154777 0 0 0 6.10351562e-05
-0.646934213 0.499407215 0.354212363 0 0 0 6.10351562e-05
-0.208809478 0.712656546 -0.448718295 0 0 0 6.10351562e-05
0.603396219 -0.277297119 0.372177361 0 0 0 6.10351562e-05
0.699671307 -0.345067926 0.545755638 0 0 0 6.10351562e-05
-0.789665945 0.114438861 0.550204367 0 0 0 6.10351562e-05
-0.0155302861 -0.0743093043 -0.670171639 0 0 0 6.10351562e-05
0.0370436559 0.162227916 -0.638280911 0 0 0 6.10351562e-05
-0.694582182 -0.0152653915 -0.292221838 0 0 0 6.10351562e-05
-0.279801081 0.295998058 0.90230635 0 0 0 6.10351562e-05
0.060392932 -0.0133531458 0.195570569 0 0 0 6.10351562e-05
0.123613777 -0.334774012 0.794378632 0 0 0 6.10351562e-05
-0.00484812513 0.327888057 0.0884659723 0 0 0 6.10351562e-05
0.881658668 -0.339868683 0.0234541444 0 0 0 6.10351562e-05
-0.250619497 -0.682544369 -0.39903275 0 0 0 6.10351562e-05
0.423909685 0.485640985 -0.0815909671 0 0 0 6.10351562e-05
0.303864261 -0.417283939 -0.571951202 0 0 0 6.10351562e-05
-0.0338570789 0.161109299 -0.0757452654 0 0 0 6.10351562e-05
-0.807997509 -0.291111154 -0.354423456 0 0 0 6.10351562e-05
-0.38691841 -0.0157389032 0.719659571 0 0 0 6.10351562e-05
-0.0817600819 0.105963391 -0.434096285 0 0 0 6.10351562e-05
0.317426464 -0.332635002 -0.694185401 0 0 0 6.10351562e-05
-0.313206847 0.685070668 0.356582101 0 0 0 6.10351562e-05
0.545522025 -0.460590122 -0.0276335864 0 0 0 6.10351562e-05
-0.729676846 0.353172199 0.525689631 0 0 0 6.10351562e-05
-0.64570151 0.698361666 -0.190253525 0 0 0 6.10351562e-05
0.00791913291 -0.799724103 -0.200575985 0 0 0 6.10351562e-05
-0.530017854 0.616757413 0.0570293509 0 0 0 6.10351562e-05
-0.169654554 -0.836871116 -0.177772999 0 0 0 6.10351562e-05
-0.174198557 0.758100209 -0.0297823457 0 0 0 6.10351562e-05
-0.332846537 0.224809802 0.21501239 0 0 0 6.10351562e-05
0.518086944 0.38597752 -0.494106951 0 0 0 6.10351562e-05
0.250984394 -0.327836418 0.617383498 0 0 0 6.10351562e-05
0.57929842 -0.149570759 -0.25431741 0 0 0 6.10351562e-05
0.23199388 0.22967156 -0.935535135 0 0 0 6.10351562e-05
-0.314778807 0.658330774 -0.534257546 0 0 0 6.10351562e-05
0.376259826 -0.551849517 -0.0925054526 0 0 0 6.10351562e-05
0.870444218 -0.459423231 -0.0831167282 0 0 0 6.10351562e-05
0.190227579 -0.434722599 -0.59182983 0 0 0 6.10351562e-05
-0.484286088 -0.135498918 -0.603611862 0 0 0 6.10351562e-05
0.502192914 -0.121406349 0.851035436 0 0 0 6.10351562e-05
0.394013629 -0.0365635546 -0.61321509 0 0 0 6.10351562e-05
-0.100383808 -0.189500921 -0.335871939 0 0 0 6.10351562e-05
0.340326223 0.170274127 -0.0695926261 0 0 0 6.10351562e-05
0.825144963 0.069028466 0.308718576 0 0 0 6.10351562e-05
-0.00151722791 0.0285687965 -0.506262474 0 0 0 6.10351562e-05
0.564893638 0.402962283 0.47961034 0 0 0 6.10351562e-05
-0.261819224 0.173211672 0.74023973 0 0 0 6.10351562e-05
-0.0906426814 -0.081943483 -0.155931087 0 0 0 6.10351562e-05
0.0274480151 -0.0479945718 -0.928787979 0 0 0 6.10351562e-05
0.174998036 0.304443549 -0.0988307064 0 0 0 6.10351562e-05
0.152214567 -0.610584056 0.753088598 0 0 0 6.10351562e-05
0.0549187035 -0.646198858 -0.622927767 0 0 0 6.10351562e-05
0.699016886 -0.139291638 -0.428559195 0 0 0 6.10351562e-05
-0.512626154 0.710024195 -0.479356564 0 0 0 6.10351562e-05
-0.378699985 -0.492949331 0.168374854 0 0 0 6.10351562e-05
-0.0146794128 -0.73958742 0.584804739 0 0 0 6.10351562e-05
0.706019737 0.302705723 0.0189755574 0 0 0 6.10351562e-05
-0.071545345 -0.194988861 0.34688568 0 0 0 6.10351562e-05
-0.463580485 -0.598154715 -0.0151481008 0 0 0 6.10351562e-05
-0.480019151 -0.486931077 -0.376688404 0 0 0 6.10351562e-05
0.208023111 -0.80521296 0.309202218 0 0 0 6.10351562e-05
0.226508854 0.494635952 0.132969475 0 0 0 6.10351562e-05
-0.289816678 -0.0202934015 0.472940926 0 0 0 6.10351562e-05
-0.275881572 0.395604024 -0.079695376 0 0 0 6.10351562e-05
0.296871407 -0.534616682 -0.19465912 0 0 0 6.10351562e-05
-0.255881069 -0.434629694 -0.632625865 0 0 0 6.10351562e-05
-0.381916103 0.0615965949 -0.0993996832 0 0 0 6.10351562e-05
0.402460127 -0.193980734 -0.107961649 0 0 0 6.10351562e-05
-0.279534069 -0.60390832 -0.24734672 0 0 0 6.10351562e-05
0.668872553 0.207568857 -0.0672434433 0 0 0 6.10351562e-05
-0.428855911 -0.51642185 0.641180787 0 0 0 6.10351562e-05
0.287063402 -0.63388743 0.125459376 0 0 0 6.10351562e-05
-0.541694882 0.19315921 0.48787209 0 0 0 6.10351562e-05
0.00540121468 0.281562891 0.856618146 0 0 0 6.10351562e-05
0.263864216 -0.792123264 -0.319645614 0 0 0 6.10351562e-05
0.272322574 0.77434678 -0.540816548 0 0 0 6.10351562e-05
-0.246815979 0.523384401 0.447399193 0 0 0 6.10351562e-05
0.355170868 0.804350404 0.318321284 0 0 0 6.10351562e-05
0.384999635 0.665459348 -0.439326794 0 0 0 6.10351562e-05
0.638782455 0.341924234 0.183345024 0 0 0 6.10351562e-05
-0.528623431 0.761778261 -0.207049621 0 0 0 6.10351562e-05
0.1280983 -0.363670575 0.0941759149 0 0 0 6.10351562e-05
0.564868248 -0.55688391 0.142478513 0 0 0 6.10351562e-05
0.359890792 0.0620896574 -0.573700051 0 0 0 6.10351562e-05
0.153525969 0.966593142 0.153872667 0 0 0 6.10351562e-05
0.247338085 -0.453814783 -0.11947584 0 0 0 6.10351562e-05
0.0706002198 -0.20742744 0.0628602131 0 0 0 6.10351562e-05
-0.511530207 0.498197186 0.0287602087 0 0 0 6.10351562e-05
-0.0983769147 0.494376278 0.416237455 0 0 0 6.10351562e-05
-0.386589504 -0.249719658 0.23772775 0 0 0 6.10351562e-05
0.411985021 0.436906996 0.289655037 0 0 0 6.10351562e-05
-0.418145082 0.0505314592 -0.861137248 0 0 0 6.10351562e-05
0.0254220054 0.859716276 -0.236537394 0 0 0 6.10351562e-05
0.654709621 0.0124057211 -0.0410270464 0 0 0 6.10351562e-05
-0.411497932 0.693690705 -0.147955938 0 0 0 6.10351562e-05
0.0710809472 0.882623021 0.0234895019 0 0 0 6.10351562e-05
0.0670262421 -0.367608123 0.62139189 0 0 0 6.10351562e-05
-0.0594083266 0.0357267682 0.10631582 0 0 0 6.10351562e-05
0.119129388 0.265752868 0.948242323 0 0 0 6.10351562e-05
0.495862237 0.168983537 -0.694118618 0 0 0 6.10351562e-05
-0.832056023 -0.437730301 -0.223147154 0 0 0 6.10351562e-05
0.61960327 -0.558174945 -0.181512476 0 0 0 6.10351562e-05
-0.217680633 0.944410448 0.157621634 0 0 0 6.10351562e-05
-0.983369029 -0.109681045 0.0961693585 0 0 0 6.10351562e-05
0.258187968 -0.580899653 0.622943739 0 0 0 6.10351562e-05
-0.163685736 0.492495235 0.143361822 0 0 0 6.10351562e-05
-0.396272336 0.295377752 0.58357215 0 0 0 6.10351562e-05
-0.23010563 -0.498314821 0.121212544 0 0 0 6.10351562e-05
-0.294352838 -0.117754111 -0.754489588 0 0 0 6.10351562e-05
0.310137332 -0.398380224 -0.757291721 0 0 0 6.10351562e-05
-0.189618865 -0.00121905674 -0.74032101 0 0 0 6.10351562e-05
-0.152852652 -0.703296717 -0.44470936 0 0 0 6.10351562e-05
0.280373075 0.295411501 -0.678433912 0 0 0 6.10351562e-05
0.197503417 -0.454246125 -0.823019492 0 0 0 6.10351562e-05
0.321144973 0.691155051 0.175370532 0 0 0 6.10351562e-05
-0.149509172 -0.693114475 0.672618154 0 0 0 6.10351562e-05
-0.0308912581 0.454777486 -0.072861222 0 0 0 6.10351562e-05
0.168127122 -0.364993087 -0.0018023104 0 0 0 6.10351562e-05
0.341423085 -0.218553177 0.737027407 0 0 0 6.10351562e-05
-0.168240773 -0.455758416 -0.68001076 0 0 0 6.10351562e-05
0.323952328 0.218629802 0.538276081 0 0 0 6.10351562e-05
0.597250297 -0.134604074 0.0763336104 0 0 0 6.10351562e-05
-0.294524882 -0.503637885 0.482168738 0 0 0 6.10351562e-05
-0.353438087 -0.0158049824 0.893642856 0 0 0 6.10351562e-05
-0.112885634 -0.74794375 0.426236408 0 0 0 6.10351562e-05
0.239431536 0.0298079906 -0.726171651 0 0 0 6.10351562e-05
0.00995596667 0.524144631 -0.279840113 0 0 0 6.10351562e-05
-0.578234685 -0.173816124 -0.368466096 0 0 0 6.10351562e-05
-0.918023245 0.166934086 -0.346836292 0 0 0 6.10351562e-05
-0.146022849 0.156339066 0.0334440097 0 0 0 6.10351562e-05
0.203851655 -0.579130534 0.484414748 0 0 0 6.10351562e-05
-0.609561343 -0.174572383 0.386805066 0 0 0 6.10351562e-05
0.186186401 0.428954423 0.0764185831 0 0 0 6.10351562e-05
0.108317135 -0.306706659 -0.488848381 0 0 0 6.10351562e-05
-0.0323452109 -0.604227458 -0.375582904 0 0 0 6.10351562e-05
-0.0356628697 -0.323043185 0.584275772 0 0 0 6.10351562e-05
0.172051215 -0.541915088 -0.372166415 0 0 0 6.10351562e-05
0.088984561 0.490424749 0.483705643 0 0 0 6.10351562e-05
0.440046439 -0.0775949691 0.000693669365 0 0 0 6.10351562e-05
0.112047669 0.0801359967 0.294674029 0 0 0 6.10351562e-05
-0.119211428 -0.271321707 -0.562578666 0 0 0 6.10351562e-05
0.345540874 -0.63729583 -0.656559622 0 0 0 6.10351562e-05
0.206385247 0.173246451 0.046645477 0 0 0 6.10351562e-05
0.0805408677 0.900313325 0.0398222122 0 0 0 6.10351562e-05
0.0773343788 -0.42359043 -0.431974902 0 0 0 6.10351562e-05
0.63634774 -0.351507551 -0.242001385 0 0 0 6.10351562e-05
0.256822026 -0.693593391 -0.132399111 0 0 0 6.10351562e-05
-0.244131482 0.00608767254 0.655876553 0 0 0 6.10351562e-05
-0.542637578 0.365971124 -0.123623813 0 0 0 6.10351562e-05
-0.542744384 0.169820085 0.198975209 0 0 0 6.10351562e-05
-0.896346124 0.191405831 -0.310250268 0 0 0 6.10351562e-05
-0.240506574 0.365252196 0.634099041 0 0 0 6.10351562e-05
-0.45855373 0.333489273 0.481600958 0 0 0 6.10351562e-05
0.10004162 0.102844988 -0.218011665 0 0 0 6.10351562e-05
-0.111819463 0.358000651 -0.64163519 0 0 0 6.10351562e-05
0.353610884 -0.917470193 -0.0432519735 0 0 0 6.10351562e-05
0.31548499 -0.899024653 0.21915767 0 0 0 6.10351562e-05
0.0724085737 -0.644612021 0.616493243 0 0 0 6.10351562e-05
-0.232517425 0.032563688 0.102790368 0 0 0 6.10351562e-05
0.171378779 0.926005669 0.024690095 0 0 0 6.10351562e-05
0.241027641 -0.0281942318 -0.136271557 0 0 0 6.10351562e-05
0.253109346 0.437480748 0.648593476 0 0 0 6.10351562e-05
-0.865121352 0.125066276 -0.378526879 0 0 0 6.10351562e-05
0.721838573 -0.506177209 0.228435569 0 0 0 6.10351562e-05
0.517407869 -0.63772608 -0.133025256 0 0 0 6.10351562e-05
0.825073504 0.378912253 0.358560284 0 0 0 6.10351562e-05
0.254982075 -0.55851949 -0.0241161428 0 0 0 6.10351562e-05
0.144339631 -0.580449609 -0.333496592 0 0 0 6.10351562e-05
0.316357545 -0.499193093 0.177676665 0 0 0 6.10351562e-05
0.0163564377 -0.814844467 -0.566783591 0 0 0 6.10351562e-05
0.083690727 -0.270250478 0.156435987 0 0 0 6.10351562e-05
-0.13234654 0.266231451 0.155986392 0 0 0 6.10351562e-05
0.320285607 0.0292307958 -0.0756344031 0 0 0 6.10351562e-05
0.570773286 0.529179366 0.174573341 0 0 0 6.10351562e-05
0.42229931 -0.0040695719 -0.311390989 0 0 0 6.10351562e-05
-0.497693669 -0.154124862 -0.153267184 0 0 0 6.10351562e-05
-0.686196132 -0.269104211 0.477479346 0 0 0 6.10351562e-05
-0.528390358 0.31372435 -0.3651589 0 0 0 6.10351562e-05
0.380738082 0.360896002 -0.635895008 0 0 0 6.10351562e-05
0.752990798 0.303328141 -0.286729984 0 0 0 6.10351562e-05
0.208244368 -0.241591139 -0.431131213 0 0 0 6.10351562e-05
-0.274241454 -0.801932793 -0.0966437718 0 0 0 6.10351562e-05
-0.0873640768 -0.324523159 -0.248504563 0 0 0 6.10351562e-05
0.452180059 0.0319620487 0.533202325 0 0 0 6.10351562e-05
-0.0643937248 -0.173659496 0.223575606 0 0 0 6.10351562e-05
0.816457581 -0.0630430829 -0.518075693 0 0 0 6.10351562e-05
-0.449715468 -0.0889741293 0.782862815 0 0 0 6.10351562e-05
0.484850846 0.499916841 0.208889803 0 0 0 6.10351562e-05
-0.914564429 -0.308398131 -0.00503953039 0 0 0 6.10351562e-05
0.543543761 0.754886498 -0.127805513 0 0 0 6.10351562e-05
-0.706739248 0.377318182 -0.00759936754 0 0 0 6.10351562e-05
0.626908104 0.150242181 0.0102116024 0 0 0 6.10351562e-05
0.0594052056 -0.156737848 -0.163942309 0 0 0 6.10351562e-05
-0.0837968952 0.458181474 -0.413582477 0 0 0 6.10351562e-05
-0.305648066 0.0480344351 0.943574706 0 0 0 6.10351562e-05
-0.259607121 0.0494850046 0.330211245 0 0 0 6.10351562e-05
0.506945495 -0.552320849 0.549023429 0 0 0 6.10351562e-05
0.230781341 0.616282633 0.12350319 0 0 0 6.10351562e-05
-0.0594204095 0.0887283832 -0.364412199 0 0 0 6.10351562e-05
0.243019961 -0.16075428 -0.113265218 0 0 0 6.10351562e-05
-0.831416608 -0.0028675462 0.186007071 0 0 0 6.10351562e-05
-0.259265195 0.0218005733 -0.937122012 0 0 0 6.10351562e-05
-0.241382308 0.476199908 0.0866091039 0 0 0 6.10351562e-05
-0.708687145 -0.280630124 0.254276468 0 0 0 6.10351562e-05
0.654115532 -0.241665676 0.599316781 0 0 0 6.10351562e-05
-0.170186731 -0.697282812 0.196412258 0 0 0 6.10351562e-05
0.162867075 0.289709558 -0.607378493 0 0 0 6.10351562e-05
0.578397824 -0.632577406 0.0528335028 0 0 0 6.10351562e-05
-0.368323601 0.178253236 0.0282459758 0 0 0 6.10351562e-05
-0.86669967 -0.115800411 0.151453251 0 0 0 6.10351562e-05
-0.666149264 -0.305618348 -0.673463669 0 0 0 6.10351562e-05
0.35226276 0.100202931 -0.655780003 0 0 0 6.10351562e-05
0.0266349569 0.228472179 0.084614919 0 0 0 6.10351562e-05
-0.186430056 -0.398811052 -0.709446758 0 0 0 6.10351562e-05
0.35133069 0.237672854 -0.0423572499 0 0 0 6.10351562e-05
0.425886332 0.265430792 -0.492247177 0 0 0 6.10351562e-05
-0.312380436 -0.362994631 -0.249642461 0 0 0 6.10351562e-05
0.447317765 -0.0497366827 -0.447079354 0 0 0 6.10351562e-05
-0.272699723 0.615991968 -0.507536291 0 0 0 6.10351562e-05
0.0200714493 0.689312862 -0.422855092 0 0 0 6.10351562e-05
-0.375383099 0.521568836 0.512679477 0 0 0 6.10351562e-05
-0.795485631 -0.041590237 -0.112790804 0 0 0 6.10351562e-05
0.916720125 -0.313599991 -0.000931171145 0 0 0 6.10351562e-05
0.279226154 0.46676591 0.28175142 0 0 0 6.10351562e-05
-0.904234501 0.182709049 -0.184082998 0 0 0 6.10351562e-05
0.136635633 0.796004366 -0.492693832 0 0 0 6.10351562e-05
-0.790876857 -0.213749005 0.367797553 0 0 0 6.10351562e-05
-0.32250008 0.683141113 0.378408037 0 0 0 6.10351562e-05
-0.458182374 -0.327558748 0.455696506 0 0 0 6.10351562e-05
0.064795036 0.491390024 -0.354166084 0 0 0 6.10351562e-05
-0.331439154 0.399648751 -0.500730511 0 0 0 6.10351562e-05
0.68159623 0.515126176 0.203354812 0 0 0 6.10351562e-05
-0.767684965 -0.442924237 -0.00671375077 0 0 0 6.10351562e-05
0.258975656 0.803720238 -0.466349429 0 0 0 6.10351562e-05
-0.348246949 0.502989136 0.571706459 0 0 0 6.10351562e-05
-0.184909646 -0.730628624 0.370000124 0 0 0 6.10351562e-05
-0.463451989 0.173470315 0.529870211 0 0 0 6.10351562e-05
0.108310749 -0.306799182 -0.0305165534 0 0 0 6.10351562e-05
-0.326134459 -0.580953132 -0.73595783 0 0 0 6.10351562e-05
0.570603355 0.188911731 0.50329568 0 0 0 6.10351562e-05
0.911405855 -0.18022756 -0.167869895 0 0 0 6.10351562e-05
0.783704986 -0.158022078 0.186516985 0 0 0 6.10351562e-05
-0.368428193 0.150401171 0.693095724 0 0 0 6.10351562e-05
-0.305696919 -0.0155280515 0.62034209 0 0 0 6.10351562e-05
0.568599682 -0.638162147 0.0398285406 0 0 0 6.10351562e-05
0.612709226 0.282908206 0.321006445 0 0 0 6.10351562e-05
0.512357966 0.253753643 0.363764389 0 0 0 6.10351562e-05
0.195062278 0.238276122 -0.274793312 0 0 0 6.10351562e-05
0.116287855 0.811377912 -0.0242122995 0 0 0 6.10351562e-05
0.487172928 -0.173011879 -0.174102901 0 0 0 6.10351562e-05
-0.169694461 -0.440584596 -0.607732192 0 0 0 6.10351562e-05
-0.18542654 -0.505470822 -0.0315872033 0 0 0 6.10351562e-05
0.23009997 0.47284845 -0.35655612 0 0 0 6.10351562e-05
-0.910626286 0.181651122 -0.279657425 0 0 0 6.10351562e-05
-0.432586611 0.0518454331 -0.411842313 0 0 0 6.10351562e-05
-0.325476048 0.778555215 0.376489232 0 0 0 6.10351562e-05
0.00901877048 -0.411056144 0.0443095327 0 0 0 6.10351562e-05
-0.293596123 -0.119316099 0.39347611 0 0 0 6.10351562e-05
-0.156989334 0.173269047 -0.563758071 0 0 0 6.10351562e-05
0.744559303 0.108600008 -0.566654813 0 0 0 6.10351562e-05
0.100748136 0.531490748 -0.64264319 0 0 0 6.10351562e-05
-0.417308068 -0.829780019 -0.364448123 0 0 0 6.10351562e-05
0.522026033 0.430027462 0.0511986113 0 0 0 6.10351562e-05
0.592353566 -0.043795401 -0.0483192695 0 0 0 6.10351562e-05
-0.577683744 0.00481719663 0.116367147 0 0 0 6.10351562e-05
0.695135461 0.309253867 0.0737741578 0 0 0 6.10351562e-05
-0.751276707 0.494579017 0.120981218 0 0 0 6.10351562e-05
0.0597024662 0.533191429 0.67881434 0 0 0 6.10351562e-05
0.30531199 0.438763481 0.716608534 0 0 0 6.10351562e-05
-0.355016625 0.63259237 0.670040598 0 0 0 6.10351562e-05
-0.495440132 -0.224300625 -0.305866751 0 0 0 6.10351562e-05
0.0671616 -0.919000053 0.280338081 0 0 0 6.10351562e-05
-0.206220081 -0.775448861 0.0697885328 0 0 0 6.10351562e-05
-0.153183445 -0.680869396 0.0664020243 0 0 0 6.10351562e-05
0.265554435 0.190523364 -0.82332615 0 0 0 6.10351562e-05
0.178560067 -0.170975291 0.215308552 0 0 0 6.10351562e-05
-0.356069765 0.338036239 0.418445926 0 0 0 6.10351562e-05
0.642295938 0.319842244 -0.198484585 0 0 0 6.10351562e-05
0.443353837 -0.390844637 0.119242499 0 0 0 6.10351562e-05
-0.833173916 -0.142821853 0.0459659454 0 0 0 6.10351562e-05
0.0223814587 -0.527643 -0.577179051 0 0 0 6.10351562e-05
-0.128745327 -0.812783659 -0.352319739 0 0 0 6.10351562e-05
0.781793182 -0.0717490873 -0.0301988717 0 0 0 6.10351562e-05
0.371687925 -0.608123028 -0.0913662735 0 0 0 6.10351562e-05
0.43651331 0.369014778 -0.158195951 0 0 0 6.10351562e-05
-0.107063827 0.790600012 -0.0100394443 0 0 0 6.10351562e-05
-0.0820092433 0.432802909 0.720054869 0 0 0 6.10351562e-05
0.570448268 0.51322285 -0.434777372 0 0 0 6.10351562e-05
0.0432569752 -0.421714469 0.801539929 0 0 0 6.10351562e-05
0.132613778 -0.221628887 0.290257296 0 0 0 6.10351562e-05
-0.182909844 0.433938199 -0.1625664 0 0 0 6.10351562e-05
0.202895487 0.474915569 0.245920367 0 0 0 6.10351562e-05
-0.845534366 0.239232159 0.047140276 0 0 0 6.10351562e-05
-0.606526571 0.285783161 0.390244262 0 0 0 6.10351562e-05
-0.120565439 0.373153101 0.247082947 0 0 0 6.10351562e-05
0.143339257 -0.835502802 -0.411955177 0 0 0 6.10351562e-05
0.35182312 0.232696778 0.344792958 0 0 0 6.10351562e-05
-0.497954199 0.330465763 0.0603280088 0 0 0 6.10351562e-05
0.184953153 0.298043849 0.828902725 0 0 0 6.10351562e-05
0.114419936 -0.890525141 -0.0728082393 0 0 0 6.10351562e-05
-0.362174039 -0.285623899 -0.356216356 0 0 0 6.10351562e-05
-0.12754824 -0.690151818 0.206818791 0 0 0 6.10351562e-05
0.12031769 0.627788211 -0.0294907151 0 0 0 6.10351562e-05
0.158197595 0.798184004 -0.399795054 0 0 0 6.10351562e-05
-0.154062051 0.482255779 -0.716507814 0 0 0 6.10351562e-05
0.218922206 0.154824691 -0.0696598732 0 0 0 6.10351562e-05
-0.446366635 -0.28517543 0.23683057 0 0 0 6.10351562e-05
-0.559301847 -0.51546576 0.285590945 0 0 0 6.10351562e-05
0.797437389 0.062204456 0.00224533791 0 0 0 6.10351562e-05
0.292384015 0.948459269 -2.26449973e-06 0 0 0 6.10351562e-05
0.299831622 0.418908984 -0.626095773 0 0 0 6.10351562e-05
-0.0536969628 0.263503001 -0.924564781 0 0 0 6.10351562e-05
-0.322662077 0.624288659 0.6499592 0 0 0 6.10351562e-05
0.0735154104 -0.592741747 -0.549039003 0 0 0 6.10351562e-05
-0.305535868 0.443967463 0.662858754 0 0 0 6.10351562e-05
0.237794539 -0.548040367 0.499146261 0 0 0 6.10351562e-05
-0.189819165 -0.405045408 -0.791398998 0 0 0 6.10351562e-05
-0.276655909 0.874522427 0.322592224 0 0 0 6.10351562e-05
-0.905712149 0.158982564 0.361829532 0 0 0 6.10351562e-05
0.0487150655 0.792562823 0.602548359 0 0 0 6.10351562e-05
-0.646160269 0.414385161 -0.0419357656 0 0 0 6.10351562e-05
-0.152105542 0.567956345 -0.499439308 0 0 0 6.10351562e-05
-0.180920061 0.344901533 0.364882172 0 0 0 6.10351562e-05
0.648232485 -0.0149287634 0.306171261 0 0 0 6.10351562e-05
-0.359894089 0.359537427 -0.697645245 0 0 0 6.10351562e-05
0.0144591025 -0.177716185 0.0689773069 0 0 0 6.10351562e-05
0.354385868 0.815198206 -0.0102826402 0 0 0 6.10351562e-05
0.557901537 -0.265453247 0.292288815 0 0 0 6.10351562e-05
-0.206824237 0.306420601 0.050431466 0 0 0 6.10351562e-05
0.357352269 -0.232984686 0.765189131 0 0 0 6.10351562e-05
-0.220781906 0.653657554 -0.346318943 0 0 0 6.10351562e-05
-0.832333246 0.123347589 0.0111422945 0 0 0 6.10351562e-05
-0.466150648 0.313847395 -0.00546737842 0 0 0 6.10351562e-05
-0.0263505506 0.143743795 -0.87630084 0 0 0 6.10351562e-05
0.77234069 0.354034729 0.343256521 0 0 0 6.10351562e-05
0.464102542 -0.11214192 -0.548023514 0 0 0 6.10351562e-05
-0.377214 -0.161186502 0.00261086253 0 0 0 6.10351562e-05
0.0626144399 -0.478341223 -0.776198644 0 0 0 6.10351562e-05
0.540867484 0.218570589 -0.360128049 0 0 0 6.10351562e-05
0.19634791 -0.138358558 0.828770823 0 0 0 6.10351562e-05
0.167480659 0.208876159 0.953359861 0 0 0 6.10351562e-05
-0.109157342 -0.132502389 -0.289318488 0 0 0 6.10351562e-05
-0.369643043 0.47752446 0.735351676 0 0 0 6.10351562e-05
-0.52828004 -0.147677606 0.435637657 0 0 0 6.10351562e-05
-0.515378628 -0.352117686 -0.252514061 0 0 0 6.10351562e-05
-0.430440061 -0.50345989 -0.216688098 0 0 0 6.10351562e-05
0.78946125 0.129161991 0.354709436 0 0 0 6.10351562e-05
-0.171794766 -0.3910495 -0.479083741 0 0 0 6.10351562e-05
0.0658601788 -0.903861138 -0.118525596 0 0 0 6.10351562e-05
0.752375662 -0.396242478 -0.292025767 0 0 0 6.10351562e-05
0.4759042 0.206275149 0.489692304 0 0 0 6.10351562e-05
-0.142289501 0.135251763 -0.915968274 0 0 0 6.10351562e-05
0.593081743 0.121395569 -0.475752848 0 0 0 6.10351562e-05
0.178411094 0.436588398 0.59435524 0 0 0 6.10351562e-05
-0.690667073 -0.138540129 0.0317368373 0 0 0 6.10351562e-05
0.160067638 0.261362146 0.773310512 0 0 0 6.10351562e-05
-0.207105792 0.468895428 -0.255477504 0 0 0 6.10351562e-05
-0.170634644 -0.758904198 0.239228854 0 0 0 6.10351562e-05
0.512906002 -0.274915963 0.0772254199 0 0 0 6.10351562e-05
-0.285823104 0.0643293631 0.765350086 0 0 0 6.10351562e-05
-0.268459719 0.15251846 0.0553534129 0 0 0 6.10351562e-05
0.277903011 -0.241111937 0.538024148 0 0 0 6.10351562e-05
-0.525982224 0.00143859493 0.848725009 0 0 0 6.10351562e-05
0.377990736 0.310659701 0.537733327 0 0 0 6.10351562e-05
-0.72534668 -0.600592438 0.17854312 0 0 0 6.10351562e-05
0.537626636 0.755324902 0.200706544 0 0 0 6.10351562e-05
-0.340919266 -0.275972281 -0.453475977 0 0 0 6.10351562e-05
-0.553742829 -0.227739585 0.775508861 0 0 0 6.10351562e-05
-0.266572328 -0.624865535 -0.0953200098 0 0 0 6.10351562e-05
-0.371856162 -0.673599076 -0.148276295 0 0 0 6.10351562e-05
0.179033835 0.369087751 -0.20697102 0 0 0 6.10351562e-05
-0.450971738 0.619311538 0.0723954804 0 0 0 6.10351562e-05
-0.320862358 0.73528241 -0.297282777 0 0 0 6.10351562e-05
0.661118981 0.00990875959 0.393480446 0 0 0 6.10351562e-05
0.162207151 0.665205332 0.415483628 0 0 0 6.10351562e-05
0.011373741 0.621024089 -0.0809384681 0 0 0 6.10351562e-05
0.79549246 0.467943239 -0.00659147819 0 0 0 6.10351562e-05
-0.233578327 -0.404327483 -0.0915109462 0 0 0 6.10351562e-05
0.236785866 0.204779341 -0.864677891 0 0 0 6.10351562e-05
-0.170012671 -0.630357207 0.315664767 0 0 0 6.10351562e-05
-0.0937245062 0.482452368 -0.299160139 0 0 0 6.10351562e-05
0.0433373902 -0.718258369 -0.451869254 0 0 0 6.10351562e-05
0.712178955 -0.354287523 0.220235609 0 0 0 6.10351562e-05
-0.381151835 -0.321957119 0.79668204 0 0 0 6.10351562e-05
-0.124540742 0.623011491 -0.176342103 0 0 0 6.10351562e-05
0.0280937116 -0.614682505 -0.422023232 0 0 0 6.10351562e-05
0.554793428 -0.530681902 0.1915807 0 0 0 6.10351562e-05
0.113222007 0.0602471766 0.416534548 0 0 0 6.10351562e-05
0.256318631 -0.150043517 -0.946221126 0 0 0 6.10351562e-05
-0.108916404 0.306311601 0.742073939 0 0 0 6.10351562e-05
-0.239862378 -0.324243128 0.276397814 0 0 0 6.10351562e-05
0.147211506 0.153260648 0.0562233673 0 0 0 6.10351562e-05
0.334433907 0.261889986 -0.819817132 0 0 0 6.10351562e-05
-0.075375112 -0.122929694 0.173773283 0 0 0 6.10351562e-05
-0.510032938 -0.0803081046 -0.105930276 0 0 0 6.10351562e-05
0.212908331 -0.817336036 0.471411756 0 0 0 6.10351562e-05
0.34895378 0.469388284 0.278805309 0 0 0 6.10351562e-05
-0.0812948632 -0.0243937356 0.582912419 0 0 0 6.10351562e-05
0.529998531 0.809366728 0.192916507 0 0 0 6.10351562e-05
-0.437275178 0.0968425572 -0.0348034073 0 0 0 6.10351562e-05
-0.378893325 0.318477191 -0.35911985 0 0 0 6.10351562e-05
-0.232338242 -0.0211957728 0.508615176 0 0 0 6.10351562e-05
-0.0822766096 -0.50582799 -0.310945084 0 0 0 6.10351562e-05
0.507183984 -0.00983919442 -0.0604966131 0 0 0 6.10351562e-05
-0.878349097 0.000320199123 0.129421598 0 0 0 6.10351562e-05
0.0870638764 0.609596534 -0.0313431358 0 0 0 6.10351562e-05
-0.33947309 0.318235029 0.126055737 0 0 0 6.10351562e-05
-0.277212199 -0.269999725 -0.38282139 0 0 0 6.10351562e-05
0.44599925 0.389602 0.773774049 0 0 0 6.10351562e-05
-0.0301405059 0.412628102 -0.169052786 0 0 0 6.10351562e-05
-0.461106232 -0.3517858 0.584209251 0 0 0 6.10351562e-05
0.49358239 0.391333762 -0.0712934579 0 0 0 6.10351562e-05
-0.332881676 0.713487823 -0.18549602 0 0 0 6.10351562e-05
-0.662888361 -0.584419646 -0.362010008 0 0 0 6.10351562e-05
0.449604237 -0.572682194 -0.284572841 0 0 0 6.10351562e-05
0.323251039 0.233121107 -0.621967075 0 0 0 6.10351562e-05
0.301015534 0.300513057 -0.243856261 0 0 0 6.10351562e-05
-0.288102898 -0.163121763 0.557285902 0 0 0 6.10351562e-05
0.504570808 0.0831434557 0.451114097 0 0 0 6.10351562e-05
0.133063905 0.125373071 0.842914707 0 0 0 6.10351562e-05
0.289917907 0.331540255 -0.370171639 0 0 0 6.10351562e-05
-0.598541725 -0.378709384 -0.107382267 0 0 0 6.10351562e-05
-0.334763545 0.65014284 0.478110405 0 0 0 6.10351562e-05
-0.585321243 0.67351382 0.2818249 0 0 0 6.10351562e-05
0.599043983 -0.62649963 0.0111801098 0 0 0 6.10351562e-05
0.238305762 0.270490667 0.0683326166 0 0 0 6.10351562e-05
0.436933757 -0.206265436 0.473628382 0 0 0 6.10351562e-05
0.0361880061 -0.0208294765 0.0633979307 0 0 0 6.10351562e-05
0.44968605 -0.157086891 -0.135001094 0 0 0 6.10351562e-05
-0.341726391 -0.28876732 0.715932977 0 0 0 6.10351562e-05
-0.637406774 -0.0874661069 -0.708148555 0 0 0 6.10351562e-05
-0.558897279 -0.178941232 0.263180524 0 0 0 6.10351562e-05
-0.0354539453 -0.66550592 -0.480053508 0 0 0 6.10351562e-05
-0.542540943 -0.394088646 0.22764668 0 0 0 6.10351562e-05
-0.0749098924 -0.539096634 -0.800305122 0 0 0 6.10351562e-05
0.820153945 -0.473825784 -0.213146655 0 0 0 6.10351562e-05
0.345405065 -0.679396322 0.00166704429 0 0 0 6.10351562e-05
-0.0277955515 -0.150621882 0.487711257 0 0 0 6.10351562e-05
0.324911549 0.0461762073 0.246809395 0 0 0 6.10351562e-05
0.0821161204 0.0535128473 0.619897013 0 0 0 6.10351562e-05
-0.746105424 0.326970914 0.354629392 0 0 0 6.10351562e-05
0.0533954399 0.306382947 -0.607587734 0 0 0 6.10351562e-05
-0.879753567 0.032646045 0.0876775734 0 0 0 6.10351562e-05
0.372870594 0.523844889 0.384556221 0 0 0 6.10351562e-05
-0.0142286276 0.511625553 -0.308083864 0 0 0 6.10351562e-05
-0.118096973 0.336976332 0.892747856 0 0 0 6.10351562e-05
-0.116196896 -0.126702303 0.233717185 0 0 0 6.10351562e-05
-0.498978979 0.116604538 -0.220197411 0 0 0 6.10351562e-05
-0.0640702018 0.109861935 0.931359412 0 0 0 6.10351562e-05
-0.013735018 0.649235634 -0.223989497 0 0 0 6.10351562e-05
0.47470091 0.255020907 -0.329695217 0 0 0 6.10351562e-05
0.22391611 -0.64088695 0.437111406 0 0 0 6.10351562e-05
0.241924833 -0.0674508696 0.573905523 0 0 0 6.10351562e-05
0.0431347112 0.284141448 -0.129575346 0 0 0 6.10351562e-05
0.46571228 0.429009155 -0.662094155 0 0 0 6.10351562e-05
-0.251672881 -0.0910286413 -0.607498302 0 0 0 6.10351562e-05
0.53332678 0.177670458 0.30859044 0 0 0 6.10351562e-05
0.0386807411 -0.489606375 -0.401159556 0 0 0 6.10351562e-05
0.188153038 0.860561337 0.19446743 0 0 0 6.10351562e-05
0.735021817 0.168607886 0.124784065 0 0 0 6.10351562e-05
0.752478474 -0.262143821 0.356420613 0 0 0 6.10351562e-05
0.748134479 0.0206683941 0.00475689288 0 0 0 6.10351562e-05
-0.138027559 -0.156582206 0.722210194 0 0 0 6.10351562e-05
0.0597351806 -0.143991343 0.142040982 0 0 0 6.10351562e-05
0.0331229628 0.185311425 -0.701438889 0 0 0 6.10351562e-05
-0.367607647 -0.295339082 0.012508652 0 0 0 6.10351562e-05
-0.549588636 0.526831501 0.612471087 0 0 0 6.10351562e-05
-0.0494579862 0.111737639 0.287620849 0 0 0 6.10351562e-05
-0.317258626 -0.255047884 0.639476532 0 0 0 6.10351562e-05
0.0799954885 0.80808711 0.331038262 0 0 0 6.10351562e-05
-0.0727303093 -0.146699426 -0.0278533694 0 0 0 6.10351562e-05
-0.857212975 -0.112585039 0.223726927 0 0 0 6.10351562e-05
0.67233646 0.186082959 0.00315721421 0 0 0 6.10351562e-05
0.346829747 0.683601497 0.373817734 0 0 0 6.10351562e-05
-0.716497163 -0.197940056 -0.548674952 0 0 0 6.10351562e-05
0.417293916 0.681113574 0.337997929 0 0 0 6.10351562e-05
0.621477397 0.212260477 0.315297009 0 0 0 6.10351562e-05
0.0457846709 -0.242931255 -0.702515972 0 0 0 6.10351562e-05
0.310970652 -0.246787841 -0.713795302 0 0 0 6.10351562e-05
0.121072053 0.582593414 0.702709532 0 0 0 6.10351562e-05
0.00503894889 -0.721021967 -0.632504832 0 0 0 6.10351562e-05
0.382783288 -0.795862257 0.383433033 0 0 0 6.10351562e-05
-0.305659798 0.710338089 -0.339926464 0 0 0 6.10351562e-05
-0.40187536 0.36517083 -0.486727937 0 0 0 6.10351562e-05
-0.722894903 -0.525490471 -0.414537169 0 0 0 6.10351562e-05
0.165732398 0.784483905 -0.151061095 0 0 0 6.10351562e-05
0.196137115 -0.739998555 -0.354528387 0 0 0 6.10351562e-05
0.103271773 -0.0619183754 -0.909752169 0 0 0 6.10351562e-05
0.0350971612 -0.98428513 0.107938243 0 0 0 6.10351562e-05
-0.389389666 -0.282605488 -0.00978820238 0 0 0 6.10351562e-05
-0.709019811 -0.656873352 -0.0973349188 0 0 0 6.10351562e-05
-0.553571481 -0.709329621 -0.151703355 0 0 0 6.10351562e-05
-0.801092085 -0.109707998 -0.389483755 0 0 0 6.10351562e-05
-0.0190783075 -0.344699948 0.872426551 0 0 0 6.10351562e-05
-0.877522109 0.283987683 0.139657136 0 0 0 6.10351562e-05
0.0653477307 0.304829227 -0.496496896 0 0 0 6.10351562e-05
-0.0453409141 0.54071013 0.619505875 0 0 0 6.10351562e-05
-0.0530931544 0.751652912 0.0758704054 0 0 0 6.10351562e-05
-0.441937144 -0.477050876 0.391389606 0 0 0 6.10351562e-05
0.596610838 -0.564780134 -0.566785706 0 0 0 6.10351562e-05
0.356195411 0.391844189 0.561823456 0 0 0 6.10351562e-05
0.131160188 -0.193016948 0.165915262 0 0 0 6.10351562e-05
0.109617416 0.411051838 0.0390395656 0 0 0 6.10351562e-05
0.702328301 -0.641264437 -0.258732792 0 0 0 6.10351562e-05
-0.226910005 -0.624974414 -0.171982752 0 0 0 6.10351562e-05
0.369433628 -0.590207042 0.483249509 0 0 0 6.10351562e-05
0.744645631 -0.12261192 -0.317645975 0 0 0 6.10351562e-05
0.376529962 0.649120085 0.320264629 0 0 0 6.10351562e-05
0.261084992 0.677875386 -0.142664203 0 0 0 6.10351562e-05
-0.0724274332 -0.78429613 0.138368474 0 0 0 6.10351562e-05
-0.0331628962 -0.46912986 -0.65119039 0 0 0 6.10351562e-05
-0.690033569 0.225245435 0.620858576 0 0 0 6.10351562e-05
0.857892435 -0.0852498679 0.448612325 0 0 0 6.10351562e-05
0.171991333 0.323550798 0.743489393 0 0 0 6.10351562e-05
0.154746781 0.222094921 0.240781224 0 0 0 6.10351562e-05
-0.196802342 -0.46181763 0.543887967 0 0 0 6.10351562e-05
-0.0648162382 -0.49197968 0.112854688 0 0 0 6.10351562e-05
-0.325989135 -0.574191153 0.0743743509 0 0 0 6.10351562e-05
0.128564266 0.334517171 -0.152865943 0 0 0 6.10351562e-05
-0.173548498 0.100168497 0.215352023 0 0 0 6.10351562e-05
-0.581493148 0.40407077 -0.497754839 0 0 0 6.10351562e-05
0.420819799 0.330507649 -0.0793174952 0 0 0 6.10351562e-05
0.417710722 0.220217938 -0.271750537 0 0 0 6.10351562e-05
-0.266807139 -0.645285596 0.20291455 0 0 0 6.10351562e-05
-0.103997219 0.100514414 -0.346527717 0 0 0 6.10351562e-05
0.276584905 0.115599005 -0.537077354 0 0 0 6.10351562e-05
-0.166995126 0.457211436 -0.408373179 0 0 0 6.10351562e-05
-0.0284202677 0.251641611 -0.77921231 0 0 0 6.10351562e-05
0.627782746 0.505432942 -0.301532725 0 0 0 6.10351562e-05
0.169313992 -0.0765120233 -0.544598439 0 0 0 6.10351562e-05
0.166001395 -0.7226018 -0.543955272 0 0 0 6.10351562e-05
-0.304238664 -0.887373979 -0.277825135 0 0 0 6.10351562e-05
0.300624065 -0.349672705 0.600469508 0 0 0 6.10351562e-05
-0.620227943 -0.09507258 -0.192815046 0 0 0 6.10351562e-05
-0.0211031606 -0.866409354 -0.135700041 0 0 0 6.10351562e-05
-0.011516954 -0.769458701 0.467854232 0 0 0 6.10351562e-05
-0.414044422 0.696436623 0.49052747 0 0 0 6.10351562e-05
0.598452749 0.489347977 -0.179223537 0 0 0 6.10351562e-05
-0.502029547 0.191267408 0.336657276 0 0 0 6.10351562e-05
-0.259337484 -0.351468117 -0.162011412 0 0 0 6.10351562e-05
0.588342737 -0.0976444996 0.672959495 0 0 0 6.10351562e-05
0.231842496 0.721756068 -0.593935099 0 0 0 6.10351562e-05
0.0606963209 -0.262941855 -0.87827102 0 0 0 6.10351562e-05
0.370399038 0.49157784 -0.0175401417 0 0 0 6.10351562e-05
0.249842165 -0.282962453 0.471490634 0 0 0 6.10351562e-05
0.248223747 -0.130240533 -0.952490512 0 0 0 6.10351562e-05
0.371331599 -0.717963146 -0.140268172 0 0 0 6.10351562e-05
-0.00483194893 -0.110411483 0.424281097 0 0 0 6.10351562e-05
-0.0137510999 0.75400526 0.354742045 0 0 0 6.10351562e-05
-0.154508113 -0.82712731 0.272129538 0 0 0 6.10351562e-05
-0.0467783283 -0.326085274 -0.777446578 0 0 0 6.10351562e-05
0.2814881 0.279367641 0.214877697 0 0 0 6.10351562e-05
0.212768317 0.228385405 0.249038946 0 0 0 6.10351562e-05
0.236858798 -0.275876684 -0.070254603 0 0 0 6.10351562e-05
0.00712193329 -0.0931069959 0.472142224 0 0 0 6.10351562e-05
0.0620230532 -0.304475943 0.124448052 0 0 0 6.10351562e-05
-0.299884844 0.740321098 -0.0258317204 0 0 0 6.10351562e-05
-0.138648012 0.0645429098 -0.207445016 0 0 0 6.10351562e-05
0.789979881 -0.320548863 -0.498703168 0 0 0 6.10351562e-05
-0.402775448 0.00384388092 0.144689266 0 0 0 6.10351562e-05
-0.138673442 0.753975832 -0.181963697 0 0 0 6.10351562e-05
0.659068229 -0.400424832 0.454826043 0 0 0 6.10351562e-05
-0.0781517887 0.865054983 0.214318581 0 0 0 6.10351562e-05
-0.620553284 -0.729270655 0.0736108718 0 0 0 6.10351562e-05
-0.750072333 -0.359745044 -0.294839458 0 0 0 6.10351562e-05
0.0969562351 0.466880264 -0.00853636283 0 0 0 6.10351562e-05
0.776508389 0.0478983887 -0.309366581 0 0 0 6.10351562e-05
-0.0545195562 0.199351967 0.235428831 0 0 0 6.10351562e-05
0.121202587 -0.631721997 0.236339321 0 0 0 6.10351562e-05
0.572524702 -0.816668349 0.0470486541 0 0 0 6.10351562e-05
0.409076564 0.142822401 0.240287817 0 0 0 6.10351562e-05
0.0414339947 -0.730870678 -0.585945724 0 0 0 6.10351562e-05
-0.354599378 -0.330692891 0.478804956 0 0 0 6.10351562e-05
0.130435496 -0.120564832 0.716553568 0 0 0 6.10351562e-05
-0.490980923 0.523387919 0.604290708 0 0 0 6.10351562e-05
0.747909098 -0.237774002 -0.445543226 0 0 0 6.10351562e-05
-0.353032615 0.0412100268 -0.579257684 0 0 0 6.10351562e-05
-0.106438072 0.344002174 0.259018973 0 0 0 6.10351562e-05
0.604026692 0.654097293 -0.12056346 0 0 0 6.10351562e-05
-0.422592913 -0.601591587 0.224628932 0 0 0 6.10351562e-05
-0.347999144 -0.769896845 0.332532414 0 0 0 6.10351562e-05
-0.0821020688 -0.730518575 -0.33410046 0 0 0 6.10351562e-05
-0.399507989 0.632085544 -0.290906705 0 0 0 6.10351562e-05
-0.306196815 -0.275200991 0.553860712 0 0 0 6.10351562e-05
0.445424293 0.375257373 0.187788437 0 0 0 6.10351562e-05
-0.686866066 0.539882533 0.468107068 0 0 0 6.10351562e-05
-0.442603935 0.773986093 -0.0730916306 0 0 0 6.10351562e-05
0.433571892 -0.646475632 -0.447354955 0 0 0 6.10351562e-05
-0.270238211 0.51999927 -0.330121856 0 0 0 6.10351562e-05
-0.50097814 -0.142342853 0.15706222 0 0 0 6.10351562e-05
0.235009377 -0.529356338 -0.0686182358 0 0 0 6.10351562e-05
-0.706945901 0.0773602111 0.0276832153 0 0 0 6.10351562e-05
-0.664632985 0.633777013 0.0211146628 0 0 0 6.10351562e-05
0.802636354 0.0978845589 0.0479296159 0 0 0 6.10351562e-05
0.0452288749 -0.347468058 0.517921114 0 0 0 6.10351562e-05
0.529374767 0.289649136 -0.388045311 0 0 0 6.10351562e-05
-0.285864895 0.105038954 0.888503206 0 0 0 6.10351562e-05
0.0554590656 -0.460812108 -0.794283148 0 0 0 6.10351562e-05
0.0971937817 0.134858601 -0.91583839 0 0 0 6.10351562e-05
0.127886864 0.529295579 0.364349629 0 0 0 6.10351562e-05
-0.643717125 0.428097481 -0.419463291 0 0 0 6.10351562e-05
0.575721053 -0.550241624 0.411248611 0 0 0 6.10351562e-05
-0.277552908 -0.463329929 0.579557936 0 0 0 6.10351562e-05
-0.687325308 -0.36033711 0.194287442 0 0 0 6.10351562e-05
-0.0831423098 0.0626383701 -0.0765633076 0 0 0 6.10351562e-05
0.742161794 -0.154568198 -0.283599928 0 0 0 6.10351562e-05
-0.677876492 -0.500561678 -0.516459548 0 0 0 6.10351562e-05
0.134917663 0.702485308 -0.292879949 0 0 0 6.10351562e-05
0.554966768 0.0264827223 0.682896396 0 0 0 6.10351562e-05
0.667004379 0.506664958 -0.187850751 0 0 0 6.10351562e-05
0.287967084 -0.911364045 0.102301749 0 0 0 6.10351562e-05
0.159906047 -0.330715623 -0.640423384 0 0 0 6.10351562e-05
-0.574581974 0.0638303721 0.641207541 0 0 0 6.10351562e-05
0.217609361 -0.54026941 -0.111452006 0 0 0 6.10351562e-05
0.20798788 -0.630617868 -0.594476855 0 0 0 6.10351562e-05
0.87694732 -0.094013243 0.285794723 0 0 0 6.10351562e-05
0.344502243 -0.629114313 0.434763579 0 0 0 6.10351562e-05
-0.858524189 -0.157247403 0.0125640831 0 0 0 6.10351562e-05
-0.296798113 0.849142118 -0.32469604 0 0 0 6.10351562e-05
-0.219934598 0.298151044 0.191594629 0 0 0 6.10351562e-05
-0.289271462 -0.0130349256 0.672700112 0 0 0 6.10351562e-05
-0.111990513 0.0354457982 -0.740025317 0 0 0 6.10351562e-05
-0.0451343596 0.558898877 0.639470785 0 0 0 6.10351562e-05
-0.401054751 -0.596461875 -0.264079145 0 0 0 6.10351562e-05
-0.917490991 0.0387346359 -0.330946416 0 0 0 6.10351562e-05
0.161989741 0.25626705 0.491200232 0 0 0 6.10351562e-05
-0.227624367 -0.107226616 -0.0620694643 0 0 0 6.10351562e-05
-0.606990966 -0.657129765 0.142110797 0 0 0 6.10351562e-05
0.0244402151 -0.265448236 0.720332283 0 0 0 6.10351562e-05
0.567014625 0.777765608 0.0915203633 0 0 0 6.10351562e-05
-0.447752648 0.705789372 0.292767458 0 0 0 6.10351562e-05
0.223873633 -0.787825616 -0.226570881 0 0 0 6.10351562e-05
0.0676493455 0.966701673 0.155655033 0 0 0 6.10351562e-05
0.172677098 -0.227493313 0.450290418 0 0 0 6.10351562e-05
-0.106615045 -0.783948317 0.493078053 0 0 0 6.10351562e-05
0.362576627 0.883552257 0.205466965 0 0 0 6.10351562e-05
-0.473684705 0.806828294 -0.0740262515 0 0 0 6.10351562e-05
-0.819448872 -0.184869523 -0.472037065 0 0 0 6.10351562e-05
-0.229147588 0.434947513 0.313288703 0 0 0 6.10351562e-05
0.418759156 0.431056844 0.37066067 0 0 0 6.10351562e-05
0.0156604417 0.0207158837 -0.954462185 0 0 0 6.10351562e-05
-0.575376864 0.145160477 0.665052005 0 0 0 6.10351562e-05
-0.714236571 -0.244173009 0.0062632623 0 0 0 6.10351562e-05
0.183260103 -0.706904206 0.59231889 0 0 0 6.10351562e-05
0.205536936 -0.451751612 0.569870389 0 0 0 6.10351562e-05
0.0364853159 0.491864849 0.281988752 0 0 0 6.10351562e-05
-0.235865367 0.20859779 0.660042725 0 0 0 6.10351562e-05
-0.0178728151 0.933362611 0.0966540046 0 0 0 6.10351562e-05
0.78678123 -0.372575754 0.118015292 0 0 0 6.10351562e-05
0.144230378 0.394799699 0.807426927 0 0 0 6.10351562e-05
0.0015207772 -0.0995359809 -0.156229497 0 0 0 6.10351562e-05
-0.716934929 -0.0152026559 0.53669674 0 0 0 6.10351562e-05
-0.512037834 0.18156591 0.168799421 0 0 0 6.10351562e-05
0.500286487 0.0210261928 -0.825851743 0 0 0 6.10351562e-05
0.324434257 -0.881742893 -0.143528488 0 0 0 6.10351562e-05
-0.500965673 0.359647288 0.0715520043 0 0 0 6.10351562e-05
0.776483002 -0.173779014 0.38391697 0 0 0 6.10351562e-05
-0.330743103 0.630947475 0.416285774 0 0 0 6.10351562e-05
-0.230303061 -0.307624345 -0.0462332582 0 0 0 6.10351562e-05
-0.9778294 0.0197368062 -0.205834507 0 0 0 6.10351562e-05
-0.0959484763 -0.234903502 0.793471956 0 0 0 6.10351562e-05
0.44369763 0.64711449 -0.352908976 0 0 0 6.10351562e-05
0.0510445704 -0.00458779314 0.880333224 0 0 0 6.10351562e-05
-0.429764402 0.424531668 0.362757419 0 0 0 6.10351562e-05
0.498228409 -0.731742635 -0.326279924 0 0 0 6.10351562e-05
-0.28239113 -0.310238984 0.623517064 0 0 0 6.10351562e-05
0.297400108 -0.130695689 0.740155212 0 0 0 6.10351562e-05
-0.948271956 0.0548407101 0.31134158 0 0 0 6.10351562e-05
-0.024743316 0.429338899 -0.272110058 0 0 0 6.10351562e-05
-0.484593758 -0.722980028 0.0562147617 0 0 0 6.10351562e-05
0.152287535 0.207736746 -0.350449395 0 0 0 6.10351562e-05
-0.563070915 -0.0303137976 -0.608511568 0 0 0 6.10351562e-05
0.0561995248 -0.508140589 0.720865526 0 0 0 6.10351562e-05
0.0256010498 -0.346111065 -0.010226575 0 0 0 6.10351562e-05
-0.307661243 0.149333442 0.275495569 0 0 0 6.10351562e-05
-0.368406692 -0.233850951 0.584352714 0 0 0 6.10351562e-05
-0.568367418 0.470015654 -0.580668386 0 0 0 6.10351562e-05
-0.616870335 -0.21825869 0.509228072 0 0 0 6.10351562e-05
-0.502627562 0.498384384 -0.18030386 0 0 0 6.10351562e-05
-0.439973709 0.416965043 -0.32475124 0 0 0 6.10351562e-05
-0.260279053 0.184322288 -0.590375075 0 0 0 6.10351562e-05
0.0467220915 -0.0894396625 0.0769311576 0 0 0 6.10351562e-05
0.383142714 -0.312308382 0.236594257 0 0 0 6.10351562e-05
0.723840687 -0.67761588 0.0392679431 0 0 0 6.10351562e-05
0.775269839 0.434938271 -0.452213339 0 0 0 6.10351562e-05
-0.281336743 -0.677317821 -0.627283732 0 0 0 6.10351562e-05
-0.253123006 0.080363685 -0.759616345 0 0 0 6.10351562e-05
0.519575908 0.288234345 0.527749901 0 0 0 6.10351562e-05
0.729184442 -0.449819508 0.360390869 0 0 0 6.10351562e-05
-0.758496442 -0.28858811 0.0248924689 0 0 0 6.10351562e-05
-0.499130827 -0.346488732 0.362187519 0 0 0 6.10351562e-05
-0.392401155 -0.0953426388 -0.295565505 0 0 0 6.10351562e-05
-0.411817636 0.321000086 0.514188413 0 0 0 6.10351562e-05
-0.0393197741 0.180971252 -0.860843712 0 0 0 6.10351562e-05
0.00173285666 0.0117211097 -0.97315296 0 0 0 6.10351562e-05
0.42756109 0.25498418 0.343336259 0 0 0 6.10351562e-05
0.228583114 0.431655601 -0.851195672 0 0 0 6.10351562e-05
-0.400790852 -0.543837918 -0.380623646 0 0 0 6.10351562e-05
-0.206335048 -0.680943999 -0.382506171 0 0 0 6.10351562e-05
0.322793607 0.644639926 -0.387620488 0 0 0 6.10351562e-05
0.799565207 -0.0404975991 0.429884388 0 0 0 6.10351562e-05
-0.590927289 0.0978740947 -0.394114478 0 0 0 6.10351562e-05
0.253246807 0.114983738 0.784236062 0 0 0 6.10351562e-05
-0.283413231 -0.582320183 -0.728362611 0 0 0 6.10351562e-05
-0.316770427 -0.504789478 -0.656696137 0 0 0 6.10351562e-05
-0.642058536 0.255621834 -0.0719988994 0 0 0 6.10351562e-05
0.789846289 -0.165312887 -0.0347466852 0 0 0 6.10351562e-05
0.426803511 -0.336221772 -0.106936505 0 0 0 6.10351562e-05
0.432700126 0.222545678 0.161809205 0 0 0 6.10351562e-05
0.85179969 -0.41093949 -0.309940105 0 0 0 6.10351562e-05
0.831130274 -0.190979682 -0.315302767 0 0 0 6.10351562e-05
-0.183816069 0.302967297 -0.754076628 0 0 0 6.10351562e-05
-0.217583028 -0.341954744 0.852144773 0 0 0 6.10351562e-05
-0.499028231 0.483281339 0.439535092 0 0 0 6.10351562e-05
0.426916561 -0.624113711 0.613805791 0 0 0 6.10351562e-05
0.46729389 -0.627177134 0.438723946 0 0 0 6.10351562e-05
-0.0601261946 -0.858186577 -0.369425105 0 0 0 6.10351562e-05
-0.068654919 0.731408167 0.184381632 0 0 0 6.10351562e-05
-0.735244262 -0.551814034 0.0508229442 0 0 0 6.10351562e-05
-0.352771568 -0.709388495 -0.432169808 0 0 0 6.10351562e-05
-0.452864854 -0.628606371 0.417933495 0 0 0 6.10351562e-05
-0.567146914 0.0672766947 0.483308315 0 0 0 6.10351562e-05
0.073445116 -0.216476638 -0.50604216 0 0 0 6.10351562e-05
-0.291433231 0.763693347 -0.530905525 0 0 0 6.10351562e-05
0.150613712 0.265343875 -0.858433246 0 0 0 6.10351562e-05
-0.0291882444 -0.345257537 -0.61020331 0 0 0 6.10351562e-05
-0.449361653 0.638949758 -0.572748319 0 0 0 6.10351562e-05
-0.463714009 0.68016313 0.349193737 0 0 0 6.10351562e-05
0.665136815 -0.159964403 -0.567589855 0 0 0 6.10351562e-05
-0.518020076 0.369505263 -0.102267625 0 0 0 6.10351562e-05
0.169143221 0.430389082 -0.0902894509 0 0 0 6.10351562e-05
0.081563963 0.559561707 -0.492298353 0 0 0 6.10351562e-05
0.0974282389 0.284568822 0.43958132 0 0 0 6.10351562e-05
0.155680272 -0.290199951 0.0708747075 0 0 0 6.10351562e-05
0.730819397 -0.612017394 -0.287507716 0 0 0 6.10351562e-05
-0.230434842 -0.555875288 0.787798703 0 0 0 6.10351562e-05
0.572949496 -0.496072623 -0.283425737 0 0 0 6.10351562e-05
-0.376986175 0.0446500236 0.822216297 0 0 0 6.10351562e-05
-0.087320645 0.263990971 -0.543275573 0 0 0 6.10351562e-05
-0.0930770612 -0.021422052 -0.61717623 0 0 0 6.10351562e-05
-0.499825004 -0.542208446 -0.336651097 0 0 0 6.10351562e-05
-0.148488579 0.853440283 0.439937066 0 0 0 6.10351562e-05
-0.15231572 0.640353389 -0.631561902 0 0 0 6.10351562e-05
-0.137652152 -0.612530427 -0.332581676 0 0 0 6.10351562e-05
0.497311055 0.56937838 0.625430774 0 0 0 6.10351562e-05
-0.633339976 0.360766077 0.0978424182 0 0 0 6.10351562e-05
-0.15026746 0.366980368 0.681914179 0 0 0 6.10351562e-05
-0.0613673106 -0.487933823 -0.448633791 0 0 0 6.10351562e-05
0.263811054 0.903626977 -0.169349387 0 0 0 6.10351562e-05
0.812095663 0.367232406 0.323209414 0 0 0 6.10351562e-05
-0.300395531 0.479541295 -0.549992221 0 0 0 6.10351562e-05
0.000774604609 0.35885949 0.835144517 0 0 0 6.10351562e-05
0.225739114 -0.786381162 -0.549376288 0 0 0 6.10351562e-05
0.218439044 0.707458194 -0.0740427729 0 0 0 6.10351562e-05
-0.356773659 -0.184477888 0.565950032 0 0 0 6.10351562e-05
-0.32438742 -0.340261875 0.681989952 0 0 0 6.10351562e-05
-0.352915452 0.74102988 -0.219485129 0 0 0 6.10351562e-05
-0.231607621 -0.685194363 0.211398642 0 0 0 6.10351562e-05
-0.0264257293 -0.894915173 0.438201292 0 0 0 6.10351562e-05
0.51932076 0.558879775 -0.493152311 0 0 0 6.10351562e-05
0.284998766 0.725077966 -0.429694443 0 0 0 6.10351562e-05
0.159458294 -0.341697137 -0.890611556 0 0 0 6.10351562e-05
-0.290033326 -0.771761038 -0.467638875 0 0 0 6.10351562e-05
-0.135075481 0.60421635 -0.141946605 0 0 0 6.10351562e-05
0.0538585483 0.0617395062 -0.450560927 0 0 0 6.10351562e-05
0.147884522 -0.601886976 0.737864348 0 0 0 6.10351562e-05
-0.423740311 0.054926449 0.214694974 0 0 0 6.10351562e-05
-0.198491055 -0.315483089 -0.617277853 0 0 0 6.10351562e-05
0.594882283 -0.162203535 -0.103409587 0 0 0 6.10351562e-05
0.499462906 -0.304536198 -0.265531255 0 0 0 6.10351562e-05
0.464909988 -0.571045993 0.51855262 0 0 0 6.10351562e-05
-0.742765628 -0.583561391 -0.0311843784 0 0 0 6.10351562e-05
-0.565293965 0.755491836 0.201951316 0 0 0 6.10351562e-05
0.896724072 0.234890528 -0.238825656 0 0 0 6.10351562e-05
0.399999556 0.00590972587 0.662115155 0 0 0 6.10351562e-05
0.723296416 0.439122056 -0.0191822631 0 0 0 6.10351562e-05
0.577935695 0.515879911 -0.0371057335 0 0 0 6.10351562e-05
0.544470938 -0.405486653 0.16465343 0 0 0 6.10351562e-05
-0.429452178 0.12247791 -0.501137682 0 0 0 6.10351562e-05
-0.699226368 -0.421618635 0.452801499 0 0 0 6.10351562e-05
-0.0768068419 -0.845695542 -0.218474998 0 0 0 6.10351562e-05
0.242494738 -0.304431552 -0.502172301 0 0 0 6.10351562e-05
0.57163478 0.590923819 -0.113079429 0 0 0 6.10351562e-05
-0.141731883 0.908587422 -0.375832162 0 0 0 6.10351562e-05
0.366278445 0.21233692 0.751923034 0 0 0 6.10351562e-05
-0.133249211 0.591169502 0.212596286 0 0 0 6.10351562e-05
0.113424311 -0.527905762 -0.477432641 0 0 0 6.10351562e-05
-0.362447769 -0.238374084 -0.85863368 0 0 0 6.10351562e-05
-0.00413784939 0.389133758 0.718210111 0 0 0 6.10351562e-05
-0.242221728 -0.59382291 0.559524319 0 0 0 6.10351562e-05
-0.0827798353 0.550109348 -0.74892824 0 0 0 6.10351562e-05
0.287357206 0.162926622 -0.27632704 0 0 0 6.10351562e-05
-0.298449615 -0.168290699 0.217495396 0 0 0 6.10351562e-05
0.104037726 0.144491337 0.881785125 0 0 0 6.10351562e-05
-0.778984351 0.59457221 -0.0543401982 0 0 0 6.10351562e-05
-0.0796579901 0.442343121 -0.555402098 0 0 0 6.10351562e-05
0.744108226 -0.347154491 -0.0945570613 0 0 0 6.10351562e-05
0.176449018 -0.783119217 -0.578610933 0 0 0 6.10351562e-05
0.0430829635 -0.382578267 0.225743533 0 0 0 6.10351562e-05
0.516471555 0.252027345 -0.753607534 0 0 0 6.10351562e-05
-0.666574439 -0.35880491 -0.149540449 0 0 0 6.10351562e-05
-0.0911601698 -0.387932721 0.483636545 0 0 0 6.10351562e-05
0.217227734 0.83722333 0.391092057 0 0 0 6.10351562e-05
-0.351880001 -0.234308487 0.61612149 0 0 0 6.10351562e-05
0.688145467 0.370918634 0.211159707 0 0 0 6.10351562e-05
0.951093298 0.0161373496 -0.134160506 0 0 0 6.10351562e-05
0.406260815 0.816679876 0.34622263 0 0 0 6.10351562e-05
-0.230266587 -0.0874226079 -0.727266974 0 0 0 6.10351562e-05
-0.187001292 -0.111920676 -0.658091974 0 0 0 6.10351562e-05
0.0240414284 -0.652226612 0.582993986 0 0 0 6.10351562e-05
-0.767210177 -0.190311469 -0.180053757 0 0 0 6.10351562e-05
-0.41062291 0.588984001 -0.154812777 0 0 0 6.10351562e-05
-0.381112593 -0.301449676 0.682530413 0 0 0 6.10351562e-05
-0.636563278 0.665359 -0.232262583 0 0 0 6.10351562e-05
0.702688756 -0.0816559097 0.106492252 0 0 0 6.10351562e-05
-0.417537547 0.639629334 0.0501175247 0 0 0 6.10351562e-05
0.766920566 0.54949869 0.313389785 0 0 0 6.10351562e-05
-0.358008321 -0.0883801398 0.733959483 0 0 0 6.10351562e-05
-0.674031636 -0.213932623 0.466533842 0 0 0 6.10351562e-05
0.499701862 -0.203907871 0.194567017 0 0 0 6.10351562e-05
-0.420428523 -0.849419521 -0.0244631391 0 0 0 6.10351562e-05
-0.221856564 0.504452891 0.525250775 0 0 0 6.10351562e-05
-0.316398705 0.613227954 0.397072016 0 0 0 6.10351562e-05
0.699644061 0.158106442 -0.415368801 0 0 0 6.10351562e-05
0.750931314 0.100888417 0.521790546 0 0 0 6.10351562e-05
-0.206311341 0.477969325 -0.0476012062 0 0 0 6.10351562e-05
0.936787462 -0.0503237241 0.141493908 0 0 0 6.10351562e-05
0.188979443 0.922323243 -0.288080165 0 0 0 6.10351562e-05
0.63453571 -0.591214334 -0.0418197396 0 0 0 6.10351562e-05
-0.350433976 -0.179112115 0.381140389 0 0 0 6.10351562e-05
-0.348218274 0.592543788 0.541361482 0 0 0 6.10351562e-05
-0.847799953 0.20956446 -0.338025739 0 0 0 6.10351562e-05
0.108345739 -0.0944361734 -0.762609583 0 0 0 6.10351562e-05
0.631257176 0.231373688 0.131215508 0 0 0 6.10351562e-05
0.555445479 0.138423781 0.135627033 0 0 0 6.10351562e-05
0.858579506 -0.202270566 -0.293103801 0 0 0 6.10351562e-05
0.72700382 -0.156217682 0.51140422 0 0 0 6.10351562e-05
0.529149805 -0.417686143 -0.0330387107 0 0 0 6.10351562e-05
0.236511705 0.10917017 -0.37529043 0 0 0 6.10351562e-05
0.365673093 0.152752544 0.355408418 0 0 0 6.10351562e-05
0.4597153 -0.520293612 -0.251258611 0 0 0 6.10351562e-05
-0.178862958 0.088384885 0.495819728 0 0 0 6.10351562e-05
-0.34979584 -0.118571957 0.118160638 0 0 0 6.10351562e-05
0.362444041 -0.817163294 -0.338719291 0 0 0 6.10351562e-05
-0.136415416 -0.583502485 0.281930764 0 0 0 6.10351562e-05
-0.315279734 -0.26169862 -0.167194302 0 0 0 6.10351562e-05
-0.000963699371 -0.914536652 0.205656693 0 0 0 6.10351562e-05
-0.761678769 -0.440632197 0.42925761 0 0 0 6.10351562e-05
0.625999918 -0.261888477 0.18437606 0 0 0 6.10351562e-05
-0.672625166 -0.0724070862 -0.277011294 0 0 0 6.10351562e-05
0.430292475 0.295634554 0.0247638492 0 0 0 6.10351562e-05
-0.276247757 -0.639636453 0.232685211 0 0 0 6.10351562e-05
0.102303093 -0.132049738 0.497947942 0 0 0 6.10351562e-05
-0.680428173 0.254186298 -0.32311315 0 0 0 6.10351562e-05
-0.715796437 0.0490201943 0.422297582 0 0 0 6.10351562e-05
-0.591807317 -0.136865814 -0.686130242 0 0 0 6.10351562e-05
0.278971324 -0.355272107 -0.453550823 0 0 0 6.10351562e-05
0.314694573 0.577991825 -0.70063842 0 0 0 6.10351562e-05
-0.747066292 -0.470336184 -0.45287776 0 0 0 6.10351562e-05
0.116928029 -0.54555159 0.13597261 0 0 0 6.10351562e-05
-0.924350584 0.21081596 -0.121407848 0 0 0 6.10351562e-05
-0.413117704 0.597622474 -0.223887017 0 0 0 6.10351562e-05
-0.848570169 0.243395277 -0.186375779 0 0 0 6.10351562e-05
0.192582949 -0.0396542499 -0.925397224 0 0 0 6.10351562e-05
-0.687553797 0.404336046 0.0537262834 0 0 0 6.10351562e-05
0.416105059 0.37646637 -0.452409323 0 0 0 6.10351562e-05
-0.263124438 -0.0587382726 0.679834337 0 0 0 6.10351562e-05
0.32389517 -0.121187657 -0.350734453 0 0 0 6.10351562e-05
-0.672037822 -0.531203918 0.50191141 0 0 0 6.10351562e-05
0.118071824 0.136393593 0.670152188 0 0 0 6.10351562e-05
-0.251196052 0.33422734 0.509785692 0 0 0 6.10351562e-05
-0.424325773 -0.530880429 -0.635900941 0 0 0 6.10351562e-05
-0.103017966 -0.5867341 -0.242315233 0 0 0 6.10351562e-05
0.0408869212 0.583605831 0.530145421 0 0 0 6.10351562e-05
-0.798384778 0.0398770473 -0.44387228 0 0 0 6.10351562e-05
0.793613172 0.514677592 0.0153743068 0 0 0 6.10351562e-05
0.189028709 0.525279617 -0.394495337 0 0 0 6.10351562e-05
-0.621153902 -0.283453485 0.153458638 0 0 0 6.10351562e-05
-0.134962459 -0.0131800191 -0.134357765 0 0 0 6.10351562e-05
0.394455897 0.323146511 -0.452347978 0 0 0 6.10351562e-05
0.247285776 0.331383225 0.524727374 0 0 0 6.10351562e-05
-0.00545384239 0.823714485 -0.252511015 0 0 0 6.10351562e-05
-0.729807827 0.357333526 -0.271379693 0 0 0 6.10351562e-05
-0.85958458 -0.310058822 -0.313509741 0 0 0 6.10351562e-05
0.526107804 -0.270023206 -0.478253481 0 0 0 6.10351562e-05
-0.940501373 -0.0196180701 -0.206262133 0 0 0 6.10351562e-05
-0.0775332378 -0.316284806 0.489358635 0 0 0 6.10351562e-05
-0.544304337 -0.39548446 0.456315011 0 0 0 6.10351562e-05
0.551705832 -0.160128249 -0.164198339 0 0 0 6.10351562e-05
-0.000952128564 -0.626189865 -0.210107824 0 0 0 6.10351562e-05
-0.524744107 0.768552077 0.0230459205 0 0 0 6.10351562e-05
0.769419566 -0.0291051856 -0.168865777 0 0 0 6.10351562e-05
0.283786816 -0.329015662 0.819217584 0 0 0 6.10351562e-05
-0.690379345 0.263951436 0.519799373 0 0 0 6.10351562e-05
-0.796724697 0.335422194 0.027386108 0 0 0 6.10351562e-05
-0.476151386 0.0427862933 0.473552524 0 0 0 6.10351562e-05
-0.310239318 -0.352258768 -0.125108702 0 0 0 6.10351562e-05
0.343351257 0.727842839 -0.00700101389 0 0 0 6.10351562e-05
-0.526828894 0.0840472973 0.831924009 0 0 0 6.10351562e-05
-0.599515188 0.419106101 0.591881537 0 0 0 6.10351562e-05
-0.505646705 0.320821961 0.390303907 0 0 0 6.10351562e-05
-0.629006222 0.498410702 0.301212513 0 0 0 6.10351562e-05
0.221056436 -0.436035508 -0.724157559 0 0 0 6.10351562e-05
0.190685538 0.128582489 0.125340392 0 0 0 6.10351562e-05
-0.0467074864 0.548850876 0.727822328 0 0 0 6.10351562e-05
0.698057263 -0.313503664 -0.342307754 0 0 0 6.10351562e-05
-0.334622545 -0.504301528 -0.702080462 0 0 0 6.10351562e-05
0.660022443 0.494295267 -0.35522055 0 0 0 6.10351562e-05
0.044187491 0.889967523 -0.0105810337 0 0 0 6.10351562e-05
-0.150124478 0.0763125861 0.706648233 0 0 0 6.10351562e-05
-0.720064248 0.481840931 -0.361342977 0 0 0 6.10351562e-05
-0.802744216 -0.519992251 -0.085307656 0 0 0 6.10351562e-05
-0.318756552 0.353497201 0.4727147 0 0 0 6.10351562e-05
-0.291124495 -0.361354771 0.452515558 0 0 0 6.10351562e-05
0.0193759164 0.486428687 -0.795121088 0 0 0 6.10351562e-05
-0.309485721 -0.153987337 0.394698945 0 0 0 6.10351562e-05
-0.171344493 -0.361018497 -0.862978445 0 0 0 6.10351562e-05
-0.118655867 -0.702737255 -0.249283039 0 0 0 6.10351562e-05
-0.741857362 -0.279326861 -0.152438641 0 0 0 6.10351562e-05
-0.365453879 0.0756451336 0.0871572063 0 0 0 6.10351562e-05
-0.073532225 -0.744775036 0.403471242 0 0 0 6.10351562e-05
-0.162383843 0.530298382 0.144153515 0 0 0 6.10351562e-05
0.00485483259 0.446140461 -0.311201629 0 0 0 6.10351562e-05
0.70876728 -0.482715004 0.444000338 0 0 0 6.10351562e-05
0.00847854952 0.205731086 0.638265803 0 0 0 6.10351562e-05
-0.102035373 -0.442088293 0.516883941 0 0 0 6.10351562e-05
-0.320466378 0.222485235 -0.501911694 0 0 0 6.10351562e-05
0.576609882 -0.416516136 0.349101663 0 0 0 6.10351562e-05
0.485665084 0.555679266 0.228135216 0 0 0 6.10351562e-05
-0.573784051 0.56137182 0.257621311 0 0 0 6.10351562e-05
-0.405352744 0.161895922 -0.644921112 0 0 0 6.10351562e-05
0.352606304 0.27031649 -0.000781914546 0 0 0 6.10351562e-05
0.702057577 -0.232002257 -0.353085655 0 0 0 6.10351562e-05
-0.00702927023 0.0687844071 0.319043581 0 0 0 6.10351562e-05
0.383951417 -0.151431047 -0.298287413 0 0 0 6.10351562e-05
0.774767364 0.0210610734 0.331981057 0 0 0 6.10351562e-05
-0.374271378 0.34945405 -0.103319898 0 0 0 6.10351562e-05
-0.335425678 -0.230270128 0.911114949 0 0 0 6.10351562e-05
0.0325958841 0.428128647 -0.0399902132 0 0 0 6.10351562e-05
-0.938553071 0.173830323 0.171349021 0 0 0 6.10351562e-05
-0.592809536 0.491868618 0.381346587 0 0 0 6.10351562e-05
-0.0553546354 0.786215595 0.412368039 0 0 0 6.10351562e-05
-0.589935302 -0.199033836 0.224965476 0 0 0 6.10351562e-05
0.563962871 -0.722767865 -0.314927858 0 0 0 6.10351562e-05
0.528555992 0.120545576 -0.770045147 0 0 0 6.10351562e-05
0.51320287 -0.0841749872 -0.239610987 0 0 0 6.10351562e-05
0.610570285 -0.195117004 0.321154599 0 0 0 6.10351562e-05
0.683732708 -0.345015736 0.109853569 0 0 0 6.10351562e-05
0.414474075 -0.8629274 0.206648439 0 0 0 6.10351562e-05
0.828909833 -0.187834687 -0.150734566 0 0 0 6.10351562e-05
-0.297631561 0.688279473 0.295070369 0 0 0 6.10351562e-05
-0.15149882 0.701987176 -0.526184121 0 0 0 6.10351562e-05
-0.765019948 0.534250969 -0.254762878 0 0 0 6.10351562e-05
0.207315877 0.228630344 -0.477701597 0 0 0 6.10351562e-05
-0.449083591 0.109746421 -0.567592986 0 0 0 6.10351562e-05
0.359061801 0.463791934 0.699330824 0 0 0 6.10351562e-05
0.255244724 -0.372656415 -0.10988708 0 0 0 6.10351562e-05
-0.330268837 -0.550168161 -0.431195427 0 0 0 6.10351562e-05
-0.380004764 -0.134176182 -0.749476077 0 0 0 6.10351562e-05
0.268684465 0.599257334 -0.448538371 0 0 0 6.10351562e-05
0.359883519 -0.537822526 0.0963942768 0 0 0 6.10351562e-05
-0.360617595 0.461796066 -0.569273927 0 0 0 6.10351562e-05
-0.14057648 -0.319420875 0.908107648 0 0 0 6.10351562e-05
0.298488671 0.263181992 0.751392989 0 0 0 6.10351562e-05
0.748325435 0.578152935 -0.184682162 0 0 0 6.10351562e-05
-0.134937952 -0.264699475 -0.276786192 0 0 0 6.10351562e-05
0.0615060123 0.799422696 0.0523118836 0 0 0 6.10351562e-05
-0.248634412 -0.757474269 -0.447735345 0 0 0 6.10351562e-05
-0.690979967 -0.0117180907 0.710389203 0 0 0 6.10351562e-05
0.219339633 -0.2069959 -0.104557215 0 0 0 6.10351562e-05
-0.211648411 -0.160410163 0.307860668 0 0 0 6.10351562e-05
0.430490137 -0.791558789 0.280537721 0 0 0 6.10351562e-05
-0.0330961299 0.965595055 0.178900279 0 0 0 6.10351562e-05
-0.27297035 0.211368384 0.272621245 0 0 0 6.10351562e-05
-0.657371445 -0.341891281 0.392927354 0 0 0 6.10351562e-05
-0.462922924 -0.566714178 0.218121289 0 0 0 6.10351562e-05
-0.253013789 0.56377803 -0.224204675 0 0 0 6.10351562e-05
0.330158714 -0.0363357257 0.134433614 0 0 0 6.10351562e-05
-0.789654962 -0.0845840126 0.359442812 0 0 0 6.10351562e-05
0.198593544 0.332947075 -0.165594594 0 0 0 6.10351562e-05
0.246234022 -0.250862833 0.460859353 0 0 0 6.10351562e-05
-0.397782623 0.171023464 0.476326889 0 0 0 6.10351562e-05
0.00495746764 0.198923151 0.562202039 0 0 0 6.10351562e-05
0.12947408 -0.872839775 0.31709207 0 0 0 6.10351562e-05
-0.788264013 -0.286418872 -0.114197438 0 0 0 6.10351562e-05
0.464082632 0.706970695 -0.50470712 0 0 0 6.10351562e-05
0.38645461 0.146509744 0.626210605 0 0 0 6.10351562e-05
-0.707088665 -0.231708837 -0.368640995 0 0 0 6.10351562e-05
0.706702124 0.456103898 0.0578851111 0 0 0 6.10351562e-05
0.015195641 0.183291976 -0.780291523 0 0 0 6.10351562e-05
0.55517747 0.79416978 -0.187097032 0 0 0 6.10351562e-05
-0.000213154389 0.375067565 -0.801892691 0 0 0 6.10351562e-05
-0.32369762 0.0872802769 0.410740285 0 0 0 6.10351562e-05
0.102074199 -0.466759255 0.0640601528 0 0 0 6.10351562e-05
-0.269554909 -0.826039695 0.0293632345 0 0 0 6.10351562e-05
-0.0903936989 0.765825831 0.13268497 0 0 0 6.10351562e-05
0.956031823 0.0740635691 -0.00352491425 0 0 0 6.10351562e-05
0.277250982 0.618902337 -0.143223997 0 0 0 6.10351562e-05
-0.206047029 -0.529392372 0.215194804 0 0 0 6.10351562e-05
-0.200136519 -0.331298901 -0.116624755 0 0 0 6.10351562e-05
0.384975644 -0.744520053 0.188489826 0 0 0 6.10351562e-05
0.0904906916 -0.615536851 0.339911794 0 0 0 6.10351562e-05
0.0889307472 -0.325387677 0.835104191 0 0 0 6.10351562e-05
-0.160249355 -0.346362386 -0.0464727079 0 0 0 6.10351562e-05
-0.630321098 0.0905927866 -0.522295621 0 0 0 6.10351562e-05
0.47098127 0.312032577 -0.704033361 0 0 0 6.10351562e-05
-0.191764285 0.808587936 0.46780036 0 0 0 6.10351562e-05
-0.474098177 0.12680932 0.556224366 0 0 0 6.10351562e-05
0.725443786 -0.415058602 -0.0567009331 0 0 0 6.10351562e-05
-0.785808488 -0.410957228 -0.0738868564 0 0 0 6.10351562e-05
0.18816671 0.533494536 -0.654214527 0 0 0 6.10351562e-05
-0.816463362 0.2724059 -0.484856207 0 0 0 6.10351562e-05
0.315941238 0.251179399 0.586907077 0 0 0 6.10351562e-05
0.859807353 0.253000885 -0.0776807083 0 0 0 6.10351562e-05
-0.741206667 -0.0631461456 0.00638383978 0 0 0 6.10351562e-05
-0.285997149 -0.047748426 0.830459018 0 0 0 6.10351562e-05
0.445271259 0.603142425 -0.41801176 0 0 0 6.10351562e-05
-0.171315593 -0.503161835 0.752837328 0 0 0 6.10351562e-05
-0.545606593 0.410264361 0.50213991 0 0 0 6.10351562e-05
0.189517888 -0.372246948 0.453352448 0 0 0 6.10351562e-05
0.186978556 0.605008369 0.144305325 0 0 0 6.10351562e-05
0.243297077 0.257461182 0.513871809 0 0 0 6.10351562e-05
-0.955629054 -0.0760881178 -0.210293028 0 0 0 6.10351562e-05
0.658950282 -0.424377553 0.446681808 0 0 0 6.10351562e-05
0.439336391 0.576354194 0.670757167 0 0 0 6.10351562e-05
0.228767321 -0.137334537 -0.652603639 0 0 0 6.10351562e-05
0.695223329 -0.31171661 0.058771145 0 0 0 6.10351562e-05
0.313053963 -0.499242395 0.758866554 0 0 0 6.10351562e-05
-0.483604926 -0.388779477 0.130540913 0 0 0 6.10351562e-05
-0.430073532 0.297168455 0.379494214 0 0 0 6.10351562e-05
-0.359381991 0.767233723 0.0997722412 0 0 0 6.10351562e-05
-0.755931387 0.298201617 0.487538408 0 0 0 6.10351562e-05
0.387603504 0.574195501 -0.421218824 0 0 0 6.10351562e-05
0.814707063 0.309124852 -0.370976727 0 0 0 6.10351562e-05
-0.84228985 0.281496727 0.0553878887 0 0 0 6.10351562e-05
0.0358080497 -0.159708601 0.00803984573 0 0 0 6.10351562e-05
0.236427594 0.781476096 -0.32244355 0 0 0 6.10351562e-05
0.269730528 -0.077184383 -0.00779269953 0 0 0 6.10351562e-05
-0.328905586 -0.0399717363 0.672248692 0 0 0 6.10351562e-05
-0.408217369 0.350640547 -0.342463927 0 0 0 6.10351562e-05
0.0615722231 -0.660821216 -0.589666536 0 0 0 6.10351562e-05
0.608454347 -0.350554075 0.295735189 0 0 0 6.10351562e-05
0.23475273 0.417436978 0.795227661 0 0 0 6.10351562e-05
-0.0830685014 -0.476743298 -0.285642274 0 0 0 6.10351562e-05
-0.31689594 0.149799074 0.898486445 0 0 0 6.10351562e-05
0.0701720014 -0.602585809 0.047884476 0 0 0 6.10351562e-05
0.37165878 0.374857837 0.203425622 0 0 0 6.10351562e-05
-0.469971438 -0.304631693 0.379049271 0 0 0 6.10351562e-05
-0.595052529 0.258469566 -0.235247269 0 0 0 6.10351562e-05
-0.170229686 -0.878920342 -0.176584175 0 0 0 6.10351562e-05
0.430430318 0.0667313161 -0.672475887 0 0 0 6.10351562e-05
-0.13814292 -0.59793055 0.236669927 0 0 0 6.10351562e-05
-0.127997443 0.0244750584 -0.516644583 0 0 0 6.10351562e-05
-0.468273505 0.373681062 0.600820297 0 0 0 6.10351562e-05
-0.17242976 -0.611805746 -0.663178731 0 0 0 6.10351562e-05
-0.682818864 0.508743628 -0.262981676 0 0 0 6.10351562e-05
0.245165251 0.454380284 -0.571214639 0 0 0 6.10351562e-05
0.203026184 0.0205698691 -0.748939005 0 0 0 6.10351562e-05
0.440727028 -0.0511056723 0.483676466 0 0 0 6.10351562e-05
-0.303685994 0.205704183 0.755318022 0 0 0 6.10351562e-05
-0.659475086 0.0218263026 0.17823955 0 0 0 6.10351562e-05
0.680264792 0.264574887 0.30732396 0 0 0 6.10351562e-05
0.69950585 0.0962423208 0.00225450349 0 0 0 6.10351562e-05
-0.151658078 -0.179413922 0.137647561 0 0 0 6.10351562e-05
0.135420087 0.515667702 -0.370737488 0 0 0 6.10351562e-05
-0.0327829823 0.626346366 -0.131276856 0 0 0 6.10351562e-05
0.535870563 0.690807688 0.0111513101 0 0 0 6.10351562e-05
-0.0489810235 0.0554110233 0.637853751 0 0 0 6.10351562e-05
-0.0786057757 0.411605514 -0.130171183 0 0 0 6.10351562e-05
-0.840837819 0.0279308533 -0.217874783 0 0 0 6.10351562e-05
0.29027354 0.625124757 -0.514018334 0 0 0 6.10351562e-05
0.406128987 -0.066488617 0.486092059 0 0 0 6.10351562e-05
-0.263073572 -0.277652066 -0.782203865 0 0 0 6.10351562e-05
-0.142533915 -0.549921288 -0.584477559 0 0 0 6.10351562e-05
0.640505022 -0.585643712 0.161516638 0 0 0 6.10351562e-05
-0.356990428 0.170743865 0.862297782 0 0 0 6.10351562e-05
0.421999692 -0.42692482 0.519251743 0 0 0 6.10351562e-05
0.341175559 -0.132279181 -0.301938643 0 0 0 6.10351562e-05
-0.773456951 -0.197234601 0.299350005 0 0 0 6.10351562e-05
-0.151801375 0.867463834 0.23848919 0 0 0 6.10351562e-05
-0.467795704 0.168678073 -0.626746977 0 0 0 6.10351562e-05
0.755657832 -0.0481538654 -0.553742129 0 0 0 6.10351562e-05
-0.23849762 0.526689818 -0.287264788 0 0 0 6.10351562e-05
0.635523544 0.117813185 0.665373047 0 0 0 6.10351562e-05
0.641730962 -0.608954403 -0.0482129591 0 0 0 6.10351562e-05
-0.0621372502 0.68389962 -0.339295087 0 0 0 6.10351562e-05
-0.19794853 0.297739442 0.445801084 0 0 0 6.10351562e-05
-0.61490521 0.168799298 -0.255450274 0 0 0 6.10351562e-05
0.658463278 0.28352841 0.000832894187 0 0 0 6.10351562e-05
0.440222982 -0.240712824 0.736409802 0 0 0 6.10351562e-05
0.657643997 -0.3169781 -0.463345017 0 0 0 6.10351562e-05
-0.042913942 -0.0317987517 0.682731026 0 0 0 6.10351562e-05
-0.249520282 0.316320614 0.152672902 0 0 0 6.10351562e-05
-0.294668563 0.393140527 -0.40824372 0 0 0 6.10351562e-05
0.0698569998 -0.593366541 -0.704054978 0 0 0 6.10351562e-05
0.107137811 -0.836218728 0.0723890226 0 0 0 6.10351562e-05
-0.298519845 0.247705427 0.110615961 0 0 0 6.10351562e-05
-0.0603293195 0.231212114 -0.189987577 0 0 0 6.10351562e-05
-0.460281394 0.0303968723 -0.530832102 0 0 0 6.10351562e-05
-0.323380908 -0.653011584 0.593205693 0 0 0 6.10351562e-05
0.00695905347 0.170143624 -0.491120236 0 0 0 6.10351562e-05
0.302149738 0.789033343 0.517692296 0 0 0 6.10351562e-05
0.16304676 0.82024162 -0.103133375 0 0 0 6.10351562e-05
-0.862975227 -0.278530298 0.0937858409 0 0 0 6.10351562e-05
-0.734977181 -0.238104151 0.631734032 0 0 0 6.10351562e-05
-0.260384498 -0.622218802 0.725793403 0 0 0 6.10351562e-05
0.648259625 -0.562210491 -0.0425945745 0 0 0 6.10351562e-05
0.368259548 -0.446177561 0.475789995 0 0 0 6.10351562e-05
-0.475317828 -0.455924794 0.221337202 0 0 0 6.10351562e-05
-0.12296158 -0.468227158 -0.249224755 0 0 0 6.10351562e-05
0.189410878 -0.394352281 -0.556481805 0 0 0 6.10351562e-05
-0.659671197 0.412661536 -0.547035378 0 0 0 6.10351562e-05
-0.245433456 -0.946520564 0.0168295557 0 0 0 6.10351562e-05
0.271515567 0.793548165 -0.166336642 0 0 0 6.10351562e-05
0.0567733374 -0.51370126 0.124108513 0 0 0 6.10351562e-05
-0.380591436 0.21860807 -0.480291951 0 0 0 6.10351562e-05
0.70845081 -0.448909007 -0.252491775 0 0 0 6.10351562e-05
0.260619452 0.193136814 0.599913556 0 0 0 6.10351562e-05
-0.610195309 -0.381322097 -0.233100621 0 0 0 6.10351562e-05
-0.767774543 -0.0334808923 0.187422112 0 0 0 6.10351562e-05
-0.732010375 -0.39022371 0.0574018282 0 0 0 6.10351562e-05
-0.841930701 -0.374337929 0.265873098 0 0 0 6.10351562e-05
-0.126704966 0.205414862 -0.446514848 0 0 0 6.10351562e-05
-0.0373671746 0.133815415 0.463801152 0 0 0 6.10351562e-05
-0.182808506 -0.436757066 -0.489746231 0 0 0 6.10351562e-05
0.794309416 -0.313435005 0.414426146 0 0 0 6.10351562e-05
-0.332328903 -0.305891495 0.370431403 0 0 0 6.10351562e-05
0.0369969224 0.559553508 0.188142342 0 0 0 6.10351562e-05
-0.416260616 -0.130831952 0.295006641 0 0 0 6.10351562e-05
-0.0950999277 0.595856165 0.791153042 0 0 0 6.10351562e-05
0.0617134342 0.430907841 0.129117537 0 0 0 6.10351562e-05
0.223602993 -0.59584693 -0.383172631 0 0 0 6.10351562e-05
0.570294029 0.396538223 0.36326356 0 0 0 6.10351562e-05
0.194598308 -0.651641011 0.474315581 0 0 0 6.10351562e-05
-0.316774311 -0.183609643 0.116151165 0 0 0 6.10351562e-05
-0.329852396 -0.660126734 0.47064164 0 0 0 6.10351562e-05
0.417732812 0.315765475 0.388628562 0 0 0 6.10351562e-05
-0.790112851 0.118821313 -0.590733771 0 0 0 6.10351562e-05
-0.520644395 0.430606716 0.678946214 0 0 0 6.10351562e-05
0.386773189 -0.496368887 -0.394267586 0 0 0 6.10351562e-05
0.648665865 0.0748813329 0.224014427 0 0 0 6.10351562e-05
-0.59960331 0.334798551 0.389339822 0 0 0 6.10351562e-05
-0.1175347 0.217337867 -0.613683369 0 0 0 6.10351562e-05
0.0564353078 -0.0755607375 0.556782277 0 0 0 6.10351562e-05
-0.186234845 0.2109118 -0.382263936 0 0 0 6.10351562e-05
-0.214540987 -0.170136098 -0.261329357 0 0 0 6.10351562e-05
0.0644077186 -0.824808127 -0.514321631 0 0 0 6.10351562e-05
-0.0273976762 -0.00835359701 -0.947111672 0 0 0 6.10351562e-05
0.410171568 -0.351418142 0.370920054 0 0 0 6.10351562e-05
-0.567526874 -0.176123808 0.609592341 0 0 0 6.10351562e-05
-0.198009222 -0.739170415 0.179669572 0 0 0 6.10351562e-05
0.0714187856 -0.34368546 -0.202155478 0 0 0 6.10351562e-05
-0.1992604 0.516402961 -0.15374192 0 0 0 6.10351562e-05
-0.310334767 0.249263712 -0.256426124 0 0 0 6.10351562e-05
-0.376155155 0.224469226 -0.488842758 0 0 0 6.10351562e-05
-0.611338327 -0.622191356 0.07277648 0 0 0 6.10351562e-05
-0.0976142664 -0.364376576 -0.337760332 0 0 0 6.10351562e-05
0.119901399 0.180670439 -0.36113966 0 0 0 6.10351562e-05
-0.738434859 0.399417159 0.360368422 0 0 0 6.10351562e-05
0.353220725 -0.0489341549 0.550247765 0 0 0 6.10351562e-05
-0.0458907115 -0.173660756 0.569926841 0 0 0 6.10351562e-05
0.83124643 -0.424859416 -0.144220411 0 0 0 6.10351562e-05
-0.14401184 -0.317463854 0.867168447 0 0 0 6.10351562e-05
-0.793809063 -0.484699483 0.124852146 0 0 0 6.10351562e-05
0.0144792151 -0.289381249 0.395838169 0 0 0 6.10351562e-05
-0.399642987 0.0260789294 0.103530387 0 0 0 6.10351562e-05
0.0696941637 -0.392624295 -0.283328105 0 0 0 6.10351562e-05
0.384811757 0.525884032 0.353937687 0 0 0 6.10351562e-05
0.187870191 -0.848385382 -0.0283633593 0 0 0 6.10351562e-05
-0.35874498 -0.729072929 -0.32872397 0 0 0 6.10351562e-05
-0.0232409935 0.2268632 0.0857716031 0 0 0 6.10351562e-05
-0.486912638 0.854301659 -0.164267118 0 0 0 6.10351562e-05
-0.0427902511 0.761627025 0.163334224 0 0 0 6.10351562e-05
-0.190665928 -0.488703144 0.00510644916 0 0 0 6.10351562e-05
-0.13236296 -0.242259044 0.22702695 0 0 0 6.10351562e-05
-0.0315065538 0.132510399 -0.868843092 0 0 0 6.10351562e-05
0.295393854 -0.334955084 -0.125022057 0 0 0 6.10351562e-05
0.619640211 0.395893826 -0.619699761 0 0 0 6.10351562e-05
0.446050854 0.399154818 -0.0781568457 0 0 0 6.10351562e-05
0.605299137 -0.468587571 0.581043666 0 0 0 6.10351562e-05
-0.105129418 -0.114134062 0.248782842 0 0 0 6.10351562e-05
-0.356140519 0.207425536 -0.0291048783 0 0 0 6.10351562e-05
-0.22769796 0.328641495 0.784877068 0 0 0 6.10351562e-05
-0.0973993188 0.395252249 -0.300433751 0 0 0 6.10351562e-05
-0.331693049 0.0762478152 -0.517095729 0 0 0 6.10351562e-05
-0.381136677 -0.241579381 -0.545708478 0 0 0 6.10351562e-05
0.364454774 0.242222628 0.544727992 0 0 0 6.10351562e-05
0.0228507812 0.556810492 -0.327726861 0 0 0 6.10351562e-05
-0.4068202 0.419880196 -0.160737436 0 0 0 6.10351562e-05
0.12298469 0.10736639 -0.176059933 0 0 0 6.10351562e-05
0.165930268 -0.348310739 -0.162650195 0 0 0 6.10351562e-05
-0.278077487 -0.840720449 0.0484324494 0 0 0 6.10351562e-05
-0.178413923 0.913260525 0.274532054 0 0 0 6.10351562e-05
0.697120536 -0.10411391 -0.119370756 0 0 0 6.10351562e-05
0.132780291 0.988010925 -0.0197440174 0 0 0 6.10351562e-05
0.16207055 0.199535284 0.367872226 0 0 0 6.10351562e-05
-0.182887821 -0.211998502 -0.775498195 0 0 0 6.10351562e-05
-0.19841763 0.763965698 0.599959715 0 0 0 6.10351562e-05
-0.00943167257 0.277947361 -0.404087587 0 0 0 6.10351562e-05
0.761062381 -0.276165632 0.361624588 0 0 0 6.10351562e-05
0.753099359 -0.0438797553 0.290904176 0 0 0 6.10351562e-05
0.363877289 -0.0247593492 -0.80190907 0 0 0 6.10351562e-05
0.189820362 0.232715032 -0.337766159 0 0 0 6.10351562e-05
-0.089668334 -0.366174228 0.914616016 0 0 0 6.10351562e-05
-0.661153195 -0.120583453 0.490345491 0 0 0 6.10351562e-05
0.0387408537 -0.341014384 -0.41386086 0 0 0 6.10351562e-05
0.315785919 -0.818793337 -0.282073974 0 0 0 6.10351562e-05
-0.328022969 0.0952308144 0.525550506 0 0 0 6.10351562e-05
0.522792839 -0.441820431 -0.29338873 0 0 0 6.10351562e-05
-0.0340937825 0.530389861 0.0638685627 0 0 0 6.10351562e-05
-0.177484494 -0.209010008 -0.327620661 0 0 0 6.10351562e-05
-0.0201373135 0.0360302603 -0.0116297525 0 0 0 6.10351562e-05
0.345715193 -0.617962004 -0.119301231 0 0 0 6.10351562e-05
0.194424438 0.38734497 0.397958469 0 0 0 6.10351562e-05
0.617464828 -0.593188723 -0.190114326 0 0 0 6.10351562e-05
-0.168204637 -0.00862362445 0.723250925 0 0 0 6.10351562e-05
0.483586277 0.344103184 0.34281728 0 0 0 6.10351562e-05
0.26158858 0.0378688614 0.76910405 0 0 0 6.10351562e-05
-0.0589152244 -0.822572714 0.524658329 0 0 0 6.10351562e-05
0.286810632 -0.771733674 -0.0829113693 0 0 0 6.10351562e-05
-0.0601452424 -0.115181934 -0.844673449 0 0 0 6.10351562e-05
0.315105613 0.480008409 -0.105554201 0 0 0 6.10351562e-05
-0.298127922 -0.269685861 -0.857019371 0 0 0 6.10351562e-05
-0.417882248 -0.832574673 0.31891385 0 0 0 6.10351562e-05
-0.596091117 -0.454040071 0.0616137846 0 0 0 6.10351562e-05
-0.246904679 0.0819559309 0.411276352 0 0 0 6.10351562e-05
0.212391308 -0.204783457 0.893082412 0 0 0 6.10351562e-05
-0.904397794 0.139129474 0.268988215 0 0 0 6.10351562e-05
-0.2907439 0.104936106 -0.394379043 0 0 0 6.10351562e-05
0.805945603 0.074328417 0.160869363 0 0 0 6.10351562e-05
-0.31275083 -0.617735053 -0.2063757 0 0 0 6.10351562e-05
-0.655648778 -0.519640032 -0.104968027 0 0 0 6.10351562e-05
0.153925434 -0.499022571 -0.741755485 0 0 0 6.10351562e-05
0.678189331 -0.123804939 -0.479259952 0 0 0 6.10351562e-05
-0.544966552 -0.19601847 0.594488439 0 0 0 6.10351562e-05
-0.0639733511 -0.132168379 0.713715112 0 0 0 6.10351562e-05
0.485139679 0.439720247 0.677398517 0 0 0 6.10351562e-05
-0.480411622 -0.145563921 0.227725994 0 0 0 6.10351562e-05
-0.4426161 0.701439957 -0.490901536 0 0 0 6.10351562e-05
-0.261472363 -0.546795518 0.342620664 0 0 0 6.10351562e-05
-0.412252181 0.108907845 -0.80313114 0 0 0 6.10351562e-05
-0.0261428027 -0.141857785 -0.195744178 0 0 0 6.10351562e-05
0.0425614892 -0.0208940613 0.707288943 0 0 0 6.10351562e-05
0.494743522 -0.153089861 0.525521863 0 0 0 6.10351562e-05
0.474346631 -0.367508751 0.694617824 0 0 0 6.10351562e-05
0.249851551 -0.68414035 0.468759891 0 0 0 6.10351562e-05
0.541446178 -0.737365717 -0.117195925 0 0 0 6.10351562e-05
0.0155246762 0.682158972 0.471328389 0 0 0 6.10351562e-05
-0.365484227 -0.790579031 0.227898536 0 0 0 6.10351562e-05
-0.282065727 0.0761329454 0.540561867 0 0 0 6.10351562e-05
-0.427441564 -0.0393702315 -0.441949739 0 0 0 6.10351562e-05
-0.543751262 0.126170514 0.402659128 0 0 0 6.10351562e-05
-0.241982003 -0.0517482673 0.49665134 0 0 0 6.10351562e-05
-0.290803409 0.768496541 -0.370327961 0 0 0 6.10351562e-05
0.658375252 -0.556830909 0.348071139 0 0 0 6.10351562e-05
0.347801234 0.904682581 0.0924106678 0 0 0 6.10351562e-05
0.428811131 0.656139975 -0.536432778 0 0 0 6.10351562e-05
0.154220138 -0.626534551 -0.186467347 0 0 0 6.10351562e-05
-0.721537972 0.538199712 0.172874304 0 0 0 6.10351562e-05
-0.173311504 0.852050425 0.289968097 0 0 0 6.10351562e-05
0.374489369 0.673360599 -0.54854581 0 0 0 6.10351562e-05
-0.711817072 0.476957072 0.212666285 0 0 0 6.10351562e-05
-0.0167182306 0.245258916 -0.446208372 0 0 0 6.10351562e-05
-0.0808497984 -0.142107085 0.755682833 0 0 0 6.10351562e-05
-0.660232907 -0.351156737 0.313224354 0 0 0 6.10351562e-05
-0.0780929047 -0.0382713413 -0.92900687 0 0 0 6.10351562e-05
0.380227108 0.31995099 -0.161374231 0 0 0 6.10351562e-05
-0.249002959 0.784070707 -0.182240831 0 0 0 6.10351562e-05
-0.507470368 -0.196939129 -0.0630214458 0 0 0 6.10351562e-05
0.648541856 -0.0544344143 -0.381303492 0 0 0 6.10351562e-05
0.337334214 0.0226901981 0.746227856 0 0 0 6.10351562e-05
0.192334784 -0.678414948 -0.492385926 0 0 0 6.10351562e-05
-0.0991422129 -0.192881955 -0.75880316 0 0 0 6.10351562e-05
0.380331904 0.693940184 -0.270232088 0 0 0 6.10351562e-05
-0.273584522 0.298070774 0.913529352 0 0 0 6.10351562e-05
-0.0208693413 0.232928033 -0.157830296 0 0 0 6.10351562e-05
-0.577005824 0.278078056 -0.00788304445 0 0 0 6.10351562e-05
0.500257707 -0.00975333757 -0.693237522 0 0 0 6.10351562e-05
0.59046133 -0.580029771 -0.0491169436 0 0 0 6.10351562e-05
-0.474288927 0.198174451 -0.80225504 0 0 0 6.10351562e-05
-0.43076491 0.0239362029 -0.132911575 0 0 0 6.10351562e-05
0.371602758 0.473942826 -0.66896987 0 0 0 6.10351562e-05
0.0733401793 -0.614299303 0.693087192 0 0 0 6.10351562e-05
-0.282719516 -0.370217048 0.110610388 0 0 0 6.10351562e-05
-0.195236565 -0.0264883627 0.694864728 0 0 0 6.10351562e-05
-0.619268581 -0.297183593 0.351829345 0 0 0 6.10351562e-05
0.0627823187 0.00531970199 0.0789475757 0 0 0 6.10351562e-05
-0.0207690303 0.183445524 0.940990386 0 0 0 6.10351562e-05
0.0611078624 -0.285053042 0.760936223 0 0 0 6.10351562e-05
-0.750073609 -0.292056786 0.108565985 0 0 0 6.10351562e-05
0.768312294 0.543136088 -0.181934885 0 0 0 6.10351562e-05
0.0735511933 -0.267066486 0.556171987 0 0 0 6.10351562e-05
-0.324015164 -0.603074373 -0.529795442 0 0 0 6.10351562e-05
-0.116937349 -0.188018443 0.26667115 0 0 0 6.10351562e-05
0.81078777 0.0299199718 -0.285474257 0 0 0 6.10351562e-05
-0.613996125 0.356964899 0.110995522 0 0 0 6.10351562e-05
0.106094302 -0.50648547 0.784799051 0 0 0 6.10351562e-05
0.676204627 0.435755032 -0.388194679 0 0 0 6.10351562e-05
0.695252368 0.430094814 0.170570384 0 0 0 6.10351562e-05
-0.536153045 0.509696121 -0.638628125 0 0 0 6.10351562e-05
0.151487159 -0.709897958 0.113355827 0 0 0 6.10351562e-05
0.237924086 -0.254173789 -0.469830969 0 0 0 6.10351562e-05
-0.552531941 -0.0418429914 0.313923786 0 0 0 6.10351562e-05
0.603055772 -0.00787791103 -0.659833289 0 0 0 6.10351562e-05
-0.620441876 0.41853801 0.129416225 0 0 0 6.10351562e-05
0.546740988 0.813708786 0.172394833 0 0 0 6.10351562e-05
-0.58442818 -0.221755717 -0.406603107 0 0 0 6.10351562e-05
-0.352164901 0.515986161 -0.721833525 0 0 0 6.10351562e-05
-0.194251492 -0.317856967 0.72172977 0 0 0 6.10351562e-05
0.0596619088 0.824534064 -0.26477965 0 0 0 6.10351562e-05
-0.422148983 0.119408799 -0.157846856 0 0 0 6.10351562e-05
-0.0135469744 -0.809506562 0.263567823 0 0 0 6.10351562e-05
-0.203400065 -0.488277121 0.0880033813 0 0 0 6.10351562e-05
-0.276995924 0.802571603 0.347574952 0 0 0 6.10351562e-05
-0.426699718 0.257127219 0.50040305 0 0 0 6.10351562e-05
-0.300514636 -0.293173936 0.0371656938 0 0 0 6.10351562e-05
-0.420514048 -0.353297564 0.0873225662 0 0 0 6.10351562e-05
-0.368672609 0.235077716 0.187958396 0 0 0 6.10351562e-05
0.380930044 -0.650509254 -0.406993216 0 0 0 6.10351562e-05
0.0507954463 0.227715816 -0.349564312 0 0 0 6.10351562e-05
0.196364447 -0.749540329 -0.387415625 0 0 0 6.10351562e-05
0.0321936489 0.0218159878 0.190722475 0 0 0 6.10351562e-05
-0.499201502 0.0807924715 -0.216328146 0 0 0 6.10351562e-05
-0.378480328 -0.10755677 -0.889504969 0 0 0 6.10351562e-05
-0.191103443 0.393801736 0.39376864 0 0 0 6.10351562e-05
-0.594270427 -0.0940663399 -0.288064604 0 0 0 6.10351562e-05
0.334648886 0.304493381 -0.507573029 0 0 0 6.10351562e-05
0.223041453 -0.805769477 0.464953964 0 0 0 6.10351562e-05
0.0242166177 0.745575577 -0.368525337 0 0 0 6.10351562e-05
0.674350587 0.576215301 -0.0875765992 0 0 0 6.10351562e-05
0.656065931 0.133520049 -0.622270601 0 0 0 6.10351562e-05
-0.572246656 0.715049592 -0.0705984647 0 0 0 6.10351562e-05
-0.833556081 0.111681742 0.18478837 0 0 0 6.10351562e-05
-0.912344843 -0.218994746 0.0394460612 0 0 0 6.10351562e-05
-0.104832752 0.584933475 -0.715112616 0 0 0 6.10351562e-05
0.48360777 0.489062651 0.576562311 0 0 0 6.10351562e-05
-0.160241014 -0.199999088 0.522146529 0 0 0 6.10351562e-05
-0.703470474 -0.514860995 0.150961226 0 0 0 6.10351562e-05
-0.905015129 -0.278082232 -0.162174609 0 0 0 6.10351562e-05
0.330274718 -0.679905123 -0.0607676812 0 0 0 6.10351562e-05
-0.360278896 -0.28394283 -0.244277289 0 0 0 6.10351562e-05
0.195678113 0.501722104 -0.658938015 0 0 0 6.10351562e-05
0.299327892 0.12394704 -0.927477269 0 0 0 6.10351562e-05
-0.352174204 -0.178169036 -0.154848971 0 0 0 6.10351562e-05
0.471675422 0.0545566424 -0.57946168 0 0 0 6.10351562e-05
-0.412719623 -0.302484524 0.243617502 0 0 0 6.10351562e-05
0.386511419 0.544583266 0.732989005 0 0 0 6.10351562e-05
-0.214499902 -0.361268967 0.669299415 0 0 0 6.10351562e-05
0.325397068 0.309164036 0.558493002 0 0 0 6.10351562e-05
-0.943843895 0.131932397 -0.166230412 0 0 0 6.10351562e-05
0.30502085 0.0295836868 -0.138906633 0 0 0 6.10351562e-05
-0.024500629 -0.18187328 -0.176988999 0 0 0 6.10351562e-05
0.775384183 0.0588963771 -0.434807865 0 0 0 6.10351562e-05
0.0275808444 0.144871647 0.673797652 0 0 0 6.10351562e-05
-0.585077009 -0.669183532 0.343876745 0 0 0 6.10351562e-05
0.285168457 0.0464312408 -0.737489538 0 0 0 6.10351562e-05
-0.250202021 0.550719547 -0.0934748308 0 0 0 6.10351562e-05
0.0738705104 0.157061984 0.970633476 0 0 0 6.10351562e-05
-0.307607354 0.673192985 -0.561919042 0 0 0 6.10351562e-05
-0.699879305 -0.268321793 0.420498435 0 0 0 6.10351562e-05
0.479367362 0.117601562 -0.812887161 0 0 0 6.10351562e-05
-0.560831897 0.333739258 0.0827761718 0 0 0 6.10351562e-05
0.115376645 -0.023926683 0.115134421 0 0 0 6.10351562e-05
-0.373020135 0.269602686 0.377215219 0 0 0 6.10351562e-05
0.0313677808 -0.64614526 0.379365905 0 0 0 6.10351562e-05
0.522356031 0.198757263 -0.394437105 0 0 0 6.10351562e-05
-0.0237227962 0.0608603673 -0.439575163 0 0 0 6.10351562e-05
-0.246386668 -0.846197191 0.0405987171 0 0 0 6.10351562e-05
0.0576112121 0.106166078 0.893336655 0 0 0 6.10351562e-05
0.536131262 -0.662176386 0.330511221 0 0 0 6.10351562e-05
0.0324862673 0.659138598 0.393444435 0 0 0 6.10351562e-05
-0.393697531 0.0157760137 -0.212148951 0 0 0 6.10351562e-05
-0.632341722 0.120967959 0.730107677 0 0 0 6.10351562e-05
-0.141949331 -0.450727574 0.603496516 0 0 0 6.10351562e-05
0.486388762 -0.269257325 -0.0225845062 0 0 0 6.10351562e-05
0.684643375 0.43838489 0.22359924 0 0 0 6.10351562e-05
0.900767572 -0.0208560205 0.0822488793 0 0 0 6.10351562e-05
0.637207321 0.0129563548 -0.525984324 0 0 0 6.10351562e-05
0.639433345 -0.296841802 0.330439327 0 0 0 6.10351562e-05
-0.193257241 0.278102902 -0.029509378 0 0 0 6.10351562e-05
0.055747415 0.00351756233 -0.265374402 0 0 0 6.10351562e-05
-0.925169032 -0.26813033 -0.258281303 0 0 0 6.10351562e-05
0.705165355 0.266966545 0.121961823 0 0 0 6.10351562e-05
-0.907621341 -0.281863588 0.22342522 0 0 0 6.10351562e-05
0.214713654 -0.258658068 -0.695958818 0 0 0 6.10351562e-05
-0.652551067 0.0962779441 0.194606352 0 0 0 6.10351562e-05
0.655957878 -0.55681643 -0.233422219 0 0 0 6.10351562e-05
0.276073045 0.285293857 0.478560502 0 0 0 6.10351562e-05
-0.0597402921 -0.0649266497 -0.611442498 0 0 0 6.10351562e-05
-0.116964738 0.600153388 -0.0249372085 0 0 0 6.10351562e-05
-0.0218255268 -0.684815769 0.682426766 0 0 0 6.10351562e-05
-0.0773687216 -0.420673497 -0.589731167 0 0 0 6.10351562e-05
-0.210458931 0.0930563912 0.120309999 0 0 0 6.10351562e-05
-0.363026299 -0.440963047 -0.567712276 0 0 0 6.10351562e-05
-0.704566792 0.531742133 0.297070971 0 0 0 6.10351562e-05
0.148088629 0.341767443 0.497162491 0 0 0 6.10351562e-05
0.491833717 0.282114906 0.152792575 0 0 0 6.10351562e-05
0.506513697 -0.35704315 -0.34207728 0 0 0 6.10351562e-05
0.275385454 -0.372733009 0.667618853 0 0 0 6.10351562e-05
-0.809904625 -0.295679993 0.0417684739 0 0 0 6.10351562e-05
0.528483862 0.136792017 0.562722492 0 0 0 6.10351562e-05
0.408378355 0.0588445397 -0.534960946 0 0 0 6.10351562e-05
-0.907750051 -0.103767498 -0.0945489773 0 0 0 6.10351562e-05
-0.630028854 0.10746845 0.10243317 0 0 0 6.10351562e-05
-0.21390317 0.264794625 -0.813090674 0 0 0 6.10351562e-05
-0.0281530653 -0.147120059 -0.173368395 0 0 0 6.10351562e-05
0.840627937 -0.453668675 -0.0289349859 0 0 0 6.10351562e-05
-0.0409833748 -0.21903757 0.182003591 0 0 0 6.10351562e-05
0.376346494 -0.0879819725 -0.327716517 0 0 0 6.10351562e-05
-0.0204553198 -0.753395183 0.646370834 0 0 0 6.10351562e-05
0.793666226 0.417744429 -0.131052424 0 0 0 6.10351562e-05
0.0424026087 0.573618597 0.391009907 0 0 0 6.10351562e-05
-0.307850504 0.652658951 0.559729838 0 0 0 6.10351562e-05
0.0398525132 0.00741031008 0.807914162 0 0 0 6.10351562e-05
0.659173091 -0.592662666 -0.322218353 0 0 0 6.10351562e-05
0.0542438411 -0.00829069694 0.420019903 0 0 0 6.10351562e-05
0.154294056 0.0701097335 -0.0564585446 0 0 0 6.10351562e-05
0.700458384 -0.571721203 -0.350720565 0 0 0 6.10351562e-05
0.476690125 -0.58717675 -0.629195734 0 0 0 6.10351562e-05
0.708549887 0.196074533 0.100458593 0 0 0 6.10351562e-05
0.466123076 -0.25049137 0.457649814 0 0 0 6.10351562e-05
-0.0950584635 -0.921206496 -0.303396056 0 0 0 6.10351562e-05
0.551583624 -0.262843144 0.223306268 0 0 0 6.10351562e-05
0.192475968 0.309846407 0.647465658 0 0 0 6.10351562e-05
-0.210835427 0.432780425 -0.530578366 0 0 0 6.10351562e-05
0.462379901 0.296034621 -0.356592865 0 0 0 6.10351562e-05
0.593174611 -0.163225687 -0.562949798 0 0 0 6.10351562e-05
0.653346862 0.311367589 0.285886315 0 0 0 6.10351562e-05
0.240000389 -0.67003714 0.373118807 0 0 0 6.10351562e-05
0.166341777 0.900797355 -0.137604692 0 0 0 6.10351562e-05
0.0295332349 -0.826351871 -0.450142879 0 0 0 6.10351562e-05
-0.688008548 0.111564627 0.136929123 0 0 0 6.10351562e-05
-0.716023752 0.00649033905 0.0865178051 0 0 0 6.10351562e-05
-0.532528465 0.0958382483 -0.54837773 0 0 0 6.10351562e-05
-0.0781229636 0.847877802 -0.0417521356 0 0 0 6.10351562e-05
-0.182019053 0.113605359 -0.735626187 0 0 0 6.10351562e-05
0.215798309 -0.445718485 0.147451918 0 0 0 6.10351562e-05
0.322477924 0.106845826 -0.333289417 0 0 0 6.10351562e-05
0.0539461526 0.131653065 -0.566895273 0 0 0 6.10351562e-05
-0.336891888 0.782112203 0.0959613007 0 0 0 6.10351562e-05
0.403546245 0.110239172 -0.793064157 0 0 0 6.10351562e-05
0.197777025 0.036401426 0.211278839 0 0 0 6.10351562e-05
-0.58425824 -0.198687454 0.577517204 0 0 0 6.10351562e-05
-0.559326615 -0.254480196 -0.680238581 0 0 0 6.10351562e-05
-0.281097589 0.831091676 -0.0972059759 0 0 0 6.10351562e-05
-0.58633978 -0.267659996 0.240031612 0 0 0 6.10351562e-05
-0.266459908 -0.42075238 -0.0693138854 0 0 0 6.10351562e-05
-0.259932714 0.257474243 -0.667582352 0 0 0 6.10351562e-05
-0.378842222 0.266900677 0.261515298 0 0 0 6.10351562e-05
-0.668547105 -0.121674958 -0.0535923958 0 0 0 6.10351562e-05
0.16738402 -0.792304155 0.145895791 0 0 0 6.10351562e-05
-0.0587432082 0.338714981 -0.365428882 0 0 0 6.10351562e-05
0.377430285 -0.751852751 0.0262327617 0 0 0 6.10351562e-05
-0.511050508 -0.630341804 0.211858434 0 0 0 6.10351562e-05
-0.838165611 -0.429555042 -0.201976217 0 0 0 6.10351562e-05
0.103508562 0.462624415 -0.0913943006 0 0 0 6.10351562e-05
-0.0573036618 -0.840143113 -0.303599408 0 0 0 6.10351562e-05
-0.0547508437 -0.501063479 0.284090899 0 0 0 6.10351562e-05
0.290392022 -0.364272534 -0.261847465 0 0 0 6.10351562e-05
0.367645926 0.667533511 0.0500695788 0 0 0 6.10351562e-05
-0.582958324 0.26332617 0.154679647 0 0 0 6.10351562e-05
-0.587017418 0.307761137 0.523089289 0 0 0 6.10351562e-05
-0.355433531 -0.142178456 0.619593601 0 0 0 6.10351562e-05
-0.246528507 0.576977621 0.0850858819 0 0 0 6.10351562e-05
-0.202487327 0.01998409 -0.866181046 0 0 0 6.10351562e-05
0.394349278 0.217486279 -0.851152782 0 0 0 6.10351562e-05
0.155366233 -0.646575228 -0.622737935 0 0 0 6.10351562e-05
-0.909791874 -0.0496046837 -0.0448520251 0 0 0 6.10351562e-05
0.194634868 0.09653024 0.682706207 0 0 0 6.10351562e-05
0.624696161 0.416297555 -0.313090253 0 0 0 6.10351562e-05
0.28106164 -0.0651301724 0.46471971 0 0 0 6.10351562e-05
-0.658279963 -0.0923369682 0.317216084 0 0 0 6.10351562e-05
-0.168304869 0.324319194 -0.224890756 0 0 0 6.10351562e-05
0.140870952 0.000569792726 -0.968443154 0 0 0 6.10351562e-05
0.17291576 -0.52822432 0.431664099 0 0 0 6.10351562e-05
-0.316754572 -0.562468849 0.577289992 0 0 0 6.10351562e-05
-0.0855750743 -0.480004674 0.659507269 0 0 0 6.10351562e-05
0.577435148 -0.408302564 0.397826116 0 0 0 6.10351562e-05
0.327816286 0.313870824 0.0372481432 0 0 0 6.10351562e-05
-0.12795235 0.190812781 -0.0665920783 0 0 0 6.10351562e-05
-0.47206184 -0.00627914566 0.452104258 0 0 0 6.10351562e-05
0.424574802 0.870959846 -0.0770520733 0 0 0 6.10351562e-05
-0.588342202 -0.702207592 0.321242373 0 0 0 6.10351562e-05
-0.191486699 0.367479692 0.426536656 0 0 0 6.10351562e-05
-0.639729175 -0.517808748 0.237135739 0 0 0 6.10351562e-05
-0.387241739 0.49455536 0.27955236 0 0 0 6.10351562e-05
-0.358882362 0.351021787 -0.85236055 0 0 0 6.10351562e-05
-0.334767059 -0.601077787 -0.308950376 0 0 0 6.10351562e-05
-0.0876437632 0.681595514 -0.229812901 0 0 0 6.10351562e-05
-0.251925238 -0.752581382 -0.555178018 0 0 0 6.10351562e-05
-0.0519127463 0.553061185 -0.666916381 0 0 0 6.10351562e-05
-0.437941151 -0.867495508 0.23564289 0 0 0 6.10351562e-05
0.230867306 -0.153341787 -0.635434026 0 0 0 6.10351562e-05
-0.634888311 -0.195436319 0.698810056 0 0 0 6.10351562e-05
-0.213307671 -0.256987837 -0.789423533 0 0 0 6.10351562e-05
0.374716598 0.787312362 0.0268681608 0 0 0 6.10351562e-05
0.354849588 -0.820936559 -0.384530321 0 0 0 6.10351562e-05
0.451237302 0.34349746 0.410514363 0 0 0 6.10351562e-05
0.494139275 0.211512846 0.72011425 0 0 0 6.10351562e-05
-0.227754761 -0.65870816 -0.427080579 0 0 0 6.10351562e-05
-0.353263709 -0.387792964 0.414237907 0 0 0 6.10351562e-05
0.390505412 -0.283098762 0.737294032 0 0 0 6.10351562e-05
0.243195467 0.0720729799 -0.921904731 0 0 0 6.10351562e-05
-0.788131118 0.0639838735 -0.542505174 0 0 0 6.10351562e-05
-0.0423311868 -0.58378703 -0.42071584 0 0 0 6.10351562e-05
-0.755565499 -0.484038596 0.158245794 0 0 0 6.10351562e-05
0.48912986 0.610560327 0.132827788 0 0 0 6.10351562e-05
0.613272687 0.238968108 -0.251841729 0 0 0 6.10351562e-05
0.531322967 -0.327083705 -0.411724308 0 0 0 6.10351562e-05
0.729167406 -0.310080335 0.470453332 0 0 0 6.10351562e-05
-0.0197772214 0.636641691 -0.72526341 0 0 0 6.10351562e-05
-0.13531142 -0.922505279 0.07275489 0 0 0 6.10351562e-05
0.46782006 0.197368685 0.676692162 0 0 0 6.10351562e-05
0.313512005 0.673933821 -0.0727810201 0 0 0 6.10351562e-05
0.105360519 0.35105015 -0.500533419 0 0 0 6.10351562e-05
0.198076256 -0.276103977 -0.779361788 0 0 0 6.10351562e-05
-0.682143839 -0.305588614 0.0300584222 0 0 0 6.10351562e-05
-0.810169613 0.184118232 0.390055294 0 0 0 6.10351562e-05
0.335153983 -0.630703326 -0.225754348 0 0 0 6.10351562e-05
0.074310923 0.549768617 -0.58408616 0 0 0 6.10351562e-05
-0.926673716 0.0879539934 -0.0935437619 0 0 0 6.10351562e-05
-0.123924032 0.27284248 -0.450791602 0 0 0 6.10351562e-05
0.41454017 -0.0262256407 -0.670583495 0 0 0 6.10351562e-05
0.150241463 -0.182869998 -0.943902143 0 0 0 6.10351562e-05
0.0576951329 0.160607664 0.351062155 0 0 0 6.10351562e-05
0.71626997 0.552541276 0.0906145821 0 0 0 6.10351562e-05
-0.0849370508 0.15466317 0.307145982 0 0 0 6.10351562e-05
0.44487036 0.218280237 0.0150878249 0 0 0 6.10351562e-05
-0.181372874 0.186304839 0.668915347 0 0 0 6.10351562e-05
0.534940913 -0.831197501 -0.0626894246 0 0 0 6.10351562e-05
-0.495700222 -0.368590386 -0.668281355 0 0 0 6.10351562e-05
-0.440491034 -0.337642369 -0.65807768 0 0 0 6.10351562e-05
-0.2837807 -0.928335566 -0.182446783 0 0 0 6.10351562e-05
-0.228594798 -0.451787249 -0.0545874493 0 0 0 6.10351562e-05
-0.413954966 0.750485978 0.27230908 0 0 0 6.10351562e-05
0.417620492 -0.424231463 -0.776101894 0 0 0 6.10351562e-05
0.208249971 0.924531968 -0.0126787598 0 0 0 6.10351562e-05
0.731242249 0.316711972 -0.00170951756 0 0 0 6.10351562e-05
-0.446719519 -0.393695716 0.487955864 0 0 0 6.10351562e-05
0.548504693 0.105273237 0.617546549 0 0 0 6.10351562e-05
-0.694982656 0.343427534 -0.622738091 0 0 0 6.10351562e-05
-0.674802465 0.378858446 0.150255293 0 0 0 6.10351562e-05
0.565144911 -0.333196613 0.612166596 0 0 0 6.10351562e-05
-0.25059925 -0.756715349 -0.137802058 0 0 0 6.10351562e-05
0.121139458 -0.360391801 0.737005888 0 0 0 6.10351562e-05
0.0551702915 -0.902695903 -0.40412902 0 0 0 6.10351562e-05
-0.257481793 -0.527118627 0.671459804 0 0 0 6.10351562e-05
-0.0375109686 -0.145179383 -0.28889898 0 0 0 6.10351562e-05
0.122069794 -0.489955412 -0.684523791 0 0 0 6.10351562e-05
-0.331795627 0.721045621 0.0958987382 0 0 0 6.10351562e-05
0.146096263 0.449850497 -0.457646735 0 0 0 6.10351562e-05
-0.55794222 0.0534544688 -0.237565199 0 0 0 6.10351562e-05
0.781279772 0.0466286884 0.552723421 0 0 0 6.10351562e-05
0.637537179 0.0778736978 0.235548878 0 0 0 6.10351562e-05
0.329791022 0.413892398 -0.200202696 0 0 0 6.10351562e-05
-0.15889806 0.966213726 -0.0798360816 0 0 0 6.10351562e-05
-0.568034738 0.0933668881 -0.578194827 0 0 0 6.10351562e-05
0.466922265 0.109285429 0.343931153 0 0 0 6.10351562e-05
0.124806522 -0.43766972 -0.774679288 0 0 0 6.10351562e-05
0.0947631503 -0.295918645 -0.548366248 0 0 0 6.10351562e-05
-0.167025911 -0.566297984 0.428774121 0 0 0 6.10351562e-05
-0.0782006697 0.740920625 -0.0861874029 0 0 0 6.10351562e-05
-0.089140886 0.800971439 -0.194819576 0 0 0 6.10351562e-05
-0.358866298 -0.434620433 -0.23223134 0 0 0 6.10351562e-05
0.0612864474 -0.537713766 -0.160158758 0 0 0 6.10351562e-05
0.0521326161 -0.25959678 0.725863599 0 0 0 6.10351562e-05
0.158892105 -0.638329267 0.211341891 0 0 0 6.10351562e-05
-0.111898427 -0.500058012 0.0208567209 0 0 0 6.10351562e-05
0.0787886085 -0.177435203 -0.810639919 0 0 0 6.10351562e-05
0.211360689 -0.0511134481 0.757925541 0 0 0 6.10351562e-05
-0.404302978 0.892652373 -0.0300467403 0 0 0 6.10351562e-05
0.641912173 -0.110853738 0.557442059 0 0 0 6.10351562e-05
0.620414682 0.336112167 -0.306102852 0 0 0 6.10351562e-05
-0.48163742 0.455512362 -0.333651563 0 0 0 6.10351562e-05
-0.453414733 -0.161815925 -0.139873821 0 0 0 6.10351562e-05
-0.13088786 -0.81839677 0.532902587 0 0 0 6.10351562e-05
0.180916189 -0.427087069 0.753837509 0 0 0 6.10351562e-05
-0.69288703 -0.453894249 0.0189228927 0 0 0 6.10351562e-05
0.289693489 -0.21288195 0.596237029 0 0 0 6.10351562e-05
-0.172909974 -0.0850648517 0.292415971 0 0 0 6.10351562e-05
-0.434602261 0.761344743 0.354106587 0 0 0 6.10351562e-05
-0.190693344 0.197617331 -0.400167985 0 0 0 6.10351562e-05
-0.155098995 0.58034283 0.335309694 0 0 0 6.10351562e-05
0.0556347303 0.472923271 -0.277159362 0 0 0 6.10351562e-05
0.286599834 -0.4864761 0.820924478 0 0 0 6.10351562e-05
-0.338969727 -0.21893177 0.519323522 0 0 0 6.10351562e-05
-0.715839374 -0.345505842 0.273612209 0 0 0 6.10351562e-05
-0.13543402 0.709410622 0.422460496 0 0 0 6.10351562e-05
-0.197736749 0.678997926 -0.534117971 0 0 0 6.10351562e-05
-0.19525201 -0.581147563 -0.707420602 0 0 0 6.10351562e-05
-0.130982389 -0.317355491 -0.258555291 0 0 0 6.10351562e-05
-0.165344138 0.436491015 -0.0956128029 0 0 0 6.10351562e-05
0.0646662745 0.849993499 -0.149319925 0 0 0 6.10351562e-05
0.553723272 0.512264085 0.524328927 0 0 0 6.10351562e-05
0.41118255 0.61769522 -0.533669401 0 0 0 6.10351562e-05
-0.250653078 -0.0789249976 0.790440003 0 0 0 6.10351562e-05
-0.433193308 0.35958067 -0.0555279608 0 0 0 6.10351562e-05
0.226569949 -0.526919292 -0.770502346 0 0 0 6.10351562e-05
0.895597102 -0.240246867 0.166636719 0 0 0 6.10351562e-05
-0.448624078 0.810105449 -0.0640662116 0 0 0 6.10351562e-05
-0.616846961 0.237773958 -0.242755084 0 0 0 6.10351562e-05
-0.511742734 -0.521884569 -0.579322389 0 0 0 6.10351562e-05
0.704173491 0.292548956 -0.434150137 0 0 0 6.10351562e-05
-0.0957394991 -0.594673939 0.777938868 0 0 0 6.10351562e-05
0.436678881 -0.646008716 -0.18285948 0 0 0 6.10351562e-05
0.76063414 -0.0170089332 0.479843204 0 0 0 6.10351562e-05
0.0508089169 0.378632072 0.0879851138 0 0 0 6.10351562e-05
0.00093749774 0.271711399 -0.251803051 0 0 0 6.10351562e-05
0.404635913 0.398584589 -0.206298053 0 0 0 6.10351562e-05
-0.253723409 0.380229539 0.374598648 0 0 0 6.10351562e-05
0.0797587452 -0.148929114 -0.908294754 0 0 0 6.10351562e-05
-0.897014737 0.287271171 0.20192462 0 0 0 6.10351562e-05
0.54952287 0.652144492 -0.314097965 0 0 0 6.10351562e-05
-0.850759698 -0.046527977 -0.100555249 0 0 0 6.10351562e-05
-0.712840841 -0.390999523 -0.0603491803 0 0 0 6.10351562e-05
0.429054812 0.307197437 0.753908668 0 0 0 6.10351562e-05
0.684537891 0.0312334032 -0.210855828 0 0 0 6.10351562e-05
0.223201065 0.499502494 -0.490503296 0 0 0 6.10351562e-05
-0.561264435 -0.538380862 0.287745402 0 0 0 6.10351562e-05
-0.336887404 0.477484289 0.38721017 0 0 0 6.10351562e-05
-0.493026152 0.743317753 -0.10029518 0 0 0 6.10351562e-05
0.161357208 0.77387729 -0.4096828 0 0 0 6.10351562e-05
0.177938567 -0.20276169 0.411867904 0 0 0 6.10351562e-05
-0.156003518 0.778680731 -0.280124707 0 0 0 6.10351562e-05
0.456372101 -0.413201055 0.0453053357 0 0 0 6.10351562e-05
0.0575310992 -0.673020064 0.52537651 0 0 0 6.10351562e-05
0.101965915 -0.71069883 -0.601332585 0 0 0 6.10351562e-05
-0.443800976 0.139415926 0.656418275 0 0 0 6.10351562e-05
-0.523702132 0.467225134 -0.700942437 0 0 0 6.10351562e-05
-0.178488827 0.610985704 -0.192307095 0 0 0 6.10351562e-05
0.225459458 -0.143623766 0.246468549 0 0 0 6.10351562e-05
-0.065629828 0.445058614 0.506445826 0 0 0 6.10351562e-05
-0.609847465 0.631117768 -0.181639548 0 0 0 6.10351562e-05
0.676678834 0.046801717 0.542130623 0 0 0 6.10351562e-05
-0.535083699 -0.686343098 0.00667880871 0 0 0 6.10351562e-05
0.667091706 -0.172290717 0.520384712 0 0 0 6.10351562e-05
-0.0748252924 0.59066176 0.499512635 0 0 0 6.10351562e-05
0.00566491131 0.293998216 0.556958851 0 0 0 6.10351562e-05
-0.373777367 -0.241748248 -0.730052092 0 0 0 6.10351562e-05
-0.147646432 -0.570120804 -0.0225143207 0 0 0 6.10351562e-05
0.533797155 -0.335986612 -0.0015763382 0 0 0 6.10351562e-05
0.418034277 0.382175689 -0.777345211 0 0 0 6.10351562e-05
-0.513522581 0.378874381 -0.497963243 0 0 0 6.10351562e-05
0.34190422 0.669446517 -0.644263429 0 0 0 6.10351562e-05
-0.579318483 -0.104643391 -0.540414309 0 0 0 6.10351562e-05
0.475835697 0.704850987 -0.255043275 0 0 0 6.10351562e-05
0.411842626 -0.0597509025 0.531337183 0 0 0 6.10351562e-05
0.400799307 -0.486241785 -0.00362573994 0 0 0 6.10351562e-05
0.529346988 -0.315564157 -0.455364857 0 0 0 6.10351562e-05
0.625583828 -0.106483951 0.147916315 0 0 0 6.10351562e-05
0.437545375 -0.207712301 -0.251393114 0 0 0 6.10351562e-05
-0.642217505 0.204125159 0.0509785122 0 0 0 6.10351562e-05
-0.509842809 0.111074936 -0.56795846 0 0 0 6.10351562e-05
0.0057422932 -0.17550231 0.579757488 0 0 0 6.10351562e-05
0.140647417 0.0333913628 0.322220981 0 0 0 6.10351562e-05
0.11204921 -0.434265061 -0.553138685 0 0 0 6.10351562e-05
0.192430485 0.499223907 -0.685125209 0 0 0 6.10351562e-05
0.386858204 -0.580879524 -0.310469181 0 0 0 6.10351562e-05
-0.647130983 0.0202602946 -0.291463118 0 0 0 6.10351562e-05
0.406078916 -0.0642530989 0.685981057 0 0 0 6.10351562e-05
0.477370477 0.595608597 -0.379607713 0 0 0 6.10351562e-05
-0.0935742358 0.683876944 0.686499673 0 0 0 6.10351562e-05
0.788137352 0.397610567 -0.311652801 0 0 0 6.10351562e-05
-0.511125316 -0.523750379 -0.410938607 0 0 0 6.10351562e-05
-0.257507031 -0.488515237 -0.36703071 0 0 0 6.10351562e-05
-0.541066371 -0.274785859 -0.571418724 0 0 0 6.10351562e-05
0.857490617 -0.181132496 -0.404686305 0 0 0 6.10351562e-05
0.257707707 0.403831523 -0.227695258 0 0 0 6.10351562e-05
0.602046257 -0.166572702 -0.703990736 0 0 0 6.10351562e-05
0.421822641 0.876808077 0.116811171 0 0 0 6.10351562e-05
-0.736442536 0.46720946 0.0931034352 0 0 0 6.10351562e-05
-0.146740418 -0.317930074 -0.464965284 0 0 0 6.10351562e-05
0.73152394 0.461351173 0.0936458281 0 0 0 6.10351562e-05
0.761776055 -0.184301914 -0.3609894 0 0 0 6.10351562e-05
0.389507474 -0.409968382 0.680339712 0 0 0 6.10351562e-05
0.0365353544 0.702981744 -0.107356395 0 0 0 6.10351562e-05
-0.82899392 -0.354598426 0.250233682 0 0 0 6.10351562e-05
-0.82626252 0.288862737 0.253471246 0 0 0 6.10351562e-05
-0.162665086 0.239336942 -0.059006752 0 0 0 6.10351562e-05
0.490385657 0.131542376 0.126051633 0 0 0 6.10351562e-05
0.157286117 0.592540345 -0.747227449 0 0 0 6.10351562e-05
0.155560239 0.3989438 0.196491122 0 0 0 6.10351562e-05
-0.67378522 -0.230630517 -0.310330139 0 0 0 6.10351562e-05
0.326438146 0.389028212 0.283966628 0 0 0 6.10351562e-05
0.745112465 -0.149332528 0.122196406 0 0 0 6.10351562e-05
-0.295525632 0.203706947 -0.290581873 0 0 0 6.10351562e-05
0.362392438 -0.591855218 0.486186292 0 0 0 6.10351562e-05
-0.53653228 0.0797124361 -0.0206307939 0 0 0 6.10351562e-05
0.144354602 -0.218734611 0.306081344 0 0 0 6.10351562e-05
0.173387231 -0.398693759 0.799054881 0 0 0 6.10351562e-05
-0.096801546 -0.279020975 -0.804075891 0 0 0 6.10351562e-05
0.432244974 -0.490606753 0.370654143 0 0 0 6.10351562e-05
-0.308793502 0.393771537 -0.86075444 0 0 0 6.10351562e-05
-0.142423612 0.0156906367 0.175895241 0 0 0 6.10351562e-05
0.543987426 -0.0560210532 -0.172041295 0 0 0 6.10351562e-05
0.150239023 0.319334716 -0.373065723 0 0 0 6.10351562e-05
-0.0752641993 0.33883969 -0.21461351 0 0 0 6.10351562e-05
0.328698605 -0.191778515 0.653681642 0 0 0 6.10351562e-05
0.550857185 0.585537413 -0.449691118 0 0 0 6.10351562e-05
-0.414046353 0.596804188 0.205863972 0 0 0 6.10351562e-05
0.428247581 -0.405098755 -0.0213732439 0 0 0 6.10351562e-05
0.145264689 -0.544872003 -0.675973538 0 0 0 6.10351562e-05
-0.351622365 0.439615084 -0.721409238 0 0 0 6.10351562e-05
0.122911075 0.239772854 0.896706132 0 0 0 6.10351562e-05
-0.267622419 0.428104671 0.00431015944 0 0 0 6.10351562e-05
0.0834588951 0.431967225 0.0148334466 0 0 0 6.10351562e-05
0.394899076 -0.326835754 0.164642041 0 0 0 6.10351562e-05
0.257896516 0.211465311 -0.932254168 0 0 0 6.10351562e-05
0.374832755 -0.839122223 0.0626677933 0 0 0 6.10351562e-05
0.459603987 0.711273758 0.48761728 0 0 0 6.10351562e-05
-0.624951483 -0.374958769 -0.340906203 0 0 0 6.10351562e-05
-0.447652071 -0.259594502 -0.526548745 0 0 0 6.10351562e-05
-0.590988325 -0.706491545 0.0999868324 0 0 0 6.10351562e-05
0.376137732 -0.309191356 0.238826938 0 0 0 6.10351562e-05
-0.179985155 0.134035762 0.69272302 0 0 0 6.10351562e-05
-0.490242477 0.483269445 0.537832375 0 0 0 6.10351562e-05
0.333734767 0.357711579 -0.301646081 0 0 0 6.10351562e-05
0.426592863 -0.186987123 0.480096526 0 0 0 6.10351562e-05
-0.127998522 -0.390624521 -0.133009383 0 0 0 6.10351562e-05
0.660330398 0.231325619 -0.175226183 0 0 0 6.10351562e-05
0.185538477 0.245833289 -0.570715768 0 0 0 6.10351562e-05
0.28645495 0.915644365 -0.162575137 0 0 0 6.10351562e-05
-0.753848838 0.175930363 0.0511271296 0 0 0 6.10351562e-05
0.0833080621 0.167324222 0.690323664 0 0 0 6.10351562e-05
-0.314687916 -0.619192927 0.501256586 0 0 0 6.10351562e-05
0.676160304 0.211437268 -0.42442272 0 0 0 6.10351562e-05
-0.0240608097 -0.537444375 0.640612814 0 0 0 6.10351562e-05
-0.872881293 0.156165737 0.316568877 0 0 0 6.10351562e-05
-0.464449469 -0.132829051 -0.587653484 0 0 0 6.10351562e-05
-0.308424565 -0.507111728 0.229868238 0 0 0 6.10351562e-05
0.378581894 -0.600639204 -0.148107286 0 0 0 6.10351562e-05
0.180063882 -0.693807382 -0.672058004 0 0 0 6.10351562e-05
-0.616411151 0.183799658 -0.0804745976 0 0 0 6.10351562e-05
0.483333415 0.148027627 0.533300749 0 0 0 6.10351562e-05
-0.666623031 0.1603172 -0.719605181 0 0 0 6.10351562e-05
-0.102378334 0.0341644761 -0.303837813 0 0 0 6.10351562e-05
-0.30575376 -0.232592959 -0.374603475 0 0 0 6.10351562e-05
-0.364179417 -0.00664050733 0.527070567 0 0 0 6.10351562e-05
-0.49077041 -0.143168187 0.137792321 0 0 0 6.10351562e-05
-0.321736982 -0.115430949 -0.352729802 0 0 0 6.10351562e-05
0.121900082 -0.474350538 0.301467701 0 0 0 6.10351562e-05
-0.143959761 -0.3707633 -0.30587339 0 0 0 6.10351562e-05
0.146733134 0.150268375 -0.275368128 0 0 0 6.10351562e-05
0.668237192 -0.41010819 0.277864568 0 0 0 6.10351562e-05
0.672139439 -0.078375149 0.423020676 0 0 0 6.10351562e-05
0.505428411 -0.468878768 -0.116248862 0 0 0 6.10351562e-05
-0.0730334774 0.089504961 0.51898321 0 0 0 6.10351562e-05
-0.54817102 0.0594518714 -0.827064029 0 0 0 6.10351562e-05
-0.163292762 0.304551243 0.151490071 0 0 0 6.10351562e-05
0.565461364 -0.278451532 0.145604699 0 0 0 6.10351562e-05
0.615291649 -0.281571864 0.390612105 0 0 0 6.10351562e-05
-0.518496314 0.223518637 -0.54991916 0 0 0 6.10351562e-05
-0.816518365 0.122609131 -0.262811203 0 0 0 6.10351562e-05
0.812471571 -0.216867774 -0.0503389628 0 0 0 6.10351562e-05
-0.341955126 -0.327706606 -0.477354842 0 0 0 6.10351562e-05
0.207322779 0.693716695 -0.154892819 0 0 0 6.10351562e-05
0.15067197 0.772882246 -0.3890042 0 0 0 6.10351562e-05
0.7163492 0.0142098829 -0.327033708 0 0 0 6.10351562e-05
-0.117897325 -0.131997651 0.816234742 0 0 0 6.10351562e-05
0.0976629019 -0.0553386319 0.29550286 0 0 0 6.10351562e-05
0.683442149 -0.0474504687 -0.0440116159 0 0 0 6.10351562e-05
-0.49031162 -0.183929725 -0.507971246 0 0 0 6.10351562e-05
-0.550519763 0.0247917556 -0.732386232 0 0 0 6.10351562e-05
0.431274329 -0.628412618 0.57548277 0 0 0 6.10351562e-05
-0.501585946 0.425555409 -0.134459298 0 0 0 6.10351562e-05
0.650561791 0.394621631 -0.462924197 0 0 0 6.10351562e-05
-0.0371930582 0.146295002 -0.936920541 0 0 0 6.10351562e-05
-0.429540964 -0.409757037 -0.79105506 0 0 0 6.10351562e-05
0.120253722 -0.750107802 -0.0374074605 0 0 0 6.10351562e-05
0.690367778 -0.125673722 -0.125244578 0 0 0 6.10351562e-05
-0.336994639 -0.274121288 0.735267368 0 0 0 6.10351562e-05
0.348949895 0.649596277 -0.312235782 0 0 0 6.10351562e-05
-0.640300549 -0.293114994 0.302418655 0 0 0 6.10351562e-05
-0.387069783 -0.419264595 -0.486819668 0 0 0 6.10351562e-05
0.484637058 0.304239255 -0.430153047 0 0 0 6.10351562e-05
0.374228804 -0.252530676 -0.459373309 0 0 0 6.10351562e-05
-0.482824494 0.109318224 0.676311275 0 0 0 6.10351562e-05
0.573863584 -0.556356357 0.0512148703 0 0 0 6.10351562e-05
-0.47630146 -0.18880119 -0.736321223 0 0 0 6.10351562e-05
0.0940028177 0.33100579 -0.563272771 0 0 0 6.10351562e-05
-0.15439638 -0.602084661 0.403975224 0 0 0 6.10351562e-05
-0.920007272 -0.374036187 0.0557033828 0 0 0 6.10351562e-05
0.711741984 -0.0148948452 0.288890232 0 0 0 6.10351562e-05
0.204408852 -0.371004153 0.3689173 0 0 0 6.10351562e-05
0.380640123 -0.324000558 0.235462018 0 0 0 6.10351562e-05
-0.574203049 -0.18301651 -0.550676596 0 0 0 6.10351562e-05
0.0818687789 0.485766673 0.456662339 0 0 0 6.10351562e-05
-0.511330264 -0.268819014 -0.123401383 0 0 0 6.10351562e-05
0.0426472583 -0.291646976 -0.134708123 0 0 0 6.10351562e-05
0.666407673 0.573220642 0.418386549 0 0 0 6.10351562e-05
-0.120179384 0.0964905134 0.619105124 0 0 0 6.10351562e-05
-0.0145128479 -0.747501497 0.647982601 0 0 0 6.10351562e-05
0.591043977 -0.462904177 -0.622074666 0 0 0 6.10351562e-05
0.761255594 -0.0804193537 -0.396605185 0 0 0 6.10351562e-05
-0.051329184 -0.712014871 -0.340581029 0 0 0 6.10351562e-05
-0.00540276674 0.691078254 -0.288948377 0 0 0 6.10351562e-05
0.740258405 -0.0958384901 0.408603007 0 0 0 6.10351562e-05
0.797289836 -0.108394739 0.0805611823 0 0 0 6.10351562e-05
0.183581651 0.345533385 0.646506782 0 0 0 6.10351562e-05
0.124313358 0.567283665 0.224056301 0 0 0 6.10351562e-05
0.467039858 0.879075434 0.0565792918 0 0 0 6.10351562e-05
-0.609206613 -0.0396817004 0.241150237 0 0 0 6.10351562e-05
0.437236015 -0.722446193 -0.488096185 0 0 0 6.10351562e-05
0.230846052 -0.619844713 0.0760415245 0 0 0 6.10351562e-05
-0.335353899 0.713191904 0.284062757 0 0 0 6.10351562e-05
-0.624658689 -0.380219349 0.192690914 0 0 0 6.10351562e-05
0.188565623 0.567067012 0.164702901 0 0 0 6.10351562e-05
0.568491243 -0.371516434 0.161364238 0 0 0 6.10351562e-05
-0.843866293 0.355195921 0.23945604 0 0 0 6.10351562e-05
0.459304107 0.42560719 -0.466555771 0 0 0 6.10351562e-05
-0.68934479 -0.612873331 0.0983453954 0 0 0 6.10351562e-05
-0.10691891 -0.329844818 0.134712405 0 0 0 6.10351562e-05
-0.335322816 0.764767543 -0.321849702 0 0 0 6.10351562e-05
-0.328298524 -0.747910555 0.477694872 0 0 0 6.10351562e-05
0.502633825 0.0778646839 -0.193298572 0 0 0 6.10351562e-05
0.600957225 -0.2123346 -0.0512306225 0 0 0 6.10351562e-05
-0.551666033 0.631098759 -0.200295443 0 0 0 6.10351562e-05
-0.562757113 -0.102925968 -0.375950782 0 0 0 6.10351562e-05
0.953547878 0.254980169 0.0211881352 0 0 0 6.10351562e-05
-0.420622974 0.679306719 -0.391222783 0 0 0 6.10351562e-05
-0.0676885546 -0.845178375 -0.261606038 0 0 0 6.10351562e-05
0.0842064292 -0.399413746 0.0309987233 0 0 0 6.10351562e-05
0.0688085121 -0.399659148 0.364269353 0 0 0 6.10351562e-05
-0.837580892 0.157214947 -0.00719663578 0 0 0 6.10351562e-05
0.488234684 -0.236791099 -0.345458618 0 0 0 6.10351562e-05
0.527163224 0.466501157 -0.466625101 0 0 0 6.10351562e-05
-0.0669461125 0.431100716 0.610020628 0 0 0 6.10351562e-05
-0.450190587 0.237626747 0.437661271 0 0 0 6.10351562e-05
-0.418828384 -0.569142733 0.0596209394 0 0 0 6.10351562e-05
0.45452949 0.410033641 -0.342870225 0 0 0 6.10351562e-05
0.120798653 0.636454072 -0.706815849 0 0 0 6.10351562e-05
0.788978294 0.474192212 0.0715034247 0 0 0 6.10351562e-05
-0.234512023 -0.1370898 -0.099800095 0 0 0 6.10351562e-05
-0.322805056 -0.289189775 -0.102822627 0 0 0 6.10351562e-05
0.346850332 0.85446597 -0.240593965 0 0 0 6.10351562e-05
0.163648368 0.278649955 0.0413027729 0 0 0 6.10351562e-05
-0.0961229076 0.383118635 -0.379061552 0 0 0 6.10351562e-05
0.0216779032 -0.729155692 -0.38638822 0 0 0 6.10351562e-05
-0.109780327 0.610152543 -0.764366543 0 0 0 6.10351562e-05
0.119473976 -0.556102907 -0.294513932 0 0 0 6.10351562e-05
0.0298905938 0.00748409632 0.244351768 0 0 0 6.10351562e-05
0.319348589 0.03849132 -0.927435889 0 0 0 6.10351562e-05
0.0399007221 0.463050061 -0.242334792 0 0 0 6.10351562e-05
-0.404202544 -0.462754727 -0.446330266 0 0 0 6.10351562e-05
0.480339915 0.2704469 -0.453923381 0 0 0 6.10351562e-05
-0.621956373 0.316498797 -0.488460684 0 0 0 6.10351562e-05
-0.41780832 0.256760765 0.72209893 0 0 0 6.10351562e-05
-0.750544221 0.118496352 0.186512681 0 0 0 6.10351562e-05
-0.0123721557 -0.151044404 -0.452677114 0 0 0 6.10351562e-05
0.508602164 -0.460646631 0.484931281 0 0 0 6.10351562e-05
0.616945237 -0.398491336 -0.329528982 0 0 0 6.10351562e-05
0.375890237 -0.780795924 -0.202710289 0 0 0 6.10351562e-05
-0.618851382 0.102189175 -0.072718968 0 0 0 6.10351562e-05
0.110626856 -0.947547529 -0.0498903247 0 0 0 6.10351562e-05
0.0114501392 -0.528911187 -0.461809371 0 0 0 6.10351562e-05
0.169543546 -0.794128959 0.198953362 0 0 0 6.10351562e-05
0.463035949 -0.42289424 0.0702748483 0 0 0 6.10351562e-05
0.215569928 0.430226388 -0.715704343 0 0 0 6.10351562e-05
0.0375860631 0.476365229 0.726415408 0 0 0 6.10351562e-05
-0.456012706 -0.683158067 0.000859807034 0 0 0 6.10351562e-05
-0.944160433 -0.0370895615 -0.3255326 0 0 0 6.10351562e-05
0.506065959 0.686538523 0.22315068 0 0 0 6.10351562e-05
0.420004805 0.786484583 -0.250083907 0 0 0 6.10351562e-05
0.0814037379 0.518709177 -0.15943501 0 0 0 6.10351562e-05
0.767279775 0.12947598 0.202275677 0 0 0 6.10351562e-05
-0.593424641 0.689493213 0.26821917 0 0 0 6.10351562e-05
-0.810085958 -0.445830133 0.0728568985 0 0 0 6.10351562e-05
0.170950585 -0.214896634 -0.824050167 0 0 0 6.10351562e-05
0.119861277 0.827030724 0.30576634 0 0 0 6.10351562e-05
-0.716587035 -0.324456725 -0.593123709 0 0 0 6.10351562e-05
0.0911949626 0.173264436 -0.0383613507 0 0 0 6.10351562e-05
0.460758079 0.542413948 0.302154068 0 0 0 6.10351562e-05
-0.103768298 -0.0895101137 0.971359501 0 0 0 6.10351562e-05
-0.459854482 0.5253349 0.222371129 0 0 0 6.10351562e-05
0.21772424 0.410794762 0.0786871252 0 0 0 6.10351562e-05
0.321168928 -0.752252013 -0.122754823 0 0 0 6.10351562e-05
0.336637328 -0.0812810939 -0.822139479 0 0 0 6.10351562e-05
0.0947971629 0.0260105435 0.218671126 0 0 0 6.10351562e-05
-0.0253963639 -0.942052942 0.154358882 0 0 0 6.10351562e-05
-0.678511238 0.22623362 -0.293350808 0 0 0 6.10351562e-05
0.0828067371 -0.1309813 -0.0733141524 0 0 0 6.10351562e-05
0.379652355 -0.121489764 -0.0590477743 0 0 0 6.10351562e-05
-0.553308545 -0.092527062 0.105660225 0 0 0 6.10351562e-05
-0.0902855211 -0.14021572 0.952473551 0 0 0 6.10351562e-05
0.0122039529 -0.859332363 -0.375933394 0 0 0 6.10351562e-05
-0.677958991 -0.197783676 -0.542447463 0 0 0 6.10351562e-05
0.192450716 -0.145489724 0.189179651 0 0 0 6.10351562e-05
0.346041987 -0.0147555794 0.618970268 0 0 0 6.10351562e-05
-0.403303759 0.753987487 0.0256122641 0 0 0 6.10351562e-05
-0.267152407 0.162728132 -0.701831454 0 0 0 6.10351562e-05
0.368747081 0.371308906 -0.227825953 0 0 0 6.10351562e-05
0.312672585 0.748674002 -0.211570479 0 0 0 6.10351562e-05
0.233508985 0.832291234 0.460919745 0 0 0 6.10351562e-05
0.770439821 -0.22791238 -0.00181784559 0 0 0 6.10351562e-05
-0.53250765 -0.361817651 0.167646896 0 0 0 6.10351562e-05
0.183968243 -0.323156016 0.892333496 0 0 0 6.10351562e-05
0.39482964 0.576995093 -0.00633172722 0 0 0 6.10351562e-05
0.146809224 -0.489139022 -0.43854696 0 0 0 6.10351562e-05
-0.300323074 -0.250557904 -0.730474404 0 0 0 6.10351562e-05
-0.262479993 -0.266385993 -0.927187805 0 0 0 6.10351562e-05
0.293542163 -0.496844452 0.282213125 0 0 0 6.10351562e-05
-0.131641754 -0.73091766 0.0840768487 0 0 0 6.10351562e-05
-0.196241872 0.0181849221 0.281299373 0 0 0 6.10351562e-05
-0.108977934 -0.818422161 0.0551396928 0 0 0 6.10351562e-05
0.188233903 0.0258335269 0.912458238 0 0 0 6.10351562e-05
0.469040878 -0.282421558 -0.706462158 0 0 0 6.10351562e-05
-0.176468837 0.499573154 -0.800502544 0 0 0 6.10351562e-05
-0.269246359 -0.397196642 -0.235179331 0 0 0 6.10351562e-05
-0.152373925 -0.255166658 0.474133222 0 0 0 6.10351562e-05
0.222262022 -0.593539251 -0.206588549 0 0 0 6.10351562e-05
-0.194373607 -0.434407626 -0.169872888 0 0 0 6.10351562e-05
0.336593284 -0.283761859 0.778333156 0 0 0 6.10351562e-05
-0.53331662 -0.64039933 -0.152081588 0 0 0 6.10351562e-05
0.227218772 -0.208027564 0.816675417 0 0 0 6.10351562e-05
0.0097960624 0.432912352 -0.548173822 0 0 0 6.10351562e-05
0.237954259 0.360448239 -0.617627269 0 0 0 6.10351562e-05
0.321665823 -0.796799117 0.174064582 0 0 0 6.10351562e-05
0.609735243 0.0374487894 0.708788113 0 0 0 6.10351562e-05
0.840012585 0.411827439 -0.0959824238 0 0 0 6.10351562e-05
0.535442915 0.237441598 -0.246328165 0 0 0 6.10351562e-05
0.799756591 -0.379941889 0.316598443 0 0 0 6.10351562e-05
0.167238728 -0.941906368 0.257531954 0 0 0 6.10351562e-05
-0.614280882 -0.0691538063 0.00699001408 0 0 0 6.10351562e-05
0.511565804 0.0825638644 -0.29454979 0 0 0 6.10351562e-05
0.379244077 0.261148237 0.177325291 0 0 0 6.10351562e-05
0.454220232 0.545203396 0.59694423 0 0 0 6.10351562e-05
0.944900439 0.0352230179 -0.0939888887 0 0 0 6.10351562e-05
0.148938875 -0.272072354 0.261921474 0 0 0 6.10351562e-05
0.33289273 -0.308966704 -0.0123994779 0 0 0 6.10351562e-05
0.68902472 -0.0789481013 -0.225551188 0 0 0 6.10351562e-05
0.736557379 -0.211913045 0.110852723 0 0 0 6.10351562e-05
0.350473172 -0.924187965 -0.0137201355 0 0 0 6.10351562e-05
0.0183203402 -0.931682612 0.15355878 0 0 0 6.10351562e-05
-0.595193593 0.0659348539 -0.050041197 0 0 0 6.10351562e-05
-0.351133797 -0.666158046 0.144716223 0 0 0 6.10351562e-05
-0.192372474 0.25529797 -0.496269567 0 0 0 6.10351562e-05
-0.506985767 -0.337355565 0.228849453 0 0 0 6.10351562e-05
0.224596424 -0.0156510647 0.629226371 0 0 0 6.10351562e-05
-0.330166807 -0.247916271 0.14142008 0 0 0 6.10351562e-05
0.73441562 0.291386464 0.416213654 0 0 0 6.10351562e-05
0.710704501 0.214545863 -0.0041327967 0 0 0 6.10351562e-05
-0.262645087 -0.323320908 0.307704044 0 0 0 6.10351562e-05
-0.11094547 0.458048399 0.553281304 0 0 0 6.10351562e-05
0.241187351 0.617007515 0.694720442 0 0 0 6.10351562e-05
-0.19807034 0.155540545 -0.530394404 0 0 0 6.10351562e-05
-0.432498445 -0.122060083 0.696793734 0 0 0 6.10351562e-05
0.812314022 -0.39728563 0.0523090909 0 0 0 6.10351562e-05
0.561866987 -0.0896870253 0.133177607 0 0 0 6.10351562e-05
0.471646894 0.707831287 -0.00852201624 0 0 0 6.10351562e-05
0.75956645 -0.128921394 -0.579841157 0 0 0 6.10351562e-05
-0.0107471066 0.538640306 0.365455509 0 0 0 6.10351562e-05
-0.892726477 -0.0325298963 -0.121020655 0 0 0 6.10351562e-05
0.442315837 -0.715563972 -0.163857325 0 0 0 6.10351562e-05
-0.449053036 -0.605955886 0.0754845316 0 0 0 6.10351562e-05
-0.162631904 0.905028868 0.100515352 0 0 0 6.10351562e-05
-0.0043111296 0.0841010883 0.766048381 0 0 0 6.10351562e-05
-0.807161533 0.0170708838 -0.173776473 0 0 0 6.10351562e-05
0.535130254 0.649406777 -0.438333632 0 0 0 6.10351562e-05
-0.190973155 -0.314088633 -0.831781446 0 0 0 6.10351562e-05
-0.677829825 -0.0834965101 0.645194784 0 0 0 6.10351562e-05
0.684283277 0.170627622 0.601489651 0 0 0 6.10351562e-05
0.347782376 -0.265225388 0.829743757 0 0 0 6.10351562e-05
-0.565741311 -0.406190258 0.126785333 0 0 0 6.10351562e-05
-0.286355042 -0.55507334 -0.336396812 0 0 0 6.10351562e-05
0.443007374 -0.182772555 -0.817773171 0 0 0 6.10351562e-05
-0.0163683837 0.21266987 0.0445592843 0 0 0 6.10351562e-05
0.244890361 0.918876493 0.17296148 0 0 0 6.10351562e-05
0.143996827 -0.0173945345 -0.662400456 0 0 0 6.10351562e-05
0.389888791 -0.00539572979 -0.68453012 0 0 0 6.10351562e-05
0.0743663867 -0.292418585 0.790256556 0 0 0 6.10351562e-05
-0.68673423 0.340732054 -0.241536928 0 0 0 6.10351562e-05
-0.557046607 -0.0117207116 0.424098539 0 0 0 6.10351562e-05
-0.556477424 0.33563558 -0.0407268158 0 0 0 6.10351562e-05
0.165385415 -0.48899427 -0.334060349 0 0 0 6.10351562e-05
-0.926955277 -0.17477509 0.296996343 0 0 0 6.10351562e-05
0.610953896 0.481506117 -0.237238584 0 0 0 6.10351562e-05
-0.54826122 0.0657132958 -0.147611724 0 0 0 6.10351562e-05
-0.133286519 -0.0368327496 0.662840483 0 0 0 6.10351562e-05
-0.685192941 0.426964098 0.365984436 0 0 0 6.10351562e-05
-0.587436096 0.197993253 -0.28067566 0 0 0 6.10351562e-05
0.858563299 0.0998830746 0.240393598 0 0 0 6.10351562e-05
-0.649574684 0.424490872 -0.59198405 0 0 0 6.10351562e-05
-0.103162412 0.748540066 -0.249026395 0 0 0 6.10351562e-05
0.578550924 0.206531227 -0.562906998 0 0 0 6.10351562e-05
-0.526053217 0.198100038 -0.632055252 0 0 0 6.10351562e-05
0.464200511 -0.0885176148 -0.520797543 0 0 0 6.10351562e-05
-0.525294938 0.33267489 -0.259980725 0 0 0 6.10351562e-05
0.658217674 0.153563919 -0.0859694196 0 0 0 6.10351562e-05
0.637598235 -0.278277389 -0.157870161 0 0 0 6.10351562e-05
0.295503359 0.836665336 0.18162614 0 0 0 6.10351562e-05
0.491962428 0.109623824 0.219666307 0 0 0 6.10351562e-05
-0.638819198 0.353851444 0.11254323 0 0 0 6.10351562e-05
-0.529744204 0.211336085 0.496501374 0 0 0 6.10351562e-05
0.386487674 -0.206114872 0.791673672 0 0 0 6.10351562e-05
-0.140193504 -0.00589893942 -0.405163201 0 0 0 6.10351562e-05
-0.116622395 -0.415803667 -0.624667886 0 0 0 6.10351562e-05
-0.81284183 -0.374521768 -0.265382619 0 0 0 6.10351562e-05
-0.740998538 0.0984274889 -0.185135221 0 0 0 6.10351562e-05
0.497516203 -0.447914118 0.692905038 0 0 0 6.10351562e-05
-0.0987084053 -0.019559054 -0.52633733 0 0 0 6.10351562e-05
-0.171579628 -0.753191418 0.118155414 0 0 0 6.10351562e-05
0.0835115089 0.469028392 -0.377110775 0 0 0 6.10351562e-05
0.356511645 0.44205513 -0.508983292 0 0 0 6.10351562e-05
0.267993096 -0.0468073253 0.016788847 0 0 0 6.10351562e-05
0.351402739 0.0124238456 0.84466752 0 0 0 6.10351562e-05
-0.659987379 -0.170823556 0.375753124 0 0 0 6.10351562e-05
-0.18346295 0.60413886 0.0777507275 0 0 0 6.10351562e-05
-0.671844428 -0.37703411 -0.147935373 0 0 0 6.10351562e-05
-0.914505682 -0.227608525 0.0669050188 0 0 0 6.10351562e-05
-0.117419572 -0.718009907 -0.0671838756 0 0 0 6.10351562e-05
-0.425700101 -0.680720766 0.233917322 0 0 0 6.10351562e-05
-0.804342363 0.36596986 0.156499953 0 0 0 6.10351562e-05
-0.231352943 0.699569928 -0.230468558 0 0 0 6.10351562e-05
0.386414514 0.0718679909 0.415920673 0 0 0 6.10351562e-05
-0.469276781 -0.43986623 0.367115697 0 0 0 6.10351562e-05
-0.22534347 -0.543382171 -0.317173649 0 0 0 6.10351562e-05
-0.74628992 -0.354609193 0.478331368 0 0 0 6.10351562e-05
0.0570712193 0.305512085 0.700255045 0 0 0 6.10351562e-05
-0.484712678 -0.0141740039 -0.156945002 0 0 0 6.10351562e-05
0.149049099 0.204101503 0.879795779 0 0 0 6.10351562e-05
-0.162679416 0.743107409 -0.0106902973 0 0 0 6.10351562e-05
0.590918331 -0.302393463 -0.268080827 0 0 0 6.10351562e-05
0.196108737 0.368924852 0.124163679 0 0 0 6.10351562e-05
-0.942953577 0.112063559 -0.294000311 0 0 0 6.10351562e-05
-0.1189141 0.33035161 -0.71682071 0 0 0 6.10351562e-05
0.411129932 0.483841509 -0.230818557 0 0 0 6.10351562e-05
0.359538187 -0.597069179 -0.221210603 0 0 0 6.10351562e-05
0.25306927 -0.0706790725 0.078259397 0 0 0 6.10351562e-05
-0.270843768 0.55079385 -0.480892784 0 0 0 6.10351562e-05
0.864203445 0.323421733 -0.278766207 0 0 0 6.10351562e-05
0.469882249 0.437138398 0.516974442 0 0 0 6.10351562e-05
0.804044292 0.365142235 0.0591352196 0 0 0 6.10351562e-05
-0.505218229 0.423871247 -0.399151432 0 0 0 6.10351562e-05
-0.366505109 0.338617124 0.624348042 0 0 0 6.10351562e-05
0.829754546 0.532541638 -0.139730678 0 0 0 6.10351562e-05
-0.191029416 0.199965495 -0.699811014 0 0 0 6.10351562e-05
-0.0388520663 -0.686330214 -0.441154704 0 0 0 6.10351562e-05
0.580586941 0.152632095 -0.403923153 0 0 0 6.10351562e-05
-0.492187664 -0.244859247 0.0430376972 0 0 0 6.10351562e-05
-0.384589705 -0.757207556 0.165695892 0 0 0 6.10351562e-05
0.535128117 0.368533798 0.539855436 0 0 0 6.10351562e-05
-0.524083615 0.71737202 -0.376891045 0 0 0 6.10351562e-05
0.168035983 -0.0292688641 -0.097293106 0 0 0 6.10351562e-05
0.795658962 -0.337170469 -0.38878391 0 0 0 6.10351562e-05
0.372967198 0.807338465 0.258830393 0 0 0 6.10351562e-05
-0.443455127 -0.201619754 0.183876325 0 0 0 6.10351562e-05
-0.487156785 0.272599955 0.455401933 0 0 0 6.10351562e-05
-0.6403096 -0.300435647 -0.541135288 0 0 0 6.10351562e-05
-0.194028915 0.638323052 -0.0347442378 0 0 0 6.10351562e-05
-0.0375824845 0.548716699 -0.72332304 0 0 0 6.10351562e-05
0.416995272 0.113163489 0.509194942 0 0 0 6.10351562e-05
0.580633385 -0.454507116 -0.514339161 0 0 0 6.10351562e-05
0.186758885 0.138601646 0.373306246 0 0 0 6.10351562e-05
0.116194384 -0.916275017 0.33609964 0 0 0 6.10351562e-05
-0.35011649 0.28863766 0.873352529 0 0 0 6.10351562e-05
-0.0811517611 0.115241235 -0.212047106 0 0 0 6.10351562e-05
0.906053141 -0.288952003 0.252962475 0 0 0 6.10351562e-05
-0.14993058 0.0784482575 -0.481597565 0 0 0 6.10351562e-05
0.640936203 -0.100454352 -0.672698491 0 0 0 6.10351562e-05
0.327863413 -0.122870273 -0.702476684 0 0 0 6.10351562e-05
-0.585087024 -0.449305239 0.243073237 0 0 0 6.10351562e-05
0.758237634 0.474740293 -0.286769705 0 0 0 6.10351562e-05
0.441059043 -0.250444335 0.19303433 0 0 0 6.10351562e-05
-0.506147455 -0.230113055 -0.794079255 0 0 0 6.10351562e-05
-0.859686143 -0.475682381 0.175047339 0 0 0 6.10351562e-05
0.227604717 -0.911216843 0.113300901 0 0 0 6.10351562e-05
-0.179081438 -0.3870966 0.582446856 0 0 0 6.10351562e-05
-0.545387831 -0.391862051 0.510749906 0 0 0 6.10351562e-05
0.643525009 0.247097875 -0.50388219 0 0 0 6.10351562e-05
0.0542479068 0.69884004 0.144500703 0 0 0 6.10351562e-05
-0.424577513 0.309937948 0.307267666 0 0 0 6.10351562e-05
-0.340837262 -0.12549663 0.830565251 0 0 0 6.10351562e-05
-0.303547133 -0.00963126517 0.650816431 0 0 0 6.10351562e-05
-0.199345186 0.116958453 -0.850713488 0 0 0 6.10351562e-05
0.202408602 -0.758673075 -0.378894616 0 0 0 6.10351562e-05
0.681819508 0.365285358 0.500086553 0 0 0 6.10351562e-05
-0.669518715 -0.0637948696 -0.309012338 0 0 0 6.10351562e-05
-0.804307684 -0.103473826 -0.282341813 0 0 0 6.10351562e-05
-0.350039334 -0.463377784 -0.497911666 0 0 0 6.10351562e-05
-0.627733971 0.0227173148 0.62790637 0 0 0 6.10351562e-05
0.0804980977 0.0327317714 0.935045888 0 0 0 6.10351562e-05
-0.0631418848 0.279360924 0.816084069 0 0 0 6.10351562e-05
-0.251984921 0.51483712 0.156752331 0 0 0 6.10351562e-05
0.596520769 -0.784022122 -0.0690352724 0 0 0 6.10351562e-05
-0.833251445 -0.154911151 0.478997654 0 0 0 6.10351562e-05
-0.69511801 -0.0950798035 0.144378311 0 0 0 6.10351562e-05
-0.427479398 0.47470043 -0.175779388 0 0 0 6.10351562e-05
0.79980559 0.191786671 0.106058695 0 0 0 6.10351562e-05
0.199133267 0.256300141 -0.523001561 0 0 0 6.10351562e-05
0.146031905 0.882910435 0.23339886 0 0 0 6.10351562e-05
-0.372771568 -0.880569536 0.197932869 0 0 0 6.10351562e-05
0.817373764 0.481282896 -0.140051067 0 0 0 6.10351562e-05
0.781306335 0.244319984 0.000744941567 0 0 0 6.10351562e-05
0.595449293 0.10516973 -0.785066247 0 0 0 6.10351562e-05
0.71281669 0.083853773 -0.126736455 0 0 0 6.10351562e-05
0.00709826228 -0.614673012 -0.662316736 0 0 0 6.10351562e-05
0.750507286 -0.466278239 0.19328267 0 0 0 6.10351562e-05
-0.652605691 0.0735022124 -0.377102693 0 0 0 6.10351562e-05
0.582578041 -0.316328758 -0.219147255 0 0 0 6.10351562e-05
-0.210933384 -0.1043425 -0.574429454 0 0 0 6.10351562e-05
-0.0513949193 -0.700815983 0.162366867 0 0 0 6.10351562e-05
-0.021678142 -0.233394608 0.726592467 0 0 0 6.10351562e-05
0.208659535 -0.0443111317 0.458168769 0 0 0 6.10351562e-05
-0.546482762 -0.726250464 -0.0948259656 0 0 0 6.10351562e-05
0.357329921 -0.500748603 0.119816353 0 0 0 6.10351562e-05
0.262865324 0.452826681 -0.376523372 0 0 0 6.10351562e-05
-0.454839807 -0.319262731 -0.415096228 0 0 0 6.10351562e-05
-0.308219173 -0.434005198 0.666897977 0 0 0 6.10351562e-05
0.196332858 0.0545113651 -0.0349823682 0 0 0 6.10351562e-05
0.817173775 0.414166483 0.0285357916 0 0 0 6.10351562e-05
0.910525151 -0.199802056 -0.292132423 0 0 0 6.10351562e-05
-0.236990642 0.60788941 -0.612465955 0 0 0 6.10351562e-05
0.0285376618 -0.666760107 0.0280046948 0 0 0 6.10351562e-05
0.217315898 -0.7951984 0.327500441 0 0 0 6.10351562e-05
0.0844125414 0.543740696 0.780833717 0 0 0 6.10351562e-05
0.356953596 -0.556108183 0.261800441 0 0 0 6.10351562e-05
0.54566333 -0.413382444 -0.483577838 0 0 0 6.10351562e-05
0.685175993 0.296250424 -0.310769191 0 0 0 6.10351562e-05
-0.409368234 0.00803962535 0.86358879 0 0 0 6.10351562e-05
-0.742685781 0.180611445 0.41614589 0 0 0 6.10351562e-05
0.565356646 -0.35376192 -0.682949647 0 0 0 6.10351562e-05
-0.317972514 0.213422787 -0.509065956 0 0 0 6.10351562e-05
-0.230522539 -0.435887047 0.826839595 0 0 0 6.10351562e-05
0.723831605 0.349949824 -0.261035594 0 0 0 6.10351562e-05
-0.289689937 -0.229155711 -0.641315231 0 0 0 6.10351562e-05
-0.267849473 -0.367878167 -0.132630623 0 0 0 6.10351562e-05
0.753755178 0.274024437 0.40429202 0 0 0 6.10351562e-05
0.358458564 0.505436681 0.75930072 0 0 0 6.10351562e-05
0.905263713 -0.114122461 0.23699766 0 0 0 6.10351562e-05
0.623163001 -0.402302348 0.204014528 0 0 0 6.10351562e-05
0.607922147 0.347347574 0.132947374 0 0 0 6.10351562e-05
0.455999917 -0.308110982 0.345000226 0 0 0 6.10351562e-05
0.573064 0.271254254 0.0113953885 0 0 0 6.10351562e-05
-0.948299943 -0.0894157574 0.0987409662 0 0 0 6.10351562e-05
0.721719583 0.465924971 -0.350534967 0 0 0 6.10351562e-05
0.613601322 -0.340566733 0.414957945 0 0 0 6.10351562e-05
-0.0898545292 -0.813678845 0.0593562555 0 0 0 6.10351562e-05
0.256148273 -0.78500844 0.527260282 0 0 0 6.10351562e-05
-0.0859102932 0.301181053 -0.886991612 0 0 0 6.10351562e-05
-0.298017148 0.538043414 0.16580744 0 0 0 6.10351562e-05
-0.00761280483 0.188323255 -0.613502656 0 0 0 6.10351562e-05
0.279534858 -0.548930602 -0.716763189 0 0 0 6.10351562e-05
0.487480254 -0.410380395 -0.0334495242 0 0 0 6.10351562e-05
-0.191601471 0.18355705 -0.455741136 0 0 0 6.10351562e-05
-0.802658839 0.289225399 0.0770156893 0 0 0 6.10351562e-05
-0.0171520258 0.511578469 -0.686977446 0 0 0 6.10351562e-05
-0.191172896 0.766722658 -0.295884596 0 0 0 6.10351562e-05
0.538224674 -0.51264513 -0.244176632 0 0 0 6.10351562e-05
-0.0562505181 0.69105304 -0.107819883 0 0 0 6.10351562e-05
0.152725525 -0.000296125976 -0.851911524 0 0 0 6.10351562e-05
0.253491133 0.813012025 -0.50183585 0 0 0 6.10351562e-05
-0.760930036 -0.168986482 -0.102765379 0 0 0 6.10351562e-05
-0.48977592 -0.516801981 -0.547209246 0 0 0 6.10351562e-05
-0.728616883 0.589483189 -0.331405962 0 0 0 6.10351562e-05
0.0655637481 0.773652741 -0.472349544 0 0 0 6.10351562e-05
0.453557392 -0.164110348 0.757698721 0 0 0 6.10351562e-05
0.1464275 -0.215470648 -0.795115662 0 0 0 6.10351562e-05
-0.0142206951 -0.112413223 -0.495836762 0 0 0 6.10351562e-05
0.475041372 -0.586049874 -0.258257843 0 0 0 6.10351562e-05
0.126268013 -0.517771755 0.619861155 0 0 0 6.10351562e-05
0.251095879 0.73333432 0.317549919 0 0 0 6.10351562e-05
-0.812218848 0.0151767665 -0.27485705 0 0 0 6.10351562e-05
0.385648097 -0.602549077 -0.542311426 0 0 0 6.10351562e-05
-0.583049531 0.384519393 0.245298514 0 0 0 6.10351562e-05
0.0865645693 -0.588481232 0.405042247 0 0 0 6.10351562e-05
-0.811664266 -0.270205604 -0.467240698 0 0 0 6.10351562e-05
0.4836581 0.00547275719 -0.865296495 0 0 0 6.10351562e-05
-0.713222384 0.146923384 0.301803724 0 0 0 6.10351562e-05
-0.603901054 0.171161832 -0.184292792 0 0 0 6.10351562e-05
0.293466815 -0.396169783 0.336238253 0 0 0 6.10351562e-05
0.29681167 0.217697591 0.923807186 0 0 0 6.10351562e-05
0.387925438 -0.695470622 -0.296386944 0 0 0 6.10351562e-05
-0.304040217 0.502024396 -0.71998893 0 0 0 6.10351562e-05
-0.457296305 -0.375768292 -0.415462934 0 0 0 6.10351562e-05
0.256525626 0.924548066 -0.138070285 0 0 0 6.10351562e-05
-0.320569594 0.0573046535 0.272457303 0 0 0 6.10351562e-05
-0.357334975 0.692079931 0.180707844 0 0 0 6.10351562e-05
-0.156689244 0.579234121 -0.28308579 0 0 0 6.10351562e-05
-0.686466103 -0.250789319 0.343269775 0 0 0 6.10351562e-05
0.694981619 -0.164636115 -0.57023075 0 0 0 6.10351562e-05
0.357634516 -0.433204087 -0.429706399 0 0 0 6.10351562e-05
0.132779372 0.146482466 0.159985106 0 0 0 6.10351562e-05
0.424254123 0.545759874 0.0515649845 0 0 0 6.10351562e-05
0.57800306 0.140093037 0.393046584 0 0 0 6.10351562e-05
-0.2563926 0.819313363 -0.442679525 0 0 0 6.10351562e-05
0.206083106 0.536221138 -0.268055856 0 0 0 6.10351562e-05
-0.59099336 0.35485047 0.226386963 0 0 0 6.10351562e-05
-0.0747652429 0.357373253 0.108921727 0 0 0 6.10351562e-05
0.402421795 -0.400017312 0.636457358 0 0 0 6.10351562e-05
0.71008394 0.238952404 -0.161422507 0 0 0 6.10351562e-05
0.559832004 -0.0742792285 -0.547513393 0 0 0 6.10351562e-05
-0.494936217 0.159388583 0.0743931505 0 0 0 6.10351562e-05
-0.0466767196 0.453912643 -0.550043852 0 0 0 6.10351562e-05
0.628925878 -0.0039507816 0.148826357 0 0 0 6.10351562e-05
-0.109173157 -0.105229539 0.764561343 0 0 0 6.10351562e-05
-0.455664809 0.288634945 0.824672286 0 0 0 6.10351562e-05
-0.198638465 -0.268842178 -0.613285637 0 0 0 6.10351562e-05
-0.502165768 0.420628327 0.734141517 0 0 0 6.10351562e-05
-0.277885658 0.0261837053 0.679546307 0 0 0 6.10351562e-05
-0.365291391 -0.318518867 -0.640388929 0 0 0 6.10351562e-05
0.316545835 -0.850705865 0.410496647 0 0 0 6.10351562e-05
-0.294508489 -0.236262858 -0.409758131 0 0 0 6.10351562e-05
-0.408593416 -0.0823917366 -0.0101283867 0 0 0 6.10351562e-05
-0.493857445 0.399019904 0.550439157 0 0 0 6.10351562e-05
0.247446042 0.738206545 -0.470614286 0 0 0 6.10351562e-05
0.175607666 0.258662528 -0.266605584 0 0 0 6.10351562e-05
-0.469561454 -0.0424117695 -0.305526969 0 0 0 6.10351562e-05
-0.195846525 0.71626207 0.0816743691 0 0 0 6.10351562e-05
0.050211269 -0.886038116 -0.101568515 0 0 0 6.10351562e-05
0.343076231 0.147353928 0.356189171 0 0 0 6.10351562e-05
0.267788173 0.101105599 -0.83535798 0 0 0 6.10351562e-05
0.185914026 0.79949828 -0.0270314811 0 0 0 6.10351562e-05
0.530221574 -0.225206654 0.564451609 0 0 0 6.10351562e-05
0.25944318 -0.493540025 0.294233714 0 0 0 6.10351562e-05
0.524305542 0.407637566 0.0568672617 0 0 0 6.10351562e-05
-0.0758282679 0.966964157 0.154603527 0 0 0 6.10351562e-05
0.202197384 -0.845396941 0.361191384 0 0 0 6.10351562e-05
-0.660546185 0.0446100127 0.117106334 0 0 0 6.10351562e-05
-0.168377251 -0.705537622 -0.361267524 0 0 0 6.10351562e-05
0.363088839 -0.605771584 -0.639584485 0 0 0 6.10351562e-05
-0.166672835 -0.537094656 -0.788360186 0 0 0 6.10351562e-05
-0.463871388 -0.245486961 -0.729953561 0 0 0 6.10351562e-05
0.119357352 -0.9416133 0.0483807344 0 0 0 6.10351562e-05
-0.00148917738 -0.0399989904 -0.12071241 0 0 0 6.10351562e-05
-0.283874552 -0.218094696 -0.344038874 0 0 0 6.10351562e-05
-0.524484587 -0.422962773 0.582016829 0 0 0 6.10351562e-05
-0.12975477 0.744117696 -0.535654273 0 0 0 6.10351562e-05
0.28002572 0.651357666 0.389129683 0 0 0 6.10351562e-05
-0.694795988 0.54278002 0.320819625 0 0 0 6.10351562e-05
0.791065872 -0.265593851 -0.0669132864 0 0 0 6.10351562e-05
-0.891217145 -0.294909984 0.088793948 0 0 0 6.10351562e-05
-0.270108147 0.932630834 0.0856971515 0 0 0 6.10351562e-05
0.257435341 -0.0453225155 0.326858898 0 0 0 6.10351562e-05
0.201321412 -0.56694531 -0.296945421 0 0 0 6.10351562e-05
-0.633198759 -0.635645731 0.315546421 0 0 0 6.10351562e-05
-0.481775808 -0.0379432103 -0.85724559 0 0 0 6.10351562e-05
-0.0655426071 0.145277748 0.192130791 0 0 0 6.10351562e-05
-0.644517989 -0.425748761 -0.00614926959 0 0 0 6.10351562e-05
-0.359187821 0.0428517952 -0.0489535161 0 0 0 6.10351562e-05
-0.376843086 -0.147311058 0.399811426 0 0 0 6.10351562e-05
0.733405607 0.425455962 0.425090922 0 0 0 6.10351562e-05
0.0896591635 0.966477714 -0.0541160234 0 0 0 6.10351562e-05
-0.217028239 0.270946593 0.392723514 0 0 0 6.10351562e-05
-0.532118156 -0.119488712 0.326843169 0 0 0 6.10351562e-05
0.235535152 -0.492246105 0.2875286 0 0 0 6.10351562e-05
0.680867089 0.596900048 -0.167998316 0 0 0 6.10351562e-05
-0.594404009 -0.255466822 0.424916754 0 0 0 6.10351562e-05
0.176832191 -0.398165908 -0.128475545 0 0 0 6.10351562e-05
-0.738401247 -0.152646911 0.463957166 0 0 0 6.10351562e-05
-0.504485498 0.279644316 -0.328489009 0 0 0 6.10351562e-05
0.000876789931 0.0927515828 0.794982775 0 0 0 6.10351562e-05
0.541145487 0.689955742 -0.202382747 0 0 0 6.10351562e-05
-0.268480582 -0.484814852 0.353851201 0 0 0 6.10351562e-05
-0.311891699 0.617701528 -0.583375046 0 0 0 6.10351562e-05
0.0141732988 0.511117131 -0.393702808 0 0 0 6.10351562e-05
0.19964014 -0.539988154 -0.315115068 0 0 0 6.10351562e-05
-0.584893145 -0.509737642 -0.280666212 0 0 0 6.10351562e-05
-0.596651932 -0.0203233778 0.771880521 0 0 0 6.10351562e-05
-0.118610743 -0.0131923299 0.611895844 0 0 0 6.10351562e-05
0.311737863 -0.181137863 -0.666035243 0 0 0 6.10351562e-05
-0.152241419 -0.543582785 0.378163056 0 0 0 6.10351562e-05
0.00945748887 -0.0440432518 0.187591641 0 0 0 6.10351562e-05
-0.0585851518 -0.101508336 0.884860196 0 0 0 6.10351562e-05
0.232982379 0.473227826 0.0601612963 0 0 0 6.10351562e-05
0.181107901 -0.351985067 0.588877786 0 0 0 6.10351562e-05
-0.164861782 0.271320648 -0.0829474792 0 0 0 6.10351562e-05
0.251887783 0.00848694929 -0.102184397 0 0 0 6.10351562e-05
-0.67037699 -0.329221934 -0.153575391 0 0 0 6.10351562e-05
-0.241238683 0.536810444 -0.0106023879 0 0 0 6.10351562e-05
-0.619061218 -0.0119417992 -0.402411643 0 0 0 6.10351562e-05
-0.0628127481 -0.416296303 0.517558939 0 0 0 6.10351562e-05
0.168076484 0.0839456885 0.47646626 0 0 0 6.10351562e-05
-0.270347707 0.127632413 0.626944896 0 0 0 6.10351562e-05
0.214492042 0.258946295 -0.384421067 0 0 0 6.10351562e-05
-0.163650999 -0.111360796 0.822117214 0 0 0 6.10351562e-05
-0.481186721 0.601182603 -0.528322206 0 0 0 6.10351562e-05
-0.352159672 0.165621872 0.883036354 0 0 0 6.10351562e-05
-0.154950027 -0.283755849 -0.488945363 0 0 0 6.10351562e-05
-0.636508138 0.691665223 0.00736528847 0 0 0 6.10351562e-05
-0.763825764 0.241561169 -0.49634798 0 0 0 6.10351562e-05
-0.16118284 0.782460335 0.49747652 0 0 0 6.10351562e-05
-0.141099249 -0.637578017 0.598347038 0 0 0 6.10351562e-05
0.010519473 -0.187665586 -0.487164214 0 0 0 6.10351562e-05
0.261816905 0.303745532 0.0972857222 0 0 0 6.10351562e-05
0.228644339 0.575682016 0.705929041 0 0 0 6.10351562e-05
0.698582934 -0.288826182 -0.342869357 0 0 0 6.10351562e-05
-0.182284983 0.738956952 0.214022636 0 0 0 6.10351562e-05
0.401041101 0.184110571 -0.818025139 0 0 0 6.10351562e-05
0.543742376 -0.0869816216 -0.0781248493 0 0 0 6.10351562e-05
-0.548848601 -0.335692085 -0.189915302 0 0 0 6.10351562e-05
0.241239522 0.76976668 0.131850861 0 0 0 6.10351562e-05
0.383577438 -0.288718058 -0.404499964 0 0 0 6.10351562e-05
-0.0907804466 -0.71846572 -0.554812083 0 0 0 6.10351562e-05
-0.296504055 -0.562770963 0.367904423 0 0 0 6.10351562e-05
-0.285656634 0.782879234 -0.483074122 0 0 0 6.10351562e-05
0.330276422 -0.241072853 -0.698889902 0 0 0 6.10351562e-05
0.654049899 -0.279610415 -0.665859836 0 0 0 6.10351562e-05
0.919324717 0.170859992 -0.0772829648 0 0 0 6.10351562e-05
0.0677928465 0.514309525 -0.20468806 0 0 0 6.10351562e-05
0.248717674 -0.720805681 -0.345623593 0 0 0 6.10351562e-05
-0.263453577 -0.321053041 0.745099539 0 0 0 6.10351562e-05
-0.89016758 0.32275604 0.163432062 0 0 0 6.10351562e-05
0.0533930777 0.440788347 0.0533577148 0 0 0 6.10351562e-05
0.622508038 -0.423584748 0.246109342 0 0 0 6.10351562e-05
-0.288296371 0.592477855 -0.433245205 0 0 0 6.10351562e-05
-0.619386385 -0.328145798 -0.612671475 0 0 0 6.10351562e-05
0.113564513 0.0161589979 -0.576328939 0 0 0 6.10351562e-05
0.306193037 -0.326529651 -0.587595131 0 0 0 6.10351562e-05
0.574288564 -0.0628750073 0.172150341 0 0 0 6.10351562e-05
-0.547311094 0.0405216231 -0.0922443072 0 0 0 6.10351562e-05
-0.315619721 0.402087568 0.452714069 0 0 0 6.10351562e-05
-0.507715685 0.179474535 0.513137808 0 0 0 6.10351562e-05
0.377327358 0.578770536 0.599402956 0 0 0 6.10351562e-05
-0.362142234 0.668480035 0.188195584 0 0 0 6.10351562e-05
0.0883186003 0.615378218 0.752540147 0 0 0 6.10351562e-05
-0.345157105 0.256366023 0.865937213 0 0 0 6.10351562e-05
-0.22897828 -0.39141922 0.648166492 0 0 0 6.10351562e-05
-0.779339901 -0.451875382 -0.409738685 0 0 0 6.10351562e-05
-0.298972289 -0.295099948 0.840882618 0 0 0 6.10351562e-05
0.550917037 -0.743146043 0.14426787 0 0 0 6.10351562e-05
-0.808766417 -0.245435013 0.226397403 0 0 0 6.10351562e-05
0.756907308 0.0125400736 -0.157409366 0 0 0 6.10351562e-05
0.382340647 -0.602305971 -0.502337663 0 0 0 6.10351562e-05
0.0536329165 0.639404626 -0.0543220531 0 0 0 6.10351562e-05
-0.73950943 0.573937917 0.217242758 0 0 0 6.10351562e-05
0.091523732 -0.43347549 -0.878281056 0 0 0 6.10351562e-05
0.536349388 0.304906952 0.0273327854 0 0 0 6.10351562e-05
-0.784633713 -0.0106532872 0.570623063 0 0 0 6.10351562e-05
-0.0617483842 -0.682337907 -0.0824028236 0 0 0 6.10351562e-05
0.0797590013 -0.0254783799 -0.439047166 0 0 0 6.10351562e-05
0.246190363 -0.297241471 -0.74442098 0 0 0 6.10351562e-05
-0.11834447 -0.518673 -0.670710397 0 0 0 6.10351562e-05
0.668763735 -0.195891094 -0.26881615 0 0 0 6.10351562e-05
0.551528153 -0.281391611 0.101048145 0 0 0 6.10351562e-05
0.283723612 0.0560774461 -0.457647261 0 0 0 6.10351562e-05
-0.238200296 -0.0492462748 0.48377831 0 0 0 6.10351562e-05
0.377987605 0.577178113 0.657362368 0 0 0 6.10351562e-05
-0.657451004 -0.0630985611 -0.470015969 0 0 0 6.10351562e-05
0.582268406 0.0221517212 0.156456095 0 0 0 6.10351562e-05
0.498650015 -0.0108141999 0.56034583 0 0 0 6.10351562e-05
0.40048328 -0.53440863 -0.230218422 0 0 0 6.10351562e-05
0.0578825397 -0.0355630852 -0.936134461 0 0 0 6.10351562e-05
-0.319042067 -0.61636528 -0.557418426 0 0 0 6.10351562e-05
-0.601469013 -0.0843192817 -0.557285263 0 0 0 6.10351562e-05
0.324468395 0.573057234 -0.596344247 0 0 0 6.10351562e-05
-0.658294629 -0.590338157 -0.101229378 0 0 0 6.10351562e-05
0.201668594 -0.904634229 0.146478494 0 0 0 6.10351562e-05
0.287573608 -0.166570883 0.793812928 0 0 0 6.10351562e-05
0.227466149 -0.426372848 -0.0243023548 0 0 0 6.10351562e-05
0.215587037 0.423415403 -0.823283161 0 0 0 6.10351562e-05
-0.813974796 0.400682046 0.269790687 0 0 0 6.10351562e-05
-0.819826749 0.220208323 -0.172080495 0 0 0 6.10351562e-05
-0.137271324 -0.204891024 -0.659183947 0 0 0 6.10351562e-05
0.159132526 0.0613702178 -0.334786898 0 0 0 6.10351562e-05
0.0846017855 0.924346525 0.263369015 0 0 0 6.10351562e-05
-0.126996286 0.543618961 0.449030095 0 0 0 6.10351562e-05
0.49467504 -0.0988507353 -0.574835795 0 0 0 6.10351562e-05
-0.101558491 -0.0142797305 -0.403088918 0 0 0 6.10351562e-05
0.128074709 -0.853952594 0.391970345 0 0 0 6.10351562e-05
0.320503696 0.110211646 0.632709514 0 0 0 6.10351562e-05
-0.6977756 -0.33378208 0.152994677 0 0 0 6.10351562e-05
0.16277123 -0.201984632 0.0122988905 0 0 0 6.10351562e-05
0.132386611 0.895155081 0.268548519 0 0 0 6.10351562e-05
0.593938059 -0.184064557 -0.291512884 0 0 0 6.10351562e-05
-0.587622375 -0.229441585 -0.632336177 0 0 0 6.10351562e-05
-0.18077084 0.312246154 -0.100384445 0 0 0 6.10351562e-05
-0.519225541 0.281631966 0.448945793 0 0 0 6.10351562e-05
0.593965063 0.025659264 -0.572794782 0 0 0 6.10351562e-05
-0.463929589 -0.638408345 -0.479331025 0 0 0 6.10351562e-05
0.610584815 0.569468626 0.517367894 0 0 0 6.10351562e-05
0.671253724 0.226074711 -0.573454815 0 0 0 6.10351562e-05
-0.0607625802 -0.481434656 0.436230397 0 0 0 6.10351562e-05
0.432326716 0.244847461 -0.71853787 0 0 0 6.10351562e-05
-0.50595295 -0.146234797 -0.218720807 0 0 0 6.10351562e-05
-0.661220047 -0.649201627 -0.337180173 0 0 0 6.10351562e-05
0.581335935 0.67711113 0.345162411 0 0 0 6.10351562e-05
0.491545104 0.152655404 0.394821897 0 0 0 6.10351562e-05
0.525384499 -0.51643058 0.297914233 0 0 0 6.10351562e-05
0.0534793952 0.237333102 -0.783250505 0 0 0 6.10351562e-05
0.533866475 0.410967496 -0.223413586 0 0 0 6.10351562e-05
-0.364671028 -0.0918165755 -0.221326878 0 0 0 6.10351562e-05
-0.114570484 0.00466870279 -0.35830275 0 0 0 6.10351562e-05
-0.339019664 0.26992675 0.455046533 0 0 0 6.10351562e-05
0.239934618 0.238709029 -0.328224783 0 0 0 6.10351562e-05
0.228786515 -0.0616560509 -0.476623769 0 0 0 6.10351562e-05
0.057346793 -0.587566833 0.583798437 0 0 0 6.10351562e-05
-0.498117039 -0.00390037179 -0.191024802 0 0 0 6.10351562e-05
0.0992039793 -0.105723103 0.813375862 0 0 0 6.10351562e-05
0.351113935 -0.155527941 0.82902807 0 0 0 6.10351562e-05
0.314719921 -0.0238843611 0.476452475 0 0 0 6.10351562e-05
-0.188670969 -0.76604381 0.114391888 0 0 0 6.10351562e-05
0.374735892 0.796211947 0.11617147 0 0 0 6.10351562e-05
0.0315042655 -0.410497818 -0.311374632 0 0 0 6.10351562e-05
0.491946814 0.789647327 -0.330580908 0 0 0 6.10351562e-05
0.423125293 0.573743616 0.510584759 0 0 0 6.10351562e-05
-0.0615214467 0.383622431 0.398024472 0 0 0 6.10351562e-05
-0.111360484 0.0241958422 0.630667623 0 0 0 6.10351562e-05
-0.76720251 0.0611452896 -0.562073439 0 0 0 6.10351562e-05
0.871759586 -0.0561675451 0.469659983 0 0 0 6.10351562e-05
0.719264483 0.407796411 -0.208946942 0 0 0 6.10351562e-05
-0.651898304 0.359756664 0.296054217 0 0 0 6.10351562e-05
0.115591499 -0.142382906 0.42065272 0 0 0 6.10351562e-05
0.18421861 -0.591222375 -0.543706978 0 0 0 6.10351562e-05
0.766294513 0.3250823 0.0746599275 0 0 0 6.10351562e-05
-0.496601298 -0.746444901 0.137275735 0 0 0 6.10351562e-05
-0.0773497605 0.145342794 -0.869494062 0 0 0 6.10351562e-05
0.0105009219 -0.446427692 0.24295232 0 0 0 6.10351562e-05
0.402128319 -0.681131804 -0.512301841 0 0 0 6.10351562e-05
0.391240332 0.292310015 0.0382659833 0 0 0 6.10351562e-05
-0.443347081 -0.298515682 -0.0737982358 0 0 0 6.10351562e-05
0.454932117 0.492146403 0.423241981 0 0 0 6.10351562e-05
0.112467033 -0.335588801 0.432830696 0 0 0 6.10351562e-05
-0.0450028906 -0.147532075 0.336140603 0 0 0 6.10351562e-05
-0.636772973 -0.103331567 0.504643277 0 0 0 6.10351562e-05
-0.707624954 0.481512313 -0.169097586 0 0 0 6.10351562e-05
0.0813004007 -0.745502589 0.0460913077 0 0 0 6.10351562e-05
0.291027757 0.701134518 0.43751415 0 0 0 6.10351562e-05
0.970631572 0.0712920715 -0.00212192363 0 0 0 6.10351562e-05
0.482503266 -0.095893667 0.679765924 0 0 0 6.10351562e-05
0.241450703 0.132166411 0.39830612 0 0 0 6.10351562e-05
-0.398432102 -0.559806087 0.0819256022 0 0 0 6.10351562e-05
-0.412315892 0.563086282 0.445294037 0 0 0 6.10351562e-05
-0.0422090879 0.156197134 0.857406014 0 0 0 6.10351562e-05
0.571695312 0.215997088 -0.539925442 0 0 0 6.10351562e-05
-0.406330639 0.313923241 0.504983419 0 0 0 6.10351562e-05
-0.0216046915 -0.549690963 -0.543017126 0 0 0 6.10351562e-05
0.292825154 0.651717571 0.495856832 0 0 0 6.10351562e-05
0.810086461 0.400987267 -0.267443811 0 0 0 6.10351562e-05
0.476362564 0.0869733249 -0.810639887 0 0 0 6.10351562e-05
-0.388946412 -0.649089864 -0.518967486 0 0 0 6.10351562e-05
0.178397999 -0.0712357866 0.296000751 0 0 0 6.10351562e-05
-0.486994253 0.476671497 -0.396118166 0 0 0 6.10351562e-05
0.286968663 -0.447009811 0.331257386 0 0 0 6.10351562e-05
0.674031422 -0.0770656441 -0.332729731 0 0 0 6.10351562e-05
-0.394630051 0.14809865 -0.0619183817 0 0 0 6.10351562e-05
-0.612959548 0.00464531424 -0.353261791 0 0 0 6.10351562e-05
0.204473069 -0.117163167 0.932141243 0 0 0 6.10351562e-05
0.354233123 -0.289827017 0.576776228 0 0 0 6.10351562e-05
-0.321687992 -0.169754644 -0.159998401 0 0 0 6.10351562e-05
-0.33057994 -0.508417549 0.119343141 0 0 0 6.10351562e-05
0.576601424 0.470051213 -0.337337863 0 0 0 6.10351562e-05
-0.349260321 -0.785035114 -0.0246117411 0 0 0 6.10351562e-05
0.550147085 0.403612172 -0.476901015 0 0 0 6.10351562e-05
-0.323983876 -0.316968902 0.568716936 0 0 0 6.10351562e-05
-0.83242313 -0.0125830083 0.510214444 0 0 0 6.10351562e-05
0.348392056 0.287240864 -0.646993222 0 0 0 6.10351562e-05
0.386894102 -0.186048392 0.304155179 0 0 0 6.10351562e-05
0.51137742 0.475107687 -0.598990123 0 0 0 6.10351562e-05
0.0454412639 -0.477015453 0.668938147 0 0 0 6.10351562e-05
0.573645809 -0.709001221 -0.283082423 0 0 0 6.10351562e-05
0.256518272 0.537426535 0.320841417 0 0 0 6.10351562e-05
0.156160439 -0.0398010596 0.907274422 0 0 0 6.10351562e-05
-0.126273866 0.125629744 0.299618352 0 0 0 6.10351562e-05
0.0616807546 0.335775857 -0.129462301 0 0 0 6.10351562e-05
0.519496287 -0.111594676 -0.79206513 0 0 0 6.10351562e-05
-0.146305845 -0.40903965 -0.358022927 0 0 0 6.10351562e-05
-0.0656678965 0.704435644 -0.470229832 0 0 0 6.10351562e-05
-0.203701148 -0.690524223 -0.459682155 0 0 0 6.10351562e-05
-0.710336871 -0.381965206 0.106423179 0 0 0 6.10351562e-05
0.386423953 -0.221331133 -0.7819028 0 0 0 6.10351562e-05
-0.306223297 0.33927499 0.526213429 0 0 0 6.10351562e-05
0.332592944 -0.152425431 0.338101283 0 0 0 6.10351562e-05
0.220265497 -0.520927073 0.0280215421 0 0 0 6.10351562e-05
-0.0836695575 0.662483847 0.34037484 0 0 0 6.10351562e-05
0.0738639511 0.414539958 -0.094100336 0 0 0 6.10351562e-05
-0.080938743 0.136341845 0.905499288 0 0 0 6.10351562e-05
0.162696259 0.193107757 0.0669732017 0 0 0 6.10351562e-05
0.132525217 -0.00485092256 -0.291704403 0 0 0 6.10351562e-05
-0.117854748 0.104810339 -0.0933414263 0 0 0 6.10351562e-05
0.459541139 -0.479218961 -0.661712776 0 0 0 6.10351562e-05
0.160312884 -0.489672748 0.846412264 0 0 0 6.10351562e-05
0.118692735 -0.206012003 -0.843284242 0 0 0 6.10351562e-05
0.167000537 0.627773595 -0.374822438 0 0 0 6.10351562e-05
0.120445391 -0.0239815144 -0.661673653 0 0 0 6.10351562e-05
-0.100552024 0.0708394804 0.193662502 0 0 0 6.10351562e-05
-0.346758271 -0.805518206 -0.185660584 0 0 0 6.10351562e-05
0.0288688951 -0.530449668 0.506044816 0 0 0 6.10351562e-05
0.327179314 -0.510603502 -0.415470786 0 0 0 6.10351562e-05
0.441831966 -0.591933112 0.344074057 0 0 0 6.10351562e-05
-0.523688159 0.161193406 -0.239580374 0 0 0 6.10351562e-05
0.662266188 0.312154837 0.336906963 0 0 0 6.10351562e-05
-0.262227022 0.33740836 0.722630152 0 0 0 6.10351562e-05
-0.174161759 -0.147900464 0.411878374 0 0 0 6.10351562e-05
0.456326674 -0.720209306 0.0839357994 0 0 0 6.10351562e-05
-0.521556827 -0.0199979164 0.0315601953 0 0 0 6.10351562e-05
-0.577436218 0.675287545 -0.25110332 0 0 0 6.10351562e-05
-0.705818646 0.41811538 -0.207409007 0 0 0 6.10351562e-05
0.224435415 -0.323041769 -0.393563314 0 0 0 6.10351562e-05
-0.583130183 -0.735322477 0.198937784 0 0 0 6.10351562e-05
0.115207603 -0.25589139 -0.480255656 0 0 0 6.10351562e-05
0.0891270476 0.488741836 0.789247888 0 0 0 6.10351562e-05
0.874395047 -0.0593945757 -0.267928165 0 0 0 6.10351562e-05
0.421357459 0.0756489004 -0.466696005 0 0 0 6.10351562e-05
-0.748901295 -0.27086848 -0.603242917 0 0 0 6.10351562e-05
-0.545089087 0.396727884 -0.12194411 0 0 0 6.10351562e-05
0.686508765 0.163125833 -0.308795844 0 0 0 6.10351562e-05
-0.584493319 -0.270557569 -0.463483967 0 0 0 6.10351562e-05
-0.52906876 -0.00288078612 -0.700700341 0 0 0 6.10351562e-05
-0.192898542 -0.337378612 0.173527826 0 0 0 6.10351562e-05
-0.683362178 -0.541726212 0.0676765901 0 0 0 6.10351562e-05
-0.851857351 0.444416135 0.264540651 0 0 0 6.10351562e-05
-0.253659551 0.189747683 0.207722271 0 0 0 6.10351562e-05
0.0117627909 0.136946359 -0.510774954 0 0 0 6.10351562e-05
-0.724763625 -0.340499418 0.446036342 0 0 0 6.10351562e-05
0.518849651 0.554607099 0.245984976 0 0 0 6.10351562e-05
0.0904384387 0.304729982 0.866418118 0 0 0 6.10351562e-05
-0.0445847064 -0.667826918 0.425277589 0 0 0 6.10351562e-05
0.19907648 -0.812658534 0.127494241 0 0 0 6.10351562e-05
-0.02105265 0.086687291 0.698766098 0 0 0 6.10351562e-05
0.12633988 0.578092707 -0.256869118 0 0 0 6.10351562e-05
0.633815589 0.321218747 0.00477675815 0 0 0 6.10351562e-05
0.110236914 0.317256316 0.0834644206 0 0 0 6.10351562e-05
0.599055814 -0.166651997 0.0410178225 0 0 0 6.10351562e-05
-0.070503254 0.329079739 -0.211478537 0 0 0 6.10351562e-05
-0.810692594 0.45820865 0.240815313 0 0 0 6.10351562e-05
-0.494686051 0.41677963 -0.490831839 0 0 0 6.10351562e-05
-0.601014967 -0.00801858754 -0.786592644 0 0 0 6.10351562e-05
-0.32190993 0.0834395067 0.282921181 0 0 0 6.10351562e-05
0.610090023 -0.449759029 -0.432599079 0 0 0 6.10351562e-05
-0.780622224 -0.441927353 -0.399106299 0 0 0 6.10351562e-05
-0.390490236 -0.448669357 -0.47421821 0 0 0 6.10351562e-05
-0.353064118 -0.238170577 0.515900861 0 0 0 6.10351562e-05
-0.239866419 -0.334227201 -0.29702916 0 0 0 6.10351562e-05
0.407162519 0.837113097 -0.0214017923 0 0 0 6.10351562e-05
-0.131351921 0.384737198 -0.734041365 0 0 0 6.10351562e-05
-0.340945275 -0.685050368 0.532696939 0 0 0 6.10351562e-05
-0.175520219 0.206762873 -0.211853006 0 0 0 6.10351562e-05
-0.73170636 0.489132384 0.257064044 0 0 0 6.10351562e-05
-0.356785569 -0.740896125 0.290481534 0 0 0 6.10351562e-05
0.0516577957 -0.986616892 -0.120936054 0 0 0 6.10351562e-05
0.0596226486 0.737728385 -0.626320976 0 0 0 6.10351562e-05
0.142600907 -0.79266255 0.0433876668 0 0 0 6.10351562e-05
-0.424479751 0.544083895 0.033166193 0 0 0 6.10351562e-05
0.600977662 0.318802246 0.732307354 0 0 0 6.10351562e-05
-0.374042276 -0.806414018 0.130692733 0 0 0 6.10351562e-05
-0.868074327 -0.385177788 -0.0319277294 0 0 0 6.10351562e-05
-0.0735029921 0.320641639 -0.110664684 0 0 0 6.10351562e-05
0.43730769 -0.461955747 0.480826236 0 0 0 6.10351562e-05
-0.128514584 0.546218351 0.217727137 0 0 0 6.10351562e-05
0.0524048893 -0.0668976077 -0.0817518718 0 0 0 6.10351562e-05
0.570092764 -0.765953158 -0.112036445 0 0 0 6.10351562e-05
-0.569332692 0.179249446 -0.271106469 0 0 0 6.10351562e-05
0.209278811 -0.878730938 -0.176847147 0 0 0 6.10351562e-05
-0.502607259 0.108521835 -0.321017817 0 0 0 6.10351562e-05
0.612867748 0.472450957 -0.239684325 0 0 0 6.10351562e-05
0.0560656763 0.196798326 0.432833418 0 0 0 6.10351562e-05
0.444560912 -0.074170215 -0.160869562 0 0 0 6.10351562e-05
0.033108007 0.272864971 -0.91533316 0 0 0 6.10351562e-05
0.438102081 0.238184157 0.219912514 0 0 0 6.10351562e-05
-0.360730338 -0.591688394 -0.194519319 0 0 0 6.10351562e-05
0.0350760944 0.184282968 -0.107032102 0 0 0 6.10351562e-05
-0.196864327 0.590229315 -0.237783696 0 0 0 6.10351562e-05
0.0372224466 0.298030902 -0.589095731 0 0 0 6.10351562e-05
-0.420060697 -0.86078772 0.171968518 0 0 0 6.10351562e-05
-0.617909373 0.616430497 -0.0781553161 0 0 0 6.10351562e-05
0.319096203 0.078167794 0.413849332 0 0 0 6.10351562e-05
0.15365475 0.370118034 -0.542869656 0 0 0 6.10351562e-05
-0.0351089516 -0.368037202 -0.576029289 0 0 0 6.10351562e-05
-0.632174587 0.602213999 0.0134291349 0 0 0 6.10351562e-05
0.460342213 0.0692878601 -0.217261658 0 0 0 6.10351562e-05
0.519491546 -0.476997386 0.276856152 0 0 0 6.10351562e-05
0.330025756 0.0319571716 0.709958306 0 0 0 6.10351562e-05
0.436280584 -0.499167751 0.244573633 0 0 0 6.10351562e-05
-0.178982792 0.0629862284 0.17786702 0 0 0 6.10351562e-05
0.253930533 0.60467441 -0.41748988 0 0 0 6.10351562e-05
-0.165624796 -0.337313684 -0.496286577 0 0 0 6.10351562e-05
-0.178389322 0.0953854317 -0.480538954 0 0 0 6.10351562e-05
-0.643465803 0.512046128 -0.346716407 0 0 0 6.10351562e-05
-0.321099671 -0.423966595 -0.431964994 0 0 0 6.10351562e-05
-0.565752288 0.56837047 0.406091676 0 0 0 6.10351562e-05
-0.190969709 0.241142302 0.174039316 0 0 0 6.10351562e-05
0.523181631 -0.467322991 -0.579424242 0 0 0 6.10351562e-05
-0.601684573 -0.311030099 0.0855787355 0 0 0 6.10351562e-05
-0.477302376 -0.453174082 0.297582505 0 0 0 6.10351562e-05
-0.241334945 0.425850207 -0.63697012 0 0 0 6.10351562e-05
0.101878537 -0.807322932 0.304826942 0 0 0 6.10351562e-05
-0.747417815 0.180455887 0.0995212226 0 0 0 6.10351562e-05
-0.487420931 0.419956473 -0.114507936 0 0 0 6.10351562e-05
0.106188164 0.529455668 0.389749878 0 0 0 6.10351562e-05
0.469253617 -0.141587978 -0.246112299 0 0 0 6.10351562e-05
-0.354155901 0.488191893 0.635761149 0 0 0 6.10351562e-05
0.47091769 0.763781284 -0.0887656401 0 0 0 6.10351562e-05
0.258464884 0.0264790044 0.368989638 0 0 0 6.10351562e-05
-0.252996595 0.586217637 -0.435023014 0 0 0 6.10351562e-05
0.330132669 -0.605569167 -0.0115750201 0 0 0 6.10351562e-05
0.436595406 0.03119841 0.248793908 0 0 0 6.10351562e-05
0.936208337 0.0743183247 0.0126155445 0 0 0 6.10351562e-05
0.634247166 0.282063392 -0.461584402 0 0 0 6.10351562e-05
-0.0736644874 0.203379547 -0.0719904794 0 0 0 6.10351562e-05
-0.129654292 0.325992114 -0.257059277 0 0 0 6.10351562e-05
0.914832995 -0.204291951 -0.0445143954 0 0 0 6.10351562e-05
0.223545973 -0.42988378 -0.271729119 0 0 0 6.10351562e-05
0.0880426813 -0.796129902 -0.0103392792 0 0 0 6.10351562e-05
-0.523699866 -0.250927604 0.326665044 0 0 0 6.10351562e-05
0.827163288 -0.122201817 0.0988104495 0 0 0 6.10351562e-05
0.325422014 -0.745881851 -0.567006801 0 0 0 6.10351562e-05
-0.516967177 -0.367372863 -0.653578459 0 0 0 6.10351562e-05
-0.835342613 -0.134394815 -0.183540167 0 0 0 6.10351562e-05
0.331507413 0.172839157 0.263472044 0 0 0 6.10351562e-05
-0.368539911 0.451680766 -0.19167358 0 0 0 6.10351562e-05
0.798647942 -0.159031282 -0.00241556339 0 0 0 6.10351562e-05
-0.0380980113 0.344577864 0.917673703 0 0 0 6.10351562e-05
-0.28520758 -0.0434166137 0.417693702 0 0 0 6.10351562e-05
-0.648798674 -0.23693299 -0.363705732 0 0 0 6.10351562e-05
0.033929162 -0.17857487 -0.419048101 0 0 0 6.10351562e-05
0.490723462 0.245491952 0.588829006 0 0 0 6.10351562e-05
0.41572049 0.35278227 0.0252409153 0 0 0 6.10351562e-05
-0.405597658 -0.158705088 -0.798166085 0 0 0 6.10351562e-05
0.128577503 -0.488074181 -0.205637502 0 0 0 6.10351562e-05
0.324281036 -0.715050737 0.465308043 0 0 0 6.10351562e-05
-0.300211876 0.0985585163 -0.562429125 0 0 0 6.10351562e-05
0.23116512 0.18844929 0.370127824 0 0 0 6.10351562e-05
-0.512756709 0.0395936998 -0.363999215 0 0 0 6.10351562e-05
0.884135692 0.450793871 0.0785555163 0 0 0 6.10351562e-05
0.214002972 -0.109516737 -0.31063313 0 0 0 6.10351562e-05
0.463057415 0.699434379 -0.518094652 0 0 0 6.10351562e-05
-0.307197793 -0.298443148 -0.62787743 0 0 0 6.10351562e-05
0.332821752 -0.236504206 0.618281611 0 0 0 6.10351562e-05
-0.05624672 -0.926497537 0.012001849 0 0 0 6.10351562e-05
0.300352419 -0.0369645201 0.224272856 0 0 0 6.10351562e-05
-0.418588718 -0.127180834 -0.159438051 0 0 0 6.10351562e-05
-0.280360313 -0.548587013 0.388367278 0 0 0 6.10351562e-05
0.161370041 0.178338577 0.853882161 0 0 0 6.10351562e-05
-0.401678723 0.260051017 -0.791508693 0 0 0 6.10351562e-05
0.696185851 -0.0108430097 -0.284988987 0 0 0 6.10351562e-05
-0.567368662 0.644875941 -0.382602322 0 0 0 6.10351562e-05
0.00426807787 -0.722119548 -0.281105024 0 0 0 6.10351562e-05
-0.182095102 -0.569041233 0.786966549 0 0 0 6.10351562e-05
0.349585157 -0.348990187 0.735011684 0 0 0 6.10351562e-05
-0.90516345 -0.0978575296 -0.108286141 0 0 0 6.10351562e-05
0.837154604 0.35698881 -0.214680408 0 0 0 6.10351562e-05
-0.0865748952 -0.0420282262 0.381407051 0 0 0 6.10351562e-05
0.73711226 0.273588585 0.134908403 0 0 0 6.10351562e-05
-0.0243249101 0.541966813 0.646897803 0 0 0 6.10351562e-05
0.0441844406 -0.497348856 0.406300322 0 0 0 6.10351562e-05
-0.102679758 -0.727119206 -0.0330061572 0 0 0 6.10351562e-05
0.381532316 0.852942896 -0.313312605 0 0 0 6.10351562e-05
4.05890491e-05 -0.421512774 -0.87158165 0 0 0 6.10351562e-05
-0.71733989 -0.356124846 -0.070953279 0 0 0 6.10351562e-05
0.504826337 0.389761645 -0.000126059834 0 0 0 6.10351562e-05
0.348419428 0.724883462 -0.312063738 0 0 0 6.10351562e-05
0.394919203 -0.698183175 0.488564581 0 0 0 6.10351562e-05
-0.237638472 -0.0912949267 0.894001568 0 0 0 6.10351562e-05
0.663726834 0.477357542 -0.208275667 0 0 0 6.10351562e-05
0.76972193 -0.550187533 0.309665915 0 0 0 6.10351562e-05
0.0212254305 -0.521081655 -0.306271341 0 0 0 6.10351562e-05
0.078982641 -0.668788585 -0.0298365304 0 0 0 6.10351562e-05
0.128316414 0.123093346 -0.24223754 0 0 0 6.10351562e-05
0.652242916 0.597755714 -0.246982702 0 0 0 6.10351562e-05
-0.0253625105 -0.618314543 -0.41310994 0 0 0 6.10351562e-05
-0.486898788 0.25331668 0.644601794 0 0 0 6.10351562e-05
-0.588696765 0.0320179172 -0.110898515 0 0 0 6.10351562e-05
0.466282197 0.378565386 0.0686981765 0 0 0 6.10351562e-05
-0.228262322 -0.498581514 -0.591878399 0 0 0 6.10351562e-05
0.0676447329 0.376822654 -0.736760552 0 0 0 6.10351562e-05
0.293962619 -0.730022955 0.1490025 0 0 0 6.10351562e-05
-0.50496133 -0.184926102 -0.146857861 0 0 0 6.10351562e-05
0.0101773544 0.503483171 0.117966517 0 0 0 6.10351562e-05
-0.225546443 0.464253935 -0.837315517 0 0 0 6.10351562e-05
0.0740729351 -0.137801471 -0.953976877 0 0 0 6.10351562e-05
-0.401341079 -0.279621807 0.415258977 0 0 0 6.10351562e-05
0.257585654 -0.859878762 0.212082279 0 0 0 6.10351562e-05
-0.779222198 0.358764188 -0.50001588 0 0 0 6.10351562e-05
-0.0846418855 -0.559904048 -0.637866814 0 0 0 6.10351562e-05
0.183491074 0.566358053 -0.0601113059 0 0 0 6.10351562e-05
0.575316684 0.409863545 0.0470517352 0 0 0 6.10351562e-05
0.677433112 -0.466789601 -0.219905827 0 0 0 6.10351562e-05
-0.0272897087 -0.0716372185 0.195788797 0 0 0 6.10351562e-05
0.0625839348 -0.424017696 0.676758334 0 0 0 6.10351562e-05
-0.469619674 -0.0724286663 0.176000161 0 0 0 6.10351562e-05
0.65336333 -0.384050554 0.343458415 0 0 0 6.10351562e-05
-0.42982312 -0.113067641 0.677876596 0 0 0 6.10351562e-05
0.319167702 -0.464200505 -0.800025509 0 0 0 6.10351562e-05
0.188066724 -0.0710119779 -0.853199341 0 0 0 6.10351562e-05
-0.709855027 0.65922922 0.077066832 0 0 0 6.10351562e-05
-0.0133508017 -0.636208698 0.687419514 0 0 0 6.10351562e-05
-0.231990497 -0.719644907 0.319375403 0 0 0 6.10351562e-05
0.0892059563 0.792667177 -0.54005569 0 0 0 6.10351562e-05
0.203547573 -0.866539303 0.412680468 0 0 0 6.10351562e-05
0.538841575 0.367317727 0.165045188 0 0 0 6.10351562e-05
-0.449356479 -0.131931778 -0.115000342 0 0 0 6.10351562e-05
0.218643402 -0.722372825 0.161658973 0 0 0 6.10351562e-05
0.380761036 0.326765519 0.27077233 0 0 0 6.10351562e-05
-0.273119936 -0.284964392 0.17724615 0 0 0 6.10351562e-05
0.79876957 0.146801832 0.288883869 0 0 0 6.10351562e-05
-0.570473068 -0.00220387954 -0.575092385 0 0 0 6.10351562e-05
0.501725665 -0.50352072 -0.138908956 0 0 0 6.10351562e-05
-0.0425196873 0.34505519 0.732269215 0 0 0 6.10351562e-05
0.208389628 -0.290643643 -0.567994862 0 0 0 6.10351562e-05
-0.223538899 -0.163656325 0.752351859 0 0 0 6.10351562e-05
-0.0876385937 -0.400495378 0.204375214 0 0 0 6.10351562e-05
0.523828855 -0.0788517673 -0.695628491 0 0 0 6.10351562e-05
0.595303135 -0.204898834 0.0189838447 0 0 0 6.10351562e-05
0.363489317 0.153374586 -0.268525747 0 0 0 6.10351562e-05
-0.06912113 -0.716764776 0.187107421 0 0 0 6.10351562e-05
-0.829658045 -0.260255659 -0.074334907 0 0 0 6.10351562e-05
-0.0735225516 -0.390005686 -0.0836126656 0 0 0 6.10351562e-05
-0.323372377 -0.525314149 -0.0953427554 0 0 0 6.10351562e-05
0.575005818 0.437670576 -0.132719683 0 0 0 6.10351562e-05
0.693255877 -0.125688727 0.556869385 0 0 0 6.10351562e-05
0.0261182776 0.176429949 -0.301635833 0 0 0 6.10351562e-05
0.858813639 0.0339529819 0.467727617 0 0 0 6.10351562e-05
-0.380280096 -0.692586369 0.528740831 0 0 0 6.10351562e-05
-0.495120184 -0.251986169 0.273708221 0 0 0 6.10351562e-05
-0.433742118 -0.292165838 -0.70732791 0 0 0 6.10351562e-05
-0.523750669 0.451526796 -0.271340969 0 0 0 6.10351562e-05
-0.87669209 -0.0391526278 -0.421710324 0 0 0 6.10351562e-05
-0.254491747 0.36051442 -0.500384644 0 0 0 6.10351562e-05
-0.626314353 -0.164617917 0.248197422 0 0 0 6.10351562e-05
0.00696507848 -0.734041496 -0.615956269 0 0 0 6.10351562e-05
0.0467904099 0.861474517 0.438137665 0 0 0 6.10351562e-05
0.142661228 0.559715303 0.781779556 0 0 0 6.10351562e-05
-0.557134205 -0.325642126 0.300460538 0 0 0 6.10351562e-05
-0.0788625546 -0.568710766 -0.385332606 0 0 0 6.10351562e-05
-0.284928244 0.368501925 -0.701420678 0 0 0 6.10351562e-05
-0.319568705 -0.275644267 0.530472433 0 0 0 6.10351562e-05
0.47556622 0.142918546 0.428589375 0 0 0 6.10351562e-05
-0.592245634 -0.302687777 0.00333000019 0 0 0 6.10351562e-05
0.504130162 -0.728512921 0.382105643 0 0 0 6.10351562e-05
0.184245182 -0.265366019 -0.139417108 0 0 0 6.10351562e-05
-0.65897448 0.532904628 -0.457568798 0 0 0 6.10351562e-05
0.036755248 0.0807744763 -0.958937913 0 0 0 6.10351562e-05
0.282752598 -0.589455371 -0.424710243 0 0 0 6.10351562e-05
-0.637115226 0.568829385 -0.432804614 0 0 0 6.10351562e-05
0.382817713 0.0150866442 -0.146945945 0 0 0 6.10351562e-05
0.274533177 0.495306874 0.622856619 0 0 0 6.10351562e-05
-0.472589802 0.626517623 0.257299834 0 0 0 6.10351562e-05
-0.139476426 0.0961505704 -0.160789764 0 0 0 6.10351562e-05
-0.226266872 0.459320974 -0.429415423 0 0 0 6.10351562e-05
-0.0734447968 -0.402667887 0.026608514 0 0 0 6.10351562e-05
-0.365573165 0.447814115 0.58392182 0 0 0 6.10351562e-05
-0.381330236 0.314949438 -0.806259424 0 0 0 6.10351562e-05
0.328963879 0.438048605 -0.478425093 0 0 0 6.10351562e-05
-0.457091234 0.650617025 -0.447923409 0 0 0 6.10351562e-05
-0.106373984 -0.0579253499 -0.0819310337 0 0 0 6.10351562e-05
-0.264914654 -0.149952252 0.901013341 0 0 0 6.10351562e-05
0.0574357343 -0.424563991 -0.246921462 0 0 0 6.10351562e-05
0.219828387 -0.371403281 -0.316751219 0 0 0 6.10351562e-05
0.786575157 0.347441896 -0.419247026 0 0 0 6.10351562e-05
0.531477069 -0.341444304 -0.0795796919 0 0 0 6.10351562e-05
0.16088302 -0.631893628 0.269661853 0 0 0 6.10351562e-05
-0.0369462194 -0.60035354 -0.214343755 0 0 0 6.10351562e-05
-0.192046497 0.5774183 0.322608764 0 0 0 6.10351562e-05
-0.421204363 -0.398537118 -0.244585393 0 0 0 6.10351562e-05
-0.353590405 0.202455507 0.41632884 0 0 0 6.10351562e-05
-0.0795818651 -0.367040298 -0.0474942526 0 0 0 6.10351562e-05
0.151695745 0.576151007 0.299064902 0 0 0 6.10351562e-05
0.751786493 -0.15277024 0.436950983 0 0 0 6.10351562e-05
0.218906591 -0.509046384 -0.49962892 0 0 0 6.10351562e-05
-0.402207885 -0.190121564 -0.504874226 0 0 0 6.10351562e-05
0.173999464 0.734962688 0.518761981 0 0 0 6.10351562e-05
-0.199519439 0.6102318 -0.567458171 0 0 0 6.10351562e-05
-0.0417918894 0.362030867 -0.680689875 0 0 0 6.10351562e-05
-0.192213838 0.667210686 -0.363295653 0 0 0 6.10351562e-05
-0.818486531 0.0434439573 0.0799518095 0 0 0 6.10351562e-05
-0.709910023 -0.280344733 0.0219157748 0 0 0 6.10351562e-05
0.257913469 -0.542654022 -0.782453608 0 0 0 6.10351562e-05
0.0310747122 -0.680644043 0.0365666923 0 0 0 6.10351562e-05
0.7184584 0.491662254 -0.243801603 0 0 0 6.10351562e-05
0.240290453 0.493438953 0.166774483 0 0 0 6.10351562e-05
0.200296165 -0.180201128 -0.808121001 0 0 0 6.10351562e-05
-0.0633537656 0.945382868 0.21467097 0 0 0 6.10351562e-05
-0.871868587 0.028327295 -0.0335772978 0 0 0 6.10351562e-05
-0.497520347 0.631237054 -0.436171538 0 0 0 6.10351562e-05
-0.266855367 0.202922546 -0.551759659 0 0 0 6.10351562e-05
-0.0304423675 -0.54316554 0.821844601 0 0 0 6.10351562e-05
0.691294058 -0.274601691 -0.344139874 0 0 0 6.10351562e-05
0.415508544 0.298045407 0.642049099 0 0 0 6.10351562e-05
-0.277461004 0.51556501 -0.588631596 0 0 0 6.10351562e-05
-0.710914351 -0.441022296 0.429721375 0 0 0 6.10351562e-05
0.418087276 0.748738714 0.48251251 0 0 0 6.10351562e-05
-0.323701118 0.645519654 0.0212873534 0 0 0 6.10351562e-05
0.477421711 -0.105899015 -0.26415443 0 0 0 6.10351562e-05
0.242819604 0.296169815 0.024337452 0 0 0 6.10351562e-05
-0.192206316 -0.612077515 0.252511805 0 0 0 6.10351562e-05
0.0492825243 0.133719904 0.121539593 0 0 0 6.10351562e-05
0.616625228 -0.397671077 0.464754694 0 0 0 6.10351562e-05
-0.458539475 -0.331662567 0.238385871 0 0 0 6.10351562e-05
0.270910723 0.724327526 -0.259829306 0 0 0 6.10351562e-05
-0.546940499 0.254931294 0.427168522 0 0 0 6.10351562e-05
0.755663711 -0.0378659611 -0.416633884 0 0 0 6.10351562e-05
0.214787731 0.858020022 0.06290374 0 0 0 6.10351562e-05
-0.631099009 0.333411704 0.340151012 0 0 0 6.10351562e-05
-0.757743058 -2.85554009e-05 -0.129234741 0 0 0 6.10351562e-05
-0.0619200156 0.563160519 -0.368851916 0 0 0 6.10351562e-05
0.612842085 0.569383859 0.144922393 0 0 0 6.10351562e-05
-0.260886868 0.362973839 0.460064972 0 0 0 6.10351562e-05
0.60887008 0.237245615 -0.516158508 0 0 0 6.10351562e-05
0.331720982 0.827092045 0.364227458 0 0 0 6.10351562e-05
0.343031414 0.553859961 -0.44371779 0 0 0 6.10351562e-05
0.495505195 0.100614332 -0.673859388 0 0 0 6.10351562e-05
0.360953958 -0.216412495 -0.764244358 0 0 0 6.10351562e-05
0.675977132 0.16674105 -0.327814122 0 0 0 6.10351562e-05
-0.514874468 -0.341867372 -0.564682035 0 0 0 6.10351562e-05
-0.511583391 0.232382221 0.444060141 0 0 0 6.10351562e-05
0.637741925 -0.263543885 -0.122034436 0 0 0 6.10351562e-05
-0.521736234 -0.603257955 0.0480520771 0 0 0 6.10351562e-05
-0.0993175399 0.688905107 0.49598722 0 0 0 6.10351562e-05
-0.108703484 0.14461167 -0.218640454 0 0 0 6.10351562e-05
0.420145446 0.00350882189 0.338878458 0 0 0 6.10351562e-05
0.563176652 -0.717277688 0.291358622 0 0 0 6.10351562e-05
-0.962415944 -0.00865805019 0.143803684 0 0 0 6.10351562e-05
0.349484723 -0.138989268 -0.133895705 0 0 0 6.10351562e-05
-0.465908435 -0.532938293 -0.580677663 0 0 0 6.10351562e-05
-0.674512285 0.62407948 -0.214837418 0 0 0 6.10351562e-05
-0.0278760634 -0.162587667 -0.660344368 0 0 0 6.10351562e-05
0.736085854 0.160855209 -0.295884801 0 0 0 6.10351562e-05
-0.622739851 0.320670059 -0.277529896 0 0 0 6.10351562e-05
-0.297890917 0.526717613 0.398633662 0 0 0 6.10351562e-05
0.0307563009 -0.374251719 0.895926951 0 0 0 6.10351562e-05
-0.032849268 0.500293963 0.259644276 0 0 0 6.10351562e-05
-0.616460734 0.484941934 0.0692055514 0 0 0 6.10351562e-05
0.35372266 -0.739872665 0.376893336 0 0 0 6.10351562e-05
0.400925644 -0.192510568 -0.445527206 0 0 0 6.10351562e-05
0.221220899 0.391749329 -0.270467583 0 0 0 6.10351562e-05
-0.604299914 0.0909813745 -0.158079781 0 0 0 6.10351562e-05
0.761684512 0.171994617 0.386282233 0 0 0 6.10351562e-05
-0.580892297 0.578243332 0.421970761 0 0 0 6.10351562e-05
0.0243178819 0.477513355 0.819121974 0 0 0 6.10351562e-05
-0.567937413 -0.24877404 -0.50943054 0 0 0 6.10351562e-05
0.899759343 0.133489703 0.315900691 0 0 0 6.10351562e-05
0.0818719135 0.357683455 -0.204214758 0 0 0 6.10351562e-05
0.275500561 -0.531675163 0.114204646 0 0 0 6.10351562e-05
0.770958381 -0.0937531854 0.388941792 0 0 0 6.10351562e-05
-0.967898598 0.169526063 -0.0187465911 0 0 0 6.10351562e-05
0.756850613 0.140587136 -0.211851934 0 0 0 6.10351562e-05
-0.460971872 -0.831828986 -0.136839041 0 0 0 6.10351562e-05
0.482540596 -0.0653190112 -0.690527535 0 0 0 6.10351562e-05
-0.503173003 -0.159540046 0.741937018 0 0 0 6.10351562e-05
0.300351014 -0.11814941 -0.413858109 0 0 0 6.10351562e-05
-0.704905588 -0.6297647 0.0356190563 0 0 0 6.10351562e-05
-0.599639232 0.168478063 -0.733230847 0 0 0 6.10351562e-05
0.294897573 -0.259509054 0.25771318 0 0 0 6.10351562e-05
-0.357064386 0.541959628 -0.595226864 0 0 0 6.10351562e-05
-0.600309853 0.23686478 -0.344411709 0 0 0 6.10351562e-05
-0.537685003 0.29247031 -0.0790948573 0 0 0 6.10351562e-05
-0.120796513 -0.844823473 -0.474496481 0 0 0 6.10351562e-05
0.649405472 -0.156175985 -0.733136491 0 0 0 6.10351562e-05
-0.307424156 0.4860238 0.598226205 0 0 0 6.10351562e-05
0.524652589 -0.424486554 0.231475443 0 0 0 6.10351562e-05
-0.319980244 0.427276392 0.502944798 0 0 0 6.10351562e-05
0.233678105 -0.813470086 0.328691716 0 0 0 6.10351562e-05
-0.563916984 -0.34776872 -0.147691319 0 0 0 6.10351562e-05
-0.0141172148 -0.191145585 0.0547241898 0 0 0 6.10351562e-05
-0.373418627 0.650722807 -0.123797699 0 0 0 6.10351562e-05
0.056110401 0.243369796 -0.587620516 0 0 0 6.10351562e-05
0.448951131 -0.556743771 -0.229951956 0 0 0 6.10351562e-05
-0.458475581 0.233398166 0.061592051 0 0 0 6.10351562e-05
-0.0347491126 -0.159012569 0.293574593 0 0 0 6.10351562e-05
-0.303967413 0.92471817 -0.174471857 0 0 0 6.10351562e-05
-0.61043399 0.380797269 -0.361803674 0 0 0 6.10351562e-05
0.506668824 -0.0459583976 -0.447496971 0 0 0 6.10351562e-05
-0.212428217 -0.0747992394 -0.217229409 0 0 0 6.10351562e-05
-0.46165923 -0.201289542 0.568097067 0 0 0 6.10351562e-05
0.000824301721 -0.839892372 -0.37961101 0 0 0 6.10351562e-05
-0.0734759543 -0.538576324 -0.11138617 0 0 0 6.10351562e-05
0.684814952 -0.126676398 -0.283036104 0 0 0 6.10351562e-05
-0.224700366 0.481120694 0.326436285 0 0 0 6.10351562e-05
-0.244665232 -0.649561287 0.399442866 0 0 0 6.10351562e-05
-0.324521215 0.117623372 -0.176609103 0 0 0 6.10351562e-05
-0.213784543 -0.964929925 0.0459733036 0 0 0 6.10351562e-05
-0.635237732 -0.508528865 0.205663045 0 0 0 6.10351562e-05
0.495929817 -0.437203793 0.173652331 0 0 0 6.10351562e-05
0.180797443 0.55832357 0.353001821 0 0 0 6.10351562e-05
-0.459727157 -0.209403064 -0.442831368 0 0 0 6.10351562e-05
-0.036208742 0.814681061 -0.470024126 0 0 0 6.10351562e-05
0.815494762 0.266037153 -0.217999364 0 0 0 6.10351562e-05
0.341083322 -0.0591230819 -0.50407196 0 0 0 6.10351562e-05
-0.235680946 0.520702079 -0.724842373 0 0 0 6.10351562e-05
-0.0735781327 -0.711693535 0.123591345 0 0 0 6.10351562e-05
0.0767168543 0.656132274 -0.549986882 0 0 0 6.10351562e-05
0.916420655 -0.0106629357 -0.298809673 0 0 0 6.10351562e-05
0.19463899 -0.75850486 -0.311324535 0 0 0 6.10351562e-05
0.232452022 0.455251426 0.219268846 0 0 0 6.10351562e-05
-0.00432290257 0.266768954 0.84267255 0 0 0 6.10351562e-05
-0.258905092 -0.286062061 -0.584723903 0 0 0 6.10351562e-05
0.206119395 0.565271788 -0.550495636 0 0 0 6.10351562e-05
0.111547988 -0.0820434897 -0.821442416 0 0 0 6.10351562e-05
0.246415519 -0.757072438 0.408003569 0 0 0 6.10351562e-05
-0.341658505 0.633896775 0.220518351 0 0 0 6.10351562e-05
0.452025631 0.421525471 0.552041563 0 0 0 6.10351562e-05
-0.286211246 -0.380921753 -0.522798504 0 0 0 6.10351562e-05
-0.341557555 0.440088032 0.0813302573 0 0 0 6.10351562e-05
0.166447426 0.219990533 -0.218959749 0 0 0 6.10351562e-05
-0.239666708 -0.485181067 -0.700350682 0 0 0 6.10351562e-05
-0.172109532 0.146691055 -0.744707287 0 0 0 6.10351562e-05
-0.363097303 0.481753088 -0.577972394 0 0 0 6.10351562e-05
-0.259864894 -0.167295551 -0.752595036 0 0 0 6.10351562e-05
-0.289233623 0.559195972 -0.676883417 0 0 0 6.10351562e-05
-0.720061361 -0.53796392 -0.136752666 0 0 0 6.10351562e-05
-0.306079153 0.215962829 -0.110880708 0 0 0 6.10351562e-05
0.284712542 -0.125810847 -0.400754058 0 0 0 6.10351562e-05
0.475524015 -0.353163046 0.0228305067 0 0 0 6.10351562e-05
-0.138278708 -0.0318550326 0.127083559 0 0 0 6.10351562e-05
-0.463300822 -0.121835286 0.439304489 0 0 0 6.10351562e-05
0.888806089 -0.0574830364 -0.401677524 0 0 0 6.10351562e-05
0.590517466 0.293421485 -0.494354353 0 0 0 6.10351562e-05
0.697942492 -0.520404526 0.265158261 0 0 0 6.10351562e-05
0.0488270705 -0.265386104 0.268216143 0 0 0 6.10351562e-05
0.506890096 -0.154848636 0.824940459 0 0 0 6.10351562e-05
0.473265766 0.334771753 0.00284169872 0 0 0 6.10351562e-05
0.139890329 -0.357093069 0.697327388 0 0 0 6.10351562e-05
0.0828346937 -0.897599296 -0.246395094 0 0 0 6.10351562e-05
-0.344718009 0.549033165 -0.140681822 0 0 0 6.10351562e-05
0.61896325 0.696475292 -0.067699698 0 0 0 6.10351562e-05
0.555143164 -0.00455932318 0.71936228 0 0 0 6.10351562e-05
0.549908202 0.714212015 -0.144927522 0 0 0 6.10351562e-05
0.0442251769 0.302445614 0.725514105 0 0 0 6.10351562e-05
0.379290271 -0.119152519 -0.503378234 0 0 0 6.10351562e-05
-0.0270141277 -0.0890676611 -0.426954623 0 0 0 6.10351562e-05
-0.169869785 -0.615721237 0.441042864 0 0 0 6.10351562e-05
-0.551826459 -0.119215402 0.779878052 0 0 0 6.10351562e-05
-0.539922831 0.230988671 0.525700591 0 0 0 6.10351562e-05
-0.489551219 0.336361201 0.518423174 0 0 0 6.10351562e-05
0.5243967 -0.482624112 0.404771906 0 0 0 6.10351562e-05
0.199232905 0.704929478 -0.445591789 0 0 0 6.10351562e-05
-0.695190625 0.0414107082 0.0750730798 0 0 0 6.10351562e-05
0.281041542 -0.0842731438 -0.924708499 0 0 0 6.10351562e-05
-0.498301853 0.693673646 -0.055456007 0 0 0 6.10351562e-05
0.0756940915 0.375380068 0.672101662 0 0 0 6.10351562e-05
0.396500002 0.16787751 0.27411621 0 0 0 6.10351562e-05
-0.776610185 -0.306798151 -0.00435431944 0 0 0 6.10351562e-05
-0.204656197 0.233938184 -0.694440982 0 0 0 6.10351562e-05
-0.0909929693 0.919348289 -0.0590877681 0 0 0 6.10351562e-05
-0.310422024 -0.605410996 -0.262708939 0 0 0 6.10351562e-05
-0.24352705 -0.444004412 -0.0812712336 0 0 0 6.10351562e-05
-0.494595565 0.259768017 0.170170441 0 0 0 6.10351562e-05
0.54970005 -0.295478126 -0.362706084 0 0 0 6.10351562e-05
0.238988543 0.272692081 -0.773322498 0 0 0 6.10351562e-05
0.659368685 -0.548076556 0.164715536 0 0 0 6.10351562e-05
-0.748972559 -0.289429209 -0.30412406 0 0 0 6.10351562e-05
-0.284216304 -0.630540847 -0.572168205 0 0 0 6.10351562e-05
-0.50403406 -0.397543623 0.12091453 0 0 0 6.10351562e-05
-0.740570672 -0.399944377 -0.0829440778 0 0 0 6.10351562e-05
0.493032053 0.312417054 0.398479947 0 0 0 6.10351562e-05
-0.430907365 -0.669111034 -0.213435415 0 0 0 6.10351562e-05
-0.583362449 0.140549405 0.202813795 0 0 0 6.10351562e-05
0.223913979 -0.359558879 0.166465495 0 0 0 6.10351562e-05
-0.074390244 0.667967916 -0.585221572 0 0 0 6.10351562e-05
0.253004743 -0.462723649 -0.538786955 0 0 0 6.10351562e-05
-0.517859663 -0.0314286183 -0.177527113 0 0 0 6.10351562e-05
0.0622616772 0.915466332 -0.216529431 0 0 0 6.10351562e-05
-0.626412535 -0.376642552 -0.328871205 0 0 0 6.10351562e-05
0.197758919 0.850116861 0.302563078 0 0 0 6.10351562e-05
-0.381935883 -0.401450792 -0.817693086 0 0 0 6.10351562e-05
-0.754410435 0.450562234 -0.0712465761 0 0 0 6.10351562e-05
-0.0187599298 -0.394711443 0.715007801 0 0 0 6.10351562e-05
-0.843134115 -0.0739143576 -0.085534842 0 0 0 6.10351562e-05
-0.0629851695 -0.19161085 0.177184089 0 0 0 6.10351562e-05
-0.100822454 -0.615161307 0.273552381 0 0 0 6.10351562e-05
-0.76386 0.21869571 0.439789176 0 0 0 6.10351562e-05
0.322261411 0.801373797 0.279299085 0 0 0 6.10351562e-05
-0.333817993 0.0914502599 -0.608893473 0 0 0 6.10351562e-05
-0.8006705 -0.36905248 0.293816825 0 0 0 6.10351562e-05
0.432761113 -0.311630527 0.111929096 0 0 0 6.10351562e-05
-0.514706003 -0.478118721 -0.375100146 0 0 0 6.10351562e-05
-0.699582103 0.494823526 -0.339380806 0 0 0 6.10351562e-05
-0.536962943 -0.210535884 0.409277479 0 0 0 6.10351562e-05
-0.0726105161 -0.508251263 -0.745173968 0 0 0 6.10351562e-05
0.54956385 0.274147657 0.314936921 0 0 0 6.10351562e-05
0.628603612 0.0586949637 0.7043229 0 0 0 6.10351562e-05
0.7812697 -0.151935207 -0.534663963 0 0 0 6.10351562e-05
0.726285077 -0.624501224 0.0119955302 0 0 0 6.10351562e-05
0.152955458 -0.934365502 0.0276134912 0 0 0 6.10351562e-05
0.703588436 0.304436299 -0.284307014 0 0 0 6.10351562e-05
-0.566033908 0.291641354 0.450074472 0 0 0 6.10351562e-05
0.542901245 0.743684725 0.12295531 0 0 0 6.10351562e-05
-0.00578968378 0.459368927 -0.0937673215 0 0 0 6.10351562e-05
0.392934221 0.404564709 -0.309216646 0 0 0 6.10351562e-05
0.104440937 0.260396 0.950124664 0 0 0 6.10351562e-05
0.758946215 -0.293232164 -0.469068412 0 0 0 6.10351562e-05
0.436436132 -0.272939843 -0.317991396 0 0 0 6.10351562e-05
-0.582655484 0.802220755 -0.057938217 0 0 0 6.10351562e-05
-0.637449937 0.677923767 0.148796914 0 0 0 6.10351562e-05
0.746183463 -0.436424014 0.376075525 0 0 0 6.10351562e-05
-0.151799333 -0.643002033 -0.0464679327 0 0 0 6.10351562e-05
-0.607752507 0.0538321895 0.731366357 0 0 0 6.10351562e-05
0.247596745 0.432792858 -0.282302784 0 0 0 6.10351562e-05
0.266938545 0.0551814674 -0.800771415 0 0 0 6.10351562e-05
0.287379714 0.0626075244 0.0186597855 0 0 0 6.10351562e-05
-0.416916757 -0.359633551 0.12594778 0 0 0 6.10351562e-05
0.320652959 -0.387163874 0.80550764 0 0 0 6.10351562e-05
-0.828095624 0.378634751 -0.281054779 0 0 0 6.10351562e-05
-0.507208511 0.135797727 -0.615541355 0 0 0 6.10351562e-05
0.88813066 -0.0793901095 0.317975645 0 0 0 6.10351562e-05
0.220993989 0.00233005298 -0.0960150991 0 0 0 6.10351562e-05
-0.443861879 0.312448147 -0.42962811 0 0 0 6.10351562e-05
-0.501791414 -0.553242737 -0.658124718 0 0 0 6.10351562e-05
0.0753120973 -0.0784495991 -0.143045403 0 0 0 6.10351562e-05
0.255234099 -0.739202355 -0.130602888 0 0 0 6.10351562e-05
-0.657280932 0.496391421 -0.219689333 0 0 0 6.10351562e-05
0.176063893 0.249063389 0.566554661 0 0 0 6.10351562e-05
0.285355145 -0.809152113 0.0675264605 0 0 0 6.10351562e-05
-0.167353994 0.965154345 0.16739598 0 0 0 6.10351562e-05
0.0772774407 0.338669228 0.222619693 0 0 0 6.10351562e-05
-0.373299237 0.739097588 0.473076057 0 0 0 6.10351562e-05
-0.224696373 -0.271281999 0.264644056 0 0 0 6.10351562e-05
-0.0476511796 0.031808541 -0.783224201 0 0 0 6.10351562e-05
0.444140241 0.362352015 -0.686225322 0 0 0 6.10351562e-05
-0.412371326 -0.464520597 0.286829033 0 0 0 6.10351562e-05
-0.592410855 -0.267826924 -0.118596537 0 0 0 6.10351562e-05
0.0220240374 -0.678987045 -0.233646402 0 0 0 6.10351562e-05
-0.61800326 -0.221322246 0.419018585 0 0 0 6.10351562e-05
0.208381106 -0.228501011 0.60567418 0 0 0 6.10351562e-05
0.696068628 0.514671249 0.106426785 0 0 0 6.10351562e-05
-0.563780329 0.125372737 -0.402168081 0 0 0 6.10351562e-05
-0.0833667899 0.239340593 0.308504693 0 0 0 6.10351562e-05
-0.762359153 0.051797206 -0.172739401 0 0 0 6.10351562e-05
-0.380507324 -0.654897546 0.242604102 0 0 0 6.10351562e-05
0.752263775 -0.0488852448 0.0758324709 0 0 0 6.10351562e-05
-0.447117008 -0.714437797 0.273254667 0 0 0 6.10351562e-05
-0.079614931 -0.271633606 -0.351582001 0 0 0 6.10351562e-05
0.562508817 0.773036246 0.0670723113 0 0 0 6.10351562e-05
0.643543166 0.232265085 0.0826764017 0 0 0 6.10351562e-05
0.51138991 0.550084335 0.103370589 0 0 0 6.10351562e-05
-0.155216319 0.484285608 -0.29691354 0 0 0 6.10351562e-05
0.303408564 0.504585705 -0.62316461 0 0 0 6.10351562e-05
-0.639061253 0.352132522 -0.560154912 0 0 0 6.10351562e-05
-0.0161687744 -0.104171495 -0.15432509 0 0 0 6.10351562e-05
-0.571922932 0.259750906 -0.682636506 0 0 0 6.10351562e-05
0.688900116 -0.0893271765 0.367902523 0 0 0 6.10351562e-05
-0.965210309 -0.159373849 -0.110157023 0 0 0 6.10351562e-05
-0.302552544 0.802676191 0.389965629 0 0 0 6.10351562e-05
0.659584326 -0.157476089 -0.348908342 0 0 0 6.10351562e-05
0.417893188 0.401550288 -0.0167037963 0 0 0 6.10351562e-05
-0.468687146 0.508830698 0.195265596 0 0 0 6.10351562e-05
0.181405284 -0.0638760659 0.42119398 0 0 0 6.10351562e-05
-0.0720564282 0.659004683 -0.48184092 0 0 0 6.10351562e-05
0.265400948 0.187339658 -0.222443337 0 0 0 6.10351562e-05
-0.719693674 0.658778487 0.202629887 0 0 0 6.10351562e-05
-0.306260432 0.552241764 -0.212718066 0 0 0 6.10351562e-05
-0.787927587 -0.299926056 -0.295789144 0 0 0 6.10351562e-05
-0.53958636 -0.377395561 -0.340162217 0 0 0 6.10351562e-05
0.220898502 -0.789416192 0.48303377 0 0 0 6.10351562e-05
-0.162916022 0.831242049 0.374803812 0 0 0 6.10351562e-05
-0.231189297 0.582530996 0.290636913 0 0 0 6.10351562e-05
-0.442998436 -0.818773274 0.100147318 0 0 0 6.10351562e-05
-0.30561082 0.125487341 -0.63429228 0 0 0 6.10351562e-05
0.575074774 0.40838097 -0.162181975 0 0 0 6.10351562e-05
0.709622342 0.0914291926 -0.0866847363 0 0 0 6.10351562e-05
-0.459142694 -0.0105448944 -0.341510823 0 0 0 6.10351562e-05
0.975966848 -0.00951591722 0.07111945 0 0 0 6.10351562e-05
0.347281559 0.663094005 -0.19336821 0 0 0 6.10351562e-05
-0.86725623 0.224065094 -0.233523074 0 0 0 6.10351562e-05
-0.713810268 -0.4071921 0.372574045 0 0 0 6.10351562e-05
-0.802175943 0.135205801 0.470718836 0 0 0 6.10351562e-05
0.024168138 0.117208441 0.313220139 0 0 0 6.10351562e-05
0.346383126 0.104919827 0.827440347 0 0 0 6.10351562e-05
0.26433974 -0.700945131 0.657430187 0 0 0 6.10351562e-05
-0.719278628 -0.520958827 0.145351432 0 0 0 6.10351562e-05
-0.0837149487 0.247905959 -0.878315631 0 0 0 6.10351562e-05
0.331538181 -0.355625774 0.771947295 0 0 0 6.10351562e-05
0.388103964 -0.406432954 0.386021841 0 0 0 6.10351562e-05
0.357006966 -0.717470212 -0.0569299157 0 0 0 6.10351562e-05
-0.722120456 0.0224387908 0.148469302 0 0 0 6.10351562e-05
-0.00111733415 -0.589951982 -0.111955359 0 0 0 6.10351562e-05
-0.568764329 0.177918235 0.0953432422 0 0 0 6.10351562e-05
-0.121355684 -0.850253843 0.0377079187 0 0 0 6.10351562e-05
0.124075665 -0.483020212 -0.673055791 0 0 0 6.10351562e-05
0.82906635 -0.198566292 0.501721834 0 0 0 6.10351562e-05
0.0659020036 0.757514282 0.453512119 0 0 0 6.10351562e-05
-0.105454698 0.0473311733 -0.956254733 0 0 0 6.10351562e-05
0.751892217 -0.556952838 0.0401085716 0 0 0 6.10351562e-05
-0.0401951298 -0.377608877 -0.452425421 0 0 0 6.10351562e-05
0.28314763 0.575627238 -0.446723232 0 0 0 6.10351562e-05
0.335592095 0.360549782 -0.0412646674 0 0 0 6.10351562e-05
0.779384998 -0.0158177682 -0.270125193 0 0 0 6.10351562e-05
-0.0681018664 0.490108543 -0.271887548 0 0 0 6.10351562e-05
-0.552440143 0.488688631 -0.373261673 0 0 0 6.10351562e-05
-0.676447678 0.381286427 0.229667527 0 0 0 6.10351562e-05
-0.103593871 0.679418343 -0.636272019 0 0 0 6.10351562e-05
0.323025926 -0.27545977 0.425307827 0 0 0 6.10351562e-05
0.20373464 0.332527948 -0.706636746 0 0 0 6.10351562e-05
0.721703783 0.152981508 0.251701471 0 0 0 6.10351562e-05
0.68515903 0.660959662 -0.175366054 0 0 0 6.10351562e-05
0.0969038383 -0.382952356 0.597707576 0 0 0 6.10351562e-05
0.0446862625 0.489658306 -0.792527746 0 0 0 6.10351562e-05
-0.961600015 -0.148525996 -0.204209623 0 0 0 6.10351562e-05
-0.723523387 0.18002263 -0.357352707 0 0 0 6.10351562e-05
0.472122793 -0.755899063 0.0374031436 0 0 0 6.10351562e-05
-0.365583227 -0.345641125 0.0929247447 0 0 0 6.10351562e-05
0.666915694 0.449200904 0.309027882 0 0 0 6.10351562e-05
0.218504306 0.451341989 0.367758168 0 0 0 6.10351562e-05
-0.239848814 -0.604793047 -0.676580785 0 0 0 6.10351562e-05
-0.207844298 0.211764986 0.87121065 0 0 0 6.10351562e-05
-0.236120753 0.7997171 0.41074969 0 0 0 6.10351562e-05
-0.251810309 -0.193563735 -0.102232239 0 0 0 6.10351562e-05
0.249797227 -0.0767707069 0.251321403 0 0 0 6.10351562e-05
0.0544291527 -0.953168019 0.0200904094 0 0 0 6.10351562e-05
-0.71702687 -0.387406841 0.311617863 0 0 0 6.10351562e-05
-0.14059095 0.916694314 0.163409321 0 0 0 6.10351562e-05
0.308484535 -0.138014216 -0.616069957 0 0 0 6.10351562e-05
-0.337148525 -0.0579893372 0.424704896 0 0 0 6.10351562e-05
-0.193224216 -0.0941119229 -0.493649402 0 0 0 6.10351562e-05
0.243499724 0.106101525 -0.718113963 0 0 0 6.10351562e-05
0.0522306556 0.670811248 -0.62419862 0 0 0 6.10351562e-05
-0.936050446 -0.127072622 0.220925091 0 0 0 6.10351562e-05
0.0695572452 -0.639544173 0.348527576 0 0 0 6.10351562e-05
-0.485294434 0.236874156 0.3134281 0 0 0 6.10351562e-05
-0.0147764458 -0.912611238 -0.370106236 0 0 0 6.10351562e-05
0.317940786 0.631725757 -0.468110489 0 0 0 6.10351562e-05
0.0653399352 -0.347743654 0.271804642 0 0 0 6.10351562e-05
0.84059937 0.151622313 -0.152565102 0 0 0 6.10351562e-05
-0.151710904 0.408207708 0.283193959 0 0 0 6.10351562e-05
-0.542626889 0.735404759 -0.143299029 0 0 0 6.10351562e-05
-0.862317087 -0.316669972 0.0476993127 0 0 0 6.10351562e-05
-0.476837149 0.0722762911 -0.171932085 0 0 0 6.10351562e-05
-0.454418552 -0.425893492 -0.321457031 0 0 0 6.10351562e-05
-0.150718781 0.72394058 -0.662518402 0 0 0 6.10351562e-05
-0.3030121 0.325590094 0.778720878 0 0 0 6.10351562e-05
0.39455305 -0.0807722796 -0.0769678224 0 0 0 6.10351562e-05
0.298673862 0.795324127 -0.430343295 0 0 0 6.10351562e-05
0.244215217 0.030676796 -0.862614348 0 0 0 6.10351562e-05
0.302450202 0.390422253 0.117465193 0 0 0 6.10351562e-05
0.192482949 -0.135396583 -0.689229035 0 0 0 6.10351562e-05
0.106789637 -0.413951935 0.738451353 0 0 0 6.10351562e-05
0.470226967 -0.289970058 -0.376705424 0 0 0 6.10351562e-05
-0.657019222 -0.133352105 -0.306620336 0 0 0 6.10351562e-05
-0.025182249 0.158130485 -0.470968866 0 0 0 6.10351562e-05
-0.184412832 -0.257591166 -0.815108798 0 0 0 6.10351562e-05
0.56315144 0.638701233 0.39168955 0 0 0 6.10351562e-05
0.207401769 0.939320972 0.238027153 0 0 0 6.10351562e-05
0.0160671335 0.685774124 -0.047458975 0 0 0 6.10351562e-05
-0.00330469396 -0.355326643 0.0276957157 0 0 0 6.10351562e-05
0.346882781 0.519591719 0.293191711 0 0 0 6.10351562e-05
-0.0387808872 -0.246351701 -0.424877111 0 0 0 6.10351562e-05
0.238513943 -0.0367151048 0.100286835 0 0 0 6.10351562e-05
0.510442282 0.617049924 -0.334660698 0 0 0 6.10351562e-05
-0.486934424 0.715515207 0.0513471172 0 0 0 6.10351562e-05
-0.212071398 0.337227044 -0.765775194 0 0 0 6.10351562e-05
0.0998178455 -0.266507838 -0.424481305 0 0 0 6.10351562e-05
0.140774451 -0.128772635 -0.254201102 0 0 0 6.10351562e-05
0.492067488 0.161703085 0.47961324 0 0 0 6.10351562e-05
-0.00663053354 0.437805884 -0.276001473 0 0 0 6.10351562e-05
-0.602351892 0.393554191 -0.265484508 0 0 0 6.10351562e-05
0.18510425 0.0526093774 0.46687012 0 0 0 6.10351562e-05
-0.170203341 -0.337176009 -0.828544025 0 0 0 6.10351562e-05
-0.349051732 0.153446317 -0.500332576 0 0 0 6.10351562e-05
-0.182319488 -0.300510742 -0.897311565 0 0 0 6.10351562e-05
0.391897616 -0.0141358391 -0.1126811 0 0 0 6.10351562e-05
-0.481710799 0.302696275 -0.404787199 0 0 0 6.10351562e-05
-0.546121942 -0.676597731 -0.0522935133 0 0 0 6.10351562e-05
-0.338642841 -0.623960021 0.528163168 0 0 0 6.10351562e-05
-0.198623815 -0.10462694 0.540558994 0 0 0 6.10351562e-05
0.332293356 -0.661352212 -0.615667544 0 0 0 6.10351562e-05
-0.156005966 -0.238448158 -0.761860659 0 0 0 6.10351562e-05
-0.40548931 -0.206182654 -0.530377972 0 0 0 6.10351562e-05
-0.617028361 0.180926683 0.288711125 0 0 0 6.10351562e-05
0.542724323 -0.79928769 0.120727534 0 0 0 6.10351562e-05
0.301505502 0.699814025 -0.47991404 0 0 0 6.10351562e-05
-0.0826419058 -0.379417185 -0.322415347 0 0 0 6.10351562e-05
0.247596397 0.896890805 0.0836852398 0 0 0 6.10351562e-05
-0.0949746278 -0.229045625 0.0509462548 0 0 0 6.10351562e-05
0.0151236393 -0.929274703 -0.0927455873 0 0 0 6.10351562e-05
0.7722508 0.146085938 0.040519965 0 0 0 6.10351562e-05
-0.751251136 0.0461594581 -0.648150204 0 0 0 6.10351562e-05
0.200594101 0.301806174 0.445723018 0 0 0 6.10351562e-05
-0.215579227 0.173308377 0.860120762 0 0 0 6.10351562e-05
-0.583612848 0.653836185 -0.382037906 0 0 0 6.10351562e-05
0.218849312 0.25099838 0.605247211 0 0 0 6.10351562e-05
0.106794778 -0.258177972 0.630976883 0 0 0 6.10351562e-05
-0.172320904 0.355809377 0.0597311191 0 0 0 6.10351562e-05
0.767741443 0.164105255 -0.570101256 0 0 0 6.10351562e-05
-0.293239417 0.430108204 0.0812617406 0 0 0 6.10351562e-05
-0.523759865 -0.315893103 -0.725943558 0 0 0 6.10351562e-05
0.577754024 -0.388471135 -0.286105372 0 0 0 6.10351562e-05
-0.334798858 0.406767776 0.134274286 0 0 0 6.10351562e-05
-0.0838192913 -0.530738008 -0.163157621 0 0 0 6.10351562e-05
-0.423670092 -0.0338497926 -0.62244602 0 0 0 6.10351562e-05
-0.221368219 -0.0508553449 -0.0919046451 0 0 0 6.10351562e-05
0.860683704 0.351253864 0.0376877227 0 0 0 6.10351562e-05
-0.51635153 -0.733252118 0.0487209985 0 0 0 6.10351562e-05
-0.702550581 0.621886475 0.141072749 0 0 0 6.10351562e-05
-0.678304811 0.131579202 -0.0877307588 0 0 0 6.10351562e-05
-0.0351807633 -0.209760677 0.927630677 0 0 0 6.10351562e-05
0.319688709 -0.757517617 0.200090726 0 0 0 6.10351562e-05
-0.335806216 -0.251095402 -0.242139024 0 0 0 6.10351562e-05
0.495304417 0.613820403 -0.0551584823 0 0 0 6.10351562e-05
-0.350059992 -0.264189337 -0.504518882 0 0 0 6.10351562e-05
0.430065258 -0.441057613 -0.746567141 0 0 0 6.10351562e-05
-0.514828262 0.14445133 0.0567068248 0 0 0 6.10351562e-05
-0.116364427 -0.665645445 -0.612631136 0 0 0 6.10351562e-05
0.852267015 -0.164755538 0.349367483 0 0 0 6.10351562e-05
-0.670767628 -0.236393855 -0.0320599929 0 0 0 6.10351562e-05
0.475936447 -0.0668933714 -0.122023069 0 0 0 6.10351562e-05
0.244247177 0.0976239494 0.424531592 0 0 0 6.10351562e-05
-0.376526071 -0.116819521 -0.0907078583 0 0 0 6.10351562e-05
0.182093873 0.475407071 -0.807996497 0 0 0 6.10351562e-05
-0.0269990059 0.131170436 0.644950095 0 0 0 6.10351562e-05
-0.36577368 0.272111842 -0.787180204 0 0 0 6.10351562e-05
-0.0421202307 -0.635684037 0.682091783 0 0 0 6.10351562e-05
-0.0661940219 -0.845821636 -0.021334953 0 0 0 6.10351562e-05
0.489480992 0.263965369 -0.302334621 0 0 0 6.10351562e-05
0.156840726 -0.3517413 0.72311431 0 0 0 6.10351562e-05
-0.13599032 -0.421538779 0.474726141 0 0 0 6.10351562e-05
0.268379933 0.521176719 0.138437435 0 0 0 6.10351562e-05
0.571706631 -0.0386520286 -0.440892444 0 0 0 6.10351562e-05
0.303945121 -0.82610396 -0.348606308 0 0 0 6.10351562e-05
0.0663859922 -0.233328116 0.427792696 0 0 0 6.10351562e-05
0.571004416 0.70903033 0.198760025 0 0 0 6.10351562e-05
0.421793009 -0.168389729 -0.354782838 0 0 0 6.10351562e-05
0.567224125 0.774504363 -0.175549793 0 0 0 6.10351562e-05
0.419284568 -0.384644764 0.0932929463 0 0 0 6.10351562e-05
-0.150597176 -0.511396522 -0.0705375494 0 0 0 6.10351562e-05
0.127937185 -0.106095764 -0.626640637 0 0 0 6.10351562e-05
0.06295216 -0.143645824 -0.899887579 0 0 0 6.10351562e-05
0.467479865 -0.33477637 0.225168901 0 0 0 6.10351562e-05
-0.458547003 0.312250073 -0.574701156 0 0 0 6.10351562e-05
-0.340662417 -0.222185719 -0.508758005 0 0 0 6.10351562e-05
-0.485726158 -0.211938964 -0.324263241 0 0 0 6.10351562e-05
0.375664451 -0.65483715 -0.600515282 0 0 0 6.10351562e-05
0.758130298 -0.335480774 -0.302406363 0 0 0 6.10351562e-05
0.21329822 -0.644999672 -0.452876864 0 0 0 6.10351562e-05
0.487538921 -0.543597772 -0.515146392 0 0 0 6.10351562e-05
0.252254303 0.757589377 -0.346805734 0 0 0 6.10351562e-05
-0.835673875 0.303312386 0.383651218 0 0 0 6.10351562e-05
-0.113548268 -0.509887357 -0.552020115 0 0 0 6.10351562e-05
0.354119069 0.755896745 -0.0545568427 0 0 0 6.10351562e-05
-0.462024927 0.65599148 -0.0490649209 0 0 0 6.10351562e-05
-0.753001637 -0.0502639099 0.132027712 0 0 0 6.10351562e-05
0.233615102 -0.165925183 0.821304051 0 0 0 6.10351562e-05
-0.619582325 -0.596476317 -0.00141334131 0 0 0 6.10351562e-05
0.000378661604 0.538924484 -0.108510146 0 0 0 6.10351562e-05
0.479763967 -0.458319604 0.365387443 0 0 0 6.10351562e-05
-0.522247772 -0.42065976 0.313471059 0 0 0 6.10351562e-05
-0.362294178 -0.252176383 0.643361258 0 0 0 6.10351562e-05
0.147728615 0.536871346 -0.587518252 0 0 0 6.10351562e-05
0.160319671 -0.323231935 -0.0349194362 0 0 0 6.10351562e-05
0.0930719909 -0.161973678 0.177412624 0 0 0 6.10351562e-05
-0.345169683 0.16853269 -0.507541819 0 0 0 6.10351562e-05
-0.926432307 -0.290755805 0.145119421 0 0 0 6.10351562e-05
0.732776122 0.0988299792 0.673186827 0 0 0 6.10351562e-05
-0.196442149 -0.688611558 0.358396682 0 0 0 6.10351562e-05
-0.325786966 -0.856256314 -0.377865179 0 0 0 6.10351562e-05
-0.0327703938 0.943357754 0.158566209 0 0 0 6.10351562e-05
-0.821661585 -0.52447188 0.0542112518 0 0 0 6.10351562e-05
-0.0597419858 0.0874288452 0.213541363 0 0 0 6.10351562e-05
0.34708555 -0.136671756 0.616326596 0 0 0 6.10351562e-05
0.451345034 -0.337453458 -0.452403869 0 0 0 6.10351562e-05
-0.395350511 -0.267544495 0.859936607 0 0 0 6.10351562e-05
0.317016436 -0.0310930673 -0.552405274 0 0 0 6.10351562e-05
-0.316957888 0.301196242 -0.282506363 0 0 0 6.10351562e-05
-0.329101434 0.0267356877 -0.924140644 0 0 0 6.10351562e-05
0.791590016 0.00572743758 -0.404653201 0 0 0 6.10351562e-05
-0.36623705 0.0760960397 -0.755262608 0 0 0 6.10351562e-05
0.0675368654 -0.734635154 0.359505125 0 0 0 6.10351562e-05
0.331134709 -0.500066593 -0.43259741 0 0 0 6.10351562e-05
0.101674582 -0.634862077 0.394561675 0 0 0 6.10351562e-05
0.786359194 -0.247173255 0.0400701145 0 0 0 6.10351562e-05
0.663813393 0.552212521 -0.417426022 0 0 0 6.10351562e-05
0.402381072 0.173969219 -0.586231883 0 0 0 6.10351562e-05
-0.0342111684 0.0166709498 -0.965538767 0 0 0 6.10351562e-05
0.743295492 -0.235521159 -0.103790183 0 0 0 6.10351562e-05
0.559005427 0.423934195 0.62686729 0 0 0 6.10351562e-05
-0.20681613 -0.372177807 0.223793035 0 0 0 6.10351562e-05
0.560979201 -0.818381232 -0.102410511 0 0 0 6.10351562e-05
0.101118371 0.497895422 0.846118349 0 0 0 6.10351562e-05
0.623215246 -0.239632624 0.174590116 0 0 0 6.10351562e-05
-0.0701091555 -0.477840383 -0.180852869 0 0 0 6.10351562e-05
-0.674477296 0.157459228 -0.110033465 0 0 0 6.10351562e-05
-0.799247689 -0.482443096 -0.100937155 0 0 0 6.10351562e-05
-0.529735491 -0.13051659 -0.696061714 0 0 0 6.10351562e-05
-0.237790445 -0.514559911 -0.26192396 0 0 0 6.10351562e-05
-0.296411516 0.348480516 -0.277311213 0 0 0 6.10351562e-05
-0.128615588 -0.091967768 -0.215293074 0 0 0 6.10351562e-05
-0.671337086 0.512379308 -0.238024861 0 0 0 6.10351562e-05
-0.104243918 -0.794991254 -0.292156449 0 0 0 6.10351562e-05
0.763552149 0.259271587 0.0328630843 0 0 0 6.10351562e-05
0.36246255 0.380414239 0.322686853 0 0 0 6.10351562e-05
0.399338275 -0.0676919432 0.827389985 0 0 0 6.10351562e-05
-0.85160744 0.244442137 0.3584985 0 0 0 6.10351562e-05
0.0766429127 -0.290071218 -0.501223413 0 0 0 6.10351562e-05
-0.578463465 -0.153264685 0.400655029 0 0 0 6.10351562e-05
0.246478028 0.013951607 -0.0450984615 0 0 0 6.10351562e-05
0.391560919 -0.0979510994 0.653977908 0 0 0 6.10351562e-05
0.909574872 0.111825074 -0.145931041 0 0 0 6.10351562e-05
-0.537354986 -0.307449378 -0.303392909 0 0 0 6.10351562e-05
0.16125645 0.631799667 0.7268665 0 0 0 6.10351562e-05
-0.429650177 0.500334972 0.125101403 0 0 0 6.10351562e-05
0.192181927 0.784042445 -0.0871265259 0 0 0 6.10351562e-05
-0.253811775 0.174335265 0.506271695 0 0 0 6.10351562e-05
0.775482063 0.520373347 0.314729331 0 0 0 6.10351562e-05
-0.111186667 -0.769489006 -0.229923086 0 0 0 6.10351562e-05
-0.42923855 -0.27578055 0.431941861 0 0 0 6.10351562e-05
-0.691894467 0.488836998 -0.362402194 0 0 0 6.10351562e-05
0.356731441 -0.815653189 -0.226143795 0 0 0 6.10351562e-05
0.198652939 -0.848487088 -0.300260743 0 0 0 6.10351562e-05
0.424721593 0.069997662 -0.314228047 0 0 0 6.10351562e-05
-0.46301782 0.0985693696 0.735769757 0 0 0 6.10351562e-05
-0.178172338 -0.268933274 -0.799354604 0 0 0 6.10351562e-05
-0.147238145 -0.376809801 -0.0366364302 0 0 0 6.10351562e-05
0.00119028298 0.713442253 -0.686193432 0 0 0 6.10351562e-05
0.222270517 0.818680942 0.200757257 0 0 0 6.10351562e-05
0.0300692172 0.0561390805 0.292077833 0 0 0 6.10351562e-05
0.0211369553 0.112342099 -0.256940813 0 0 0 6.10351562e-05
0.175253244 -0.554117591 -0.505400034 0 0 0 6.10351562e-05
0.745174628 -0.0595823464 -0.367519455 0 0 0 6.10351562e-05
-0.0134347341 0.241109004 0.532630997 0 0 0 6.10351562e-05
0.641879516 -0.564280302 -0.328494086 0 0 0 6.10351562e-05
-0.417858811 -0.0074826042 -0.641712633 0 0 0 6.10351562e-05
-0.671965396 -0.242507073 -0.333939102 0 0 0 6.10351562e-05
-0.0711375554 -0.494875156 0.389856022 0 0 0 6.10351562e-05
-0.338640581 0.786976397 -0.256006006 0 0 0 6.10351562e-05
-0.307030944 0.335421282 -0.478765195 0 0 0 6.10351562e-05
-0.34953768 -0.0445192821 0.0430026521 0 0 0 6.10351562e-05
0.360517544 0.142991454 -0.389178102 0 0 0 6.10351562e-05
-0.618083759 0.275616558 0.0771910505 0 0 0 6.10351562e-05
0.268354541 0.831330667 0.371066591 0 0 0 6.10351562e-05
-0.211415027 0.483678787 0.559677846 0 0 0 6.10351562e-05
-0.146072024 -0.188146985 -0.185857039 0 0 0 6.10351562e-05
0.696390147 -0.20551965 0.569041718 0 0 0 6.10351562e-05
-0.598572439 -0.3773885 0.288896218 0 0 0 6.10351562e-05
0.229067412 0.461027592 0.335484777 0 0 0 6.10351562e-05
0.612669785 0.245918483 -0.341883588 0 0 0 6.10351562e-05
0.331419356 -0.0634501823 -0.686177327 0 0 0 6.10351562e-05
0.221439181 0.905461698 -0.354649909 0 0 0 6.10351562e-05
0.102725867 0.480989058 0.366123645 0 0 0 6.10351562e-05
-0.76622864 0.60607532 -0.203311913 0 0 0 6.10351562e-05
-0.545748866 0.19079838 -0.510272667 0 0 0 6.10351562e-05
0.036829779 -0.249012376 0.19753509 0 0 0 6.10351562e-05
0.513176677 -0.819289137 -0.0824619152 0 0 0 6.10351562e-05
0.631967 0.133503417 -0.318192019 0 0 0 6.10351562e-05
0.331291688 0.0332622864 -0.376970414 0 0 0 6.10351562e-05
0.155663846 -0.623557529 -0.754617183 0 0 0 6.10351562e-05
-0.429256445 -0.070798992 0.210744794 0 0 0 6.10351562e-05
-0.071249764 -0.876202562 0.468985564 0 0 0 6.10351562e-05
0.529859566 -0.618474526 -0.0420829052 0 0 0 6.10351562e-05
-0.910685052 0.240400108 -0.110357648 0 0 0 6.10351562e-05
0.448974357 0.0785782126 -0.00963042632 0 0 0 6.10351562e-05
0.137421576 0.2413629 0.516065535 0 0 0 6.10351562e-05
-0.129691761 -0.625990013 -0.363043822 0 0 0 6.10351562e-05
-0.720526316 0.167913125 -0.290828793 0 0 0 6.10351562e-05
0.438003006 -0.552458607 -0.373647119 0 0 0 6.10351562e-05
0.0562368228 -0.512519148 -0.566805372 0 0 0 6.10351562e-05
-0.374344661 0.481283464 0.695641511 0 0 0 6.10351562e-05
0.195361901 -0.634627383 -0.0699514392 0 0 0 6.10351562e-05
-0.59592107 -0.552265337 -0.397705263 0 0 0 6.10351562e-05
0.620539501 -0.56771355 0.161471164 0 0 0 6.10351562e-05
0.113955812 0.580167945 0.769463703 0 0 0 6.10351562e-05
-0.00263993237 -0.491732237 -0.363546045 0 0 0 6.10351562e-05
-0.809238106 -0.161188379 -0.0236544396 0 0 0 6.10351562e-05
-0.312355446 0.720663827 0.318570205 0 0 0 6.10351562e-05
0.84300334 0.272889895 0.31814985 0 0 0 6.10351562e-05
-0.568945351 0.186799203 0.29909508 0 0 0 6.10351562e-05
0.0586206359 -0.174909901 0.20551305 0 0 0 6.10351562e-05
-0.513149707 -0.601499141 0.421722015 0 0 0 6.10351562e-05
-0.764398739 -0.208470802 0.215376081 0 0 0 6.10351562e-05
-0.0667775321 -0.301840514 0.933473906 0 0 0 6.10351562e-05
0.122521078 -0.0300687741 0.0305428385 0 0 0 6.10351562e-05
0.631644303 -0.0794253735 -0.0805243768 0 0 0 6.10351562e-05
0.194363442 -0.234575344 -0.160778802 0 0 0 6.10351562e-05
-0.129422586 -0.408180155 -0.873992575 0 0 0 6.10351562e-05
-0.478324105 0.53199136 0.534421484 0 0 0 6.10351562e-05
-0.68484982 0.641924392 0.19055777 0 0 0 6.10351562e-05
0.16375497 0.321548501 0.454373824 0 0 0 6.10351562e-05
-0.800282884 0.220864035 -0.360722744 0 0 0 6.10351562e-05
-0.493107757 0.0877198893 -0.746625542 0 0 0 6.10351562e-05
0.509430156 -0.783091741 -0.272319089 0 0 0 6.10351562e-05
-0.715115827 0.529688763 -0.379719433 0 0 0 6.10351562e-05
0.340312567 0.475419949 0.315241384 0 0 0 6.10351562e-05
0.0583135086 -0.565557339 0.0318224182 0 0 0 6.10351562e-05
-0.0974104947 -0.154804184 0.812075642 0 0 0 6.10351562e-05
0.251194621 0.120739251 0.764498157 0 0 0 6.10351562e-05
-0.33359906 0.0714075195 -0.792180714 0 0 0 6.10351562e-05
0.426956187 0.394911525 -0.653221172 0 0 0 6.10351562e-05
-0.184620131 0.295202943 -0.184080568 0 0 0 6.10351562e-05
0.0629520734 0.238814311 -0.881875673 0 0 0 6.10351562e-05
-0.563301388 0.670584853 -0.30572378 0 0 0 6.10351562e-05
-0.43286148 -0.583734109 0.533611173 0 0 0 6.10351562e-05
0.537358207 -0.668224571 -0.125122252 0 0 0 6.10351562e-05
-0.0704248393 0.42753386 0.655072819 0 0 0 6.10351562e-05
-0.0223005364 0.79272495 0.230509457 0 0 0 6.10351562e-05
0.120696151 -0.460094654 0.838048649 0 0 0 6.10351562e-05
0.549724489 0.490911474 -0.220657872 0 0 0 6.10351562e-05
-0.754685237 -0.29002734 0.0270630858 0 0 0 6.10351562e-05
0.574856255 0.0875090519 -0.628648917 0 0 0 6.10351562e-05
0.367506726 -0.199835341 -0.29175901 0 0 0 6.10351562e-05
-0.333346459 -0.504691359 -0.710277231 0 0 0 6.10351562e-05
-0.838925088 0.13842968 -0.165139759 0 0 0 6.10351562e-05
-0.0982868267 -0.139046773 0.499075429 0 0 0 6.10351562e-05
0.356468307 0.140273164 0.0161796876 0 0 0 6.10351562e-05
0.615938761 0.0594081562 -0.191611407 0 0 0 6.10351562e-05
-0.447196623 -0.0322097009 0.0113587565 0 0 0 6.10351562e-05
0.237336846 -0.180530822 0.791894184 0 0 0 6.10351562e-05
-0.121823917 -0.418256826 -0.130170923 0 0 0 6.10351562e-05
0.0670012206 -0.800929902 -0.0441361863 0 0 0 6.10351562e-05
0.746691501 -0.485323273 -0.131262599 0 0 0 6.10351562e-05
-0.286765101 0.657371261 -0.0779708947 0 0 0 6.10351562e-05
0.954812539 0.10608107 0.261532004 0 0 0 6.10351562e-05
-0.0414287597 -0.294889839 -0.12949332 0 0 0 6.10351562e-05
0.13571928 -0.458473973 0.086822978 0 0 0 6.10351562e-05
-0.52559025 -0.521243923 0.325477197 0 0 0 6.10351562e-05
0.026055337 0.696512032 0.709236139 0 0 0 6.10351562e-05
-0.362754527 -0.341454791 -0.380706669 0 0 0 6.10351562e-05
0.0804055273 0.0932386245 0.140546744 0 0 0 6.10351562e-05
0.700261652 0.0794722417 0.372215589 0 0 0 6.10351562e-05
0.376908232 -0.531935126 -0.727497335 0 0 0 6.10351562e-05
-0.189067278 -0.486298286 -0.64265709 0 0 0 6.10351562e-05
-0.0563267277 -0.559596664 0.508912822 0 0 0 6.10351562e-05
-0.0642145345 0.596745617 0.0680004084 0 0 0 6.10351562e-05
0.579606483 -0.331397284 0.468611785 0 0 0 6.10351562e-05
-0.751624457 -0.454280257 0.0760244721 0 0 0 6.10351562e-05
0.43132884 -0.439953802 -0.303629816 0 0 0 6.10351562e-05
-0.195042366 -0.371169414 0.241949133 0 0 0 6.10351562e-05
0.143311562 0.0883324078 -0.345235451 0 0 0 6.10351562e-05
0.79636965 0.330282282 0.506330825 0 0 0 6.10351562e-05
-0.124846779 -0.49774078 0.00681376996 0 0 0 6.10351562e-05
-0.637942858 -0.480252617 -0.536890285 0 0 0 6.10351562e-05
0.114443635 0.479678044 0.801383059 0 0 0 6.10351562e-05
-0.314471308 -0.367274555 0.69863036 0 0 0 6.10351562e-05
-0.148985237 -0.537586833 0.36415447 0 0 0 6.10351562e-05
0.66747661 -0.564902247 0.461935559 0 0 0 6.10351562e-05
-0.655270956 -0.554650858 0.318119448 0 0 0 6.10351562e-05
-0.439219758 0.155684312 -0.0620877001 0 0 0 6.10351562e-05
0.650669915 -0.242937259 0.104325752 0 0 0 6.10351562e-05
0.296789512 0.226916372 0.516830652 0 0 0 6.10351562e-05
-0.395649948 0.744322985 0.242112515 0 0 0 6.10351562e-05
-0.688627432 0.679142074 0.227412174 0 0 0 6.10351562e-05
0.404691525 -0.249691353 -0.520252589 0 0 0 6.10351562e-05
0.48128043 0.790577735 -0.29502635 0 0 0 6.10351562e-05
0.549592869 0.078295206 -0.667450999 0 0 0 6.10351562e-05
-0.308455515 0.451482907 -0.0526190479 0 0 0 6.10351562e-05
0.859773644 0.415372783 0.00422183511 0 0 0 6.10351562e-05
0.00435479253 0.38187368 0.390041196 0 0 0 6.10351562e-05
-0.555651161 -0.186618108 -0.335089539 0 0 0 6.10351562e-05
0.496684233 0.665677111 0.469244701 0 0 0 6.10351562e-05
0.560764603 0.017726568 0.699946282 0 0 0 6.10351562e-05
0.282661444 -0.000853280493 0.769725563 0 0 0 6.10351562e-05
0.0823278304 0.170997242 0.927646192 0 0 0 6.10351562e-05
0.191670008 -0.442285978 0.376181233 0 0 0 6.10351562e-05
0.734098637 0.431329725 0.437574735 0 0 0 6.10351562e-05
-0.175004607 -0.0960217595 0.407739808 0 0 0 6.10351562e-05
0.262834625 -0.0858934419 -0.65742149 0 0 0 6.10351562e-05
0.569071992 -0.756357293 0.103329884 0 0 0 6.10351562e-05
-0.442894742 0.770405737 -0.203490879 0 0 0 6.10351562e-05
0.182417199 0.0683519463 -0.540646118 0 0 0 6.10351562e-05
-0.0730211001 -0.272503501 0.296926323 0 0 0 6.10351562e-05
0.744481388 -0.617795796 0.0935975355 0 0 0 6.10351562e-05
-0.58150547 0.200407533 -0.105120737 0 0 0 6.10351562e-05
-0.366287657 -0.088465144 0.905363927 0 0 0 6.10351562e-05
0.353897583 0.57673295 0.433077478 0 0 0 6.10351562e-05
-0.727808016 0.336817227 -0.183834771 0 0 0 6.10351562e-05
0.0773596044 0.215961843 -0.658014571 0 0 0 6.10351562e-05
0.179438269 -0.502610141 0.201572582 0 0 0 6.10351562e-05
0.268721109 0.248075832 -0.839838128 0 0 0 6.10351562e-05
0.142069575 -0.293592926 -0.224761849 0 0 0 6.10351562e-05
-0.205847641 0.0328309644 0.294013632 0 0 0 6.10351562e-05
0.505924412 -0.193530747 -0.697597361 0 0 0 6.10351562e-05
0.54433149 0.385551393 0.426470411 0 0 0 6.10351562e-05
0.372432311 -0.296603904 0.276943465 0 0 0 6.10351562e-05
0.359885415 -0.565869221 -0.313722241 0 0 0 6.10351562e-05
0.190307464 0.634669373 -0.70513229 0 0 0 6.10351562e-05
-0.0734899423 -0.489382853 -0.108183406 0 0 0 6.10351562e-05
0.0112241599 0.452153675 0.347487989 0 0 0 6.10351562e-05
0.104386136 -0.423380703 0.269886837 0 0 0 6.10351562e-05
-0.257043473 -0.725786572 0.225171058 0 0 0 6.10351562e-05
0.412540566 -0.726028092 0.243216941 0 0 0 6.10351562e-05
-0.157833061 0.0970257123 0.533059547 0 0 0 6.10351562e-05
0.173565506 0.905410785 0.180914755 0 0 0 6.10351562e-05
-0.0414814942 -0.308743534 0.49470487 0 0 0 6.10351562e-05
-0.037337488 0.174951106 -0.725262733 0 0 0 6.10351562e-05
-0.0702065668 0.160675721 -0.130402649 0 0 0 6.10351562e-05
0.0173466996 -0.576173652 -0.648238642 0 0 0 6.10351562e-05
0.77243861 -0.307159465 -0.338121901 0 0 0 6.10351562e-05
0.267683851 -0.234852706 -0.604627401 0 0 0 6.10351562e-05
0.0687407567 0.577269594 -0.321682212 0 0 0 6.10351562e-05
0.31531658 0.273920528 -0.575774196 0 0 0 6.10351562e-05
0.328716132 -0.819572389 -0.354687043 0 0 0 6.10351562e-05
0.666340667 -0.51215852 -0.373990592 0 0 0 6.10351562e-05
-0.787757374 -0.230178273 0.0639767038 0 0 0 6.10351562e-05
-0.399793955 0.000791276095 -0.5282915 0 0 0 6.10351562e-05
-0.423010692 0.285658396 0.643422581 0 0 0 6.10351562e-05
0.327333335 -0.297834669 -0.0328992011 0 0 0 6.10351562e-05
-0.494613945 -0.0541557855 -0.0315384427 0 0 0 6.10351562e-05
0.685022905 -0.267353283 -0.016117393 0 0 0 6.10351562e-05
0.37322984 -0.176716512 -0.560881577 0 0 0 6.10351562e-05
0.685712197 -0.203743483 0.0223216376 0 0 0 6.10351562e-05
-0.340274789 -0.647935136 0.199120098 0 0 0 6.10351562e-05
-0.090517306 0.403351027 0.24525983 0 0 0 6.10351562e-05
0.154618323 0.220335558 -0.411373282 0 0 0 6.10351562e-05
-0.387539253 0.060434509 0.610954166 0 0 0 6.10351562e-05
0.569051044 0.45438938 -0.103020466 0 0 0 6.10351562e-05
-0.0351435677 -0.31669155 -0.181990225 0 0 0 6.10351562e-05
0.194022378 0.546514182 -0.121156969 0 0 0 6.10351562e-05
-0.374911276 0.439078908 -0.59594783 0 0 0 6.10351562e-05
-0.408356183 -0.172256479 0.549117505 0 0 0 6.10351562e-05
0.68821113 0.292625291 -0.209705095 0 0 0 6.10351562e-05
0.630050563 -0.445149676 -0.0255750979 0 0 0 6.10351562e-05
0.420625564 0.505942122 0.430440302 0 0 0 6.10351562e-05
0.116810997 0.896224651 -0.0789637252 0 0 0 6.10351562e-05
0.288263276 -0.268376766 0.544835201 0 0 0 6.10351562e-05
-0.737027521 -0.0769025837 -0.228377702 0 0 0 6.10351562e-05
-0.289130295 0.772684621 0.248942238 0 0 0 6.10351562e-05
0.833295382 0.494358676 0.0703185452 0 0 0 6.10351562e-05
0.237366498 -0.77190278 -0.271810444 0 0 0 6.10351562e-05
-0.200199132 0.216137053 0.690173755 0 0 0 6.10351562e-05
-0.480392815 0.767702371 0.114848571 0 0 0 6.10351562e-05
0.589146614 -0.0155895786 -0.066556263 0 0 0 6.10351562e-05
-0.646238957 0.636952594 -0.206536731 0 0 0 6.10351562e-05
0.467949889 0.401699629 0.721807822 0 0 0 6.10351562e-05
0.695342738 0.202961897 -0.321827609 0 0 0 6.10351562e-05
0.545990041 -0.63739974 0.00599880839 0 0 0 6.10351562e-05
-0.577527555 -0.419120929 0.526381632 0 0 0 6.10351562e-05
-0.201488897 -0.382557068 0.107680057 0 0 0 6.10351562e-05
0.56697015 -0.173179803 -0.1921377 0 0 0 6.10351562e-05
0.261072069 -0.324292775 0.751340474 0 0 0 6.10351562e-05
0.537070281 0.590249992 0.200162761 0 0 0 6.10351562e-05
0.214998425 0.207299363 0.75620926 0 0 0 6.10351562e-05
-0.0166859329 -0.270171106 -0.777211024 0 0 0 6.10351562e-05
0.189056802 0.203658269 0.0311585941 0 0 0 6.10351562e-05
-0.240586725 0.8275855 0.322727057 0 0 0 6.10351562e-05
-0.63244631 0.538031957 0.105607584 0 0 0 6.10351562e-05
-0.574125673 0.577120661 0.256073341 0 0 0 6.10351562e-05
-0.850182392 -0.222331596 0.334518342 0 0 0 6.10351562e-05
-0.43025925 -0.329374082 0.303216433 0 0 0 6.10351562e-05
0.105375767 -0.171436279 0.613284124 0 0 0 6.10351562e-05
0.732051948 0.427575678 0.383993356 0 0 0 6.10351562e-05
0.35203907 0.0910438791 0.788160653 0 0 0 6.10351562e-05
-0.353517316 0.0329588301 -0.0672572089 0 0 0 6.10351562e-05
0.281446487 0.685057962 0.0316397323 0 0 0 6.10351562e-05
-0.398854132 -0.104449807 -0.259906215 0 0 0 6.10351562e-05
-0.687061599 -0.272181484 -0.149659413 0 0 0 6.10351562e-05
-0.400452416 0.0277670777 -0.00139716581 0 0 0 6.10351562e-05
0.476281274 0.440457472 0.410369129 0 0 0 6.10351562e-05
0.813682972 -0.0619199467 0.568883858 0 0 0 6.10351562e-05
0.358309466 0.0434444402 -0.753164061 0 0 0 6.10351562e-05
-0.316678285 -0.437324914 0.253689506 0 0 0 6.10351562e-05
0.521513651 0.748599937 -0.0839093035 0 0 0 6.10351562e-05
0.143658311 -0.434778974 0.699153205 0 0 0 6.10351562e-05
-0.0787025785 -0.702047637 -0.311442756 0 0 0 6.10351562e-05
-0.565144657 -0.750421737 -0.0028854194 0 0 0 6.10351562e-05
0.553705668 0.595349921 -0.290845734 0 0 0 6.10351562e-05
-0.263740947 0.382169858 -0.608962078 0 0 0 6.10351562e-05
0.172838297 0.473250942 -0.813315524 0 0 0 6.10351562e-05
0.44724474 -0.348197872 -0.502741081 0 0 0 6.10351562e-05
-0.109812304 -0.448447595 0.571583928 0 0 0 6.10351562e-05
-0.42538784 0.478024449 0.215954356 0 0 0 6.10351562e-05
-0.378825538 0.562503266 0.406333802 0 0 0 6.10351562e-05
-0.161129244 -0.312899453 0.261864492 0 0 0 6.10351562e-05
0.0993595751 0.190717452 -0.324426488 0 0 0 6.10351562e-05
-0.717972572 0.539199648 -0.215502422 0 0 0 6.10351562e-05
0.134360558 -0.327815074 0.582053401 0 0 0 6.10351562e-05
0.317920209 0.0086942196 -0.742066291 0 0 0 6.10351562e-05
0.457413769 -0.239899008 -0.84119777 0 0 0 6.10351562e-05
-0.812870981 0.0291976459 -0.382622261 0 0 0 6.10351562e-05
-0.0849617009 -0.874956816 0.106930694 0 0 0 6.10351562e-05
0.367228925 -0.100689838 -0.642255332 0 0 0 6.10351562e-05
0.0491859616 -0.171996049 -0.566850394 0 0 0 6.10351562e-05
0.826430635 -0.412124505 -0.017896163 0 0 0 6.10351562e-05
-0.0478158443 -0.879883821 0.043375608 0 0 0 6.10351562e-05
-0.511171931 0.646714502 -0.424091796 0 0 0 6.10351562e-05
-0.727056943 0.0438427595 0.129845129 0 0 0 6.10351562e-05
-0.246993618 -0.0774205132 0.858927275 0 0 0 6.10351562e-05
0.215086369 -0.234987369 -0.282036545 0 0 0 6.10351562e-05
0.0253086493 0.354068462 0.53321875 0 0 0 6.10351562e-05
0.904926698 0.0723584388 0.219577884 0 0 0 6.10351562e-05
-0.188565127 -0.126189023 -0.145536496 0 0 0 6.10351562e-05
-0.0266969873 0.4419683 0.609687503 0 0 0 6.10351562e-05
-0.137286047 0.236173324 0.697750095 0 0 0 6.10351562e-05
0.10262047 0.140898964 0.557944313 0 0 0 6.10351562e-05
0.0779193278 -0.649057771 -0.430708653 0 0 0 6.10351562e-05
-0.0748786558 -0.295138226 0.943665396 0 0 0 6.10351562e-05
-0.752119634 0.170695481 0.0848179964 0 0 0 6.10351562e-05
-0.244189158 0.123864213 0.497212391 0 0 0 6.10351562e-05
0.758144153 0.110672746 0.0624896988 0 0 0 6.10351562e-05
-0.375893184 0.603259459 -0.639950691 0 0 0 6.10351562e-05
-0.00761486436 -0.227504607 0.156074306 0 0 0 6.10351562e-05
-0.320054339 0.135832896 0.124840247 0 0 0 6.10351562e-05
-0.719553975 0.550333804 -0.133145062 0 0 0 6.10351562e-05
-0.243129246 0.0593443771 0.435975636 0 0 0 6.10351562e-05
-0.685176169 0.047096746 0.081540268 0 0 0 6.10351562e-05
0.563719819 -0.716022933 0.213964922 0 0 0 6.10351562e-05
0.132942927 -0.531633908 -0.11921878 0 0 0 6.10351562e-05
-0.608777672 0.259371851 -0.0375839803 0 0 0 6.10351562e-05
-0.596082953 -0.0156200685 0.504257541 0 0 0 6.10351562e-05
0.77934763 0.429687674 0.302168892 0 0 0 6.10351562e-05
0.232290889 -0.501407523 -0.808505287 0 0 0 6.10351562e-05
-0.924706077 -0.298259182 0.0172033485 0 0 0 6.10351562e-05
-0.225384176 -0.203054078 -0.363302961 0 0 0 6.10351562e-05
0.611522628 0.193225956 -0.15326021 0 0 0 6.10351562e-05
-0.262584953 -0.029495 0.256076894 0 0 0 6.10351562e-05
0.60238031 0.260237738 0.0625988675 0 0 0 6.10351562e-05
0.78645325 0.0181088206 0.155772778 0 0 0 6.10351562e-05
0.20963047 0.0991116419 0.871245107 0 0 0 6.10351562e-05
-0.309750731 -0.564345789 -0.278009687 0 0 0 6.10351562e-05
0.382280172 -0.231054423 0.205136317 0 0 0 6.10351562e-05
0.511117049 0.236248698 0.164530456 0 0 0 6.10351562e-05
0.538495404 -0.338648874 0.271759893 0 0 0 6.10351562e-05
0.605178065 -0.478352316 -0.569231138 0 0 0 6.10351562e-05
-0.746557355 -0.0475961772 0.660989643 0 0 0 6.10351562e-05
-0.470782372 0.620675501 -0.140937924 0 0 0 6.10351562e-05
0.143381068 0.138407064 0.470189352 0 0 0 6.10351562e-05
-0.455136682 0.352865818 -0.395605752 0 0 0 6.10351562e-05
0.615537653 -0.297888374 -0.346673377 0 0 0 6.10351562e-05
-0.038690699 -0.0758421094 0.532849313 0 0 0 6.10351562e-05
-0.138496769 0.104001857 -0.284587837 0 0 0 6.10351562e-05
0.354359268 -0.506015887 -0.607392077 0 0 0 6.10351562e-05
0.563325067 0.0125357403 0.0843578747 0 0 0 6.10351562e-05
-0.215535926 0.511937411 0.747644983 0 0 0 6.10351562e-05
-0.148528948 -0.144447371 -0.619282121 0 0 0 6.10351562e-05
-0.424617584 -0.415718114 -0.408563719 0 0 0 6.10351562e-05
0.157512155 0.0175794736 0.091027372 0 0 0 6.10351562e-05
-0.847598708 0.325188708 0.0195509339 0 0 0 6.10351562e-05
-0.669064158 0.240837607 -0.29301728 0 0 0 6.10351562e-05
0.399190918 -0.109836613 0.112788062 0 0 0 6.10351562e-05
-0.140747359 -0.637862444 -0.130963449 0 0 0 6.10351562e-05
0.543094393 0.778274136 -0.0067032264 0 0 0 6.10351562e-05
0.154974599 0.379340251 -0.213917429 0 0 0 6.10351562e-05
-0.320396173 0.575917954 0.0610656478 0 0 0 6.10351562e-05
-0.148445212 0.00121391582 -0.593060098 0 0 0 6.10351562e-05
-0.676421097 0.376298663 -0.250502567 0 0 0 6.10351562e-05
-0.343019392 -0.646519419 0.423441472 0 0 0 6.10351562e-05
0.74745158 0.0617700934 -0.022487658 0 0 0 6.10351562e-05
0.188783053 -0.704023349 0.031858654 0 0 0 6.10351562e-05
-0.549976944 -0.0490318877 0.250594485 0 0 0 6.10351562e-05
-0.142661809 0.270552387 0.332246902 0 0 0 6.10351562e-05
0.442091775 0.513711172 0.408608655 0 0 0 6.10351562e-05
0.207774702 -0.256053014 -0.727331968 0 0 0 6.10351562e-05
0.687104376 -0.193356077 0.24602212 0 0 0 6.10351562e-05
0.526558563 0.678451869 -0.231969213 0 0 0 6.10351562e-05
-0.389625125 -0.348316481 -0.558810904 0 0 0 6.10351562e-05
0.109024734 0.373581673 -0.0195435561 0 0 0 6.10351562e-05
-0.127045172 -0.129878187 0.973733536 0 0 0 6.10351562e-05
-0.222249108 0.553333623 -0.164449539 0 0 0 6.10351562e-05
-0.229164041 -0.242211043 -0.43639143 0 0 0 6.10351562e-05
-0.998111297 -0.00240031865 -0.0480514905 0 0 0 6.10351562e-05
0.765664355 0.581805915 0.201408451 0 0 0 6.10351562e-05
0.817273664 0.121878497 -0.33906347 0 0 0 6.10351562e-05
0.424108119 0.293854383 0.42596861 0 0 0 6.10351562e-05
0.219714472 0.186585805 -0.613319368 0 0 0 6.10351562e-05
-0.248902817 -0.310639461 -0.0244205681 0 0 0 6.10351562e-05
-0.704648237 -0.309639435 0.398773085 0 0 0 6.10351562e-05
-0.224453922 0.29583306 0.146292409 0 0 0 6.10351562e-05
-0.0921576171 -0.554172915 -0.298715734 0 0 0 6.10351562e-05
0.180919114 0.218856841 -0.572782407 0 0 0 6.10351562e-05
-0.51004343 0.763590604 -0.0609903614 0 0 0 6.10351562e-05
0.412275625 0.419796631 -0.234372564 0 0 0 6.10351562e-05
0.337435804 -0.271368968 0.48848317 0 0 0 6.10351562e-05
-0.36420559 0.575995005 -0.381287202 0 0 0 6.10351562e-05
-0.728184415 0.549310831 -0.336019424 0 0 0 6.10351562e-05
-0.330244873 0.246544477 0.684366495 0 0 0 6.10351562e-05
0.135840422 0.663725698 -0.393000141 0 0 0 6.10351562e-05
0.191185654 -0.677317019 -0.70104921 0 0 0 6.10351562e-05
-0.309764796 0.158661959 0.279743802 0 0 0 6.10351562e-05
0.652983968 -0.0963965634 0.239550955 0 0 0 6.10351562e-05
0.359632401 0.039420796 -0.55022414 0 0 0 6.10351562e-05
-0.0931004149 -0.904819693 0.1065942 0 0 0 6.10351562e-05
0.261961644 -0.466549714 0.793314377 0 0 0 6.10351562e-05
0.154958879 0.920456046 -0.045624823 0 0 0 6.10351562e-05
-0.158046321 -0.709864784 -0.0253830665 0 0 0 6.10351562e-05
0.499335256 0.604654652 -0.335743082 0 0 0 6.10351562e-05
0.231944448 0.215011196 0.586906734 0 0 0 6.10351562e-05
-0.103314634 -0.225144828 0.828534357 0 0 0 6.10351562e-05
0.00752378832 0.296628147 -0.21324661 0 0 0 6.10351562e-05
-0.266326419 0.192850807 -0.589431384 0 0 0 6.10351562e-05
-0.506345855 -0.331277949 -0.170222048 0 0 0 6.10351562e-05
0.0407080412 0.832437142 0.488302389 0 0 0 6.10351562e-05
0.307660841 -0.746355926 0.352742454 0 0 0 6.10351562e-05
0.64856106 -0.618109224 -0.286388985 0 0 0 6.10351562e-05
0.274862445 0.416271839 -0.219174008 0 0 0 6.10351562e-05
-0.548991322 0.291734428 -0.532520687 0 0 0 6.10351562e-05
-0.666511188 -0.534301379 0.0517887541 0 0 0 6.10351562e-05
-0.511589073 0.571495606 0.149024704 0 0 0 6.10351562e-05
-0.56865072 -0.117240004 -0.602793641 0 0 0 6.10351562e-05
0.0166035031 -0.558825562 -0.528591324 0 0 0 6.10351562e-05
0.591086603 0.333701547 0.184752872 0 0 0 6.10351562e-05
0.00927125492 0.645046811 0.242376633 0 0 0 6.10351562e-05
-0.179360264 0.495049916 -0.252483551 0 0 0 6.10351562e-05
-0.380955769 -0.536735955 -0.566399054 0 0 0 6.10351562e-05
-0.752960186 0.213837917 -0.0588959428 0 0 0 6.10351562e-05
0.162337841 -0.299222238 -0.819509199 0 0 0 6.10351562e-05
0.166021312 -0.115005437 -0.333792102 0 0 0 6.10351562e-05
0.291569779 -0.253670121 -0.916684043 0 0 0 6.10351562e-05
0.521483725 -0.194659889 0.498296167 0 0 0 6.10351562e-05
0.0476713025 0.264466054 -0.883631012 0 0 0 6.10351562e-05
0.4468669 -0.61055495 -0.235867349 0 0 0 6.10351562e-05
-0.111097195 0.861753847 -0.166193875 0 0 0 6.10351562e-05
0.03792023 0.20120795 -0.413497569 0 0 0 6.10351562e-05
0.693019051 -0.387263649 0.0227457016 0 0 0 6.10351562e-05
0.377127718 0.258823478 0.565951846 0 0 0 6.10351562e-05
0.696477966 0.0652974403 -0.333637979 0 0 0 6.10351562e-05
-0.759206152 0.260059566 -0.487108903 0 0 0 6.10351562e-05
0.552844812 -0.0934207436 -0.159534573 0 0 0 6.10351562e-05
0.775762815 0.090094295 0.377466527 0 0 0 6.10351562e-05
0.0177260551 -0.379490854 -0.75626232 0 0 0 6.10351562e-05
0.674697175 -0.340689441 -0.481369121 0 0 0 6.10351562e-05
0.733414094 -0.344578449 0.425460339 0 0 0 6.10351562e-05
0.231914056 0.377291707 -0.66839343 0 0 0 6.10351562e-05
0.354050229 0.302542235 0.813881583 0 0 0 6.10351562e-05
0.563131275 0.219737808 0.423213911 0 0 0 6.10351562e-05
0.557530746 -0.0395952387 0.216119152 0 0 0 6.10351562e-05
-0.0589583349 0.405048319 -0.894815357 0 0 0 6.10351562e-05
0.270176466 -0.594354967 0.385124758 0 0 0 6.10351562e-05
0.837722109 0.173287572 -0.162826139 0 0 0 6.10351562e-05
-0.0489710203 0.250600005 0.862126651 0 0 0 6.10351562e-05
-0.162244867 -0.138309173 0.0300744074 0 0 0 6.10351562e-05
0.032987823 -0.439627725 0.661767051 0 0 0 6.10351562e-05
-0.806764554 0.0367632163 -0.322233171 0 0 0 6.10351562e-05
-0.369375674 -0.414100854 0.154751083 0 0 0 6.10351562e-05
0.849184192 -0.123385975 -0.471565685 0 0 0 6.10351562e-05
0.182917281 -0.657736419 0.292686519 0 0 0 6.10351562e-05
-0.411283751 0.0368341535 0.36709666 0 0 0 6.10351562e-05
0.0294988849 0.973151042 -0.0695960509 0 0 0 6.10351562e-05
-0.888197114 0.369287448 -0.258688879 0 0 0 6.10351562e-05
-0.26899345 0.0503353725 -0.70312265 0 0 0 6.10351562e-05
-0.563416423 0.760726268 0.243350307 0 0 0 6.10351562e-05
-0.122156822 -0.528321071 -0.653519241 0 0 0 6.10351562e-05
0.264434572 -0.0691662947 0.692449388 0 0 0 6.10351562e-05
0.779889813 -0.0340317931 0.00948770108 0 0 0 6.10351562e-05
-0.432716204 -0.802284286 0.36643274 0 0 0 6.10351562e-05
0.281893724 -0.427688418 -0.377957115 0 0 0 6.10351562e-05
0.00277473745 0.205908468 0.371430192 0 0 0 6.10351562e-05
0.191899718 -0.328306442 -0.119292661 0 0 0 6.10351562e-05
0.258911477 -0.85544463 0.107052162 0 0 0 6.10351562e-05
0.39735627 -0.660619319 0.082863972 0 0 0 6.10351562e-05
-0.955951632 -0.118723358 -0.071073917 0 0 0 6.10351562e-05
-0.302677799 0.739474965 -0.0155861083 0 0 0 6.10351562e-05
-0.401045131 0.428678529 0.753022124 0 0 0 6.10351562e-05
-0.200549023 0.416776325 0.729218199 0 0 0 6.10351562e-05
-0.738031932 -0.0124588219 -0.048210774 0 0 0 6.10351562e-05
-0.264991582 -0.285243937 -0.379714359 0 0 0 6.10351562e-05
-0.795383943 0.0558176862 0.242471274 0 0 0 6.10351562e-05
0.0546844154 -0.206151875 0.943907347 0 0 0 6.10351562e-05
-0.0228713578 -0.927640558 -0.189570163 0 0 0 6.10351562e-05
-0.114783692 0.599971558 0.565839991 0 0 0 6.10351562e-05
-0.513642529 -0.0652818422 -0.447046525 0 0 0 6.10351562e-05
0.0552916555 0.359098651 0.719478766 0 0 0 6.10351562e-05
0.612634825 0.56791424 -0.279509082 0 0 0 6.10351562e-05
0.0520738067 0.949937897 -0.113280715 0 0 0 6.10351562e-05
0.177972862 -0.424597923 0.346906658 0 0 0 6.10351562e-05
0.450127731 0.352972116 -0.380959327 0 0 0 6.10351562e-05
-0.891039172 0.365884974 -0.0447032335 0 0 0 6.10351562e-05
0.360263117 0.259483951 0.2290738 0 0 0 6.10351562e-05
-0.706785164 0.366835882 -0.0486500581 0 0 0 6.10351562e-05
0.362886983 -0.0819028031 -0.265915224 0 0 0 6.10351562e-05
0.183919585 0.282016422 0.327385995 0 0 0 6.10351562e-05
-0.0994896172 0.182417463 -0.873900733 0 0 0 6.10351562e-05
-0.111689868 -0.176302566 0.0454517366 0 0 0 6.10351562e-05
-0.164706881 -0.0919152121 -0.754082965 0 0 0 6.10351562e-05
0.46830861 -0.238983572 0.693100522 0 0 0 6.10351562e-05
0.63153893 -0.162496848 0.053920965 0 0 0 6.10351562e-05
-0.475948903 -0.337931703 -0.476837427 0 0 0 6.10351562e-05
-0.331187023 -0.484475495 -0.331221475 0 0 0 6.10351562e-05
0.0792370849 0.136930926 -0.0797867112 0 0 0 6.10351562e-05
-0.409188331 -0.500432845 -0.196314078 0 0 0 6.10351562e-05
0.274180728 0.774555957 -0.265547021 0 0 0 6.10351562e-05
-0.107787021 0.371887854 0.16762673 0 0 0 6.10351562e-05
0.236922918 0.326785892 -0.857266407 0 0 0 6.10351562e-05
0.199188064 0.923881219 -0.232198885 0 0 0 6.10351562e-05
0.435508574 -0.844523662 0.109891868 0 0 0 6.10351562e-05
-0.488734644 -0.658798173 0.343189165 0 0 0 6.10351562e-05
0.374727172 -0.728491201 0.107763582 0 0 0 6.10351562e-05
-0.541151214 0.704807261 -0.0146744073 0 0 0 6.10351562e-05
-0.26049459 -0.126835644 -0.291731103 0 0 0 6.10351562e-05
0.0376738098 -0.106341366 0.432218386 0 0 0 6.10351562e-05
-0.447930293 -0.776628156 0.22693871 0 0 0 6.10351562e-05
0.430476035 0.328439361 0.108079273 0 0 0 6.10351562e-05
0.726224813 -0.0495065706 0.394919957 0 0 0 6.10351562e-05
-0.0609665366 -0.359173855 -0.0924358423 0 0 0 6.10351562e-05
0.153162087 0.428380421 -0.284877417 0 0 0 6.10351562e-05
0.342176553 -0.737404056 -0.476488265 0 0 0 6.10351562e-05
-0.071464984 -0.684358649 -0.603621067 0 0 0 6.10351562e-05
-0.29040344 0.791575107 -0.0796045441 0 0 0 6.10351562e-05
0.858401655 0.216448285 0.453001879 0 0 0 6.10351562e-05
-0.157719162 0.447140165 -0.329515018 0 0 0 6.10351562e-05
-0.154839228 0.0415691627 -0.924752029 0 0 0 6.10351562e-05
0.213865483 -0.400801863 0.420892769 0 0 0 6.10351562e-05
-0.774473447 0.0442620276 0.593236377 0 0 0 6.10351562e-05
-0.429639889 0.120977592 0.164226701 0 0 0 6.10351562e-05
0.0409043979 0.48851746 -0.229383308 0 0 0 6.10351562e-05
0.885379771 0.105847694 -0.3999595 0 0 0 6.10351562e-05
-0.325977243 0.194947733 -0.9070633 0 0 0 6.10351562e-05
-0.10641196 -0.147591595 0.276975177 0 0 0 6.10351562e-05
-0.319484818 -0.0889079214 0.366242875 0 0 0 6.10351562e-05
-0.342145729 0.197520359 -0.0130968522 0 0 0 6.10351562e-05
0.308498914 -0.543048612 -0.536497673 0 0 0 6.10351562e-05
0.0920593613 0.107887655 -0.43860221 0 0 0 6.10351562e-05
-0.314087868 0.354784239 0.545925204 0 0 0 6.10351562e-05
-0.0692990269 -0.558859631 -0.513943035 0 0 0 6.10351562e-05
0.228708898 -0.57720309 -0.602315077 0 0 0 6.10351562e-05
-0.88061266 -0.103321846 0.144614869 0 0 0 6.10351562e-05
0.128473878 0.117426136 -0.120836914 0 0 0 6.10351562e-05
-0.0394996978 0.631364886 -0.605581893 0 0 0 6.10351562e-05
0.554024115 -0.522193458 -0.435884864 0 0 0 6.10351562e-05
-0.53022479 -0.344573492 -0.570584495 0 0 0 6.10351562e-05
-0.309165515 0.214943332 -0.473970726 0 0 0 6.10351562e-05
0.235642085 0.0346135099 0.723901423 0 0 0 6.10351562e-05
-0.423186658 -0.779266797 -0.376333917 0 0 0 6.10351562e-05
0.181502928 0.493032181 0.284512532 0 0 0 6.10351562e-05
-0.31322592 -0.298209698 0.757295995 0 0 0 6.10351562e-05
-0.385202609 -0.756718113 -0.287019853 0 0 0 6.10351562e-05
-0.462494661 0.167491703 -0.17128761 0 0 0 6.10351562e-05
0.0949691614 -0.0868385007 -0.525457789 0 0 0 6.10351562e-05
-0.521654379 -0.626529428 0.300727013 0 0 0 6.10351562e-05
0.400700953 0.109163532 -0.577458562 0 0 0 6.10351562e-05
-0.732224452 -0.187791429 -0.118089201 0 0 0 6.10351562e-05
0.882638971 0.407518683 0.0633165527 0 0 0 6.10351562e-05
-0.0340467715 0.264040356 0.235337618 0 0 0 6.10351562e-05
0.441586847 -0.259034597 0.542643743 0 0 0 6.10351562e-05
0.86614738 -0.325959663 0.193406423 0 0 0 6.10351562e-05
-0.0844279333 0.63796177 -0.531580438 0 0 0 6.10351562e-05
0.363735743 0.757497854 -0.132809768 0 0 0 6.10351562e-05
0.609343766 0.358202885 -0.0401520561 0 0 0 6.10351562e-05
-0.612834406 0.193224168 -0.248242435 0 0 0 6.10351562e-05
-0.925984676 0.279708626 -0.114066218 0 0 0 6.10351562e-05
0.567874083 -0.691285437 -0.211907677 0 0 0 6.10351562e-05
0.667481205 0.335807689 -0.439351939 0 0 0 6.10351562e-05
-0.546866164 -0.444489641 0.0291669425 0 0 0 6.10351562e-05
-0.665066196 0.644005143 0.29552086 0 0 0 6.10351562e-05
0.616175716 -0.391156865 0.0217099121 0 0 0 6.10351562e-05
0.350133433 0.416833706 -0.662797723 0 0 0 6.10351562e-05
-0.320191209 -0.189016638 -0.559598975 0 0 0 6.10351562e-05
-0.157018376 -0.456154231 0.0256446182 0 0 0 6.10351562e-05
-0.302241427 -0.732903173 0.0798679907 0 0 0 6.10351562e-05
-0.0564774806 0.213460013 0.806238903 0 0 0 6.10351562e-05
0.387617136 -0.626613875 -0.452853205 0 0 0 6.10351562e-05
-0.697433532 -0.681699187 -0.12806708 0 0 0 6.10351562e-05
-0.440544459 -0.164456993 -0.543315857 0 0 0 6.10351562e-05
0.155669079 -0.384752802 0.759799554 0 0 0 6.10351562e-05
-0.0111494153 -0.300731041 0.437234966 0 0 0 6.10351562e-05
-0.302155329 -0.601803473 0.382927849 0 0 0 6.10351562e-05
-0.156349356 0.00846375567 0.972631887 0 0 0 6.10351562e-05
-0.0261581 0.322569749 0.0135135742 0 0 0 6.10351562e-05
0.138486338 -0.701516375 -0.512305575 0 0 0 6.10351562e-05
-0.017740589 0.44883082 -0.76646968 0 0 0 6.10351562e-05
0.385532443 0.742024293 0.431487774 0 0 0 6.10351562e-05
0.10865547 0.682275061 -0.410679284 0 0 0 6.10351562e-05
-0.235693044 -0.130039357 0.478521591 0 0 0 6.10351562e-05
-0.226064637 -0.941106093 -0.0170571136 0 0 0 6.10351562e-05
0.774549174 0.46623644 0.241563304 0 0 0 6.10351562e-05
0.284530293 0.103681134 -0.728933633 0 0 0 6.10351562e-05
0.314141165 -0.45895788 0.307714251 0 0 0 6.10351562e-05
0.27518431 0.438447235 0.796738085 0 0 0 6.10351562e-05
-0.396760168 -0.135066868 -0.0158350013 0 0 0 6.10351562e-05
-0.852673169 -0.229083368 0.155656411 0 0 0 6.10351562e-05
-0.54432416 0.386407651 0.21045529 0 0 0 6.10351562e-05
0.769308831 0.114359211 -0.293874851 0 0 0 6.10351562e-05
-0.0409851379 -0.739992632 0.450888664 0 0 0 6.10351562e-05
-0.123010629 -0.395427346 0.827328099 0 0 0 6.10351562e-05
-0.2847243 -0.258351327 -0.0965243941 0 0 0 6.10351562e-05
-0.660048824 -0.178860302 -0.00602652128 0 0 0 6.10351562e-05
0.657430593 -0.443572815 0.0217936038 0 0 0 6.10351562e-05
0.137674557 -0.478264836 0.550844005 0 0 0 6.10351562e-05
0.498079815 0.593846789 0.394813572 0 0 0 6.10351562e-05
-0.446698051 -0.256091142 0.447305111 0 0 0 6.10351562e-05
-0.76013385 0.067504807 -0.0433527008 0 0 0 6.10351562e-05
0.482079473 -0.143135326 -0.028846618 0 0 0 6.10351562e-05
-0.128056309 0.372728895 -0.406846608 0 0 0 6.10351562e-05
0.220976069 0.880875636 -0.413282468 0 0 0 6.10351562e-05
-0.196797972 0.497564279 0.27864694 0 0 0 6.10351562e-05
0.164118913 0.0706171145 0.858324466 0 0 0 6.10351562e-05
-0.524009018 0.726022663 0.362883955 0 0 0 6.10351562e-05
-0.888067978 0.000152352245 0.329171745 0 0 0 6.10351562e-05
-0.236762007 0.292050686 0.256056051 0 0 0 6.10351562e-05
-0.294410946 0.261241116 0.593154956 0 0 0 6.10351562e-05
0.413836952 0.0595113544 0.394182094 0 0 0 6.10351562e-05
-0.0341941455 -0.281503108 -0.640901489 0 0 0 6.10351562e-05
0.0123151954 -0.460597543 0.468502483 0 0 0 6.10351562e-05
-0.191493267 0.488680414 -0.326959882 0 0 0 6.10351562e-05
0.282945202 0.728369694 0.535641442 0 0 0 6.10351562e-05
0.663604938 -0.651304921 0.0831424377 0 0 0 6.10351562e-05
0.639167407 -0.605067606 0.252204489 0 0 0 6.10351562e-05
-0.512969786 0.357532485 -0.687334323 0 0 0 6.10351562e-05
-0.617734446 0.162557147 0.609025612 0 0 0 6.10351562e-05
0.215533891 -0.0459400246 -0.827336938 0 0 0 6.10351562e-05
0.871956086 0.260345984 -0.338165116 0 0 0 6.10351562e-05
0.742043262 -0.0306672611 -0.0891163745 0 0 0 6.10351562e-05
-0.00126535726 0.0886769429 -0.245197117 0 0 0 6.10351562e-05
0.644764936 -0.304753068 0.634877274 0 0 0 6.10351562e-05
0.319002893 -0.158495131 -0.324970304 0 0 0 6.10351562e-05
-0.0280263313 0.238815268 -0.165399697 0 0 0 6.10351562e-05
-0.0514771975 0.724452579 -0.576886505 0 0 0 6.10351562e-05
0.0478829177 -0.0700552554 0.788495038 0 0 0 6.10351562e-05
-0.298601469 -0.848316596 0.0114880663 0 0 0 6.10351562e-05
-0.126804009 -0.972850499 0.0577887858 0 0 0 6.10351562e-05
0.234731546 -0.227173634 -0.691002505 0 0 0 6.10351562e-05
-0.168546053 0.556202927 -0.305174248 0 0 0 6.10351562e-05
0.18249603 0.692508707 -0.565852053 0 0 0 6.10351562e-05
-0.325082724 0.799457972 0.162230152 0 0 0 6.10351562e-05
-0.313987293 -0.876693258 0.362318734 0 0 0 6.10351562e-05
0.885188475 0.120804107 -0.0574763718 0 0 0 6.10351562e-05
0.0422352334 -0.57012005 -0.162643836 0 0 0 6.10351562e-05
0.172802216 0.539753855 -0.481621094 0 0 0 6.10351562e-05
0.0133656705 -0.0342539452 0.0466207231 0 0 0 6.10351562e-05
0.671452807 -0.466148982 -0.049288401 0 0 0 6.10351562e-05
-0.328963005 -0.0413875672 -0.774227186 0 0 0 6.10351562e-05
-0.228568032 0.847826365 -0.391924631 0 0 0 6.10351562e-05
0.677081186 0.51312641 -0.22626837 0 0 0 6.10351562e-05
0.792637757 -0.442240889 -0.135944628 0 0 0 6.10351562e-05
0.167342767 0.198320582 -0.64312114 0 0 0 6.10351562e-05
0.644967504 -0.7134304 0.126396542 0 0 0 6.10351562e-05
-0.33888634 -0.00290609092 0.890580673 0 0 0 6.10351562e-05
-0.341387156 0.220270924 -0.379097579 0 0 0 6.10351562e-05
0.0302283082 -0.202156115 -0.228852033 0 0 0 6.10351562e-05
-0.0398420791 0.44460569 0.159101623 0 0 0 6.10351562e-05
0.53517003 -0.136843411 -0.780319789 0 0 0 6.10351562e-05
-0.362691607 -0.495845712 -0.202789946 0 0 0 6.10351562e-05
-0.0752229834 0.397655339 -0.200177265 0 0 0 6.10351562e-05
-0.0159387782 0.422678241 -0.479744817 0 0 0 6.10351562e-05
0.220073308 -0.715139193 -0.585526774 0 0 0 6.10351562e-05
0.538643712 -0.035730989 0.288009134 0 0 0 6.10351562e-05
-0.102277018 -0.140476449 -0.218228379 0 0 0 6.10351562e-05
-0.198532816 0.0381127714 0.445647279 0 0 0 6.10351562e-05
0.342502351 0.275481642 -0.44702296 0 0 0 6.10351562e-05
0.601037737 0.440867708 0.649573063 0 0 0 6.10351562e-05
0.138141846 -0.570571819 -0.10919989 0 0 0 6.10351562e-05
0.709789656 -0.140854378 -0.566307848 0 0 0 6.10351562e-05
0.78824135 -0.479331876 -0.053967007 0 0 0 6.10351562e-05
-0.0153964898 -0.513731552 0.0433614706 0 0 0 6.10351562e-05
-0.149148511 -0.0889263284 0.182432058 0 0 0 6.10351562e-05
-0.348668078 -0.447127485 -0.757230779 0 0 0 6.10351562e-05
0.507221776 0.113756338 0.380242263 0 0 0 6.10351562e-05
0.0723567989 0.142444216 0.48301373 0 0 0 6.10351562e-05
0.592615624 -0.0750633673 0.73769392 0 0 0 6.10351562e-05
0.000853686744 0.108091384 0.90231291 0 0 0 6.10351562e-05
0.0295173689 -0.409133319 0.311637183 0 0 0 6.10351562e-05
-0.154432149 0.523820194 0.465563226 0 0 0 6.10351562e-05
-0.0916633349 0.196021331 -0.358369563 0 0 0 6.10351562e-05
-0.343480771 0.349310761 0.276699114 0 0 0 6.10351562e-05
-0.257994164 0.237664602 -0.236232831 0 0 0 6.10351562e-05
-0.248605717 0.158853836 0.0945327238 0 0 0 6.10351562e-05
-0.53824235 -0.225982831 -0.694756699 0 0 0 6.10351562e-05
0.145101086 0.4131029 -0.738127445 0 0 0 6.10351562e-05
-0.0193739541 0.108112025 -0.282454604 0 0 0 6.10351562e-05
0.653174417 0.116906273 -0.349204859 0 0 0 6.10351562e-05
0.129316044 0.455790232 0.598289965 0 0 0 6.10351562e-05
-0.442695416 -0.606718194 0.0829738595 0 0 0 6.10351562e-05
0.793894506 0.194334933 -0.413973258 0 0 0 6.10351562e-05
0.425627712 0.698363826 -0.256758112 0 0 0 6.10351562e-05
-0.488654984 0.124134109 -0.221234714 0 0 0 6.10351562e-05
-0.622043307 -0.37257823 -0.544149435 0 0 0 6.10351562e-05
-0.12958301 0.697632619 0.611914646 0 0 0 6.10351562e-05
0.134599667 -0.701851041 0.461097603 0 0 0 6.10351562e-05
-0.285039831 0.420858895 0.856489495 0 0 0 6.10351562e-05
-0.100035174 -0.0188571944 -0.192586842 0 0 0 6.10351562e-05
0.269161127 -0.675954606 0.631779462 0 0 0 6.10351562e-05
-0.504609051 -0.159350875 -0.235158015 0 0 0 6.10351562e-05
0.487780931 -0.132778762 -0.343468948 0 0 0 6.10351562e-05
-0.200402284 -0.385392094 0.471507446 0 0 0 6.10351562e-05
-0.0118820428 0.974982338 -0.127434446 0 0 0 6.10351562e-05
0.203856504 -0.260708333 -0.464319726 0 0 0 6.10351562e-05
-0.398596543 0.362395546 0.417845659 0 0 0 6.10351562e-05
-0.112498095 -0.341187353 -0.714043377 0 0 0 6.10351562e-05
0.925721988 -0.248981397 0.0138961443 0 0 0 6.10351562e-05
0.113325592 -0.245917981 0.833945104 0 0 0 6.10351562e-05
0.100001537 -0.791247015 0.00901532568 0 0 0 6.10351562e-05
-0.0842224592 -0.0546685686 0.591519146 0 0 0 6.10351562e-05
-0.681571789 -0.115372716 0.194940639 0 0 0 6.10351562e-05
0.832378333 -0.0236872016 -0.295833922 0 0 0 6.10351562e-05
-0.522245508 0.788136845 0.159747084 0 0 0 6.10351562e-05
0.282635883 -0.163021424 0.865600799 0 0 0 6.10351562e-05
0.0419200774 -0.801555869 -0.211535694 0 0 0 6.10351562e-05
0.37224782 0.111775965 0.438239115 0 0 0 6.10351562e-05
0.260588097 -0.452552998 -0.711872686 0 0 0 6.10351562e-05
0.780161774 -0.131008744 -0.118224921 0 0 0 6.10351562e-05
-0.298894401 0.230792927 0.394426887 0 0 0 6.10351562e-05
0.264821062 -0.852286575 -0.0144968459 0 0 0 6.10351562e-05
0.00799041851 -0.924088711 0.297684182 0 0 0 6.10351562e-05
-0.377145362 -0.283386621 0.497195267 0 0 0 6.10351562e-05
-0.342034521 0.202772147 0.262572314 0 0 0 6.10351562e-05
0.783657586 0.601654037 0.0686929904 0 0 0 6.10351562e-05
0.0921937935 -0.234700114 -0.0979224959 0 0 0 6.10351562e-05
-0.289787748 0.0300199802 0.17466086 0 0 0 6.10351562e-05
-0.319655544 -0.183687673 0.361493545 0 0 0 6.10351562e-05
0.310874059 -0.0605026432 0.75136432 0 0 0 6.10351562e-05
-0.300399583 0.181946453 -0.157955328 0 0 0 6.10351562e-05
0.0538267844 -0.967877084 -0.0329925138 0 0 0 6.10351562e-05
0.553008909 0.553039053 -0.535532068 0 0 0 6.10351562e-05
0.170314626 0.843560987 0.320229205 0 0 0 6.10351562e-05
0.548114747 -0.039019764 -0.438703444 0 0 0 6.10351562e-05
-0.484982691 -0.252433976 -0.0754421327 0 0 0 6.10351562e-05
-0.645386175 -0.60455536 -0.289208166 0 0 0 6.10351562e-05
-0.573169461 -0.409651877 -0.0992997154 0 0 0 6.10351562e-05
-0.480575506 -0.129808884 -0.532243304 0 0 0 6.10351562e-05
-0.612583223 0.420457245 -0.029481989 0 0 0 6.10351562e-05
0.170809053 0.298336444 -0.801329789 0 0 0 6.10351562e-05
0.521878448 -0.279026884 0.30031414 0 0 0 6.10351562e-05
-0.535989385 0.62764936 -0.42788758 0 0 0 6.10351562e-05
-0.73646664 0.536496779 -0.0720316343 0 0 0 6.10351562e-05
0.524412157 0.432375131 0.491805561 0 0 0 6.10351562e-05
-0.514253068 -0.0640241927 -0.513400581 0 0 0 6.10351562e-05
-0.160450927 -0.181974976 0.164988497 0 0 0 6.10351562e-05
0.088477115 -0.0301805514 0.995371431 0 0 0 6.10351562e-05
-0.692145549 0.0840020266 0.298404024 0 0 0 6.10351562e-05
-0.686352958 -0.24342363 0.484471367 0 0 0 6.10351562e-05
-0.795794492 -0.415313179 -0.412225344 0 0 0 6.10351562e-05
0.241064286 -0.702507731 0.382624479 0 0 0 6.10351562e-05
0.120968758 -0.584524587 0.592291579 0 0 0 6.10351562e-05
0.0232272038 -0.717197941 0.514461597 0 0 0 6.10351562e-05
-0.272956381 -0.230854322 -0.868858416 0 0 0 6.10351562e-05
0.894170738 -0.0951598399 -0.140126875 0 0 0 6.10351562e-05
-0.116303442 -0.577606685 0.287843063 0 0 0 6.10351562e-05
0.509714212 -0.535121031 0.0709917463 0 0 0 6.10351562e-05
0.0890134606 0.130191387 -0.440858022 0 0 0 6.10351562e-05
-0.0971454692 0.763584475 0.156208783 0 0 0 6.10351562e-05
-0.684796006 0.0604836563 0.0088112512 0 0 0 6.10351562e-05
-0.652355115 0.48358239 0.480709333 0 0 0 6.10351562e-05
-0.0313898467 -0.231102493 0.948511975 0 0 0 6.10351562e-05
-0.571370468 -0.12292884 -0.252736211 0 0 0 6.10351562e-05
-0.074873342 -0.403542953 0.136687303 0 0 0 6.10351562e-05
-0.212605637 -0.515512584 0.715187437 0 0 0 6.10351562e-05
0.711943967 -0.0505453336 -0.310511644 0 0 0 6.10351562e-05
0.542481684 0.415429609 -0.40191718 0 0 0 6.10351562e-05
0.0772488414 0.377514629 0.319796485 0 0 0 6.10351562e-05
0.00951292696 0.439052883 -0.217301967 0 0 0 6.10351562e-05
0.370451941 -0.313339968 0.0510543144 0 0 0 6.10351562e-05
0.189398956 -0.899150915 -0.0740372486 0 0 0 6.10351562e-05
-0.574333603 -0.30432355 -0.576178928 0 0 0 6.10351562e-05
0.680732001 -0.0420442188 -0.0820620957 0 0 0 6.10351562e-05
0.457393661 -0.872263512 0.152968756 0 0 0 6.10351562e-05
0.069118448 0.488477062 -0.378289919 0 0 0 6.10351562e-05
-0.297040709 -0.385517404 -0.459848702 0 0 0 6.10351562e-05
0.069684339 -0.35260552 -0.00886787599 0 0 0 6.10351562e-05
-0.554823971 -0.734610734 0.280954093 0 0 0 6.10351562e-05
-0.702264597 0.53807869 -0.273531066 0 0 0 6.10351562e-05
0.314124713 -0.837750894 0.362207851 0 0 0 6.10351562e-05
-0.552618113 0.587767338 0.198991859 0 0 0 6.10351562e-05
0.0992218215 -0.579967704 0.505301867 0 0 0 6.10351562e-05
-0.108570518 -0.266682702 0.906170217 0 0 0 6.10351562e-05
0.398840391 -0.228114627 -0.376387322 0 0 0 6.10351562e-05
-0.0563508876 0.148589018 0.408028425 0 0 0 6.10351562e-05
0.00973442658 -0.607422505 0.686270535 0 0 0 6.10351562e-05
-0.537764368 0.257791271 0.653656369 0 0 0 6.10351562e-05
0.20219843 0.555508264 -0.590322261 0 0 0 6.10351562e-05
-0.134572076 -0.0441677204 -0.249156308 0 0 0 6.10351562e-05
-0.538983833 0.113494329 0.0448566397 0 0 0 6.10351562e-05
0.358910212 0.489649295 -0.561173465 0 0 0 6.10351562e-05
0.311699525 -0.173969133 0.50410365 0 0 0 6.10351562e-05
-0.721396196 -0.142881552 0.584472191 0 0 0 6.10351562e-05
-0.717144374 0.316988274 0.618256837 0 0 0 6.10351562e-05
-0.2170267 0.0641054706 -0.264426854 0 0 0 6.10351562e-05
-0.375481513 -0.0864876007 0.127692501 0 0 0 6.10351562e-05
0.223554466 0.13171901 0.600147736 0 0 0 6.10351562e-05
0.0333741623 0.439584108 -0.0561427412 0 0 0 6.10351562e-05
-0.287566431 -0.108108182 0.295500907 0 0 0 6.10351562e-05
0.510140929 0.556986179 -0.240673111 0 0 0 6.10351562e-05
0.35615026 0.698676224 0.309977413 0 0 0 6.10351562e-05
0.371014677 -0.351205825 0.286250273 0 0 0 6.10351562e-05
0.0418327761 0.235748527 0.460075293 0 0 0 6.10351562e-05
-0.523258502 0.262349692 0.731740613 0 0 0 6.10351562e-05
-0.297952561 0.394239387 0.248008564 0 0 0 6.10351562e-05
0.420596694 -0.0145786177 -0.580940691 0 0 0 6.10351562e-05
-0.18119364 -0.221882998 -0.122447313 0 0 0 6.10351562e-05
-0.45690599 -0.804956363 0.32378964 0 0 0 6.10351562e-05
0.738895664 -0.0216353112 -0.353720635 0 0 0 6.10351562e-05
0.479720691 0.141006115 -0.143323405 0 0 0 6.10351562e-05
-0.720217032 0.349292809 -0.304367835 0 0 0 6.10351562e-05
0.218513843 0.538468628 -0.1516887 0 0 0 6.10351562e-05
0.115929834 0.563942639 0.0177229084 0 0 0 6.10351562e-05
0.161753106 -0.049790893 0.895501907 0 0 0 6.10351562e-05
-0.3781134 -0.82173159 0.19272313 0 0 0 6.10351562e-05
-0.786130139 -0.438087364 -0.301065278 0 0 0 6.10351562e-05
0.853835862 0.302373837 -0.398146989 0 0 0 6.10351562e-05
-0.269541189 -0.510040749 0.0191448912 0 0 0 6.10351562e-05
-0.263975603 -0.41706314 -0.587872628 0 0 0 6.10351562e-05
-0.373451901 -0.686178851 0.431581295 0 0 0 6.10351562e-05
0.397729587 -0.84014838 0.213751001 0 0 0 6.10351562e-05
-0.583996433 -0.0661525737 0.424785363 0 0 0 6.10351562e-05
-0.596652836 -0.492156434 -0.323688909 0 0 0 6.10351562e-05
-0.133994396 0.284714292 0.085646075 0 0 0 6.10351562e-05
0.179570862 -0.00210834605 0.709354111 0 0 0 6.10351562e-05
0.296313049 0.919186581 -0.184908628 0 0 0 6.10351562e-05
-0.243217269 -0.0248249338 -0.239538606 0 0 0 6.10351562e-05
-0.435878939 0.45355071 0.463489196 0 0 0 6.10351562e-05
0.35885577 -0.26595338 0.292551214 0 0 0 6.10351562e-05
-0.720212317 -0.539749937 0.189279575 0 0 0 6.10351562e-05
-0.789331995 -0.112002354 -0.18772712 0 0 0 6.10351562e-05
-0.68512297 0.183026954 0.0306952999 0 0 0 6.10351562e-05
0.250975968 0.310396413 -0.387401153 0 0 0 6.10351562e-05
0.596840907 0.424784471 -0.182597932 0 0 0 6.10351562e-05
-0.175695337 0.384497348 -0.556330433 0 0 0 6.10351562e-05
-0.148874487 -0.680254267 -0.563738194 0 0 0 6.10351562e-05
0.263243715 -0.404881014 -0.524683795 0 0 0 6.10351562e-05
0.0225750831 -0.0213323149 -0.678683384 0 0 0 6.10351562e-05
-0.41205302 -0.607612776 -0.534647568 0 0 0 6.10351562e-05
-0.559366465 0.309098115 0.0870356077 0 0 0 6.10351562e-05
0.228246753 0.148084381 -0.227855634 0 0 0 6.10351562e-05
-0.350386577 0.868840534 -0.203089293 0 0 0 6.10351562e-05
-0.650001814 0.680007171 -0.076059484 0 0 0 6.10351562e-05
-0.0794940749 -0.573297926 -0.171818417 0 0 0 6.10351562e-05
-0.282966852 -0.530875237 -0.1396342 0 0 0 6.10351562e-05
-0.206071065 -0.174274635 -0.297734132 0 0 0 6.10351562e-05
0.746543301 0.431237825 -0.0716624734 0 0 0 6.10351562e-05
0.599792816 -0.307051837 -0.655146244 0 0 0 6.10351562e-05
-0.471813648 -0.706805859 0.151761928 0 0 0 6.10351562e-05
0.386517326 0.766578995 0.0827472212 0 0 0 6.10351562e-05
-0.484819108 0.536000796 -0.558611748 0 0 0 6.10351562e-05
0.474253729 -0.46787548 -0.639009792 0 0 0 6.10351562e-05
-0.133822103 -0.0279515648 0.977358505 0 0 0 6.10351562e-05
-0.943296985 0.0412244112 -0.177279511 0 0 0 6.10351562e-05
0.153062023 -0.240475956 -0.883276271 0 0 0 6.10351562e-05
-0.415708574 -0.0331591848 0.414063424 0 0 0 6.10351562e-05
0.066499235 0.922521017 0.368008038 0 0 0 6.10351562e-05
-0.896205721 0.11622084 0.255563492 0 0 0 6.10351562e-05
0.499698741 -0.482762137 0.559448831 0 0 0 6.10351562e-05
0.670870237 0.634484724 -0.350658642 0 0 0 6.10351562e-05
0.457915098 0.266040835 -0.11237715 0 0 0 6.10351562e-05
0.00820798564 0.0276808317 -0.697547243 0 0 0 6.10351562e-05
0.73618363 0.347134798 -0.376639563 0 0 0 6.10351562e-05
0.223089385 -0.105099188 -0.952331011 0 0 0 6.10351562e-05
0.550267822 -0.359804319 0.169710167 0 0 0 6.10351562e-05
0.196778004 -0.286916647 -0.117578536 0 0 0 6.10351562e-05
0.193688231 0.205650447 0.0950078471 0 0 0 6.10351562e-05
0.127273788 0.729859196 0.312972041 0 0 0 6.10351562e-05
0.240070254 0.168180249 0.670600432 0 0 0 6.10351562e-05
0.759316858 0.183759619 -0.30991913 0 0 0 6.10351562e-05
0.406533042 -0.541659493 -0.63478121 0 0 0 6.10351562e-05
-0.477118286 -0.623883971 -0.104954161 0 0 0 6.10351562e-05
-0.0844649056 0.384915706 -0.367027268 0 0 0 6.10351562e-05
-0.225416479 -0.778668364 0.0938623801 0 0 0 6.10351562e-05
0.658830114 -0.477157692 0.173106257 0 0 0 6.10351562e-05
0.267914482 -0.14919579 0.950955623 0 0 0 6.10351562e-05
0.556328538 -0.758893903 -0.0532273255 0 0 0 6.10351562e-05
-0.0994913968 0.427440505 0.709156195 0 0 0 6.10351562e-05
0.338811233 0.35912497 -0.074358511 0 0 0 6.10351562e-05
0.0305199016 0.193697448 -0.593157932 0 0 0 6.10351562e-05
0.549787452 -0.748372754 -0.14206278 0 0 0 6.10351562e-05
-0.241976282 0.477920135 -0.327828194 0 0 0 6.10351562e-05
-0.4513546 -0.323077576 0.266652405 0 0 0 6.10351562e-05
-0.317879471 -0.300990788 -0.188967337 0 0 0 6.10351562e-05
-0.509700499 -0.0303051351 -0.262574481 0 0 0 6.10351562e-05
0.487241466 0.160945724 -0.187508691 0 0 0 6.10351562e-05
0.441698487 -0.396506903 -0.097093041 0 0 0 6.10351562e-05
0.661703018 -0.485061951 0.397392437 0 0 0 6.10351562e-05
0.388129103 0.219751931 0.650903358 0 0 0 6.10351562e-05
0.26057056 0.812489973 -0.0857588471 0 0 0 6.10351562e-05
-0.2368508 0.105954151 0.607835662 0 0 0 6.10351562e-05
0.619520379 -0.364729819 -0.153833767 0 0 0 6.10351562e-05
-0.191569836 0.642497214 0.656093312 0 0 0 6.10351562e-05
-0.837484544 -0.363094099 0.407553996 0 0 0 6.10351562e-05
-0.668681249 -0.129951813 -0.259668214 0 0 0 6.10351562e-05
-0.216752047 0.0219321453 0.736322876 0 0 0 6.10351562e-05
-0.197908001 -0.90046229 0.280022401 0 0 0 6.10351562e-05
-0.438760031 -0.0716395761 0.309101468 0 0 0 6.10351562e-05
-0.0633966107 0.0153427713 0.493116198 0 0 0 6.10351562e-05
-0.290600155 0.563914354 -0.247300738 0 0 0 6.10351562e-05
0.194768311 -0.318233444 -0.0305727435 0 0 0 6.10351562e-05
-0.189391541 0.545409015 0.326796413 0 0 0 6.10351562e-05
0.721057574 0.44900606 -0.452632306 0 0 0 6.10351562e-05
0.359374506 -0.731453858 0.342506273 0 0 0 6.10351562e-05
0.604347227 0.637841417 -0.140904136 0 0 0 6.10351562e-05
0.0432102468 -0.611621076 -0.0744292874 0 0 0 6.10351562e-05
0.616358578 0.357366646 -0.27808508 0 0 0 6.10351562e-05
0.170728511 -0.440014111 -0.537978382 0 0 0 6.10351562e-05
0.494847633 0.133679606 0.47407131 0 0 0 6.10351562e-05
0.170149978 0.319871049 0.370071144 0 0 0 6.10351562e-05
-0.0437431925 -0.346816606 -0.0309488818 0 0 0 6.10351562e-05
0.081405622 -0.126898451 -0.690035092 0 0 0 6.10351562e-05
-0.740791764 -0.0806736851 -0.205208258 0 0 0 6.10351562e-05
0.0301232342 -0.976045994 -0.201437673 0 0 0 6.10351562e-05
0.140168378 -0.153018661 -0.935658019 0 0 0 6.10351562e-05
-0.879941351 -0.136573989 -0.25349888 0 0 0 6.10351562e-05
-0.156709209 -0.642248888 -0.279479768 0 0 0 6.10351562e-05
0.16406903 0.859213695 0.108793408 0 0 0 6.10351562e-05
-0.289218025 -0.359919071 -0.260699741 0 0 0 6.10351562e-05
0.324000864 0.137671156 0.162021511 0 0 0 6.10351562e-05
-0.410477472 0.0673801501 0.185634525 0 0 0 6.10351562e-05
0.343256741 0.370533722 0.365058666 0 0 0 6.10351562e-05
-0.0938088961 -0.0415874089 -0.599953002 0 0 0 6.10351562e-05
0.552258258 0.639666499 -0.157005253 0 0 0 6.10351562e-05
-0.446056705 0.244377509 -0.787514286 0 0 0 6.10351562e-05
0.146221516 -0.163345179 0.281912742 0 0 0 6.10351562e-05
-0.0803676954 -0.30181355 0.405383517 0 0 0 6.10351562e-05
0.00362350183 -0.126529765 0.881733713 0 0 0 6.10351562e-05
0.37714767 -0.0249932138 -0.248438734 0 0 0 6.10351562e-05
0.326183828 -0.454166567 0.149845785 0 0 0 6.10351562e-05
0.812583028 -0.0224728002 -0.0883089199 0 0 0 6.10351562e-05
0.0670295791 -0.433276835 0.366722329 0 0 0 6.10351562e-05
0.738198049 -0.307145568 0.114074798 0 0 0 6.10351562e-05
0.496929261 0.590548292 0.628554456 0 0 0 6.10351562e-05
-0.24367752 -0.185234872 -0.0271221315 0 0 0 6.10351562e-05
-0.54769766 -0.0293812776 -0.291287202 0 0 0 6.10351562e-05
0.640153673 0.518987408 -0.142698729 0 0 0 6.10351562e-05
-0.169624013 0.0435831031 -0.255605055 0 0 0 6.10351562e-05
-0.392430758 0.446165535 -0.0887742791 0 0 0 6.10351562e-05
0.837765502 -0.190465612 -0.191240203 0 0 0 6.10351562e-05
-0.365161753 -0.304123584 -0.633141886 0 0 0 6.10351562e-05
-0.0112186259 0.5116021 0.426271345 0 0 0 6.10351562e-05
0.925245 0.026334959 0.161933285 0 0 0 6.10351562e-05
0.644741627 0.348890299 -0.316417062 0 0 0 6.10351562e-05
0.408008521 0.100063264 0.159236073 0 0 0 6.10351562e-05
0.0647137466 0.183277539 -0.0236657427 0 0 0 6.10351562e-05
-0.287498697 -0.19779498 0.773068342 0 0 0 6.10351562e-05
-0.378358251 -0.137344729 -0.911224314 0 0 0 6.10351562e-05
-0.476148131 0.762551018 0.273130176 0 0 0 6.10351562e-05
0.143375212 0.189042076 0.343244074 0 0 0 6.10351562e-05
-0.725337034 -0.107894255 0.664719571 0 0 0 6.10351562e-05
0.306330927 -0.051713899 0.651228121 0 0 0 6.10351562e-05
0.312665952 -0.0375073987 -0.109046504 0 0 0 6.10351562e-05
-0.0803235378 -0.0311937264 -0.0963635243 0 0 0 6.10351562e-05
0.227087209 0.26257747 0.797215557 0 0 0 6.10351562e-05
-0.0177379969 -0.431467666 0.146596071 0 0 0 6.10351562e-05
0.655254156 0.0654912026 -0.477108146 0 0 0 6.10351562e-05
0.602066356 -0.698854924 -0.033531117 0 0 0 6.10351562e-05
0.303843613 0.266193898 -0.772034289 0 0 0 6.10351562e-05
0.721215332 -0.16422842 0.167006596 0 0 0 6.10351562e-05
-0.497553318 0.175316577 -0.755894407 0 0 0 6.10351562e-05
0.247246416 0.0353859955 0.154534727 0 0 0 6.10351562e-05
-0.394701348 0.408906904 0.743683431 0 0 0 6.10351562e-05
-0.0509672518 -0.593508162 -0.0694464441 0 0 0 6.10351562e-05
-0.178526902 -0.00309336456 0.241080751 0 0 0 6.10351562e-05
0.292669059 -0.223943463 0.387411834 0 0 0 6.10351562e-05
-0.266044395 0.643860669 -0.629608789 0 0 0 6.10351562e-05
0.172268053 -0.854408697 -0.00874987704 0 0 0 6.10351562e-05
0.110610246 0.566094645 -0.248764382 0 0 0 6.10351562e-05
0.563349525 0.765538468 0.0638532904 0 0 0 6.10351562e-05
0.469179831 -0.0930711312 -0.684204978 0 0 0 6.10351562e-05
-0.551741189 0.251033537 0.118143472 0 0 0 6.10351562e-05
0.35597885 0.0769858835 -0.689862097 0 0 0 6.10351562e-05
-0.32851868 -0.167024373 0.694981322 0 0 0 6.10351562e-05
-0.315320892 0.396882468 0.386057244 0 0 0 6.10351562e-05
0.147701378 0.451086014 0.845241917 0 0 0 6.10351562e-05
-0.022816179 0.0104190571 -0.612430691 0 0 0 6.10351562e-05
-0.304176556 0.622479652 -0.289246328 0 0 0 6.10351562e-05
-0.192107019 0.0833743053 0.804243001 0 0 0 6.10351562e-05
0.79363819 -0.0637399638 0.554403053 0 0 0 6.10351562e-05
0.46283445 -0.572375002 -0.645991355 0 0 0 6.10351562e-05
0.307709272 0.455847783 0.233732498 0 0 0 6.10351562e-05
0.345148683 0.173453801 -0.365396961 0 0 0 6.10351562e-05
0.27164431 0.702243442 0.647291129 0 0 0 6.10351562e-05
-0.44463161 0.363008945 -0.39252911 0 0 0 6.10351562e-05
0.255948204 0.32543608 -0.227889261 0 0 0 6.10351562e-05
0.409467751 -0.673524815 -0.451094251 0 0 0 6.10351562e-05
0.439569201 0.393881907 -0.34990253 0 0 0 6.10351562e-05
0.209298974 0.360004955 -0.643822594 0 0 0 6.10351562e-05
0.461603067 0.105090527 -0.593556568 0 0 0 6.10351562e-05
-0.35432549 0.63760532 -0.00494612205 0 0 0 6.10351562e-05
0.938915201 0.127061174 0.00830939566 0 0 0 6.10351562e-05
-0.108121679 0.782230117 -0.489943886 0 0 0 6.10351562e-05
-0.234774653 0.0619758622 0.665825754 0 0 0 6.10351562e-05
0.315486415 -0.209839743 -0.113707441 0 0 0 6.10351562e-05
-0.265341255 0.161562206 0.389040646 0 0 0 6.10351562e-05
-0.458614152 -0.460961137 0.434043495 0 0 0 6.10351562e-05
0.512029358 -0.684124847 -0.0637503028 0 0 0 6.10351562e-05
0.464322319 0.37929711 -0.569594503 0 0 0 6.10351562e-05
0.505933341 0.639978448 0.185770564 0 0 0 6.10351562e-05
-0.785754281 0.360311782 -0.337361227 0 0 0 6.10351562e-05
0.249098648 -0.855164826 0.0443211191 0 0 0 6.10351562e-05
-0.275249192 0.729089927 -0.274647399 0 0 0 6.10351562e-05
-0.868734939 -0.0550507701 0.273333118 0 0 0 6.10351562e-05
0.172946321 -0.269698653 0.0623119786 0 0 0 6.10351562e-05
-0.553446026 -0.209912675 0.503469716 0 0 0 6.10351562e-05
-0.19023017 0.680502555 0.354765759 0 0 0 6.10351562e-05
0.140465915 -0.111723273 0.104419338 0 0 0 6.10351562e-05
0.00268471092 0.676273504 -0.0475512977 0 0 0 6.10351562e-05
0.331540243 -0.318558057 -0.104403712 0 0 0 6.10351562e-05
0.351558027 -0.106934245 0.487514249 0 0 0 6.10351562e-05
0.304267312 -0.651636311 0.0278816591 0 0 0 6.10351562e-05
0.0958357534 -0.237561023 0.635379466 0 0 0 6.10351562e-05
-0.623768378 0.136898745 -0.5439632 0 0 0 6.10351562e-05
0.206042682 0.089465709 0.0226017941 0 0 0 6.10351562e-05
-0.0364696908 -0.280560423 -0.121885252 0 0 0 6.10351562e-05
-0.573673605 -0.604099284 -0.261363106 0 0 0 6.10351562e-05
0.573718202 0.438618011 -0.42600156 0 0 0 6.10351562e-05
0.968835385 -0.130897832 0.198131169 0 0 0 6.10351562e-05
0.230329007 -0.587572228 0.243742817 0 0 0 6.10351562e-05
0.486069701 -0.16227329 -0.079038447 0 0 0 6.10351562e-05
0.175062972 -0.926076408 -0.178442482 0 0 0 6.10351562e-05
0.293153942 0.148405429 -0.623513661 0 0 0 6.10351562e-05
-0.283217191 0.10894468 -0.168137084 0 0 0 6.10351562e-05
0.0659657744 -0.0922266644 0.823625095 0 0 0 6.10351562e-05
-0.453619847 -0.440775457 -0.450850746 0 0 0 6.10351562e-05
0.15835102 -0.947710093 -0.00266944408 0 0 0 6.10351562e-05
-0.245992996 -0.438439548 0.343429164 0 0 0 6.10351562e-05
0.121698122 0.614655932 0.538324627 0 0 0 6.10351562e-05
-0.462007782 -0.289668003 -0.831560557 0 0 0 6.10351562e-05
-0.425250334 0.759310709 -0.19417535 0 0 0 6.10351562e-05
-0.691405267 -0.00014394237 -0.602770059 0 0 0 6.10351562e-05
0.668067722 -0.645347484 -0.182611777 0 0 0 6.10351562e-05
0.157686012 0.0269141793 -0.920077269 0 0 0 6.10351562e-05
-0.601238669 0.779856887 -0.0259199684 0 0 0 6.10351562e-05
-0.251851111 0.276310501 -0.66516573 0 0 0 6.10351562e-05
0.0343334989 -0.152579172 -0.317578621 0 0 0 6.10351562e-05
-0.191555637 0.675298753 -0.25204922 0 0 0 6.10351562e-05
0.529470479 0.679313089 0.355675279 0 0 0 6.10351562e-05
0.625034743 -0.629175142 -0.260223564 0 0 0 6.10351562e-05
-0.473915253 0.628526717 -0.103034384 0 0 0 6.10351562e-05
-0.720253269 -0.304450541 0.271025079 0 0 0 6.10351562e-05
-0.29465411 -0.209846493 -0.878307014 0 0 0 6.10351562e-05
-0.408697706 0.433953617 0.709010782 0 0 0 6.10351562e-05
0.770316571 0.106181175 -0.485736462 0 0 0 6.10351562e-05
0.517908326 -0.429045039 -0.140303613 0 0 0 6.10351562e-05
-0.492575366 0.177567846 -0.532518806 0 0 0 6.10351562e-05
0.212550813 -0.137955408 -0.510429119 0 0 0 6.10351562e-05
0.286587238 -0.390751224 0.260407065 0 0 0 6.10351562e-05
-0.210623186 -0.390909734 0.678224239 0 0 0 6.10351562e-05
-0.230617755 0.357752726 0.465334895 0 0 0 6.10351562e-05
-0.790991446 -0.26370575 0.300688341 0 0 0 6.10351562e-05
0.00690372837 -0.991832121 0.0769612781 0 0 0 6.10351562e-05
0.621508611 0.572530717 -0.433779469 0 0 0 6.10351562e-05
0.482525228 0.100794142 -0.129884274 0 0 0 6.10351562e-05
0.677049027 0.417317125 -0.355300533 0 0 0 6.10351562e-05
-0.648107335 0.293183549 0.312383524 0 0 0 6.10351562e-05
-0.169157955 -0.479690868 0.776338132 0 0 0 6.10351562e-05
0.0537929476 0.488338151 -0.711247684 0 0 0 6.10351562e-05
0.551241609 0.577292873 0.337745964 0 0 0 6.10351562e-05
-0.111051213 -0.438413158 -0.1099076 0 0 0 6.10351562e-05
0.0930649112 0.297522078 -0.81671807 0 0 0 6.10351562e-05
0.310665144 0.691337823 -0.105287917 0 0 0 6.10351562e-05
-0.604331213 -0.440357129 0.570650658 0 0 0 6.10351562e-05
0.0349395051 -0.422244003 -0.502549561 0 0 0 6.10351562e-05
-0.011583386 -0.789707372 0.359369916 0 0 0 6.10351562e-05
-0.693381628 0.552051389 0.0892179447 0 0 0 6.10351562e-05
0.559041513 0.48644524 -0.0710721416 0 0 0 6.10351562e-05
-0.584975646 0.591562718 -0.0628642065 0 0 0 6.10351562e-05
-0.295467032 -0.35185454 -0.850203474 0 0 0 6.10351562e-05
0.0518356275 -0.149982898 -0.915232362 0 0 0 6.10351562e-05
-0.483993451 0.561989913 0.475008618 0 0 0 6.10351562e-05
0.136474481 -0.323209595 0.0513758753 0 0 0 6.10351562e-05
0.649054127 0.190028397 -0.335912473 0 0 0 6.10351562e-05
-0.022715251 -0.453417184 0.160304698 0 0 0 6.10351562e-05
-0.201588587 0.659921663 0.106405578 0 0 0 6.10351562e-05
-0.288693699 0.140624526 0.765584447 0 0 0 6.10351562e-05
0.818636784 0.474529026 0.0043501552 0 0 0 6.10351562e-05
0.0377690163 0.827935447 0.318813673 0 0 0 6.10351562e-05
0.0708880619 -0.457612534 0.588859062 0 0 0 6.10351562e-05
0.788388135 -0.366359578 0.249345461 0 0 0 6.10351562e-05
-0.792217009 0.368781929 -0.250847547 0 0 0 6.10351562e-05
-0.0401191182 -0.744719965 -0.474560533 0 0 0 6.10351562e-05
-0.349270761 -0.77720979 -0.105059249 0 0 0 6.10351562e-05
-0.782232367 -0.275793724 0.0601158518 0 0 0 6.10351562e-05
0.00769898193 -0.0325034153 0.936643864 0 0 0 6.10351562e-05
-0.655690378 -0.299636598 -0.64387377 0 0 0 6.10351562e-05
0.110360091 -0.767250738 0.251410147 0 0 0 6.10351562e-05
-0.250426614 -0.252366034 0.37247503 0 0 0 6.10351562e-05
-0.462171049 0.121372344 0.77525848 0 0 0 6.10351562e-05
-0.325621496 -0.476698294 0.21253667 0 0 0 6.10351562e-05
-0.420093657 -0.329243324 -0.584551429 0 0 0 6.10351562e-05
0.576177154 0.344126851 -0.705052697 0 0 0 6.10351562e-05
0.632905155 0.661933809 0.163084649 0 0 0 6.10351562e-05
-0.0772000706 -0.378780576 0.230491791 0 0 0 6.10351562e-05
-0.262118811 0.766420898 0.539822547 0 0 0 6.10351562e-05
0.152542096 -0.322486958 0.505304418 0 0 0 6.10351562e-05
-0.0854224424 -0.66394135 0.511659858 0 0 0 6.10351562e-05
0.575712394 0.316247583 -0.419350255 0 0 0 6.10351562e-05
-0.189410603 0.690032034 0.404362397 0 0 0 6.10351562e-05
-0.254996977 0.828551582 0.14602808 0 0 0 6.10351562e-05
-0.22228557 -0.488008072 0.154051425 0 0 0 6.10351562e-05
0.155791353 0.887269881 -0.233135074 0 0 0 6.10351562e-05
0.176443945 0.356385416 -0.81571178 0 0 0 6.10351562e-05
-0.651467721 -0.194782377 -0.181776175 0 0 0 6.10351562e-05
0.193577304 -0.319092997 0.599881763 0 0 0 6.10351562e-05
0.456929956 0.131411315 0.110945765 0 0 0 6.10351562e-05
-0.0471796867 -0.135667438 0.655933182 0 0 0 6.10351562e-05
-0.544160285 -0.649333747 0.48097423 0 0 0 6.10351562e-05
-0.215194751 -0.803281835 -0.0181729303 0 0 0 6.10351562e-05
-0.40498538 -0.626589181 0.519624061 0 0 0 6.10351562e-05
0.926638565 0.216242363 0.0556284569 0 0 0 6.10351562e-05
0.451798343 0.000239423171 0.780819398 0 0 0 6.10351562e-05
-0.127418412 0.293083809 0.815556235 0 0 0 6.10351562e-05
-0.546692456 -0.452318339 -0.499100355 0 0 0 6.10351562e-05
-0.445952641 0.229335449 0.379026296 0 0 0 6.10351562e-05
-0.484732118 -0.296434966 0.116797411 0 0 0 6.10351562e-05
-0.0239718169 0.634263749 -0.328025233 0 0 0 6.10351562e-05
0.275034029 0.516375872 -0.182041119 0 0 0 6.10351562e-05
0.691111521 -0.378396065 0.523244273 0 0 0 6.10351562e-05
0.15808814 0.304281118 -0.036409602 0 0 0 6.10351562e-05
-0.00140769178 0.458403372 0.235300794 0 0 0 6.10351562e-05
-0.476328132 0.232644776 0.00180672778 0 0 0 6.10351562e-05
-0.359398244 -0.570423316 0.500048493 0 0 0 6.10351562e-05
0.225469988 0.237084007 0.306789538 0 0 0 6.10351562e-05
-0.35765599 -0.133257381 -0.233688197 0 0 0 6.10351562e-05
0.274882724 -0.15491909 -0.275956151 0 0 0 6.10351562e-05
-0.0686431037 0.417513097 -0.596404254 0 0 0 6.10351562e-05
0.486634851 0.639351241 -0.164715963 0 0 0 6.10351562e-05
0.0358825184 -0.519921512 0.13689738 0 0 0 6.10351562e-05
0.350366482 0.297352468 0.574119983 0 0 0 6.10351562e-05
-0.605370818 0.389314559 0.0300800326 0 0 0 6.10351562e-05
0.475533646 0.144376712 -0.210525765 0 0 0 6.10351562e-05
0.24629027 -0.00897790339 0.471793709 0 0 0 6.10351562e-05
-0.254893933 0.165071544 0.0899388882 0 0 0 6.10351562e-05
-0.470183255 -0.714710724 -0.282287601 0 0 0 6.10351562e-05
-0.194534454 0.147270065 0.845964412 0 0 0 6.10351562e-05
0.501433246 -0.262183592 0.522516361 0 0 0 6.10351562e-05
0.539651114 -0.304911204 -0.0672882438 0 0 0 6.10351562e-05
0.318016154 -0.513626182 0.742474333 0 0 0 6.10351562e-05
-0.694892742 0.439586788 0.289160991 0 0 0 6.10351562e-05
0.0730072258 0.269121228 -0.470233259 0 0 0 6.10351562e-05
0.942044901 0.118198366 -0.17688381 0 0 0 6.10351562e-05
0.441688745 -0.267475436 0.336503934 0 0 0 6.10351562e-05
-0.10958497 -0.532487273 0.315295163 0 0 0 6.10351562e-05
0.369443955 -0.501740787 -0.120833995 0 0 0 6.10351562e-05
-0.721362886 0.0703714242 0.306117269 0 0 0 6.10351562e-05
0.790320008 -0.0865108588 -0.197283356 0 0 0 6.10351562e-05
0.34494187 0.0872346092 0.190029895 0 0 0 6.10351562e-05
-0.216297395 0.452652048 0.755253249 0 0 0 6.10351562e-05
0.0937488732 0.79152403 0.572763033 0 0 0 6.10351562e-05
0.717169833 -0.0362992422 -0.189879556 0 0 0 6.10351562e-05
-0.388258025 -0.273656226 -0.194055306 0 0 0 6.10351562e-05
0.885013132 -0.239299389 0.221996753 0 0 0 6.10351562e-05
-0.554286583 0.19714362 -0.523211215 0 0 0 6.10351562e-05
0.49889201 0.545333752 0.642150653 0 0 0 6.10351562e-05
-0.452175415 0.680631776 0.074957957 0 0 0 6.10351562e-05
-0.23740584 0.317945352 -0.373715241 0 0 0 6.10351562e-05
-0.363849398 0.131405056 -0.218028352 0 0 0 6.10351562e-05
0.511064603 0.554354946 0.33793401 0 0 0 6.10351562e-05
-0.263266782 -0.330757468 0.0624740415 0 0 0 6.10351562e-05
-0.356675504 -0.0032714553 -0.742190746 0 0 0 6.10351562e-05
0.466403204 -0.83042078 -0.166667358 0 0 0 6.10351562e-05
0.353610089 0.557132976 -0.363551484 0 0 0 6.10351562e-05
-0.395696992 0.226482026 0.461725142 0 0 0 6.10351562e-05
0.041491697 0.364528289 -0.780856697 0 0 0 6.10351562e-05
-0.303542624 0.497909016 0.377089534 0 0 0 6.10351562e-05
-0.3751897 -0.0128546923 0.700922467 0 0 0 6.10351562e-05
-0.55345339 -0.418915289 0.0538249844 0 0 0 6.10351562e-05
0.741520899 0.530195466 0.172695966 0 0 0 6.10351562e-05
-0.0404426917 0.423402264 -0.318098092 0 0 0 6.10351562e-05
-0.563091004 0.571510946 0.300342552 0 0 0 6.10351562e-05
0.652059851 0.269279632 0.267429221 0 0 0 6.10351562e-05
-0.0465587159 0.516324173 0.414286731 0 0 0 6.10351562e-05
0.475484266 0.386940673 -0.465349696 0 0 0 6.10351562e-05
0.267819739 0.24604165 0.283954333 0 0 0 6.10351562e-05
0.217071162 0.264837663 -0.875881741 0 0 0 6.10351562e-05
-0.115584858 0.736194965 -0.197617447 0 0 0 6.10351562e-05
-0.133416418 -0.865377766 0.138733308 0 0 0 6.10351562e-05
0.697259577 0.615263745 -0.335781017 0 0 0 6.10351562e-05
-0.00791475717 -0.32518645 0.792786624 0 0 0 6.10351562e-05
0.164828217 0.613373591 0.300553678 0 0 0 6.10351562e-05
0.209788294 -0.578293078 -0.68814204 0 0 0 6.10351562e-05
0.812567904 0.497870498 0.161115231 0 0 0 6.10351562e-05
0.80838653 -0.555328509 -0.077378023 0 0 0 6.10351562e-05
0.12244033 -0.948567985 0.0138487961 0 0 0 6.10351562e-05
0.119153663 -0.331120872 0.774813479 0 0 0 6.10351562e-05
0.583296852 0.426931983 -0.623476025 0 0 0 6.10351562e-05
0.367478859 -0.0598421327 -0.849595062 0 0 0 6.10351562e-05
0.771333239 -0.162455585 0.0624819693 0 0 0 6.10351562e-05
0.45278631 0.40182792 -0.35052108 0 0 0 6.10351562e-05
0.393141087 0.839752151 0.192650335 0 0 0 6.10351562e-05
0.0502473108 0.0244354305 0.582956413 0 0 0 6.10351562e-05
-0.288230594 0.778561294 0.113592019 0 0 0 6.10351562e-05
-0.7417449 0.331175237 0.304324094 0 0 0 6.10351562e-05
-0.226253361 0.701633771 0.314823248 0 0 0 6.10351562e-05
0.412495754 -0.53140847 -0.340556325 0 0 0 6.10351562e-05
-0.86599642 0.107036955 -0.12939288 0 0 0 6.10351562e-05
-0.169589217 0.523269223 -0.0151125367 0 0 0 6.10351562e-05
-0.181112484 -0.392944988 0.314360842 0 0 0 6.10351562e-05
-0.669717626 0.346174786 -0.22389496 0 0 0 6.10351562e-05
0.852287397 0.367081952 0.286451109 0 0 0 6.10351562e-05
-0.170901256 -0.591485027 -0.40367314 0 0 0 6.10351562e-05
0.0416493758 0.574354553 0.0137269667 0 0 0 6.10351562e-05
0.551254566 0.13564112 0.0860958581 0 0 0 6.10351562e-05
-0.454961808 -0.674690912 0.0620849096 0 0 0 6.10351562e-05
0.0466508442 -0.626227347 0.696569451 0 0 0 6.10351562e-05
-0.150635536 0.709858066 0.080859325 0 0 0 6.10351562e-05
0.822031824 0.115864548 0.333536223 0 0 0 6.10351562e-05
-0.502291069 0.432582532 0.0350622579 0 0 0 6.10351562e-05
0.215520679 0.576968034 -0.468751497 0 0 0 6.10351562e-05
-0.112263574 -0.545497493 -0.219248139 0 0 0 6.10351562e-05
-0.163859697 -0.222091128 0.0593129906 0 0 0 6.10351562e-05
-0.574894258 0.300638759 0.713544043 0 0 0 6.10351562e-05
-0.729820709 -0.559566193 0.0715239749 0 0 0 6.10351562e-05
0.862559225 -0.187757764 0.294181399 0 0 0 6.10351562e-05
0.562352423 0.126018517 -0.271677332 0 0 0 6.10351562e-05
-0.343411334 0.155585134 -0.796223422 0 0 0 6.10351562e-05
-0.356012043 -0.310590095 0.407516037 0 0 0 6.10351562e-05
-0.810120732 0.257657493 0.238777679 0 0 0 6.10351562e-05
0.649030913 0.600416446 -0.062572258 0 0 0 6.10351562e-05
0.0489763354 0.448896475 0.842298399 0 0 0 6.10351562e-05
0.205294511 0.433736959 -0.594465695 0 0 0 6.10351562e-05
0.916465768 -0.306309915 0.0786745328 0 0 0 6.10351562e-05
0.439634872 0.540398915 -0.699552534 0 0 0 6.10351562e-05
-0.654005241 0.452222581 0.0758194531 0 0 0 6.10351562e-05
0.531830485 -0.245208718 0.63040072 0 0 0 6.10351562e-05
0.167830194 0.479404936 0.736989117 0 0 0 6.10351562e-05
-0.11585119 -0.0408515355 0.271155979 0 0 0 6.10351562e-05
-0.0101163313 -0.672335419 0.166769154 0 0 0 6.10351562e-05
0.290017 0.799329451 -0.331570553 0 0 0 6.10351562e-05
0.814479087 0.464526551 0.281002363 0 0 0 6.10351562e-05
0.0399060551 0.887170196 -0.35405418 0 0 0 6.10351562e-05
0.183720407 0.361919344 0.196464578 0 0 0 6.10351562e-05
0.712945447 0.0899260815 0.470268769 0 0 0 6.10351562e-05
0.417301563 0.184517256 -0.459189914 0 0 0 6.10351562e-05
-0.392276311 0.0813936456 0.455386687 0 0 0 6.10351562e-05
-0.488239341 0.253567966 0.575087781 0 0 0 6.10351562e-05
-0.707750974 -0.487036443 0.306860993 0 0 0 6.10351562e-05
0.820870885 0.458529551 -0.209458607 0 0 0 6.10351562e-05
0.64265103 0.535058969 -0.355622738 0 0 0 6.10351562e-05
-0.434806958 0.287288788 0.0808073545 0 0 0 6.10351562e-05
-0.13115262 0.0497151388 0.458980307 0 0 0 6.10351562e-05
-0.113963036 -0.0189855193 -0.573565347 0 0 0 6.10351562e-05
0.123109559 -0.406700906 -0.23370553 0 0 0 6.10351562e-05
0.0647274713 -0.101683005 -0.581121755 0 0 0 6.10351562e-05
-0.80826362 0.440419683 0.110111982 0 0 0 6.10351562e-05
-0.28346861 -0.178050755 0.519402162 0 0 0 6.10351562e-05
0.505114977 -0.665871167 0.494628132 0 0 0 6.10351562e-05
0.273999366 0.835500473 0.0762817483 0 0 0 6.10351562e-05
0.460753227 -0.278313858 0.836188359 0 0 0 6.10351562e-05
-0.491737246 0.0275549084 0.848997825 0 0 0 6.10351562e-05
-0.0647784813 -0.674110626 -0.631227711 0 0 0 6.10351562e-05
0.289391774 -0.460108168 -0.239482882 0 0 0 6.10351562e-05
0.165196008 0.450873364 -0.09025842 0 0 0 6.10351562e-05
-0.0203777911 -0.0690170983 -0.792051812 0 0 0 6.10351562e-05
-0.297236365 -0.121494843 0.812992695 0 0 0 6.10351562e-05
-0.383808467 0.482561992 -0.0165762471 0 0 0 6.10351562e-05
-0.147395732 0.28705205 0.219216073 0 0 0 6.10351562e-05
-0.0171586751 0.333572655 -0.242099063 0 0 0 6.10351562e-05
0.103045261 -0.15876489 -0.208452154 0 0 0 6.10351562e-05
-0.758222791 -0.326343653 0.325190054 0 0 0 6.10351562e-05
0.282205758 -0.559110897 -0.301042925 0 0 0 6.10351562e-05
-0.783211401 0.245052135 0.48151906 0 0 0 6.10351562e-05
0.418815781 0.171995292 0.442428135 0 0 0 6.10351562e-05
0.358859963 -0.492187333 -0.383366151 0 0 0 6.10351562e-05
-0.82705617 0.0103534949 0.128058593 0 0 0 6.10351562e-05
0.0535948137 -0.698744631 0.434555133 0 0 0 6.10351562e-05
-0.661850549 0.269866325 -0.248209909 0 0 0 6.10351562e-05
-0.209475028 -0.0547893789 -0.621838859 0 0 0 6.10351562e-05
-0.386326197 -0.149848908 0.238044195 0 0 0 6.10351562e-05
-0.29250604 -0.300496165 0.747083042 0 0 0 6.10351562e-05
0.0414542976 -0.105204877 0.162814264 0 0 0 6.10351562e-05
0.0821357429 -0.693354825 0.646900934 0 0 0 6.10351562e-05
0.197082714 -0.768302936 0.296916416 0 0 0 6.10351562e-05
-0.505262376 0.557084902 -0.282794221 0 0 0 6.10351562e-05
0.183076244 0.163134135 0.408682178 0 0 0 6.10351562e-05
0.428844953 0.543544378 -0.441724991 0 0 0 6.10351562e-05
0.878550009 0.112934365 -0.123632741 0 0 0 6.10351562e-05
-0.136420092 -0.697682974 0.0366145948 0 0 0 6.10351562e-05
-0.759184308 0.168229294 -0.189408913 0 0 0 6.10351562e-05
0.395659519 0.0843255404 -0.483120006 0 0 0 6.10351562e-05
0.573761404 0.0112581776 -0.039810443 0 0 0 6.10351562e-05
0.253710141 -0.762377295 -0.330089375 0 0 0 6.10351562e-05
-0.770702318 0.147742309 0.284630181 0 0 0 6.10351562e-05
0.437933416 0.542397214 -0.485795075 0 0 0 6.10351562e-05
-0.347088225 0.512380097 0.633439661 0 0 0 6.10351562e-05
-0.691015077 0.048591711 0.506344871 0 0 0 6.10351562e-05
0.931916654 0.0534563417 0.157430635 0 0 0 6.10351562e-05
0.509713669 -0.758215698 0.0102333634 0 0 0 6.10351562e-05
-0.664991163 -0.27220677 0.588533916 0 0 0 6.10351562e-05
0.248268667 0.434196925 0.77726171 0 0 0 6.10351562e-05
-0.415907887 0.320315013 0.263149664 0 0 0 6.10351562e-05
0.62126275 -0.0429158233 -0.124455311 0 0 0 6.10351562e-05
-0.428645821 -0.460744753 -0.710122265 0 0 0 6.10351562e-05
0.0830963041 0.889905689 0.0130642912 0 0 0 6.10351562e-05
-0.185893246 -0.866425596 0.0387647527 0 0 0 6.10351562e-05
0.652316267 -0.619356931 0.363208532 0 0 0 6.10351562e-05
-0.334945169 0.717738313 0.606622112 0 0 0 6.10351562e-05
0.839933871 -0.381236293 0.104959431 0 0 0 6.10351562e-05
-0.493699937 0.504533198 0.432673768 0 0 0 6.10351562e-05
-0.847129773 0.150530235 -0.338105432 0 0 0 6.10351562e-05
-0.198072439 -0.420839844 0.325387439 0 0 0 6.10351562e-05
-0.465794247 -0.375716418 -0.473026096 0 0 0 6.10351562e-05
0.506819087 -0.0160306587 0.669333485 0 0 0 6.10351562e-05
0.453852465 -0.157004088 0.0283319794 0 0 0 6.10351562e-05
0.658664911 0.467049274 0.00579881792 0 0 0 6.10351562e-05
0.439977205 -0.811045749 0.08764565 0 0 0 6.10351562e-05
-0.231858798 -0.0930359411 -0.772931399 0 0 0 6.10351562e-05
-0.568072596 -0.40842414 0.18078485 0 0 0 6.10351562e-05
-0.274057388 0.000524858882 -0.104461922 0 0 0 6.10351562e-05
0.0106470848 -0.307234067 -0.580570559 0 0 0 6.10351562e-05
-0.609938281 -0.0442773424 0.540207406 0 0 0 6.10351562e-05
-0.763594522 0.212307593 -0.234622002 0 0 0 6.10351562e-05
0.936606567 -0.00147046401 -0.239047863 0 0 0 6.10351562e-05
-0.839176084 -0.149813329 -0.025158239 0 0 0 6.10351562e-05
0.131167632 0.266584395 -0.420832695 0 0 0 6.10351562e-05
0.133319852 -0.718048835 -0.159926247 0 0 0 6.10351562e-05
-0.0507550473 -0.507034634 -0.466045924 0 0 0 6.10351562e-05
-0.0916796509 -0.711128476 0.630414645 0 0 0 6.10351562e-05
-0.230492481 -0.333347471 0.221747648 0 0 0 6.10351562e-05
0.531356803 -0.191922894 0.23270779 0 0 0 6.10351562e-05
-0.170421935 0.596032616 0.316307545 0 0 0 6.10351562e-05
0.574845347 -0.163890706 0.279914037 0 0 0 6.10351562e-05
0.254493318 -0.565684812 -0.427324641 0 0 0 6.10351562e-05
0.12075451 -0.237291683 0.888338555 0 0 0 6.10351562e-05
-0.0694122814 0.101554595 -0.565767077 0 0 0 6.10351562e-05
-0.485285176 -0.506869558 0.311305436 0 0 0 6.10351562e-05
0.414641843 -0.377684172 -0.440313929 0 0 0 6.10351562e-05
-0.383490552 -0.738196531 0.249561963 0 0 0 6.10351562e-05
-0.307610575 0.203605619 0.397028641 0 0 0 6.10351562e-05
-0.379867602 -0.314160175 -0.226058572 0 0 0 6.10351562e-05
0.40932549 0.697929045 -0.321718664 0 0 0 6.10351562e-05
0.166109681 -0.245533052 -0.536347455 0 0 0 6.10351562e-05
-0.0150033428 0.961314751 0.162206455 0 0 0 6.10351562e-05
0.103339914 0.0812512342 0.385010879 0 0 0 6.10351562e-05
0.776269859 -0.131232864 -0.612123828 0 0 0 6.10351562e-05
-0.460398366 0.622976947 -0.223380434 0 0 0 6.10351562e-05
0.957110709 -0.243123819 0.0739346786 0 0 0 6.10351562e-05
0.714389035 -0.489096509 -0.179907779 0 0 0 6.10351562e-05
0.347475524 -0.00222919118 0.230858818 0 0 0 6.10351562e-05
-0.0777460565 0.46079869 0.362132773 0 0 0 6.10351562e-05
-0.497394392 0.150872374 0.765150614 0 0 0 6.10351562e-05
0.298966256 0.534554846 -0.281720726 0 0 0 6.10351562e-05
-0.0664860375 0.260739454 -0.500291168 0 0 0 6.10351562e-05
-0.560993846 0.256557339 -0.635336273 0 0 0 6.10351562e-05
0.107213756 -0.649090345 0.0657088478 0 0 0 6.10351562e-05
-0.270186105 -0.490737653 -0.615649571 0 0 0 6.10351562e-05
0.427068131 0.0226408668 0.0606816161 0 0 0 6.10351562e-05
0.270114227 -0.0236753574 -0.337799919 0 0 0 6.10351562e-05
-0.799788331 0.273196691 0.378176321 0 0 0 6.10351562e-05
-0.894493093 0.168925226 -0.318073545 0 0 0 6.10351562e-05
0.0422569243 -0.33082403 -0.100298358 0 0 0 6.10351562e-05
0.00247632991 0.55819936 -0.125257805 0 0 0 6.10351562e-05
0.369434574 -0.648417638 -0.505432164 0 0 0 6.10351562e-05
-0.305666638 0.497082727 -0.280836503 0 0 0 6.10351562e-05
-0.113264973 -0.511149988 0.0210251084 0 0 0 6.10351562e-05
-0.53931832 -0.710602627 0.321991954 0 0 0 6.10351562e-05
0.233336135 -0.484404626 -0.11735575 0 0 0 6.10351562e-05
-0.71172932 -0.175258678 -0.268305643 0 0 0 6.10351562e-05
-0.384160128 0.451705446 -0.540335194 0 0 0 6.10351562e-05
0.842278109 -0.144644612 -0.2138192 0 0 0 6.10351562e-05
-0.854556446 -0.124293 -0.439427275 0 0 0 6.10351562e-05
0.717125695 -0.020023753 0.234006648 0 0 0 6.10351562e-05
0.0109189549 -0.313666675 0.874929347 0 0 0 6.10351562e-05
0.381175394 -0.0110448838 0.659649473 0 0 0 6.10351562e-05
-0.305082028 -0.333047292 0.244524823 0 0 0 6.10351562e-05
0.470722079 0.564610226 0.46304714 0 0 0 6.10351562e-05
0.364760346 -0.571340192 0.695792746 0 0 0 6.10351562e-05
0.654130138 0.397944376 0.264822209 0 0 0 6.10351562e-05
0.0687384444 0.547930622 0.265711666 0 0 0 6.10351562e-05
0.298724831 0.521545462 -0.4569992 0 0 0 6.10351562e-05
-0.240062054 0.349556682 -0.0113208462 0 0 0 6.10351562e-05
0.384031714 0.531055736 -0.218897637 0 0 0 6.10351562e-05
0.3971913 -0.73634162 0.501192096 0 0 0 6.10351562e-05
0.219776382 -0.380520316 0.360535065 0 0 0 6.10351562e-05
0.64438752 -0.0721553552 -0.67530548 0 0 0 6.10351562e-05
-0.272764768 -0.74766003 -0.169261353 0 0 0 6.10351562e-05
-0.341774483 -0.201340589 -0.462086577 0 0 0 6.10351562e-05
-0.378930445 0.192049715 0.626970227 0 0 0 6.10351562e-05
-0.164933401 0.35057963 0.0489206844 0 0 0 6.10351562e-05
-0.287520215 0.761649527 -0.310739456 0 0 0 6.10351562e-05
0.175091859 0.138804572 0.617126889 0 0 0 6.10351562e-05
-0.556292084 -0.569284721 -0.270240345 0 0 0 6.10351562e-05
0.902552957 0.274443065 0.145839933 0 0 0 6.10351562e-05
0.699744555 -0.416261073 -0.490223309 0 0 0 6.10351562e-05
-0.249805078 -0.24804274 -0.0869292739 0 0 0 6.10351562e-05
0.574051651 -0.440767421 0.109322216 0 0 0 6.10351562e-05
-0.294106924 -0.56047119 -0.538292136 0 0 0 6.10351562e-05
-0.425454123 -0.550837861 -0.257517736 0 0 0 6.10351562e-05
0.318524431 -0.390676779 -0.693462965 0 0 0 6.10351562e-05
0.742839128 0.511912536 0.342145339 0 0 0 6.10351562e-05
0.512164274 0.160549473 -0.537466629 0 0 0 6.10351562e-05
-0.289773752 0.48408742 0.248251281 0 0 0 6.10351562e-05
-0.680867059 0.119529253 -0.370235272 0 0 0 6.10351562e-05
0.551188697 0.168010652 -0.108273523 0 0 0 6.10351562e-05
0.116836409 -0.643880416 0.151022944 0 0 0 6.10351562e-05
-0.273560453 -0.807476205 0.0381453994 0 0 0 6.10351562e-05
0.0820542097 0.488935192 0.0602703677 0 0 0 6.10351562e-05
-0.287118711 -0.228543541 0.339280303 0 0 0 6.10351562e-05
0.31438861 0.877341317 -0.122690567 0 0 0 6.10351562e-05
-0.389656406 -0.120467283 0.0813567399 0 0 0 6.10351562e-05
0.13146612 0.581755546 0.298858029 0 0 0 6.10351562e-05
-0.194415736 0.0701377985 0.288467953 0 0 0 6.10351562e-05
0.254711993 -0.202876144 -0.101149975 0 0 0 6.10351562e-05
0.216605836 -0.545656556 0.672053513 0 0 0 6.10351562e-05
0.202886369 0.0883298168 0.750268098 0 0 0 6.10351562e-05
-0.127204574 -0.134019254 0.301301652 0 0 0 6.10351562e-05
-0.383490825 0.367704492 -0.293123205 0 0 0 6.10351562e-05
0.840284847 -0.420330875 -0.072891585 0 0 0 6.10351562e-05
0.67934635 -0.35168372 0.0730295161 0 0 0 6.10351562e-05
-0.0322438682 0.0378198029 0.243974108 0 0 0 6.10351562e-05
0.796865494 0.0171513119 -0.447892503 0 0 0 6.10351562e-05
0.943632325 0.0514932867 0.144227746 0 0 0 6.10351562e-05
0.00559699383 -0.589743247 -0.804616968 0 0 0 6.10351562e-05
-0.229494067 0.232226191 -0.468897545 0 0 0 6.10351562e-05
0.283888251 -0.0455092784 0.161716253 0 0 0 6.10351562e-05
0.546556853 0.583834308 -0.528509493 0 0 0 6.10351562e-05
-0.0572845545 -0.110811968 -0.462394689 0 0 0 6.10351562e-05
0.263269723 -0.286449632 0.496019587 0 0 0 6.10351562e-05
-0.812821629 0.205202202 -0.203411589 0 0 0 6.10351562e-05
-0.106465238 0.507470252 0.129979317 0 0 0 6.10351562e-05
0.389440197 -0.778018218 -0.40440778 0 0 0 6.10351562e-05
-0.114209306 -0.310256809 0.939056692 0 0 0 6.10351562e-05
-0.271716496 -0.652060439 -0.638501872 0 0 0 6.10351562e-05
0.459385567 0.467065944 0.13081481 0 0 0 6.10351562e-05
-0.458516661 0.30005879 0.761875155 0 0 0 6.10351562e-05
-0.126241156 0.488030602 -0.366796328 0 0 0 6.10351562e-05
0.538107689 0.693318843 0.383791685 0 0 0 6.10351562e-05
-0.440408468 -0.746352105 -0.351593178 0 0 0 6.10351562e-05
-0.114551677 -0.183550271 0.858350344 0 0 0 6.10351562e-05
-0.153959877 0.643014277 -0.597732376 0 0 0 6.10351562e-05
0.333389371 0.450612282 -0.531924688 0 0 0 6.10351562e-05
-0.23172792 0.127763114 0.569444045 0 0 0 6.10351562e-05
0.750283108 0.0262677344 0.428029429 0 0 0 6.10351562e-05
0.289523475 -0.372750048 0.416460878 0 0 0 6.10351562e-05
-0.180798563 -0.567135432 0.194117085 0 0 0 6.10351562e-05
0.454018412 -0.726537645 0.00486068694 0 0 0 6.10351562e-05
-0.17669087 0.798015391 -0.544990681 0 0 0 6.10351562e-05
0.755375697 -0.125768786 -0.285088618 0 0 0 6.10351562e-05
0.542512947 -0.649425386 -0.37898629 0 0 0 6.10351562e-05
0.544922731 -0.816911229 0.155414418 0 0 0 6.10351562e-05
-0.476133747 -0.531672701 0.0247390791 0 0 0 6.10351562e-05
0.229654883 0.375810125 0.105343776 0 0 0 6.10351562e-05
0.10015041 -0.549031373 -0.306487246 0 0 0 6.10351562e-05
0.00137736833 -0.271624601 0.776386864 0 0 0 6.10351562e-05
0.217298065 0.378318715 -0.65837035 0 0 0 6.10351562e-05
-0.623998292 -0.118745374 0.14629075 0 0 0 6.10351562e-05
-0.130098549 0.5948968 -0.146474163 0 0 0 6.10351562e-05
0.042409169 -0.825829087 -0.413335731 0 0 0 6.10351562e-05
0.437913982 -0.0434783363 -0.571723854 0 0 0 6.10351562e-05
0.228142613 0.555677382 0.46721168 0 0 0 6.10351562e-05
0.909604986 0.250802065 0.300716904 0 0 0 6.10351562e-05
-0.310143467 -0.190563415 0.177716875 0 0 0 6.10351562e-05
0.228571722 -0.31331327 -0.636684705 0 0 0 6.10351562e-05
-0.364621983 -0.211564845 0.255399879 0 0 0 6.10351562e-05
-0.523259078 -0.374381975 0.734944111 0 0 0 6.10351562e-05
0.573397878 -0.668939796 0.0660722981 0 0 0 6.10351562e-05
-0.0886753783 -0.446542659 -0.763478554 0 0 0 6.10351562e-05
-0.751994812 0.495218865 -0.0982460682 0 0 0 6.10351562e-05
-0.199779916 -0.43597698 0.635181932 0 0 0 6.10351562e-05
0.22816932 -0.634892494 -0.59731414 0 0 0 6.10351562e-05
0.583537003 -0.650715095 0.162295428 0 0 0 6.10351562e-05
0.491070456 0.709580879 -0.223018341 0 0 0 6.10351562e-05
-0.402152295 0.276900434 0.0238099946 0 0 0 6.10351562e-05
-0.448023754 -0.412402373 0.736565859 0 0 0 6.10351562e-05
0.00677664886 0.112673008 -0.379066129 0 0 0 6.10351562e-05
0.317576101 0.386017511 -0.339868108 0 0 0 6.10351562e-05
-0.341470827 -0.248591114 0.431250699 0 0 0 6.10351562e-05
0.501142969 -0.542794547 -0.13003057 0 0 0 6.10351562e-05
-0.207885084 0.559650235 0.782705003 0 0 0 6.10351562e-05
0.674988845 -0.213675184 -0.0189613639 0 0 0 6.10351562e-05
0.0618547279 -0.451134172 0.643632948 0 0 0 6.10351562e-05
0.57079551 -0.178048546 0.0818667045 0 0 0 6.10351562e-05
-0.414165969 -0.18852104 0.125316886 0 0 0 6.10351562e-05
-0.424392242 -0.541223417 0.448686583 0 0 0 6.10351562e-05
-0.280417589 -0.554085929 -0.714367983 0 0 0 6.10351562e-05
0.471114615 -0.395791664 -0.499035475 0 0 0 6.10351562e-05
0.0525933696 -0.318404338 0.689080961 0 0 0 6.10351562e-05
0.794260837 0.124752877 -0.0076661165 0 0 0 6.10351562e-05
-0.4412018 0.257713645 0.758497118 0 0 0 6.10351562e-05
-0.332159052 -0.500817384 -0.608418129 0 0 0 6.10351562e-05
-0.840406957 -0.384872204 0.0158047703 0 0 0 6.10351562e-05
-0.779840341 -0.533243132 0.0339191905 0 0 0 6.10351562e-05
0.042984848 0.190483416 -0.394767152 0 0 0 6.10351562e-05
-0.454170121 -0.141359398 0.351969794 0 0 0 6.10351562e-05
0.222456684 -0.454188164 -0.674240988 0 0 0 6.10351562e-05
-0.372318191 -0.623184453 0.0570334568 0 0 0 6.10351562e-05
-0.155904391 -0.515507049 -0.439429487 0 0 0 6.10351562e-05
0.053192711 -0.744767849 -0.282506922 0 0 0 6.10351562e-05
0.632661259 -0.22404886 0.385291928 0 0 0 6.10351562e-05
0.452612231 -0.334562811 -0.724583034 0 0 0 6.10351562e-05
-0.886728273 0.268349832 -0.100070476 0 0 0 6.10351562e-05
-0.0235002407 0.00938779837 0.121402017 0 0 0 6.10351562e-05
-0.11322715 -0.849938499 -0.263798498 0 0 0 6.10351562e-05
-0.708407892 -0.39112562 -0.0972078217 0 0 0 6.10351562e-05
-0.840261167 -0.0264514776 -0.222916204 0 0 0 6.10351562e-05
0.284180877 0.167884794 -0.858179652 0 0 0 6.10351562e-05
0.35864737 -0.501359223 -0.0836948323 0 0 0 6.10351562e-05
-0.335358216 -0.555896609 -0.151830637 0 0 0 6.10351562e-05
0.266083611 -0.452333614 -0.038599049 0 0 0 6.10351562e-05
-0.127314975 0.181776461 -0.470464745 0 0 0 6.10351562e-05
0.151861824 0.473868782 0.0969579529 0 0 0 6.10351562e-05
0.679179402 -0.20351611 0.378953529 0 0 0 6.10351562e-05
-0.732934085 0.256808182 -0.387774766 0 0 0 6.10351562e-05
0.229769776 0.375847063 -0.622205569 0 0 0 6.10351562e-05
0.366872607 0.112498487 0.207188863 0 0 0 6.10351562e-05
-0.398332842 -0.027450976 -0.800479069 0 0 0 6.10351562e-05
-0.169424926 0.394469092 0.436171763 0 0 0 6.10351562e-05
-0.480523225 0.295257311 0.0443481714 0 0 0 6.10351562e-05
-0.392514339 -0.319510351 0.366735112 0 0 0 6.10351562e-05
0.129041924 -0.969035123 -0.0297105367 0 0 0 6.10351562e-05
-0.543945096 -0.169842078 -0.422211784 0 0 0 6.10351562e-05
0.418541806 0.191175112 -0.685757415 0 0 0 6.10351562e-05
0.216059161 -0.90679634 0.196227286 0 0 0 6.10351562e-05
0.253738233 -0.68070575 -0.595960498 0 0 0 6.10351562e-05
-0.775472641 -0.310646595 -0.309147014 0 0 0 6.10351562e-05
0.222575462 -0.115497626 0.475861361 0 0 0 6.10351562e-05
-0.254736123 -0.207881185 0.8047242 0 0 0 6.10351562e-05
-0.204057934 -0.681801284 -0.470286429 0 0 0 6.10351562e-05
-0.410013883 0.831886321 0.230538311 0 0 0 6.10351562e-05
-0.213744912 -0.246686377 0.557626551 0 0 0 6.10351562e-05
0.331838819 -0.0276359356 0.548959328 0 0 0 6.10351562e-05
-0.252416423 -0.353219761 -0.557878268 0 0 0 6.10351562e-05
0.0490322043 0.565471148 -0.179532458 0 0 0 6.10351562e-05
-0.620838785 -0.212020382 0.301875899 0 0 0 6.10351562e-05
0.339090414 0.682914958 -0.553894283 0 0 0 6.10351562e-05
0.47541011 -0.179396454 0.692162731 0 0 0 6.10351562e-05
0.680005865 -0.278375137 -0.497525142 0 0 0 6.10351562e-05
-0.173034937 0.544961844 0.725795295 0 0 0 6.10351562e-05
-0.239856195 -0.186870871 0.234022695 0 0 0 6.10351562e-05
0.147342305 0.681099338 0.690467193 0 0 0 6.10351562e-05
0.361591817 -0.0336065895 0.69921657 0 0 0 6.10351562e-05
0.420685656 -0.368721714 0.332261782 0 0 0 6.10351562e-05
-0.0652577386 0.752636635 -0.54551458 0 0 0 6.10351562e-05
0.0150865949 -0.516503704 -0.117633904 0 0 0 6.10351562e-05
-0.211195858 -0.570001367 0.0416665765 0 0 0 6.10351562e-05
0.487889866 0.640242283 -0.4832863 0 0 0 6.10351562e-05
0.157157226 0.763125679 -0.144672905 0 0 0 6.10351562e-05
-0.717566868 -0.579154131 0.30972866 0 0 0 6.10351562e-05
-0.759812026 0.280966828 -0.459935625 0 0 0 6.10351562e-05
0.0694279007 -0.784001786 0.436528493 0 0 0 6.10351562e-05
-0.641670514 -0.278285693 0.201759118 0 0 0 6.10351562e-05
-0.274812978 0.792569457 0.402147366 0 0 0 6.10351562e-05
-0.555895698 0.204194921 0.417978195 0 0 0 6.10351562e-05
0.25069457 0.169017796 -0.823559032 0 0 0 6.10351562e-05
-0.404262912 0.164649938 0.275150192 0 0 0 6.10351562e-05
-0.261045051 0.80509947 -0.438108202 0 0 0 6.10351562e-05
-0.726906775 0.137631612 0.247198508 0 0 0 6.10351562e-05
-0.0518021046 -0.449334926 0.459068556 0 0 0 6.10351562e-05
-0.197144505 -0.373448167 -0.467512364 0 0 0 6.10351562e-05
0.577772388 0.0739216782 -0.642581849 0 0 0 6.10351562e-05
0.413944255 -0.247583138 0.161104509 0 0 0 6.10351562e-05
0.0877751814 0.102100394 0.642996862 0 0 0 6.10351562e-05
0.355019101 -0.283954334 -0.790954952 0 0 0 6.10351562e-05
-0.22516591 0.476399399 0.44315967 0 0 0 6.10351562e-05
-0.540418115 -0.518049266 0.303440445 0 0 0 6.10351562e-05
0.0648264354 -0.672523007 -0.270670573 0 0 0 6.10351562e-05
-0.37571368 -0.461533996 0.43555147 0 0 0 6.10351562e-05
-0.137793239 0.848908697 -0.312805528 0 0 0 6.10351562e-05
-0.473546478 0.244644188 -0.000639685429 0 0 0 6.10351562e-05
0.297885307 0.529084102 0.0145653991 0 0 0 6.10351562e-05
0.33016681 -0.173591272 0.731713566 0 0 0 6.10351562e-05
0.409108914 0.0238855552 0.297329002 0 0 0 6.10351562e-05
0.403308851 0.19104643 -0.655653648 0 0 0 6.10351562e-05
0.121727458 -0.536825171 0.346893578 0 0 0 6.10351562e-05
-0.780578985 -0.167666192 -0.301274727 0 0 0 6.10351562e-05
-0.935325547 0.0478608015 -0.198427678 0 0 0 6.10351562e-05
0.910661818 -0.36180148 -0.0645016831 0 0 0 6.10351562e-05
-0.489833489 -0.608538412 -0.159256998 0 0 0 6.10351562e-05
0.659989209 0.566131602 0.368525245 0 0 0 6.10351562e-05
-0.708882707 0.128906671 0.659499801 0 0 0 6.10351562e-05
0.696880819 -0.258715303 -0.0204249936 0 0 0 6.10351562e-05
-0.602126067 -0.475194392 0.548553087 0 0 0 6.10351562e-05
0.0315240802 -0.385283604 0.308746283 0 0 0 6.10351562e-05
0.392278786 0.728428292 0.415627416 0 0 0 6.10351562e-05
0.6565941 0.300886212 0.0333683052 0 0 0 6.10351562e-05
-0.695739696 -0.593389615 -0.257754969 0 0 0 6.10351562e-05
0.404591003 0.255884224 0.333119004 0 0 0 6.10351562e-05
0.0848639409 0.529072595 0.49337571 0 0 0 6.10351562e-05
0.163780458 -0.343031281 -0.0630390011 0 0 0 6.10351562e-05
0.595810005 -0.596677136 -0.435384947 0 0 0 6.10351562e-05
-0.366969594 0.346904259 -0.852711586 0 0 0 6.10351562e-05
-0.617459865 0.190295249 -0.105281765 0 0 0 6.10351562e-05
-0.434703866 -0.67240025 0.368339787 0 0 0 6.10351562e-05
-0.371407659 0.483877337 -0.232337029 0 0 0 6.10351562e-05
0.0257771417 0.098687235 -0.252794648 0 0 0 6.10351562e-05
0.974160285 0.0894335583 0.10408963 0 0 0 6.10351562e-05
0.468357152 0.446794013 -0.674537266 0 0 0 6.10351562e-05
-0.311555921 -0.36564921 0.299783038 0 0 0 6.10351562e-05
0.350270945 -0.0463850921 0.742568766 0 0 0 6.10351562e-05
-0.431750759 0.787120481 0.115658258 0 0 0 6.10351562e-05
0.029768491 -0.809144044 -0.200133428 0 0 0 6.10351562e-05
0.337690686 -0.503415175 0.509586956 0 0 0 6.10351562e-05
-0.727613526 -0.19270921 0.473323155 0 0 0 6.10351562e-05
0.00659800107 0.608833272 -0.276521007 0 0 0 6.10351562e-05
-0.00924140367 -0.0436668645 0.803264853 0 0 0 6.10351562e-05
0.568553762 0.788376412 -0.126312709 0 0 0 6.10351562e-05
0.114279828 -0.137926243 -0.360330936 0 0 0 6.10351562e-05
0.16670205 -0.687670238 -0.197434309 0 0 0 6.10351562e-05
0.376313902 0.357042687 -0.485130126 0 0 0 6.10351562e-05
-0.125010219 0.120525195 0.972509348 0 0 0 6.10351562e-05
-0.971977802 0.0854718712 -0.167666221 0 0 0 6.10351562e-05
-0.19395734 -0.805706063 -0.264107168 0 0 0 6.10351562e-05
0.0307233325 0.872735556 0.0109187175 0 0 0 6.10351562e-05
-0.128974774 -0.00256841965 0.973104351 0 0 0 6.10351562e-05
0.100342381 0.63041181 0.198573404 0 0 0 6.10351562e-05
-0.558464404 -0.262263663 0.320001523 0 0 0 6.10351562e-05
0.0980583135 0.321818618 0.805161727 0 0 0 6.10351562e-05
-0.70487752 -0.517851222 -0.042319536 0 0 0 6.10351562e-05
0.116242879 -0.606753142 0.608227555 0 0 0 6.10351562e-05
0.37035098 0.467633676 -0.526768061 0 0 0 6.10351562e-05
0.137389705 -0.499298426 0.104432298 0 0 0 6.10351562e-05
-0.147751609 -0.867125253 0.191539687 0 0 0 6.10351562e-05
0.420379108 0.232674247 0.352858387 0 0 0 6.10351562e-05
0.521111086 -0.163856972 0.0888556231 0 0 0 6.10351562e-05
0.583638669 0.0894524905 -0.552260516 0 0 0 6.10351562e-05
-0.708173429 0.519755411 0.432344736 0 0 0 6.10351562e-05
0.27897438 -0.120445599 -0.468614327 0 0 0 6.10351562e-05
-0.420438036 0.350535749 -0.0307238298 0 0 0 6.10351562e-05
-0.949637775 0.140888337 -0.110318514 0 0 0 6.10351562e-05
0.295596061 0.892533643 0.0390934691 0 0 0 6.10351562e-05
0.848839709 -0.14114887 -0.457529978 0 0 0 6.10351562e-05
0.920387611 -0.2669135 0.181832635 0 0 0 6.10351562e-05
0.24046877 0.095898907 0.759691717 0 0 0 6.10351562e-05
-0.68717424 -0.262896507 0.502483834 0 0 0 6.10351562e-05
-0.471961437 -0.72249549 -0.0784190065 0 0 0 6.10351562e-05
-0.262174475 0.00474201245 0.582051765 0 0 0 6.10351562e-05
-0.513849942 0.0271237001 -0.696543619 0 0 0 6.10351562e-05
0.216871688 0.418963087 -0.114262619 0 0 0 6.10351562e-05
0.0383738921 -0.138216747 -0.410444593 0 0 0 6.10351562e-05
0.256645645 0.145018585 -0.718017428 0 0 0 6.10351562e-05
-0.0218837526 0.308724255 -0.497227821 0 0 0 6.10351562e-05
-0.159280714 -0.155670359 -0.413563215 0 0 0 6.10351562e-05
-0.0759590093 -0.3370912 -0.224164376 0 0 0 6.10351562e-05
-0.351736147 -0.56650992 0.407834052 0 0 0 6.10351562e-05
0.251284475 0.34150864 -0.486722643 0 0 0 6.10351562e-05
0.344271776 -0.772976514 -0.279025621 0 0 0 6.10351562e-05
0.273007375 -0.255897125 0.658619422 0 0 0 6.10351562e-05
0.197053325 -0.609839182 -0.659857415 0 0 0 6.10351562e-05
0.258922188 -0.00742827863 -0.560610716 0 0 0 6.10351562e-05
-0.188899525 0.136605244 0.876856408 0 0 0 6.10351562e-05
-0.340379401 0.310801474 0.151012313 0 0 0 6.10351562e-05
0.923923094 0.0228339887 -0.358038484 0 0 0 6.10351562e-05
-0.0908128746 0.736738715 -0.2516579 0 0 0 6.10351562e-05
-0.306059008 0.264889397 0.29671564 0 0 0 6.10351562e-05
-0.528174119 -0.0252750185 0.743296093 0 0 0 6.10351562e-05
-0.453947654 -0.0667695223 -0.602020361 0 0 0 6.10351562e-05
0.592772793 0.634643291 -0.229849373 0 0 0 6.10351562e-05
-0.766520012 -0.00401161319 -0.266916142 0 0 0 6.10351562e-05
0.703262746 -0.235501309 0.246573433 0 0 0 6.10351562e-05
0.0287587866 0.736733976 -0.542310831 0 0 0 6.10351562e-05
-0.573986567 0.475009498 0.402865375 0 0 0 6.10351562e-05
0.25617245 0.166082947 -0.935759257 0 0 0 6.10351562e-05
-0.513410981 -0.466104096 -0.573752486 0 0 0 6.10351562e-05
-0.148172662 0.273027425 0.0756698648 0 0 0 6.10351562e-05
-0.423749935 0.275631443 0.432930422 0 0 0 6.10351562e-05
-0.298888524 -0.0395305309 -0.107804756 0 0 0 6.10351562e-05
-0.20106956 0.0503285881 0.357553329 0 0 0 6.10351562e-05
-0.0481015467 -0.505942479 -0.439821019 0 0 0 6.10351562e-05
0.0872299468 0.335684939 0.134437841 0 0 0 6.10351562e-05
0.926532645 0.115013562 -0.183166016 0 0 0 6.10351562e-05
0.556664311 0.77361732 -0.0420896538 0 0 0 6.10351562e-05
-0.219741133 0.782210107 0.565301832 0 0 0 6.10351562e-05
0.217759019 0.166217756 -0.598246683 0 0 0 6.10351562e-05
-0.590293063 -0.644627994 0.229460159 0 0 0 6.10351562e-05
-0.192533198 -0.38770626 0.520914131 0 0 0 6.10351562e-05
-0.0969991835 -0.581595487 0.337398191 0 0 0 6.10351562e-05
0.311585308 -0.135614185 0.611337268 0 0 0 6.10351562e-05
0.265167988 0.164374179 -0.584108504 0 0 0 6.10351562e-05
0.308779685 -0.747017279 -0.110723577 0 0 0 6.10351562e-05
-0.381029234 -0.295493998 0.088582645 0 0 0 6.10351562e-05
0.505417638 -0.44390584 0.0759329525 0 0 0 6.10351562e-05
-0.534816003 -0.162179683 0.447839044 0 0 0 6.10351562e-05
0.164938549 -0.60954892 0.553810375 0 0 0 6.10351562e-05
0.066682954 -0.491462262 0.102252369 0 0 0 6.10351562e-05
-0.438429361 0.542319031 -0.222059491 0 0 0 6.10351562e-05
-0.588595807 -0.59703429 -0.00300358333 0 0 0 6.10351562e-05
-0.367637501 -0.281073647 0.860285225 0 0 0 6.10351562e-05
0.225573833 0.446936635 0.857096203 0 0 0 6.10351562e-05
-0.128329151 -0.37793032 -0.193130837 0 0 0 6.10351562e-05
-0.331052731 0.726043484 0.592112906 0 0 0 6.10351562e-05
-0.372651724 -0.764580104 -0.0830168079 0 0 0 6.10351562e-05
0.437708359 -0.363126648 0.283296457 0 0 0 6.10351562e-05
-0.190555932 -0.455975718 0.85241148 0 0 0 6.10351562e-05
-0.129392721 -0.205437316 0.164507905 0 0 0 6.10351562e-05
0.204864967 0.0478310314 -0.0184515133 0 0 0 6.10351562e-05
0.609067639 0.0397666342 0.605596205 0 0 0 6.10351562e-05
-0.237870953 -0.340545709 0.880362476 0 0 0 6.10351562e-05
-0.31952819 0.332129982 -0.299499028 0 0 0 6.10351562e-05
-0.758638754 0.414491419 -0.471232478 0 0 0 6.10351562e-05
0.0188694421 0.353071617 -0.263549837 0 0 0 6.10351562e-05
-0.0744971779 -0.444762944 0.602311049 0 0 0 6.10351562e-05
0.477085422 -0.318752132 -0.033884052 0 0 0 6.10351562e-05
0.189413952 -0.21501505 -0.0382782584 0 0 0 6.10351562e-05
0.122176198 -0.411312358 0.118340577 0 0 0 6.10351562e-05
0.477697867 0.459441542 -0.10610104 0 0 0 6.10351562e-05
0.786564162 0.189069275 -0.158232535 0 0 0 6.10351562e-05
-0.687346683 -0.378520263 -0.221703859 0 0 0 6.10351562e-05
-0.36294313 -0.140619995 -0.533477668 0 0 0 6.10351562e-05
0.685929866 -0.267065228 0.0213989182 0 0 0 6.10351562e-05
0.483943942 0.0325339339 0.361602488 0 0 0 6.10351562e-05
0.246323329 0.647681797 0.589628274 0 0 0 6.10351562e-05
-0.49118817 0.625410783 0.321562009 0 0 0 6.10351562e-05
-0.624851246 -0.253590385 -0.153056791 0 0 0 6.10351562e-05
-0.592769013 0.376600725 -0.056020118 0 0 0 6.10351562e-05
0.769840496 0.282819784 0.44445346 0 0 0 6.10351562e-05
-0.474008662 -0.456788273 0.593166399 0 0 0 6.10351562e-05
0.179245916 0.520355797 -0.233539983 0 0 0 6.10351562e-05
0.602878861 0.501735774 -0.322867964 0 0 0 6.10351562e-05
0.0583315167 -0.142379508 -0.957688429 0 0 0 6.10351562e-05
-0.488191604 -0.518306021 0.00174095853 0 0 0 6.10351562e-05
0.17343084 -0.409632154 -0.12586515 0 0 0 6.10351562e-05
0.575512529 -0.383495777 -0.0729450096 0 0 0 6.10351562e-05
0.0294787073 0.424869189 -0.190659739 0 0 0 6.10351562e-05
-0.03778534 0.147193614 -0.474159342 0 0 0 6.10351562e-05
0.50543652 -0.461220357 0.667070664 0 0 0 6.10351562e-05
-0.923364854 0.0431815821 0.380089455 0 0 0 6.10351562e-05
-0.413681872 -0.495853269 0.0635180925 0 0 0 6.10351562e-05
-0.448219478 0.302731845 0.522767723 0 0 0 6.10351562e-05
0.350763941 -0.154728035 0.187224832 0 0 0 6.10351562e-05
0.30411658 -0.279087583 0.795521461 0 0 0 6.10351562e-05
-0.112998746 -0.217256559 0.71738764 0 0 0 6.10351562e-05
-0.133044244 0.67352446 -0.333104337 0 0 0 6.10351562e-05
-0.128787226 -0.0184286804 0.155430769 0 0 0 6.10351562e-05
0.11497015 0.588894074 0.0805762444 0 0 0 6.10351562e-05
0.188493331 0.098285651 0.38826677 0 0 0 6.10351562e-05
0.432738318 -0.435435262 -0.648732303 0 0 0 6.10351562e-05
-0.556916155 0.285464404 -0.0948032515 0 0 0 6.10351562e-05
0.706018875 0.515213112 -0.27333114 0 0 0 6.10351562e-05
0.00734980349 0.601452241 0.00525559186 0 0 0 6.10351562e-05
-0.389912345 -0.516334546 -0.217809999 0 0 0 6.10351562e-05
0.424078808 -0.674199886 0.199968468 0 0 0 6.10351562e-05
-0.0801406386 -0.381721207 -0.0797662713 0 0 0 6.10351562e-05
-0.370950534 -0.71725859 -0.157433301 0 0 0 6.10351562e-05
-0.636476764 -0.419912968 0.353065575 0 0 0 6.10351562e-05
-0.659024964 -0.0766960471 -0.642806815 0 0 0 6.10351562e-05
0.613514165 0.182567046 -0.745949099 0 0 0 6.10351562e-05
-0.91739832 0.0316638361 0.218064275 0 0 0 6.10351562e-05
-0.132340276 -0.422839269 -0.895502674 0 0 0 6.10351562e-05
-0.222648651 -0.357683365 0.228656367 0 0 0 6.10351562e-05
0.572723966 0.0935678409 0.624291107 0 0 0 6.10351562e-05
0.2824154 0.0979831472 0.166013404 0 0 0 6.10351562e-05
0.638025124 -0.170208639 -0.389127594 0 0 0 6.10351562e-05
0.110108785 -0.0736323449 -0.886909425 0 0 0 6.10351562e-05
0.168310388 -0.183257827 -0.0955921444 0 0 0 6.10351562e-05
0.327297724 0.108281497 0.00143640372 0 0 0 6.10351562e-05
-0.530424222 -0.288439646 -0.305475434 0 0 0 6.10351562e-05
-0.507208402 0.104972392 -0.781238463 0 0 0 6.10351562e-05
0.121462993 -0.616520763 -0.0919347323 0 0 0 6.10351562e-05
-0.717860989 -0.346187972 0.189983921 0 0 0 6.10351562e-05
-0.433555971 0.408792041 0.142328088 0 0 0 6.10351562e-05
0.889131121 0.0834365981 -0.0642467552 0 0 0 6.10351562e-05
-0.324976024 -0.425736809 0.471194413 0 0 0 6.10351562e-05
0.446387067 -0.163376484 0.0523342831 0 0 0 6.10351562e-05
-0.175649759 -0.684638229 -0.185004558 0 0 0 6.10351562e-05
0.754569833 0.606904727 0.112235819 0 0 0 6.10351562e-05
-0.349254438 0.0601910037 -0.288746688 0 0 0 6.10351562e-05
-0.340237886 0.791304527 -0.280233428 0 0 0 6.10351562e-05
-0.568452407 0.404201457 -0.0225446925 0 0 0 6.10351562e-05
0.231884901 0.647887551 -0.35997998 0 0 0 6.10351562e-05
-0.211871498 -0.270603824 0.789024928 0 0 0 6.10351562e-05
-0.294551959 0.057862547 0.653461206 0 0 0 6.10351562e-05
0.443287938 -0.423817751 -0.305479932 0 0 0 6.10351562e-05
-0.109030915 0.579221205 -0.508146774 0 0 0 6.10351562e-05
0.303177751 0.113337921 -0.402645032 0 0 0 6.10351562e-05
-0.378132216 -0.871156321 -0.0962537331 0 0 0 6.10351562e-05
0.389826163 0.878409883 -0.11093448 0 0 0 6.10351562e-05
0.865274909 0.131691498 -0.30546837 0 0 0 6.10351562e-05
-0.831923404 -0.12709407 0.391198069 0 0 0 6.10351562e-05
-0.908825652 -0.0939988737 -0.364577881 0 0 0 6.10351562e-05
-0.709903204 0.179954364 0.230372229 0 0 0 6.10351562e-05
-0.291646093 -0.0198672141 -0.385726789 0 0 0 6.10351562e-05
-0.610008294 -0.571852876 -0.22286829 0 0 0 6.10351562e-05
0.442533947 0.273283242 0.125623479 0 0 0 6.10351562e-05
0.295641482 0.0419689001 0.456749168 0 0 0 6.10351562e-05
0.416442224 0.808728547 0.147732445 0 0 0 6.10351562e-05
-0.403162841 -0.486061265 0.771505164 0 0 0 6.10351562e-05
-0.671583837 0.484197811 -0.0617574603 0 0 0 6.10351562e-05
-0.91735055 -0.274915178 -0.197394699 0 0 0 6.10351562e-05
-0.265553616 0.0982845731 0.563973815 0 0 0 6.10351562e-05
0.0175707737 0.353518395 -0.121981524 0 0 0 6.10351562e-05
-0.47427795 -0.0995348398 -0.729796474 0 0 0 6.10351562e-05
0.139646384 0.132930316 0.482410117 0 0 0 6.10351562e-05
-0.484767356 -0.766101381 0.240347506 0 0 0 6.10351562e-05
-0.15109579 -0.431279973 0.434781169 0 0 0 6.10351562e-05
0.870441976 -0.141644596 -0.0375834734 0 0 0 6.10351562e-05
0.290587412 0.36679516 -0.185564389 0 0 0 6.10351562e-05
0.648825245 -0.163330368 -0.433804432 0 0 0 6.10351562e-05
-0.482583991 -0.314129154 -0.154642852 0 0 0 6.10351562e-05
-0.522406907 0.10118347 0.588962175 0 0 0 6.10351562e-05
-0.294088857 -0.258657047 -0.553922043 0 0 0 6.10351562e-05
0.242013391 -0.23022783 0.74696028 0 0 0 6.10351562e-05
0.128227291 0.430562775 -0.163025791 0 0 0 6.10351562e-05
-0.0902051094 -0.160817537 -0.657140852 0 0 0 6.10351562e-05
0.301097585 0.863698893 0.387367707 0 0 0 6.10351562e-05
0.755958337 -0.469516882 0.168959476 0 0 0 6.10351562e-05
-0.369355876 0.409561167 0.520023798 0 0 0 6.10351562e-05
0.687576922 0.0495107494 0.499128575 0 0 0 6.10351562e-05
-0.687797208 -0.362424043 -0.150611821 0 0 0 6.10351562e-05
-0.266514228 -0.343263066 0.682617694 0 0 0 6.10351562e-05
0.113208779 0.779461726 0.42611516 0 0 0 6.10351562e-05
-0.134623009 -0.71729973 0.319115721 0 0 0 6.10351562e-05
-0.420792903 0.217707577 0.736082178 0 0 0 6.10351562e-05
0.400252798 -0.845479108 -0.254133864 0 0 0 6.10351562e-05
-0.114787986 0.341209654 -0.632531926 0 0 0 6.10351562e-05
-0.0496462871 -0.428311743 0.0434335255 0 0 0 6.10351562e-05
0.549502551 0.740402732 0.065526119 0 0 0 6.10351562e-05
-0.0597379116 0.218878412 0.95836761 0 0 0 6.10351562e-05
0.0837509052 0.119542994 0.817957628 0 0 0 6.10351562e-05
-0.6614757 -0.0548839644 0.0517312155 0 0 0 6.10351562e-05
-0.291422936 0.322204602 0.751838341 0 0 0 6.10351562e-05
-0.500988509 -0.294205683 0.730801818 0 0 0 6.10351562e-05
0.592592587 -0.179224715 -0.741665324 0 0 0 6.10351562e-05
-0.857958722 -0.0397810192 0.443304449 0 0 0 6.10351562e-05
-0.760455575 -0.524377495 0.306912129 0 0 0 6.10351562e-05
0.306400115 0.478508883 -0.575214 0 0 0 6.10351562e-05
0.235046577 -0.863893341 0.42187734 0 0 0 6.10351562e-05
-0.674981202 -0.0629187707 -0.597061488 0 0 0 6.10351562e-05
-0.393742433 -0.695672202 0.394348725 0 0 0 6.10351562e-05
0.684867304 0.213470352 -0.250579654 0 0 0 6.10351562e-05
-0.351634653 0.654637736 -0.149572399 0 0 0 6.10351562e-05
0.937078266 0.146669503 -0.180907066 0 0 0 6.10351562e-05
0.530080958 0.320976007 0.220741891 0 0 0 6.10351562e-05
0.456988263 0.3880714 -0.483194716 0 0 0 6.10351562e-05
-0.691993167 -0.0116437677 0.395402175 0 0 0 6.10351562e-05
0.23274399 0.322940328 0.287454707 0 0 0 6.10351562e-05
0.0265022037 -0.452506376 0.637587649 0 0 0 6.10351562e-05
0.0868897752 0.595171835 -0.125585724 0 0 0 6.10351562e-05
-0.312114192 0.287739419 0.897220983 0 0 0 6.10351562e-05
0.250305864 0.375940809 0.695388845 0 0 0 6.10351562e-05
-0.698814684 -0.202200613 0.589782919 0 0 0 6.10351562e-05
0.299327072 -0.134667062 -0.735010375 0 0 0 6.10351562e-05
-0.770796452 -0.483395777 0.305928332 0 0 0 6.10351562e-05
0.778868084 0.40592178 0.221530686 0 0 0 6.10351562e-05
0.758172088 0.154746907 0.379102594 0 0 0 6.10351562e-05
0.590001743 0.109259049 0.526387875 0 0 0 6.10351562e-05
0.201093798 0.594914666 0.357205757 0 0 0 6.10351562e-05
-0.70273942 0.0335962804 0.53710325 0 0 0 6.10351562e-05
0.150869572 0.516130289 0.579016731 0 0 0 6.10351562e-05
-0.627871441 0.479347402 -0.0603597164 0 0 0 6.10351562e-05
0.133867396 0.201105773 0.84233981 0 0 0 6.10351562e-05
0.977144713 -0.096573071 -0.143143286 0 0 0 6.10351562e-05
0.166674522 0.0482753044 -0.459773006 0 0 0 6.10351562e-05
-0.679802825 0.158117941 0.168269745 0 0 0 6.10351562e-05
0.315916284 0.702255135 0.360208381 0 0 0 6.10351562e-05
-0.461477753 -0.663720184 0.244152999 0 0 0 6.10351562e-05
-0.424099432 -0.141027964 0.486983656 0 0 0 6.10351562e-05
-0.0317570053 -0.466670543 0.0688577919 0 0 0 6.10351562e-05
0.00926525984 0.110556364 -0.0182650292 0 0 0 6.10351562e-05
-0.510669784 0.175216204 -0.411784129 0 0 0 6.10351562e-05
-0.35072574 -0.375255014 0.0557694955 0 0 0 6.10351562e-05
-0.418547218 0.72787538 -0.149484333 0 0 0 6.10351562e-05
0.143903205 0.104432829 0.320136814 0 0 0 6.10351562e-05
0.30811064 -0.584603402 0.234222725 0 0 0 6.10351562e-05
0.321193655 0.468276866 -0.721448031 0 0 0 6.10351562e-05
0.309701376 0.317755735 -0.203956594 0 0 0 6.10351562e-05
-0.457675811 0.177749507 0.249739947 0 0 0 6.10351562e-05
-0.216548148 0.208910201 -0.586584493 0 0 0 6.10351562e-05
0.400683039 -0.184837427 0.763819282 0 0 0 6.10351562e-05
0.380222683 -0.294990422 0.705265098 0 0 0 6.10351562e-05
0.270190588 0.767513583 0.312251619 0 0 0 6.10351562e-05
0.256005402 -0.610876332 0.18649179 0 0 0 6.10351562e-05
0.0316319259 -0.798878617 -0.347977255 0 0 0 6.10351562e-05
-0.754378804 0.234033458 0.0521419736 0 0 0 6.10351562e-05
-0.794189223 0.322013848 -0.328553838 0 0 0 6.10351562e-05
0.0526985315 0.130889222 0.0202765763 0 0 0 6.10351562e-05
-0.0687409554 -0.63698937 0.215250042 0 0 0 6.10351562e-05
-0.0676252567 0.0211471678 0.697324411 0 0 0 6.10351562e-05
-0.0994040666 -0.116682346 -0.857740236 0 0 0 6.10351562e-05
0.874461944 0.0419050273 -0.414215513 0 0 0 6.10351562e-05
0.611909084 -0.452934618 -0.0277432083 0 0 0 6.10351562e-05
-0.307305174 0.615796441 -0.307369946 0 0 0 6.10351562e-05
-0.371053364 -0.749918028 0.0549949427 0 0 0 6.10351562e-05
0.491543489 -0.24026259 -0.548791073 0 0 0 6.10351562e-05
0.120613307 -0.244974299 0.689445625 0 0 0 6.10351562e-05
-0.43388434 0.132593282 0.237159479 0 0 0 6.10351562e-05
0.164786401 0.41903113 -0.0623828742 0 0 0 6.10351562e-05
-0.58728452 0.0257467019 0.118313347 0 0 0 6.10351562e-05
-0.0447221622 0.394417621 -0.643075776 0 0 0 6.10351562e-05
-0.20928116 0.0187936459 0.314975688 0 0 0 6.10351562e-05
-0.0500479516 -0.504260007 -0.666339129 0 0 0 6.10351562e-05
0.665797747 -0.637691607 -0.137528353 0 0 0 6.10351562e-05
-0.430634202 -0.428053356 -0.582404685 0 0 0 6.10351562e-05
0.0141200082 -0.279007108 0.121531587 0 0 0 6.10351562e-05
0.478350035 -0.113455131 0.409480373 0 0 0 6.10351562e-05
-0.176384419 0.59365236 0.606939127 0 0 0 6.10351562e-05
0.350662532 -0.819938678 -0.35194619 0 0 0 6.10351562e-05
0.235083776 0.685143417 -0.0331489439 0 0 0 6.10351562e-05
0.113937487 -0.390527328 -0.241597086 0 0 0 6.10351562e-05
-0.232054279 -0.673392518 -0.389223515 0 0 0 6.10351562e-05
0.61206335 0.159389488 -0.576268257 0 0 0 6.10351562e-05
0.0391768969 0.367670193 -0.48648216 0 0 0 6.10351562e-05
0.00261730037 -0.0440538958 -0.169125647 0 0 0 6.10351562e-05
-0.740369238 0.308579009 0.0822023871 0 0 0 6.10351562e-05
-0.253709054 0.633093661 -0.368355151 0 0 0 6.10351562e-05
-0.390036408 0.255570836 -0.212480093 0 0 0 6.10351562e-05
0.724443887 -0.301316406 -0.101321668 0 0 0 6.10351562e-05
-0.371010526 -0.468672322 -0.451369027 0 0 0 6.10351562e-05
-0.0532269513 -0.0352273014 0.300274065 0 0 0 6.10351562e-05
-0.196652396 0.350635502 0.142092754 0 0 0 6.10351562e-05
-0.403342359 -0.523440791 -0.356907449 0 0 0 6.10351562e-05
0.706086195 -0.484260645 -0.384843364 0 0 0 6.10351562e-05
0.380072845 -0.554932884 -0.26882506 0 0 0 6.10351562e-05
0.906858394 -0.0590782421 0.211257741 0 0 0 6.10351562e-05
0.300270458 -0.34240606 0.424625383 0 0 0 6.10351562e-05
0.762177994 -0.434664482 -0.201191719 0 0 0 6.10351562e-05
-0.423084086 -0.655882757 -0.348177695 0 0 0 6.10351562e-05
-0.607330086 0.175229796 0.172661187 0 0 0 6.10351562e-05
-0.0389467635 0.403908711 0.91278539 0 0 0 6.10351562e-05
0.695601929 0.408220832 -0.485757672 0 0 0 6.10351562e-05
0.359264508 -0.692675439 -0.197873044 0 0 0 6.10351562e-05
0.181188797 -0.0781076818 -0.307462969 0 0 0 6.10351562e-05
-0.197851296 -0.22053763 0.773642851 0 0 0 6.10351562e-05
-0.608724398 0.293735081 0.279138657 0 0 0 6.10351562e-05
-0.0878341577 0.15078035 -0.0958516355 0 0 0 6.10351562e-05
-0.345423251 0.744441407 0.0882054802 0 0 0 6.10351562e-05
-0.155243869 0.446738306 -0.646421257 0 0 0 6.10351562e-05
0.476903692 -0.147250146 -0.529193507 0 0 0 6.10351562e-05
-0.573363663 -0.0626836891 -0.617095525 0 0 0 6.10351562e-05
0.16980258 -0.0408575397 0.498268668 0 0 0 6.10351562e-05
0.0384461333 -0.34171697 0.179764534 0 0 0 6.10351562e-05
-0.156335612 0.720834947 -0.366941364 0 0 0 6.10351562e-05
-0.289379511 -0.686227766 0.554696915 0 0 0 6.10351562e-05
0.350807174 0.289186776 -0.452421241 0 0 0 6.10351562e-05
0.307840253 -0.0834122966 -0.780355809 0 0 0 6.10351562e-05
0.119842424 -0.391732789 0.779998187 0 0 0 6.10351562e-05
0.446607303 -0.504370915 -0.598142015 0 0 0 6.10351562e-05
0.220999965 0.120260042 -0.328814058 0 0 0 6.10351562e-05
-0.648289082 0.0609011497 0.281906519 0 0 0 6.10351562e-05
0.11799092 0.419344308 -0.348511352 0 0 0 6.10351562e-05
-0.500267776 -0.142425948 0.271774604 0 0 0 6.10351562e-05
0.607813986 -0.133480067 -0.275637829 0 0 0 6.10351562e-05
0.415040631 -0.411355338 0.165766253 0 0 0 6.10351562e-05
-0.156015479 -0.195569728 0.7688781 0 0 0 6.10351562e-05
-0.646126444 0.504058827 0.549814624 0 0 0 6.10351562e-05
0.822724785 0.00866089527 -0.0247441849 0 0 0 6.10351562e-05
0.458837223 -0.0597347134 -0.0466765958 0 0 0 6.10351562e-05
0.205106107 -0.888219085 -0.171196343 0 0 0 6.10351562e-05
-0.131199702 -0.234648122 -0.294250794 0 0 0 6.10351562e-05
0.295492698 0.426994905 -0.0865205074 0 0 0 6.10351562e-05
-0.625289919 0.29058986 -0.530778585 0 0 0 6.10351562e-05
-0.633855685 -0.131488929 0.198098656 0 0 0 6.10351562e-05
0.0957309779 0.342566305 0.266583627 0 0 0 6.10351562e-05
0.542918055 -0.198029887 -0.550007809 0 0 0 6.10351562e-05
-0.169867751 0.355594842 0.0078231088 0 0 0 6.10351562e-05
0.455138141 -0.775408074 -0.060509345 0 0 0 6.10351562e-05
-0.0602558321 -0.541919845 0.544951592 0 0 0 6.10351562e-05
0.587245179 0.164812869 -0.0942713308 0 0 0 6.10351562e-05
0.0749636868 -0.479422504 0.620328347 0 0 0 6.10351562e-05
-0.0646615405 -0.844986858 -0.237804351 0 0 0 6.10351562e-05
-0.249777276 -0.851977949 0.444592204 0 0 0 6.10351562e-05
0.42165193 0.315170168 -0.0473571138 0 0 0 6.10351562e-05
0.0661446296 0.0432370437 -0.659440058 0 0 0 6.10351562e-05
0.451940839 0.23877725 -0.73209014 0 0 0 6.10351562e-05
0.356415671 0.486753022 -0.14022696 0 0 0 6.10351562e-05
-0.129919284 -0.190221721 -0.837514544 0 0 0 6.10351562e-05
-0.0566984421 -0.19360173 -0.531883913 0 0 0 6.10351562e-05
0.170532513 0.439627184 0.430627363 0 0 0 6.10351562e-05
-0.612098029 0.583231874 -0.260442614 0 0 0 6.10351562e-05
-0.0228380255 0.777132436 -0.539476366 0 0 0 6.10351562e-05
0.396163745 0.541154434 -0.331894669 0 0 0 6.10351562e-05
-0.046393192 -0.0845205665 0.796863353 0 0 0 6.10351562e-05
-0.655939263 0.324227519 0.251275709 0 0 0 6.10351562e-05
0.182898574 -0.393918725 -0.383743641 0 0 0 6.10351562e-05
-0.493995221 -0.0382924939 0.36661522 0 0 0 6.10351562e-05
-0.846838866 -0.193027861 0.073055614 0 0 0 6.10351562e-05
-0.80289705 0.468495386 0.185025397 0 0 0 6.10351562e-05
0.667645643 -0.203495639 -0.26814685 0 0 0 6.10351562e-05
0.74790577 0.301028818 -0.190772442 0 0 0 6.10351562e-05
0.399721411 0.266800321 0.373655133 0 0 0 6.10351562e-05
0.555734537 -0.241091768 -0.320000717 0 0 0 6.10351562e-05
-0.256619694 0.225023763 -0.691323279 0 0 0 6.10351562e-05
-0.596052336 -0.563024348 0.433017813 0 0 0 6.10351562e-05
0.110809751 0.174567649 0.653068664 0 0 0 6.10351562e-05
0.0416151245 0.239775233 0.868919045 0 0 0 6.10351562e-05
0.711121752 -0.0145164474 0.39803878 0 0 0 6.10351562e-05
-0.289017419 0.448340426 -0.106592735 0 0 0 6.10351562e-05
-0.0404770569 -0.101639305 0.289045469 0 0 0 6.10351562e-05
0.0686265082 0.948477534 -0.0838692178 0 0 0 6.10351562e-05
-0.229814738 -0.60424857 -0.717079262 0 0 0 6.10351562e-05
-0.056854586 0.00800693717 0.348181294 0 0 0 6.10351562e-05
-0.0204406482 0.410543774 0.355854139 0 0 0 6.10351562e-05
0.375427027 -0.0733928049 0.525871502 0 0 0 6.10351562e-05
-0.290566999 -0.467718586 0.739725102 0 0 0 6.10351562e-05
0.337848649 0.123355558 -0.81433415 0 0 0 6.10351562e-05
0.274500403 0.37548583 -0.151179274 0 0 0 6.10351562e-05
-0.140233719 -0.0384839713 0.132760986 0 0 0 6.10351562e-05
0.169190352 0.867097754 0.215503493 0 0 0 6.10351562e-05
0.460854191 0.778324356 0.0120817805 0 0 0 6.10351562e-05
-0.069797217 -0.77393003 0.370098947 0 0 0 6.10351562e-05
-0.512036194 -0.693779052 0.331999176 0 0 0 6.10351562e-05
0.666578811 0.217895368 -0.0906163355 0 0 0 6.10351562e-05
0.724649347 -0.47014336 0.307752758 0 0 0 6.10351562e-05
-0.207596919 0.521435328 0.263184411 0 0 0 6.10351562e-05
-0.0135148501 -0.372482981 -0.386831447 0 0 0 6.10351562e-05
0.612401262 0.183561133 -0.173438724 0 0 0 6.10351562e-05
0.208389028 0.57514957 0.485573566 0 0 0 6.10351562e-05
-0.759149036 -0.178760523 -0.527228422 0 0 0 6.10351562e-05
-0.697595991 0.309512597 0.609968331 0 0 0 6.10351562e-05
0.0564888489 0.965472131 -0.022126538 0 0 0 6.10351562e-05
-0.844044459 0.446232622 0.26646108 0 0 0 6.10351562e-05
-0.382162528 0.345257833 -0.419408863 0 0 0 6.10351562e-05
-0.0360863908 -0.315008965 -0.407947161 0 0 0 6.10351562e-05
-0.115306901 0.730545947 -0.286428709 0 0 0 6.10351562e-05
-0.394316135 0.382841007 -0.45409162 0 0 0 6.10351562e-05
-0.917959082 -0.336779825 -0.186970998 0 0 0 6.10351562e-05
-0.714871363 0.590401506 0.107305412 0 0 0 6.10351562e-05
0.600416485 -0.456943442 -0.637574214 0 0 0 6.10351562e-05
-0.330421701 -0.500216494 -0.326537766 0 0 0 6.10351562e-05
-0.127259113 -0.876340531 0.439231619 0 0 0 6.10351562e-05
-0.195919293 -0.380706568 0.887249946 0 0 0 6.10351562e-05
-0.618494592 -0.451426586 -0.62518542 0 0 0 6.10351562e-05
-0.369590302 0.60825262 0.657887203 0 0 0 6.10351562e-05
0.105084319 0.472764259 0.235510114 0 0 0 6.10351562e-05
-0.0256490341 -0.177520283 0.935651546 0 0 0 6.10351562e-05
0.280841829 -0.500252834 0.104275747 0 0 0 6.10351562e-05
0.157114627 -0.718564649 -0.229423225 0 0 0 6.10351562e-05
0.494378806 0.557157598 -0.13256988 0 0 0 6.10351562e-05
0.0434950945 -0.877737391 0.248508229 0 0 0 6.10351562e-05
-0.274012988 -0.364228605 0.120775708 0 0 0 6.10351562e-05
-0.446943704 0.493398404 -0.46488155 0 0 0 6.10351562e-05
-0.094399785 -0.492068311 0.202488341 0 0 0 6.10351562e-05
0.303642196 -0.764495344 -0.332089814 0 0 0 6.10351562e-05
-0.130954387 -0.800381527 -0.496503712 0 0 0 6.10351562e-05
0.377138625 0.756027446 -0.125001546 0 0 0 6.10351562e-05
-0.311285483 -0.443152575 0.431727216 0 0 0 6.10351562e-05
0.17484 0.131010237 -0.2099745 0 0 0 6.10351562e-05
-0.244495067 -0.685852291 -0.521011882 0 0 0 6.10351562e-05
-0.220491967 0.861888411 -0.380084946 0 0 0 6.10351562e-05
0.160340362 0.740105054 0.265937978 0 0 0 6.10351562e-05
0.462047642 0.592960739 0.263039953 0 0 0 6.10351562e-05
0.179045358 -0.847158779 -0.227046884 0 0 0 6.10351562e-05
0.462279366 -0.143777398 -0.256396216 0 0 0 6.10351562e-05
0.316155449 -0.507597293 0.350528648 0 0 0 6.10351562e-05
-0.0390589935 -0.527537745 0.217922513 0 0 0 6.10351562e-05
0.763886385 0.256241918 -0.301408137 0 0 0 6.10351562e-05
-0.546385282 -0.0407389469 -0.504105579 0 0 0 6.10351562e-05
-0.205787962 -0.415356198 -0.52578206 0 0 0 6.10351562e-05
0.971395776 0.183503792 -0.0235401006 0 0 0 6.10351562e-05
0.61809039 0.67867684 -0.146895921 0 0 0 6.10351562e-05
-0.380989973 -0.334034766 0.806749732 0 0 0 6.10351562e-05
0.371172262 0.457161513 -0.629158174 0 0 0 6.10351562e-05
-0.525524639 0.438797997 -0.461985333 0 0 0 6.10351562e-05
-0.301115356 -0.0502050576 0.442849417 0 0 0 6.10351562e-05
0.216726818 0.304308055 0.840950851 0 0 0 6.10351562e-05
0.325500601 -0.0414783037 0.659913653 0 0 0 6.10351562e-05
-0.455135835 0.57067825 -0.32563912 0 0 0 6.10351562e-05
0.567753401 0.174213658 -0.458546913 0 0 0 6.10351562e-05
0.567297981 -0.0367965735 -0.558918865 0 0 0 6.10351562e-05
0.701399937 -0.365126628 0.0852211913 0 0 0 6.10351562e-05
-0.192872868 -0.256638085 -0.927998729 0 0 0 6.10351562e-05
0.199718532 0.871481335 0.209817671 0 0 0 6.10351562e-05
-0.103522103 0.748015449 0.475227421 0 0 0 6.10351562e-05
-0.129044275 -0.189850137 0.49111827 0 0 0 6.10351562e-05
0.20400574 -0.0429310505 0.911492565 0 0 0 6.10351562e-05
0.0826998698 0.898326366 -0.0220436807 0 0 0 6.10351562e-05
-0.882632052 0.0330399681 -0.323239189 0 0 0 6.10351562e-05
0.0363448765 0.412030758 -0.4314573 0 0 0 6.10351562e-05
0.202924074 -0.551230758 -0.314860038 0 0 0 6.10351562e-05
-0.425401813 0.109744883 -0.0339198555 0 0 0 6.10351562e-05
-0.818116917 -0.128911938 0.53878331 0 0 0 6.10351562e-05
0.338557507 0.42967945 -0.729252109 0 0 0 6.10351562e-05
-0.0680847748 0.923721743 -0.0345765984 0 0 0 6.10351562e-05
-0.0793802655 -0.776042993 -0.128059737 0 0 0 6.10351562e-05
0.717900526 -0.257634217 -0.633904131 0 0 0 6.10351562e-05
-0.533264749 0.320264 0.413804966 0 0 0 6.10351562e-05
-0.316568818 -0.617349521 0.49529136 0 0 0 6.10351562e-05
-0.0839577946 -0.929631692 0.0438816844 0 0 0 6.10351562e-05
-0.471893389 0.0753948821 0.125426058 0 0 0 6.10351562e-05
-0.422336236 0.369406175 -0.809019299 0 0 0 6.10351562e-05
0.755500874 -0.529288371 -0.312689875 0 0 0 6.10351562e-05
0.0765318312 0.585109454 0.585977789 0 0 0 6.10351562e-05
0.0967168042 0.464850182 0.837793112 0 0 0 6.10351562e-05
-0.432258232 -0.783767496 -0.387955071 0 0 0 6.10351562e-05
-0.517378455 -0.223390967 -0.357788741 0 0 0 6.10351562e-05
0.70768249 -0.0143787161 0.160896509 0 0 0 6.10351562e-05
0.115140871 -0.172835441 0.959532445 0 0 0 6.10351562e-05
0.176982865 0.769472598 0.252537415 0 0 0 6.10351562e-05
0.919510226 -0.236434168 -0.104090378 0 0 0 6.10351562e-05
0.101557366 0.762045351 -0.0826360262 0 0 0 6.10351562e-05
0.666769699 -0.247539776 0.280790146 0 0 0 6.10351562e-05
-0.485474389 -0.128768485 -0.160472228 0 0 0 6.10351562e-05
-0.0568914431 0.437652684 -0.718215859 0 0 0 6.10351562e-05
0.0505472494 0.131337435 0.852520375 0 0 0 6.10351562e-05
0.624584699 -0.181751986 -0.367345161 0 0 0 6.10351562e-05
-0.589130338 0.430695924 0.420583109 0 0 0 6.10351562e-05
0.532934904 0.811814693 -0.177638026 0 0 0 6.10351562e-05
-0.535416467 -0.264737773 0.156329354 0 0 0 6.10351562e-05
0.192684644 -0.0497999341 0.130981531 0 0 0 6.10351562e-05
0.393280185 0.912839673 -0.0998374181 0 0 0 6.10351562e-05
-0.766389331 -0.545571664 -0.0614218098 0 0 0 6.10351562e-05
0.778883 0.328248584 -0.121545669 0 0 0 6.10351562e-05
0.523557989 0.84068079 0.0207804072 0 0 0 6.10351562e-05
-0.284943595 0.696243003 -0.509461038 0 0 0 6.10351562e-05
0.539144632 -0.187853837 0.627518438 0 0 0 6.10351562e-05
-0.721151884 0.533363804 -0.0387530287 0 0 0 6.10351562e-05
0.179279212 -0.2950384 -0.0850198625 0 0 0 6.10351562e-05
-0.507894903 0.158899084 -0.217511684 0 0 0 6.10351562e-05
0.846618491 0.127895841 0.244213339 0 0 0 6.10351562e-05
-0.196744151 -0.407013568 -0.154705868 0 0 0 6.10351562e-05
-0.234600922 -0.0949431182 -0.00235429609 0 0 0 6.10351562e-05
0.213916357 0.315245953 -0.574641404 0 0 0 6.10351562e-05
0.139414962 0.199240868 0.521176639 0 0 0 6.10351562e-05
-0.429649641 0.230914108 -0.509791192 0 0 0 6.10351562e-05
-0.103593949 0.4896173 0.548664809 0 0 0 6.10351562e-05
-0.233654131 0.147406256 -0.513496843 0 0 0 6.10351562e-05
-0.277960467 0.00284207227 -0.627805842 0 0 0 6.10351562e-05
-0.0823470271 -0.943683618 -0.269458492 0 0 0 6.10351562e-05
-0.289776544 0.483499776 -0.196852261 0 0 0 6.10351562e-05
0.0072958548 0.60737563 0.696508746 0 0 0 6.10351562e-05
-0.381307321 0.0639546299 -0.171782958 0 0 0 6.10351562e-05
0.610807168 0.0412876575 0.368767254 0 0 0 6.10351562e-05
0.424181944 0.0918565857 -0.842994567 0 0 0 6.10351562e-05
0.471316925 -0.468031475 0.206278416 0 0 0 6.10351562e-05
0.441136916 -0.202649278 -0.720864791 0 0 0 6.10351562e-05
-0.174874322 -0.0209996066 0.536599105 0 0 0 6.10351562e-05
0.204180496 -0.313972383 0.512527194 0 0 0 6.10351562e-05
0.282258661 0.822812818 0.113086133 0 0 0 6.10351562e-05
-0.318183485 0.662366 0.0951687087 0 0 0 6.10351562e-05
-0.747124199 -0.267061566 -0.531960466 0 0 0 6.10351562e-05
-0.457106952 0.488606473 -0.694865003 0 0 0 6.10351562e-05
0.625846894 -0.427186707 -0.34147752 0 0 0 6.10351562e-05
0.206801094 0.704510385 0.0633385189 0 0 0 6.10351562e-05
0.373209819 0.452174842 0.61337773 0 0 0 6.10351562e-05
0.00162823295 -0.402084458 -0.107918679 0 0 0 6.10351562e-05
0.256489864 -0.110673121 0.442146178 0 0 0 6.10351562e-05
-0.306804694 0.460106106 0.209061937 0 0 0 6.10351562e-05
0.157045477 0.731691052 0.0430436831 0 0 0 6.10351562e-05
0.444678823 0.362935251 -0.358244871 0 0 0 6.10351562e-05
-0.288629023 -0.0304358712 0.273240455 0 0 0 6.10351562e-05
-0.0220037784 -0.83165314 -0.525860591 0 0 0 6.10351562e-05
-0.493015002 -0.425483881 0.473084204 0 0 0 6.10351562e-05
-0.662535882 0.0587607623 -0.562061506 0 0 0 6.10351562e-05
0.536108858 0.110106536 -0.730272607 0 0 0 6.10351562e-05
-0.964156407 -0.172821854 -0.183860598 0 0 0 6.10351562e-05
0.700150274 0.0758976845 -0.521543104 0 0 0 6.10351562e-05
-0.0548132479 -0.085329949 -0.199689986 0 0 0 6.10351562e-05
0.221076476 -0.508696244 0.421888823 0 0 0 6.10351562e-05
-0.57122255 0.363261432 0.702430782 0 0 0 6.10351562e-05
0.65829325 -0.506182283 0.113519025 0 0 0 6.10351562e-05
-0.544587152 0.266193632 0.252162752 0 0 0 6.10351562e-05
0.0148605241 0.502947819 0.438701168 0 0 0 6.10351562e-05
0.752980131 -0.40154009 -0.435188877 0 0 0 6.10351562e-05
-0.274332351 -0.509101759 -0.702176378 0 0 0 6.10351562e-05
0.0542755765 -0.0531174956 -0.926968765 0 0 0 6.10351562e-05
0.0887992728 -0.814757268 -0.0648971639 0 0 0 6.10351562e-05
-0.577978609 -0.234943622 -0.533640558 0 0 0 6.10351562e-05
0.348260191 0.190242148 0.850193013 0 0 0 6.10351562e-05
0.690188525 0.00227500227 -0.153458782 0 0 0 6.10351562e-05
0.2274173 -0.111271423 -0.507527295 0 0 0 6.10351562e-05
-0.0692751317 -0.0989684773 0.703039298 0 0 0 6.10351562e-05
-0.0761875795 0.122249545 -0.931170863 0 0 0 6.10351562e-05
-0.542555983 -0.392378085 0.117123466 0 0 0 6.10351562e-05
0.0428127627 -0.482314188 -0.588710447 0 0 0 6.10351562e-05
-0.838151534 0.0330983515 -0.0523573871 0 0 0 6.10351562e-05
-0.144865296 0.395007121 0.249193444 0 0 0 6.10351562e-05
0.143314984 0.964613982 -0.0700217413 0 0 0 6.10351562e-05
-0.00921177751 -0.545578358 -0.779559983 0 0 0 6.10351562e-05
-0.534660683 -0.384386945 -0.549613382 0 0 0 6.10351562e-05
-0.126521838 -0.0686347994 0.0655539667 0 0 0 6.10351562e-05
-0.48759742 -0.568739113 -0.223618113 0 0 0 6.10351562e-05
-0.21249413 -0.404152914 0.747116231 0 0 0 6.10351562e-05
-0.206487391 0.708612294 -0.616962207 0 0 0 6.10351562e-05
0.404067991 -0.727559792 -0.200936898 0 0 0 6.10351562e-05
-0.373706654 0.218858928 -0.351630305 0 0 0 6.10351562e-05
-0.199051365 0.511546987 -0.341166587 0 0 0 6.10351562e-05
-0.625163448 -0.190523855 -0.336603196 0 0 0 6.10351562e-05
-0.232700282 0.130406738 0.624219337 0 0 0 6.10351562e-05
0.257466608 0.819027771 0.263229948 0 0 0 6.10351562e-05
0.541254797 -0.0195319388 0.400392716 0 0 0 6.10351562e-05
0.339849322 0.596457263 0.583744369 0 0 0 6.10351562e-05
0.284651168 -0.0832431375 0.185737031 0 0 0 6.10351562e-05
-0.748338296 -0.130239654 -0.210330498 0 0 0 6.10351562e-05
0.693016523 0.00762246049 0.540172717 0 0 0 6.10351562e-05
0.13991681 -0.510463058 0.541638776 0 0 0 6.10351562e-05
-0.562487444 -0.432152797 0.0810509221 0 0 0 6.10351562e-05
-0.284464464 -0.694256032 0.234857778 0 0 0 6.10351562e-05
-0.524767417 -0.778341843 0.0546942183 0 0 0 6.10351562e-05
-0.317406038 -0.0547457574 -0.415694217 0 0 0 6.10351562e-05
0.3712597 -0.0658526699 -0.173313817 0 0 0 6.10351562e-05
0.678579009 0.305521567 -0.266786264 0 0 0 6.10351562e-05
-0.29410835 0.0762721695 -0.522321631 0 0 0 6.10351562e-05
-0.140596664 0.459048627 0.353756742 0 0 0 6.10351562e-05
-0.275073056 -0.303140046 -0.830428964 0 0 0 6.10351562e-05
0.296231389 -0.415258633 -0.521119422 0 0 0 6.10351562e-05
0.0856616424 -0.0764669552 0.507507905 0 0 0 6.10351562e-05
0.270381329 0.588627498 0.445601597 0 0 0 6.10351562e-05
0.0678116674 -0.554993986 0.0610224152 0 0 0 6.10351562e-05
0.0449523003 -0.0235210895 0.745697444 0 0 0 6.10351562e-05
-0.275537883 -0.117537776 -0.627933582 0 0 0 6.10351562e-05
-0.0671015322 -0.406184136 -0.904209713 0 0 0 6.10351562e-05
0.433196345 -0.369163854 0.239906504 0 0 0 6.10351562e-05
-0.496139582 -0.102434328 0.603463533 0 0 0 6.10351562e-05
0.311933937 -0.81471465 0.200424176 0 0 0 6.10351562e-05
0.550988157 -0.173233671 0.183656559 0 0 0 6.10351562e-05
0.572905359 -0.267339069 0.482598094 0 0 0 6.10351562e-05
-0.450347401 -0.173971133 0.394494903 0 0 0 6.10351562e-05
-0.629246208 -0.507339743 -0.543737535 0 0 0 6.10351562e-05
0.640850793 -0.583481352 0.461551527 0 0 0 6.10351562e-05
0.149400201 -0.302440159 -0.844350302 0 0 0 6.10351562e-05
0.880594319 0.179947177 -0.378939889 0 0 0 6.10351562e-05
-0.183365925 0.0764899769 0.887835985 0 0 0 6.10351562e-05
-0.494486343 0.54383649 0.552219501 0 0 0 6.10351562e-05
0.236685488 0.349461669 -0.127793256 0 0 0 6.10351562e-05
-0.771317473 -0.00946835247 0.204923167 0 0 0 6.10351562e-05
-0.746730314 0.0520673137 0.0554716469 0 0 0 6.10351562e-05
-0.104276609 -0.681804213 -0.35413171 0 0 0 6.10351562e-05
0.362249844 -0.00560201981 -0.194045048 0 0 0 6.10351562e-05
0.444439658 0.628256762 -0.19386753 0 0 0 6.10351562e-05
0.500320621 0.087375649 -0.0774041663 0 0 0 6.10351562e-05
0.164390124 -0.495508637 -0.113256432 0 0 0 6.10351562e-05
0.496553557 -0.200102081 -0.789046879 0 0 0 6.10351562e-05
0.345141222 -0.580966673 -0.0939320649 0 0 0 6.10351562e-05
0.697073727 -0.0780896071 -0.130505887 0 0 0 6.10351562e-05
-0.423146966 -0.0554861138 0.795225171 0 0 0 6.10351562e-05
0.12957236 -0.913936544 0.297796623 0 0 0 6.10351562e-05
-0.464974825 0.167160265 0.549089556 0 0 0 6.10351562e-05
-0.397356682 -0.255847698 -0.498253411 0 0 0 6.10351562e-05
-0.905388737 -0.102868583 0.28893216 0 0 0 6.10351562e-05
-0.47085235 0.382579203 -0.171373967 0 0 0 6.10351562e-05
0.485220042 -0.574145998 0.276986182 0 0 0 6.10351562e-05
0.323172414 -0.392330014 -0.137348831 0 0 0 6.10351562e-05
0.781991739 0.224635572 0.467743176 0 0 0 6.10351562e-05
-0.639397244 0.42222596 0.0183819168 0 0 0 6.10351562e-05
-0.554250268 0.223427836 -0.732723144 0 0 0 6.10351562e-05
0.111380672 0.650040346 -0.170384799 0 0 0 6.10351562e-05
0.249975582 0.758542516 -0.233038782 0 0 0 6.10351562e-05
-0.33977491 -0.00854968062 -0.590799511 0 0 0 6.10351562e-05
0.656360148 -0.501266543 0.0207305105 0 0 0 6.10351562e-05
-0.0974537751 -0.694335357 -0.553825519 0 0 0 6.10351562e-05
-0.213857445 0.539488592 -0.429356688 0 0 0 6.10351562e-05
0.879468888 -0.0562637653 0.102420993 0 0 0 6.10351562e-05
0.228891615 0.105573157 -0.638806382 0 0 0 6.10351562e-05
0.273234182 -0.345174202 -0.380819755 0 0 0 6.10351562e-05
0.360378379 -0.106467853 -0.728784449 0 0 0 6.10351562e-05
-0.369734017 0.407426963 -0.114977356 0 0 0 6.10351562e-05
-0.0937169805 -0.851471201 -0.140629357 0 0 0 6.10351562e-05
0.455793747 -0.830908925 0.101741178 0 0 0 6.10351562e-05
-0.0913358396 0.455375293 0.809528348 0 0 0 6.10351562e-05
0.826556092 -0.399009005 0.0629577454 0 0 0 6.10351562e-05
0.267492813 -0.753195869 0.275255328 0 0 0 6.10351562e-05
0.243731874 -0.267652854 -0.696929948 0 0 0 6.10351562e-05
0.835655522 -0.2735853 0.467780883 0 0 0 6.10351562e-05
-0.336134623 0.856433458 -0.125644167 0 0 0 6.10351562e-05
0.772370162 -0.186277835 -0.000984853347 0 0 0 6.10351562e-05
0.353946907 -0.45370858 -0.782537804 0 0 0 6.10351562e-05
0.00955522738 0.342581938 -0.229957422 0 0 0 6.10351562e-05
-0.5597121 -0.620608076 -0.452087008 0 0 0 6.10351562e-05
-0.46410369 -0.0954209949 0.751952642 0 0 0 6.10351562e-05
-0.0685960559 -0.373173213 0.160823195 0 0 0 6.10351562e-05
0.206804867 -0.560190932 -0.0024789481 0 0 0 6.10351562e-05
0.196288409 -0.922387953 0.0162554371 0 0 0 6.10351562e-05
0.276217426 0.285968527 0.182709809 0 0 0 6.10351562e-05
-0.682680284 -0.523389394 0.46663024 0 0 0 6.10351562e-05
-0.335061169 -0.336720246 0.147691866 0 0 0 6.10351562e-05
-0.0545741396 0.518352063 0.750509578 0 0 0 6.10351562e-05
0.309739952 0.225995183 -0.227243348 0 0 0 6.10351562e-05
-0.222776153 -0.868584462 -0.196505487 0 0 0 6.10351562e-05
0.619006399 -0.226174423 0.456716999 0 0 0 6.10351562e-05
-0.0630472122 0.298830484 -0.866804196 0 0 0 6.10351562e-05
0.810135922 -0.0471118441 -0.550867716 0 0 0 6.10351562e-05
0.138453224 -0.193038841 -0.293045162 0 0 0 6.10351562e-05
-0.194034506 -0.148261807 -0.497768917 0 0 0 6.10351562e-05
-0.498121681 -0.654897109 0.363412339 0 0 0 6.10351562e-05
0.11438976 0.364877668 -0.346253562 0 0 0 6.10351562e-05
0.235292585 -0.0374618788 0.83587416 0 0 0 6.10351562e-05
0.264548022 0.128881552 0.840476626 0 0 0 6.10351562e-05
-0.641273613 -0.204457367 -0.295416555 0 0 0 6.10351562e-05
-0.00804841977 0.107776421 -0.879471697 0 0 0 6.10351562e-05
-0.589039123 -0.27346919 -0.601956678 0 0 0 6.10351562e-05
-0.380558093 0.0167435752 0.604324 0 0 0 6.10351562e-05
-0.461599355 0.346456797 0.237486042 0 0 0 6.10351562e-05
0.346036962 0.474995763 0.540763905 0 0 0 6.10351562e-05
-0.0219917146 -0.787126866 -0.60368785 0 0 0 6.10351562e-05
-0.27134329 0.710445876 0.0386071852 0 0 0 6.10351562e-05
0.788130742 -0.177335134 -0.587986345 0 0 0 6.10351562e-05
-0.228801322 0.792838537 -0.324012377 0 0 0 6.10351562e-05
0.622021016 -0.379441877 -0.595292322 0 0 0 6.10351562e-05
0.17521604 -0.679890103 0.365938549 0 0 0 6.10351562e-05
-0.0674744463 -0.516211542 -0.826609169 0 0 0 6.10351562e-05
0.00827123682 -0.437871243 -0.497041137 0 0 0 6.10351562e-05
0.16752478 0.501738924 0.431945672 0 0 0 6.10351562e-05
-0.595676143 0.420036559 -0.175483555 0 0 0 6.10351562e-05
-0.472432418 0.00011436962 -0.0911286698 0 0 0 6.10351562e-05
0.392432399 0.251325879 0.88007389 0 0 0 6.10351562e-05
0.236835846 0.0844126557 0.449681005 0 0 0 6.10351562e-05
-0.246994867 0.339559183 0.182207149 0 0 0 6.10351562e-05
0.208286963 0.412802041 -0.829179143 0 0 0 6.10351562e-05
-0.164440978 -0.66606798 0.112332346 0 0 0 6.10351562e-05
0.219700841 0.569972962 -0.665397467 0 0 0 6.10351562e-05
0.346557256 -0.27276685 -0.137922811 0 0 0 6.10351562e-05
0.118323198 0.252506988 -0.551379707 0 0 0 6.10351562e-05
0.879767069 -0.172380091 -0.0397685602 0 0 0 6.10351562e-05
0.619715014 0.173135211 0.142537154 0 0 0 6.10351562e-05
-0.226769226 -0.0493066238 -0.712124699 0 0 0 6.10351562e-05
0.563302816 -0.55125996 0.438357492 0 0 0 6.10351562e-05
0.650752077 -0.557098537 0.0133596903 0 0 0 6.10351562e-05
-0.0917658859 -0.68420927 -0.424699797 0 0 0 6.10351562e-05
-0.302088579 -0.200282206 -0.304929508 0 0 0 6.10351562e-05
-0.103415717 0.666003803 -0.628986366 0 0 0 6.10351562e-05
-0.150882466 0.571877817 0.500860106 0 0 0 6.10351562e-05
-0.0724401484 0.670348099 0.16990579 0 0 0 6.10351562e-05
0.934587793 -0.229391597 0.230694644 0 0 0 6.10351562e-05
0.0278813135 -0.760389377 0.0628050982 0 0 0 6.10351562e-05
0.204862472 -0.170242257 0.579038326 0 0 0 6.10351562e-05
-0.460576104 0.114279374 0.374682979 0 0 0 6.10351562e-05
-0.784100484 0.063778612 -0.222918043 0 0 0 6.10351562e-05
0.374762013 0.473503251 -0.625481024 0 0 0 6.10351562e-05
-0.00760615687 0.420999209 0.0543506498 0 0 0 6.10351562e-05
0.336409796 0.00231224716 0.92618081 0 0 0 6.10351562e-05
-0.735358673 -0.40868662 -0.501713944 0 0 0 6.10351562e-05
-0.662046732 0.161128427 -0.191171576 0 0 0 6.10351562e-05
-0.496330339 -0.0132140862 0.857594732 0 0 0 6.10351562e-05
0.471369115 -0.0722599441 0.357843674 0 0 0 6.10351562e-05
-0.629555114 -0.0918746163 -0.650242405 0 0 0 6.10351562e-05
0.155167963 0.414504416 0.459900456 0 0 0 6.10351562e-05
0.212471502 -0.0417304192 0.782644457 0 0 0 6.10351562e-05
-0.797211739 0.500213126 0.109013574 0 0 0 6.10351562e-05
-0.279396794 0.206377955 -0.835183815 0 0 0 6.10351562e-05
-0.376632964 0.0257899945 0.346837876 0 0 0 6.10351562e-05
-0.136376772 0.537001446 -0.393742951 0 0 0 6.10351562e-05
0.814580553 0.382180241 0.270234156 0 0 0 6.10351562e-05
-0.322270396 0.466861387 -0.332522207 0 0 0 6.10351562e-05
0.338297888 -0.799605681 0.285462923 0 0 0 6.10351562e-05
-0.0598830255 -0.577593007 0.480696645 0 0 0 6.10351562e-05
-0.667487684 -0.0493104681 -0.664533702 0 0 0 6.10351562e-05
-0.301023405 0.396143335 -0.286542261 0 0 0 6.10351562e-05
-0.989190401 -0.0568544118 0.11587799 0 0 0 6.10351562e-05
-0.070104699 0.681814246 0.177612595 0 0 0 6.10351562e-05
-0.0576951714 -0.49129962 -0.715850112 0 0 0 6.10351562e-05
-0.582580794 0.0309731225 -0.301436421 0 0 0 6.10351562e-05
-0.411403511 -0.720743908 0.375666769 0 0 0 6.10351562e-05
-0.689595068 0.33435119 -0.34097093 0 0 0 6.10351562e-05
-0.0353893905 0.521018687 -0.0351368178 0 0 0 6.10351562e-05
-0.644673836 -0.496291636 0.36101145 0 0 0 6.10351562e-05
-0.593971315 -0.521250159 -0.538671044 0 0 0 6.10351562e-05
-0.726929259 0.154526565 -0.0820022197 0 0 0 6.10351562e-05
-0.486916334 -0.0629390449 0.25508853 0 0 0 6.10351562e-05
0.211298104 -0.603836091 0.13822225 0 0 0 6.10351562e-05
-0.350814251 0.682863096 -0.227452346 0 0 0 6.10351562e-05
0.245829635 0.143424678 0.7172171 0 0 0 6.10351562e-05
0.140726201 -0.539793515 -0.120914649 0 0 0 6.10351562e-05
-0.208067004 0.513051329 0.649045677 0 0 0 6.10351562e-05
-0.0979866609 0.155465442 -0.505261231 0 0 0 6.10351562e-05
0.0450358764 -0.261913661 -0.0541451346 0 0 0 6.10351562e-05
-0.00197937037 -0.47504407 -0.138257457 0 0 0 6.10351562e-05
0.546253732 -0.798069239 -0.157811204 0 0 0 6.10351562e-05
-0.0717633752 0.822012205 -0.212002342 0 0 0 6.10351562e-05
-0.518517817 0.135352655 0.332524266 0 0 0 6.10351562e-05
0.409854247 -0.504981781 0.537171079 0 0 0 6.10351562e-05
-0.415656432 0.565773578 -0.137096843 0 0 0 6.10351562e-05
0.209741519 0.413712027 -0.579601383 0 0 0 6.10351562e-05
0.0647665714 0.471895276 -0.590122216 0 0 0 6.10351562e-05
-0.320217187 -0.106368906 -0.81378981 0 0 0 6.10351562e-05
0.72933295 0.127252584 0.25087625 0 0 0 6.10351562e-05
-0.296432906 -0.119763912 -0.00328045909 0 0 0 6.10351562e-05
-0.12336708 -0.444119603 -0.543049855 0 0 0 6.10351562e-05
-0.278275481 -0.883087988 0.312155426 0 0 0 6.10351562e-05
0.602451881 -0.600763886 0.477550083 0 0 0 6.10351562e-05
-0.677134255 -0.314173783 0.133659263 0 0 0 6.10351562e-05
0.412438877 -0.684873239 0.283997171 0 0 0 6.10351562e-05
0.462308144 -0.0322696184 -0.354223721 0 0 0 6.10351562e-05
-0.329339378 -0.539830677 -0.000255081399 0 0 0 6.10351562e-05
0.365190223 -0.716886758 -0.506314898 0 0 0 6.10351562e-05
-0.153041053 -0.81258221 -0.518834025 0 0 0 6.10351562e-05
-0.570484931 0.393112016 0.183839952 0 0 0 6.10351562e-05
0.141808629 -0.0914416934 0.170206908 0 0 0 6.10351562e-05
-0.249643345 -0.570952046 0.00623838403 0 0 0 6.10351562e-05
0.667414079 -0.073689417 -0.181863479 0 0 0 6.10351562e-05
-0.25586642 -0.388620117 -0.0139301989 0 0 0 6.10351562e-05
-0.113445935 -0.454296635 0.881252416 0 0 0 6.10351562e-05
-0.314457123 -0.757659724 0.391614375 0 0 0 6.10351562e-05
0.460119807 -0.334215477 0.108320148 0 0 0 6.10351562e-05
0.255520374 0.385602624 0.563590238 0 0 0 6.10351562e-05
-0.863749447 -0.2775978 -0.287344499 0 0 0 6.10351562e-05
0.410753374 -0.612037422 -0.371922867 0 0 0 6.10351562e-05
-0.0627061711 0.0669277103 0.169479538 0 0 0 6.10351562e-05
-0.116684862 -0.545687719 -0.73782324 0 0 0 6.10351562e-05
0.18704396 -0.168958116 -0.831091339 0 0 0 6.10351562e-05
0.297562896 -0.368952135 0.0508994331 0 0 0 6.10351562e-05
-0.482046319 0.169668011 0.589188804 0 0 0 6.10351562e-05
-0.754741306 0.523340114 -0.338879443 0 0 0 6.10351562e-05
-0.522615078 0.178035677 -0.295045829 0 0 0 6.10351562e-05
-0.443978351 0.511777074 0.322821345 0 0 0 6.10351562e-05
-0.214215352 -0.423217006 0.531153062 0 0 0 6.10351562e-05
-0.590805848 0.00759788714 -0.431683528 0 0 0 6.10351562e-05
-0.198394789 -0.773575156 -0.0204218904 0 0 0 6.10351562e-05
0.202440166 0.534261852 -0.56380882 0 0 0 6.10351562e-05
0.5790687 0.132661322 -0.654970911 0 0 0 6.10351562e-05
-0.325812077 0.441579518 -0.630535817 0 0 0 6.10351562e-05
0.187395477 0.0605191734 0.158492235 0 0 0 6.10351562e-05
-0.299726056 0.462850085 -0.639181934 0 0 0 6.10351562e-05
0.501122206 0.422543091 0.314996929 0 0 0 6.10351562e-05
0.27236211 0.172996792 0.549338237 0 0 0 6.10351562e-05
-0.15819365 0.141198567 0.566752214 0 0 0 6.10351562e-05
0.0367719937 -0.844443398 -0.455120086 0 0 0 6.10351562e-05
-0.0696738614 -0.0210211808 0.216124532 0 0 0 6.10351562e-05
0.0198067762 -0.0346788755 0.97723185 0 0 0 6.10351562e-05
0.235870897 0.143604094 0.783716051 0 0 0 6.10351562e-05
-0.536725233 0.12695369 -0.800148656 0 0 0 6.10351562e-05
0.451601028 0.260567418 -0.0374699367 0 0 0 6.10351562e-05
-0.0925181642 -0.0479012197 0.374311615 0 0 0 6.10351562e-05
0.354586399 -0.591063899 0.59939173 0 0 0 6.10351562e-05
0.441780472 0.765445384 -0.157473597 0 0 0 6.10351562e-05
0.102413321 -0.516062798 -0.678441381 0 0 0 6.10351562e-05
-0.222656913 -0.137520857 -0.28634794 0 0 0 6.10351562e-05
-0.40964647 -0.372997651 0.279327537 0 0 0 6.10351562e-05
0.165885368 -0.345615394 -0.29998032 0 0 0 6.10351562e-05
0.26158605 0.809480853 0.430075307 0 0 0 6.10351562e-05
0.193079887 0.399496924 -0.0396805767 0 0 0 6.10351562e-05
0.670636266 -0.193379442 -0.526330729 0 0 0 6.10351562e-05
0.621817329 0.223033669 0.288784652 0 0 0 6.10351562e-05
0.342656631 -0.588304245 0.148893079 0 0 0 6.10351562e-05
0.470167642 -0.129803858 -0.232271816 0 0 0 6.10351562e-05
0.568469895 -0.35155831 0.318027942 0 0 0 6.10351562e-05
0.17964723 -0.81713746 0.373048993 0 0 0 6.10351562e-05
-0.56740472 0.488293794 0.590718654 0 0 0 6.10351562e-05
0.145878014 0.261412938 -0.67412312 0 0 0 6.10351562e-05
0.759719734 -0.420424679 -0.315900009 0 0 0 6.10351562e-05
-0.670615733 0.23793957 -0.607213247 0 0 0 6.10351562e-05
-0.221786917 -0.340931546 -0.626861193 0 0 0 6.10351562e-05
-0.00177583573 0.721809382 0.285392114 0 0 0 6.10351562e-05
0.474302629 -0.503704632 -0.0922007697 0 0 0 6.10351562e-05
0.0299592131 -0.081279596 -0.409687231 0 0 0 6.10351562e-05
0.383664655 -0.572525292 0.0781955625 0 0 0 6.10351562e-05
0.370776315 -0.801934839 -0.219238023 0 0 0 6.10351562e-05
0.193576962 -0.389711187 0.128572053 0 0 0 6.10351562e-05
0.378586952 0.0120894939 0.179681039 0 0 0 6.10351562e-05
-0.0847453366 0.0116900999 -0.0362521385 0 0 0 6.10351562e-05
-0.366883038 -0.765386418 0.371196049 0 0 0 6.10351562e-05
0.7104046 -0.282831842 -0.42606465 0 0 0 6.10351562e-05
0.357752684 0.354194301 -0.523338415 0 0 0 6.10351562e-05
0.848499047 -0.176963867 0.306874772 0 0 0 6.10351562e-05
0.0698447968 0.368403886 -0.892786572 0 0 0 6.10351562e-05
0.594520471 0.378839725 -0.0597017786 0 0 0 6.10351562e-05
0.634101756 -0.363041495 0.0593096786 0 0 0 6.10351562e-05
0.649480989 -0.543173385 0.0643148803 0 0 0 6.10351562e-05
0.172549244 -0.69524275 -0.498623913 0 0 0 6.10351562e-05
-0.475311423 0.610150275 -0.480658568 0 0 0 6.10351562e-05
-0.0769788041 -0.578228906 -0.20823661 0 0 0 6.10351562e-05
-0.264834149 0.18730517 0.656627928 0 0 0 6.10351562e-05
0.232258709 0.340955563 0.867165767 0 0 0 6.10351562e-05
-0.66317694 0.32249826 0.46543895 0 0 0 6.10351562e-05
-0.14588534 0.36994307 0.128699717 0 0 0 6.10351562e-05
-0.241684988 0.117060431 0.853215356 0 0 0 6.10351562e-05
-0.572425622 -0.138166897 0.166779107 0 0 0 6.10351562e-05
0.22353663 -0.181564985 -0.813355058 0 0 0 6.10351562e-05
-0.377584722 0.622654229 -0.663283361 0 0 0 6.10351562e-05
-0.329578212 0.0435638059 0.0186158259 0 0 0 6.10351562e-05
0.599001485 -0.141367986 0.160907539 0 0 0 6.10351562e-05
-0.14581863 -0.903934857 0.219498593 0 0 0 6.10351562e-05
-0.0346125387 -0.33089262 0.553973547 0 0 0 6.10351562e-05
-0.281421296 0.00252951718 0.580000452 0 0 0 6.10351562e-05
-0.25790478 -0.486915702 0.347152888 0 0 0 6.10351562e-05
0.175177428 -0.650708058 -0.322008274 0 0 0 6.10351562e-05
0.213219698 0.153207743 0.426478833 0 0 0 6.10351562e-05
0.124090965 0.827413646 -0.471933707 0 0 0 6.10351562e-05
-0.629517901 -0.190853022 -0.0548298222 0 0 0 6.10351562e-05
0.648982947 -0.619879373 -0.146346839 0 0 0 6.10351562e-05
0.193412859 -0.522188484 0.509598465 0 0 0 6.10351562e-05
0.401739929 0.823821938 -0.342255591 0 0 0 6.10351562e-05
-0.277349315 0.486705858 0.365046651 0 0 0 6.10351562e-05
-0.41426723 0.0479976481 0.572925209 0 0 0 6.10351562e-05
0.320626712 -0.723752436 -0.115036049 0 0 0 6.10351562e-05
-0.0745719831 -0.474890121 0.0879688356 0 0 0 6.10351562e-05
-0.155821089 -0.119057656 -0.608203158 0 0 0 6.10351562e-05
-0.19001537 0.525582931 0.179344319 0 0 0 6.10351562e-05
-0.169390539 -0.160887007 0.390750461 0 0 0 6.10351562e-05
0.600494131 0.134320417 0.0253653881 0 0 0 6.10351562e-05
-0.591178037 -0.316331155 -0.0497487085 0 0 0 6.10351562e-05
-0.198046643 0.614920151 0.00580292244 0 0 0 6.10351562e-05
0.190970165 -0.193254366 -0.730137393 0 0 0 6.10351562e-05
0.616239123 -0.415390606 0.653496896 0 0 0 6.10351562e-05
0.277729479 0.621768312 -0.0778149688 0 0 0 6.10351562e-05
0.125196951 0.407688098 0.402453514 0 0 0 6.10351562e-05
-0.628121006 0.413431721 0.202603826 0 0 0 6.10351562e-05
0.817735299 -0.333329134 0.0135503305 0 0 0 6.10351562e-05
0.0662571083 0.244935304 -0.315140475 0 0 0 6.10351562e-05
-0.49303664 0.724209203 -0.181525621 0 0 0 6.10351562e-05
0.343388176 0.432142167 0.290009496 0 0 0 6.10351562e-05
-0.21595891 0.253367482 -0.503508341 0 0 0 6.10351562e-05
0.239174847 -0.604892816 0.0688894905 0 0 0 6.10351562e-05
0.186126863 0.81722739 -0.331392457 0 0 0 6.10351562e-05
-0.018107928 -0.831237886 -0.368602482 0 0 0 6.10351562e-05
-0.193349133 -0.0304953074 0.14167791 0 0 0 6.10351562e-05
-0.53085407 -0.442071174 0.262125314 0 0 0 6.10351562e-05
-0.739059577 -0.328702125 -0.580604775 0 0 0 6.10351562e-05
0.228189427 0.0169992594 0.286719736 0 0 0 6.10351562e-05
-0.145254782 0.4589345 0.0302804322 0 0 0 6.10351562e-05
-0.495852945 0.598963419 0.153538316 0 0 0 6.10351562e-05
-0.164959764 0.596373213 -0.226598324 0 0 0 6.10351562e-05
-0.139664159 0.690287531 0.0621249139 0 0 0 6.10351562e-05
-0.562181848 0.266169636 0.674165016 0 0 0 6.10351562e-05
0.180463637 -0.534757287 0.584777452 0 0 0 6.10351562e-05
-0.543192079 -0.380360263 0.251425564 0 0 0 6.10351562e-05
0.773086528 -0.310623941 -0.0802415225 0 0 0 6.10351562e-05
0.41939242 0.178091219 -0.680418628 0 0 0 6.10351562e-05
0.528150154 0.201779778 -0.273945809 0 0 0 6.10351562e-05
0.225335563 0.383777197 -0.003964997 0 0 0 6.10351562e-05
0.199228804 0.258181028 0.537038003 0 0 0 6.10351562e-05
0.84108472 -0.143374622 -0.348745169 0 0 0 6.10351562e-05
0.276922838 0.269931359 -0.104289202 0 0 0 6.10351562e-05
-0.331081088 -0.447278543 0.472522162 0 0 0 6.10351562e-05
0.323140923 0.154199074 0.35525878 0 0 0 6.10351562e-05
-0.764786512 0.0660071021 -0.208748404 0 0 0 6.10351562e-05
0.0927514373 0.15667988 0.889577864 0 0 0 6.10351562e-05
0.275825406 0.201739134 -0.189928918 0 0 0 6.10351562e-05
-0.363056197 -0.765154956 -0.478306008 0 0 0 6.10351562e-05
-0.0313589267 0.053791524 0.157771169 0 0 0 6.10351562e-05
0.0757726665 -0.430842462 0.0334873645 0 0 0 6.10351562e-05
-0.000690396598 -0.768824617 0.3028161 0 0 0 6.10351562e-05
0.660484585 -0.638126444 -0.198859182 0 0 0 6.10351562e-05
0.67099804 0.46341175 0.454732861 0 0 0 6.10351562e-05
0.0681115145 0.234365591 0.623966548 0 0 0 6.10351562e-05
0.0951207518 0.207236845 -0.209097066 0 0 0 6.10351562e-05
-0.136718317 0.667221461 0.525421006 0 0 0 6.10351562e-05
-0.0912371739 0.683001995 -0.660947827 0 0 0 6.10351562e-05
-0.236861926 -0.435057642 -0.544662902 0 0 0 6.10351562e-05
-0.526569064 -0.170825953 -0.147732679 0 0 0 6.10351562e-05
-0.249234582 0.707190804 -0.234535531 0 0 0 6.10351562e-05
-0.0635728552 -0.180767651 -0.374223511 0 0 0 6.10351562e-05
-0.50294388 0.105172705 -0.536350559 0 0 0 6.10351562e-05
0.931745813 0.0974778672 -0.173392453 0 0 0 6.10351562e-05
-0.257107384 0.113101008 -0.458804941 0 0 0 6.10351562e-05
-0.680509757 -0.144682041 -0.428165537 0 0 0 6.10351562e-05
0.497939677 -0.531735041 0.633014013 0 0 0 6.10351562e-05
0.824364165 -0.0735226628 0.244615219 0 0 0 6.10351562e-05
0.16330337 -0.0452288294 0.908617842 0 0 0 6.10351562e-05
0.191886939 0.26876794 -0.642881774 0 0 0 6.10351562e-05
-0.112001494 -0.800095346 0.538345375 0 0 0 6.10351562e-05
-0.88149788 -0.0934282592 -0.405364218 0 0 0 6.10351562e-05
-0.269944639 0.699357092 -0.393253451 0 0 0 6.10351562e-05
0.0814345875 -0.28106548 -0.634176221 0 0 0 6.10351562e-05
0.28337779 -0.0170688419 0.0693554861 0 0 0 6.10351562e-05
-0.268258555 -0.739469889 0.560583337 0 0 0 6.10351562e-05
0.544415445 0.296399817 -0.497605378 0 0 0 6.10351562e-05
0.879183605 0.131486014 -0.294563491 0 0 0 6.10351562e-05
-0.364072308 0.418400104 -0.735048123 0 0 0 6.10351562e-05
0.30774269 0.575599479 -0.73053174 0 0 0 6.10351562e-05
-0.0925718504 -0.700746652 -0.41552932 0 0 0 6.10351562e-05
-0.208736808 -0.374460394 -0.134346981 0 0 0 6.10351562e-05
0.86373951 0.0837457277 0.0685691637 0 0 0 6.10351562e-05
-0.359530352 -0.481898221 0.55091763 0 0 0 6.10351562e-05
0.137293934 0.763286797 0.123159365 0 0 0 6.10351562e-05
0.182341129 -0.117915772 -0.966398023 0 0 0 6.10351562e-05
0.508020927 0.149918164 0.587592249 0 0 0 6.10351562e-05
-0.13898848 0.360237266 -0.781771968 0 0 0 6.10351562e-05
-0.0133565663 0.57825089 0.526600521 0 0 0 6.10351562e-05
-0.714818487 0.456198052 -0.210629285 0 0 0 6.10351562e-05
-0.412814404 -0.253573447 0.194715777 0 0 0 6.10351562e-05
0.123977523 0.614911651 -0.388501293 0 0 0 6.10351562e-05
-0.617477405 -0.268155468 -0.508962051 0 0 0 6.10351562e-05
-0.0135192059 -0.535928618 0.234457111 0 0 0 6.10351562e-05
-0.81671964 0.193863328 0.42366339 0 0 0 6.10351562e-05
0.335128586 0.41083588 -0.662147005 0 0 0 6.10351562e-05
0.399429164 0.877287049 0.260713704 0 0 0 6.10351562e-05
0.342943985 -0.413742145 -0.486270681 0 0 0 6.10351562e-05
0.0867806318 0.386690649 -0.262338789 0 0 0 6.10351562e-05
-0.506609454 -0.786933559 -0.0752774381 0 0 0 6.10351562e-05
-0.111987026 0.730657033 -0.670890999 0 0 0 6.10351562e-05
0.0237297319 -0.146169012 0.418209188 0 0 0 6.10351562e-05
-0.178288282 -0.0382142155 0.612783383 0 0 0 6.10351562e-05
0.540494352 -0.0640747958 0.431345297 0 0 0 6.10351562e-05
0.780659038 0.357356015 0.165779677 0 0 0 6.10351562e-05
0.113161524 0.257848717 0.395725932 0 0 0 6.10351562e-05
-0.483390703 0.515658027 0.235293648 0 0 0 6.10351562e-05
-0.840162178 -0.318688548 -0.0592979497 0 0 0 6.10351562e-05
-0.514037876 -0.197531202 0.189594369 0 0 0 6.10351562e-05
-0.415123834 -0.201644447 -0.265155174 0 0 0 6.10351562e-05
-0.4244084 -0.245740139 0.619677885 0 0 0 6.10351562e-05
0.225959876 0.61181507 0.0172735256 0 0 0 6.10351562e-05
0.110816926 0.503855798 0.685706043 0 0 0 6.10351562e-05
0.543451061 -0.472798534 -0.52156058 0 0 0 6.10351562e-05
-0.293686124 -0.271485911 -0.500433862 0 0 0 6.10351562e-05
-0.282344957 -0.516097812 0.289197726 0 0 0 6.10351562e-05
0.40606038 0.3488844 0.44420256 0 0 0 6.10351562e-05
-0.569563872 -0.135714517 -0.553625672 0 0 0 6.10351562e-05
0.571405578 0.211994113 -0.0190379892 0 0 0 6.10351562e-05
0.643106444 -0.443774733 -0.498414996 0 0 0 6.10351562e-05
-0.338221194 -0.580740645 -0.444325666 0 0 0 6.10351562e-05
0.275151137 -0.0448231519 -0.0205048546 0 0 0 6.10351562e-05
-0.33257468 -0.275023131 -0.340624663 0 0 0 6.10351562e-05
0.325348012 -0.0207159679 -0.27206064 0 0 0 6.10351562e-05
0.00858382954 0.799244616 0.0681777057 0 0 0 6.10351562e-05
-0.341295796 0.732596861 0.52026376 0 0 0 6.10351562e-05
0.118326066 0.350094075 -0.230285155 0 0 0 6.10351562e-05
0.522197791 0.308215689 0.536042725 0 0 0 6.10351562e-05
-0.0948281591 -0.868846492 -0.483290383 0 0 0 6.10351562e-05
0.545237203 -0.375376122 0.196840908 0 0 0 6.10351562e-05
-0.532216309 0.450351623 -0.269931489 0 0 0 6.10351562e-05
-0.026873169 0.389816508 0.846273661 0 0 0 6.10351562e-05
0.055219613 0.61875615 -0.664200395 0 0 0 6.10351562e-05
-0.616846678 -0.191571408 -0.558257277 0 0 0 6.10351562e-05
-0.245187003 -0.0506532263 -0.0254957766 0 0 0 6.10351562e-05
0.428134691 -0.0684971424 0.0390774992 0 0 0 6.10351562e-05
0.269297633 0.0308559008 -0.687006304 0 0 0 6.10351562e-05
-0.150471297 0.393412716 0.498659653 0 0 0 6.10351562e-05
-0.455067102 0.104524821 -0.662194795 0 0 0 6.10351562e-05
0.0675901268 0.0145968736 -0.445639979 0 0 0 6.10351562e-05
-0.13802886 -0.516297434 -0.206566744 0 0 0 6.10351562e-05
0.464002028 -0.528713287 -0.200946019 0 0 0 6.10351562e-05
-0.425820198 -0.102008715 -0.404655145 0 0 0 6.10351562e-05
-0.179307092 0.385105869 0.625585488 0 0 0 6.10351562e-05
-0.279466506 0.709532955 -0.173721196 0 0 0 6.10351562e-05
-0.654055346 -0.422886389 0.369989807 0 0 0 6.10351562e-05
-0.538226419 -0.814361929 0.213973126 0 0 0 6.10351562e-05
-0.862526613 0.0811968734 -0.0887096852 0 0 0 6.10351562e-05
0.563033871 -0.210114771 0.602376526 0 0 0 6.10351562e-05
0.30001415 0.215509168 -0.397000179 0 0 0 6.10351562e-05
-0.397401436 -0.325476084 0.556624199 0 0 0 6.10351562e-05
-0.516258342 -0.227819935 0.812417794 0 0 0 6.10351562e-05
-0.217851913 -0.343563397 -0.185012013 0 0 0 6.10351562e-05
0.413127497 -0.074481863 -0.0792877755 0 0 0 6.10351562e-05
0.342459593 -0.221124059 0.425463912 0 0 0 6.10351562e-05
0.199074845 -0.769255311 0.14077416 0 0 0 6.10351562e-05
-0.470195726 0.0181405868 0.716404655 0 0 0 6.10351562e-05
-0.387270173 0.401348481 0.283827276 0 0 0 6.10351562e-05
0.34369395 -0.368354819 0.73740586 0 0 0 6.10351562e-05
-0.0902946362 -0.451773084 0.502798539 0 0 0 6.10351562e-05
-0.544496619 0.0653790211 -0.119065058 0 0 0 6.10351562e-05
0.118832144 0.401806104 0.143130021 0 0 0 6.10351562e-05
0.091401343 0.0123988286 0.557198231 0 0 0 6.10351562e-05
0.0540281296 0.342924723 -0.102743135 0 0 0 6.10351562e-05
0.553668963 -0.6336526 0.459288993 0 0 0 6.10351562e-05
0.922242488 -0.0878156874 -0.220796683 0 0 0 6.10351562e-05
0.139069905 -0.349639467 0.0816345679 0 0 0 6.10351562e-05
-0.281082518 0.334408695 -0.509287925 0 0 0 6.10351562e-05
-0.292449949 -0.646301248 0.668977027 0 0 0 6.10351562e-05
0.74453951 0.33330503 0.46350583 0 0 0 6.10351562e-05
-0.465032439 -0.128948123 0.105906988 0 0 0 6.10351562e-05
-0.405708768 0.729945623 -0.277282613 0 0 0 6.10351562e-05
-0.271137155 -0.0238840946 0.517244864 0 0 0 6.10351562e-05
0.55805076 0.38154294 -0.00187055247 0 0 0 6.10351562e-05
-0.44290299 0.244050817 -0.145398142 0 0 0 6.10351562e-05
-0.339514247 0.0886793834 -0.882788256 0 0 0 6.10351562e-05
-0.673373541 0.222982529 0.493293128 0 0 0 6.10351562e-05
0.39270741 -0.0742604485 0.319298777 0 0 0 6.10351562e-05
-0.08408612 -0.00288433293 -0.829487142 0 0 0 6.10351562e-05
-0.322040135 -0.78402283 0.487156059 0 0 0 6.10351562e-05
0.308782751 0.653892521 0.608322793 0 0 0 6.10351562e-05
-0.818460743 0.28236342 -0.3875895 0 0 0 6.10351562e-05
-0.0937072808 0.888219704 0.00356061492 0 0 0 6.10351562e-05
-0.321783187 -0.509420933 0.482891349 0 0 0 6.10351562e-05
-0.67394278 -0.00340781183 -0.00517211167 0 0 0 6.10351562e-05
0.333914702 0.162390043 0.505624821 0 0 0 6.10351562e-05
0.159018955 0.0983819 0.0193947709 0 0 0 6.10351562e-05
-0.13209611 0.477097343 0.285632008 0 0 0 6.10351562e-05
-0.306918676 0.196256084 -0.745831584 0 0 0 6.10351562e-05
-0.528364569 0.623104539 -0.509037672 0 0 0 6.10351562e-05
0.188460469 0.526332065 0.574714234 0 0 0 6.10351562e-05
0.172913094 0.877972301 -0.208131825 0 0 0 6.10351562e-05
-0.164443589 -0.42425264 0.679442036 0 0 0 6.10351562e-05
0.733525155 0.530608254 0.0610685676 0 0 0 6.10351562e-05
-0.321609286 -0.331168508 -0.331963037 0 0 0 6.10351562e-05
0.16811209 -0.201662998 0.784256647 0 0 0 6.10351562e-05
0.523767203 0.110692804 0.630899366 0 0 0 6.10351562e-05
0.0741262675 -0.802543203 0.212377111 0 0 0 6.10351562e-05
-0.825055901 0.509030514 0.0330301413 0 0 0 6.10351562e-05
-0.400945502 -0.359547511 0.229116474 0 0 0 6.10351562e-05
0.874859726 0.247343741 -0.0561892473 0 0 0 6.10351562e-05
-0.689168316 -0.347187663 -0.146231316 0 0 0 6.10351562e-05
-0.100472715 0.321798597 0.448814824 0 0 0 6.10351562e-05
-0.529682756 -0.337254495 -0.7606751 0 0 0 6.10351562e-05
-0.213964765 -0.150137007 0.120446663 0 0 0 6.10351562e-05
-0.452614852 -0.246570159 -0.389583562 0 0 0 6.10351562e-05
-0.56933523 -0.228990855 0.305098416 0 0 0 6.10351562e-05
-0.296750218 -0.577152849 0.70855517 0 0 0 6.10351562e-05
-0.512912044 -0.441760168 0.0464141019 0 0 0 6.10351562e-05
0.0366720369 0.0268973973 0.964522693 0 0 0 6.10351562e-05
-0.450991383 -0.393146492 0.604377462 0 0 0 6.10351562e-05
-0.404832319 0.0332173088 -0.614487218 0 0 0 6.10351562e-05
-0.332579526 0.312820709 0.0964027213 0 0 0 6.10351562e-05
0.355218776 0.841126163 -0.393963061 0 0 0 6.10351562e-05
-0.713891999 0.118298916 -0.640400544 0 0 0 6.10351562e-05
-0.150471115 0.371045218 0.0846615417 0 0 0 6.10351562e-05
0.35695907 0.0372893436 0.889855704 0 0 0 6.10351562e-05
-0.0461257599 0.0980733321 0.0883037068 0 0 0 6.10351562e-05
0.0856296801 0.232102358 -0.424624358 0 0 0 6.10351562e-05
0.147943591 -0.550604882 0.559065843 0 0 0 6.10351562e-05
-0.676037998 0.461617298 -0.0199549549 0 0 0 6.10351562e-05
0.400879484 0.295887927 0.0173010418 0 0 0 6.10351562e-05
-0.162229369 0.801108931 0.166707146 0 0 0 6.10351562e-05
-0.778584767 0.415964413 0.390740501 0 0 0 6.10351562e-05
0.619261659 -0.479826904 0.575873029 0 0 0 6.10351562e-05
0.910800158 0.267909625 -0.034447972 0 0 0 6.10351562e-05
-0.181626645 -0.18096661 0.722451586 0 0 0 6.10351562e-05
0.290534445 0.693576694 -0.00807027721 0 0 0 6.10351562e-05
0.00109402387 -0.58162958 -0.176266145 0 0 0 6.10351562e-05
-0.0285428826 -0.0398175552 0.583738688 0 0 0 6.10351562e-05
0.510171304 -0.251171438 -0.768521559 0 0 0 6.10351562e-05
-0.405932993 0.323837432 0.564289138 0 0 0 6.10351562e-05
0.325197642 -0.332771416 -0.559025907 0 0 0 6.10351562e-05
0.676082849 0.156527116 -0.143247924 0 0 0 6.10351562e-05
-0.295923765 0.544051505 -0.566272074 0 0 0 6.10351562e-05
-0.427773054 -0.615387044 -0.232564419 0 0 0 6.10351562e-05
-0.554890096 0.575844833 -0.2109363 0 0 0 6.10351562e-05
-0.54803689 0.650481068 -0.120011182 0 0 0 6.10351562e-05
-0.251146038 -0.360052515 0.67545368 0 0 0 6.10351562e-05
0.533136205 -0.365655135 0.699927003 0 0 0 6.10351562e-05
0.696220892 0.14116284 -0.0134566235 0 0 0 6.10351562e-05
0.28129944 0.0145966201 0.47649938 0 0 0 6.10351562e-05
-0.427586878 0.763152662 -0.278430921 0 0 0 6.10351562e-05
-0.449899466 0.377915806 0.461416535 0 0 0 6.10351562e-05
-0.0772014591 -0.692239398 -0.448635237 0 0 0 6.10351562e-05
0.264801655 0.738337281 -0.380603322 0 0 0 6.10351562e-05
-0.502225475 0.609952807 0.0695157031 0 0 0 6.10351562e-05
-0.298480683 -0.353202766 -0.63634702 0 0 0 6.10351562e-05
0.262273286 0.643888172 -0.362282944 0 0 0 6.10351562e-05
-0.559419205 -0.782567665 -0.230948214 0 0 0 6.10351562e-05
0.430331231 -0.11444929 0.356680739 0 0 0 6.10351562e-05
-0.315066993 -0.0398309284 0.326548501 0 0 0 6.10351562e-05
0.351892027 0.657334512 -0.297315655 0 0 0 6.10351562e-05
-0.153320844 0.523183236 -0.221211331 0 0 0 6.10351562e-05
0.108457103 -0.0665506969 0.50206173 0 0 0 6.10351562e-05
-0.308753665 -0.757616283 0.513905355 0 0 0 6.10351562e-05
0.3200455 -0.317024593 -0.428760581 0 0 0 6.10351562e-05
0.923956915 -0.187062432 0.114327895 0 0 0 6.10351562e-05
0.289716067 0.347045624 0.383109983 0 0 0 6.10351562e-05
-0.0755275448 0.0186720943 0.888565221 0 0 0 6.10351562e-05
-0.606483434 -0.330905375 -0.0618171843 0 0 0 6.10351562e-05
0.265385632 -0.339215467 -0.769283792 0 0 0 6.10351562e-05
-0.4617528 -0.342857004 -0.320679902 0 0 0 6.10351562e-05
0.0575138328 -0.827820007 -0.438170253 0 0 0 6.10351562e-05
-0.334696878 -0.170871321 -0.211534205 0 0 0 6.10351562e-05
-0.120471597 0.751722514 0.342040111 0 0 0 6.10351562e-05
-0.313715655 0.49373029 0.375428253 0 0 0 6.10351562e-05
0.355215459 -0.710290818 0.11240095 0 0 0 6.10351562e-05
-0.329026209 0.502500006 0.34644044 0 0 0 6.10351562e-05
-0.30674247 0.197225995 0.111450389 0 0 0 6.10351562e-05
0.251329729 0.0641313908 -0.488497298 0 0 0 6.10351562e-05
-0.24998918 0.660225393 0.0836145867 0 0 0 6.10351562e-05
-0.523502703 -0.206905471 -0.439813126 0 0 0 6.10351562e-05
0.391016755 0.272670629 -0.838190637 0 0 0 6.10351562e-05
-0.321056542 0.251121172 0.549911541 0 0 0 6.10351562e-05
-0.547599834 -0.186595935 -0.137392673 0 0 0 6.10351562e-05
0.293038849 -0.558873113 0.397880452 0 0 0 6.10351562e-05
-0.3949381 -0.81944786 0.0305035642 0 0 0 6.10351562e-05
0.384050708 0.505873414 0.555109911 0 0 0 6.10351562e-05
0.40496156 0.53396462 0.739854027 0 0 0 6.10351562e-05
-0.531811974 -0.596865871 -0.120997391 0 0 0 6.10351562e-05
-0.31504546 -0.293038197 0.767052493 0 0 0 6.10351562e-05
-0.369012437 -0.568207942 -0.175558758 0 0 0 6.10351562e-05
-0.460780258 0.460105329 -0.214565263 0 0 0 6.10351562e-05
-0.57839513 -0.284132502 -0.51663229 0 0 0 6.10351562e-05
-0.65405128 0.177593233 0.318555043 0 0 0 6.10351562e-05
0.916216113 0.180200069 0.055311266 0 0 0 6.10351562e-05
0.44762706 -0.497647958 0.72941313 0 0 0 6.10351562e-05
-0.439175403 -0.287152353 -0.446700196 0 0 0 6.10351562e-05
-0.429053914 0.666276451 0.307091464 0 0 0 6.10351562e-05
0.254940781 -0.588692838 0.0974835548 0 0 0 6.10351562e-05
0.410047838 -0.0874981781 -0.529133235 0 0 0 6.10351562e-05
0.333687954 0.257699907 0.216237954 0 0 0 6.10351562e-05
0.287636242 -0.262127698 0.19254267 0 0 0 6.10351562e-05
0.829795357 -0.509451327 -0.173899989 0 0 0 6.10351562e-05
-0.489093853 0.561092315 0.610783799 0 0 0 6.10351562e-05
0.222118379 -0.402457978 0.506109241 0 0 0 6.10351562e-05
-0.111263542 -0.433804947 0.790196687 0 0 0 6.10351562e-05
0.246432809 -0.483843573 -0.445351696 0 0 0 6.10351562e-05
-0.776279565 0.142047455 -0.0868850693 0 0 0 6.10351562e-05
0.0470203062 -0.797277648 -0.0794122537 0 0 0 6.10351562e-05
0.931517871 0.0798352096 0.280677333 0 0 0 6.10351562e-05
0.470046665 0.155595552 0.313692854 0 0 0 6.10351562e-05
-0.35609805 0.4177745 0.230834493 0 0 0 6.10351562e-05
0.292912542 -0.15788241 -0.684942291 0 0 0 6.10351562e-05
0.652336857 0.500460776 -0.554470361 0 0 0 6.10351562e-05
0.018755135 0.142614109 -0.733579247 0 0 0 6.10351562e-05
0.269153888 -0.445265255 -0.712510284 0 0 0 6.10351562e-05
0.495324237 0.384732239 0.110939668 0 0 0 6.10351562e-05
0.0861710732 -0.861316024 -0.0834983483 0 0 0 6.10351562e-05
0.631091316 0.327474043 -0.178097982 0 0 0 6.10351562e-05
-0.154746126 0.262184164 -0.680516399 0 0 0 6.10351562e-05
0.380499715 0.0245014824 0.394248688 0 0 0 6.10351562e-05
-0.209828384 0.245467679 0.331180718 0 0 0 6.10351562e-05
0.401152912 -0.471256805 0.491266693 0 0 0 6.10351562e-05
-0.0121062899 -0.781734255 0.388928872 0 0 0 6.10351562e-05
-0.0214422867 -0.560780329 -0.430661967 0 0 0 6.10351562e-05
-0.0790947419 0.342795944 -0.720840057 0 0 0 6.10351562e-05
-0.62465922 -0.112416279 0.0607088372 0 0 0 6.10351562e-05
0.806130488 -0.0428349383 0.0191145295 0 0 0 6.10351562e-05
-0.884204365 -0.25967476 -0.210522466 0 0 0 6.10351562e-05
-0.224509625 0.112507139 0.693485851 0 0 0 6.10351562e-05
0.564241161 -0.24142825 -0.104605257 0 0 0 6.10351562e-05
0.0245222333 0.0754718627 -0.132788662 0 0 0 6.10351562e-05
-0.537586054 0.597391241 0.435745602 0 0 0 6.10351562e-05
-0.383277591 0.865270808 0.00791244855 0 0 0 6.10351562e-05
0.0800333414 -0.615151552 0.162604674 0 0 0 6.10351562e-05
-0.0115913383 0.209120823 -0.691827165 0 0 0 6.10351562e-05
-0.386448296 -0.5935982 -0.224695617 0 0 0 6.10351562e-05
0.184790035 -0.175377523 -0.319500796 0 0 0 6.10351562e-05
0.680937914 0.396994826 -0.453170418 0 0 0 6.10351562e-05
0.694184882 0.535095076 -0.260593864 0 0 0 6.10351562e-05
-0.241028954 -0.830428701 0.367819256 0 0 0 6.10351562e-05
0.405751384 -0.607535942 0.340214129 0 0 0 6.10351562e-05
0.906049852 0.310003786 0.203096599 0 0 0 6.10351562e-05
-0.910601208 -0.195291011 -0.319781325 0 0 0 6.10351562e-05
-0.0265182666 -0.898381975 0.079135737 0 0 0 6.10351562e-05
-0.809709862 0.387872417 0.00217435342 0 0 0 6.10351562e-05
0.850011853 0.389790748 -0.1976278 0 0 0 6.10351562e-05
0.407853237 0.442559583 -0.249590321 0 0 0 6.10351562e-05
-0.419586082 -0.510766477 -0.0992015499 0 0 0 6.10351562e-05
0.257780413 0.26601406 -0.917038044 0 0 0 6.10351562e-05
0.127846803 0.433622605 -0.726649259 0 0 0 6.10351562e-05
0.501627301 -0.782487721 -0.133804637 0 0 0 6.10351562e-05
0.493571623 -0.536541509 0.183594327 0 0 0 6.10351562e-05
-0.762101934 0.318330926 0.245923054 0 0 0 6.10351562e-05
-0.8561123 0.128908346 -0.102402673 0 0 0 6.10351562e-05
0.0460375531 -0.893277673 0.152529191 0 0 0 6.10351562e-05
0.0466026 -0.0553596473 -0.391768299 0 0 0 6.10351562e-05
0.509156475 -0.334672899 -0.41110922 0 0 0 6.10351562e-05
-0.973920604 -0.11006805 -0.0324006037 0 0 0 6.10351562e-05
-0.709958123 -0.32262481 -0.0113603875 0 0 0 6.10351562e-05
-0.13470784 0.079832813 -0.781196503 0 0 0 6.10351562e-05
0.651647199 -0.296462984 0.5688429 0 0 0 6.10351562e-05
-0.206854122 -0.15007441 -0.279252431 0 0 0 6.10351562e-05
-0.591150172 -0.412522771 0.365119132 0 0 0 6.10351562e-05
-0.240807787 0.311739774 -0.263495153 0 0 0 6.10351562e-05
0.114082792 -0.763049791 0.313338531 0 0 0 6.10351562e-05
0.860195907 0.0781156021 0.147897137 0 0 0 6.10351562e-05
0.426275652 -0.124515047 -0.590733287 0 0 0 6.10351562e-05
-0.0912127729 -0.81115108 -0.477442842 0 0 0 6.10351562e-05
0.620847897 -0.0492012239 -0.487891012 0 0 0 6.10351562e-05
0.168026783 0.300366299 -0.14863578 0 0 0 6.10351562e-05
-0.143672295 -0.743482964 -0.213373155 0 0 0 6.10351562e-05
0.441354659 0.0499845087 0.125433685 0 0 0 6.10351562e-05
-0.0321319522 0.179192383 0.542468897 0 0 0 6.10351562e-05
-0.0977669691 -0.575474535 -0.484978702 0 0 0 6.10351562e-05
0.601522544 -0.566055746 0.426378271 0 0 0 6.10351562e-05
-0.865070066 -0.113658294 0.323937547 0 0 0 6.10351562e-05
0.42608793 0.372139172 0.596665322 0 0 0 6.10351562e-05
0.524046989 0.0645557166 0.281749008 0 0 0 6.10351562e-05
-0.554498116 -0.758836443 0.293139453 0 0 0 6.10351562e-05
-0.568547677 0.152609478 -0.301784515 0 0 0 6.10351562e-05
-0.500840089 0.156769663 0.512899192 0 0 0 6.10351562e-05
-0.61038657 0.42420212 0.225363416 0 0 0 6.10351562e-05
0.5631688 0.526702928 -0.187124032 0 0 0 6.10351562e-05
-0.354628085 0.503256492 -0.453261029 0 0 0 6.10351562e-05
0.642795947 0.698896747 -0.126232378 0 0 0 6.10351562e-05
-0.268623598 0.914390448 0.0220209253 0 0 0 6.10351562e-05
0.678681563 -0.626754969 0.121624233 0 0 0 6.10351562e-05
0.522340464 0.400352803 -0.186548814 0 0 0 6.10351562e-05
0.625960178 -0.700589047 0.0684555869 0 0 0 6.10351562e-05
0.243294889 -0.58190569 0.750539208 0 0 0 6.10351562e-05
-0.303463157 0.0963950774 0.805562479 0 0 0 6.10351562e-05
0.839425391 -0.50676332 -0.130000392 0 0 0 6.10351562e-05
0.122381897 -0.288149165 0.606113187 0 0 0 6.10351562e-05
0.58489872 0.5126902 0.187786309 0 0 0 6.10351562e-05
-0.242600898 -0.391419061 -0.751063569 0 0 0 6.10351562e-05
-0.107347724 0.165943986 0.228183795 0 0 0 6.10351562e-05
0.148053213 0.0816097986 -0.791681943 0 0 0 6.10351562e-05
-0.420649354 0.214386132 0.0849188021 0 0 0 6.10351562e-05
-0.043573929 0.0239168898 -0.087492589 0 0 0 6.10351562e-05
0.620219079 0.452908075 0.293422246 0 0 0 6.10351562e-05
0.0476099877 -0.327941031 0.268219208 0 0 0 6.10351562e-05
0.923843771 0.0831338101 -0.236310011 0 0 0 6.10351562e-05
-0.100720755 -0.432024247 -0.103982231 0 0 0 6.10351562e-05
-0.0603691462 -0.101916789 0.807439163 0 0 0 6.10351562e-05
0.800084689 0.0648541387 -0.310343584 0 0 0 6.10351562e-05
-0.298358238 -0.279426812 0.841718697 0 0 0 6.10351562e-05
0.312410555 0.29536861 0.0226686425 0 0 0 6.10351562e-05
-0.221453193 -0.221757701 -0.691269107 0 0 0 6.10351562e-05
-0.829970441 -0.300094232 -0.197099341 0 0 0 6.10351562e-05
0.229133985 -0.162304466 0.722386434 0 0 0 6.10351562e-05
0.635362655 -0.152149868 0.0517101873 0 0 0 6.10351562e-05
0.231585731 0.458438419 -0.127365758 0 0 0 6.10351562e-05
0.371773685 0.838993557 0.275738567 0 0 0 6.10351562e-05
-0.274790315 -0.04562143 0.00659730424 0 0 0 6.10351562e-05
-0.0274464255 0.0427658864 0.645677269 0 0 0 6.10351562e-05
0.203788513 0.503536277 0.397225812 0 0 0 6.10351562e-05
-0.305347318 0.559957445 -0.611638199 0 0 0 6.10351562e-05
-0.466458813 0.244159524 0.574224001 0 0 0 6.10351562e-05
-0.206404734 0.701074849 0.616642009 0 0 0 6.10351562e-05
0.761721325 0.475079603 0.393140526 0 0 0 6.10351562e-05
0.169071328 0.183281908 -0.785498115 0 0 0 6.10351562e-05
0.326236854 0.0482248005 -0.0659513187 0 0 0 6.10351562e-05
0.0244440998 -0.495110908 -0.529690041 0 0 0 6.10351562e-05
0.126232036 -0.39636536 0.691514225 0 0 0 6.10351562e-05
0.00845278081 -0.0928475407 0.590572732 0 0 0 6.10351562e-05
-0.192870131 0.0100930402 -0.633557354 0 0 0 6.10351562e-05
-0.189222101 0.549009394 -0.707993922 0 0 0 6.10351562e-05
0.589998814 0.0154952256 -0.367303461 0 0 0 6.10351562e-05
0.475500976 0.0421426887 0.580808067 0 0 0 6.10351562e-05
-0.0224521839 -0.535964588 -0.0972393526 0 0 0 6.10351562e-05
0.297527235 0.354460873 0.0834488132 0 0 0 6.10351562e-05
0.672394411 0.166934457 0.315187804 0 0 0 6.10351562e-05
0.893875533 -0.0396742556 -0.0213108355 0 0 0 6.10351562e-05
0.00730829855 -0.0590903395 0.665085557 0 0 0 6.10351562e-05
0.185192016 0.487083148 0.453293919 0 0 0 6.10351562e-05
0.199332026 -0.845026439 -0.486339296 0 0 0 6.10351562e-05
0.147820841 0.496426769 0.110777825 0 0 0 6.10351562e-05
-0.927165182 0.097091378 0.298673491 0 0 0 6.10351562e-05
-0.460034727 0.482152078 -0.579586409 0 0 0 6.10351562e-05
0.304094323 0.0847312383 -0.925708911 0 0 0 6.10351562e-05
0.190014358 0.65995101 -0.451865773 0 0 0 6.10351562e-05
0.188859869 0.319613657 -0.849355141 0 0 0 6.10351562e-05
0.775305346 0.270704844 -0.512116014 0 0 0 6.10351562e-05
-0.364248038 -0.213995594 -0.579790824 0 0 0 6.10351562e-05
-0.377140961 0.0209998936 -0.32937145 0 0 0 6.10351562e-05
0.173943294 -0.177494861 -0.861200143 0 0 0 6.10351562e-05
-0.508709159 -0.0716233215 -0.775364219 0 0 0 6.10351562e-05
-0.949738455 -0.110714041 -0.0135281433 0 0 0 6.10351562e-05
0.22818393 -0.0814552821 0.518577624 0 0 0 6.10351562e-05
-0.399632978 -0.728948938 -0.155921886 0 0 0 6.10351562e-05
0.839485809 -0.0133045264 0.379637826 0 0 0 6.10351562e-05
0.0294604655 -0.45534519 0.142989903 0 0 0 6.10351562e-05
-0.0824947238 -0.0889896381 0.742408254 0 0 0 6.10351562e-05
0.0946494929 0.60323708 0.128475584 0 0 0 6.10351562e-05
0.723225494 0.498113499 -0.446128162 0 0 0 6.10351562e-05
-0.474391055 -0.332521588 -0.268858832 0 0 0 6.10351562e-05
0.733197114 0.289840627 0.235234886 0 0 0 6.10351562e-05
0.287622203 0.557708637 -0.257654177 0 0 0 6.10351562e-05
-0.0489674489 0.245369905 0.228244304 0 0 0 6.10351562e-05
0.332311531 -0.806836831 -0.131843701 0 0 0 6.10351562e-05
-0.215996815 -0.109017753 0.451758216 0 0 0 6.10351562e-05
-0.285138106 0.596856245 -0.604879512 0 0 0 6.10351562e-05
0.846089143 0.179684665 0.0741589234 0 0 0 6.10351562e-05
0.283566491 -0.0582002209 0.630313799 0 0 0 6.10351562e-05
0.297889744 0.292242298 0.840894653 0 0 0 6.10351562e-05
0.144900783 -0.274377626 0.552453521 0 0 0 6.10351562e-05
0.564811304 0.779176599 0.233671666 0 0 0 6.10351562e-05
-0.145173614 -0.574580706 -0.763005812 0 0 0 6.10351562e-05
-0.512156656 -0.439952667 -0.415658522 0 0 0 6.10351562e-05
-0.217840651 0.1864204 0.148121427 0 0 0 6.10351562e-05
-0.00105643518 -0.125555943 -0.321540682 0 0 0 6.10351562e-05
-0.660031805 -0.065083122 0.190240092 0 0 0 6.10351562e-05
-0.0258620593 0.718846342 0.158172138 0 0 0 6.10351562e-05
0.137917556 -0.0489721438 -0.803670121 0 0 0 6.10351562e-05
0.447486643 0.45426431 0.543839617 0 0 0 6.10351562e-05
-0.849818471 0.296975146 0.172753075 0 0 0 6.10351562e-05
0.054146842 -0.121773071 0.964645827 0 0 0 6.10351562e-05
0.530249426 -0.133522862 -0.385657305 0 0 0 6.10351562e-05
0.0901452841 -0.21926877 0.636130422 0 0 0 6.10351562e-05
0.290414918 -0.729788515 -0.361749144 0 0 0 6.10351562e-05
-0.00724729675 -0.260069954 -0.282873369 0 0 0 6.10351562e-05
-0.174057383 -0.00465621003 0.766834913 0 0 0 6.10351562e-05
0.91297708 0.0556281718 0.258826337 0 0 0 6.10351562e-05
-0.767286909 0.348187183 -0.201979928 0 0 0 6.10351562e-05
-0.289207901 -0.613578434 0.397774969 0 0 0 6.10351562e-05
-0.219412069 -0.443894122 0.823288138 0 0 0 6.10351562e-05
-0.38865237 0.22035214 -0.722993996 0 0 0 6.10351562e-05
0.0105728359 -0.626708903 0.772033813 0 0 0 6.10351562e-05
-0.34722592 -0.82713883 -0.0100055668 0 0 0 6.10351562e-05
0.180392449 0.3936203 -0.612991303 0 0 0 6.10351562e-05
0.502302828 -0.221371429 -0.382685433 0 0 0 6.10351562e-05
-0.487803947 -0.790739473 0.0467601537 0 0 0 6.10351562e-05
0.78280093 -0.404588168 0.184983936 0 0 0 6.10351562e-05
0.155617187 0.375649684 -0.788622074 0 0 0 6.10351562e-05
-0.191376685 0.133635129 -0.68473279 0 0 0 6.10351562e-05
0.00900260031 0.349096481 -0.610126881 0 0 0 6.10351562e-05
0.177767365 0.34664942 0.727722967 0 0 0 6.10351562e-05
-0.389598313 0.0547249882 0.233168016 0 0 0 6.10351562e-05
-0.269136615 0.0806179952 -0.00808335364 0 0 0 6.10351562e-05
-0.35638247 0.0731592277 -0.835526902 0 0 0 6.10351562e-05
0.376371201 -0.192804119 -0.628128753 0 0 0 6.10351562e-05
-0.417965165 0.489439503 -0.284147264 0 0 0 6.10351562e-05
0.0235342668 -0.461378492 -0.156827585 0 0 0 6.10351562e-05
-0.197113197 0.602385576 0.547222804 0 0 0 6.10351562e-05
0.256751508 -0.552980616 0.193307549 0 0 0 6.10351562e-05
0.163288347 0.318334292 -0.0336593796 0 0 0 6.10351562e-05
-0.069732351 -0.163818188 0.937532393 0 0 0 6.10351562e-05
-0.976307632 -0.12249063 -0.125265058 0 0 0 6.10351562e-05
0.389952401 0.475882339 -0.105739741 0 0 0 6.10351562e-05
-0.853996783 -0.00583230198 -0.430705194 0 0 0 6.10351562e-05
-0.00521779083 0.733433596 0.256093905 0 0 0 6.10351562e-05
0.170413618 -0.0847031962 -0.552326217 0 0 0 6.10351562e-05
0.0299741541 -0.083534779 -0.057720445 0 0 0 6.10351562e-05
-0.250564964 0.65437711 -0.205995237 0 0 0 6.10351562e-05
0.895069141 0.221199007 -0.318703464 0 0 0 6.10351562e-05
0.0188532269 0.38875986 -0.15807647 0 0 0 6.10351562e-05
-0.289630527 0.381810815 -0.697994552 0 0 0 6.10351562e-05
-0.525727417 -0.187916233 -0.215666482 0 0 0 6.10351562e-05
0.0123246522 -0.706643061 -0.313299235 0 0 0 6.10351562e-05
0.0993796849 0.650930687 0.0292731115 0 0 0 6.10351562e-05
-0.388799934 0.0514888644 0.341575101 0 0 0 6.10351562e-05
-0.585236006 0.0879555699 -0.283679725 0 0 0 6.10351562e-05
-0.0398165225 -0.131769208 0.355075957 0 0 0 6.10351562e-05
0.593248364 0.313429854 -0.550398995 0 0 0 6.10351562e-05
0.102837029 -0.416453842 -0.0120511997 0 0 0 6.10351562e-05
-0.844123911 -0.470307105 0.0446966862 0 0 0 6.10351562e-05
-0.132527887 0.228079561 -0.325975296 0 0 0 6.10351562e-05
-0.279883865 0.456568826 0.385683545 0 0 0 6.10351562e-05
-0.809788466 -0.396380978 -0.0211396665 0 0 0 6.10351562e-05
0.656655672 0.0625738145 0.387800433 0 0 0 6.10351562e-05
0.378790936 -0.788052439 -0.155477403 0 0 0 6.10351562e-05
-0.306254713 -0.0761762272 0.0923478572 0 0 0 6.10351562e-05
0.641175538 -0.147395554 -0.440302528 0 0 0 6.10351562e-05
-0.739128986 0.0255701959 -0.448176883 0 0 0 6.10351562e-05
0.37477792 0.146843839 0.84180012 0 0 0 6.10351562e-05
0.797244517 0.212797366 -0.498098263 0 0 0 6.10351562e-05
0.0836369599 0.325825207 -0.516848908 0 0 0 6.10351562e-05
-0.509364996 -0.225173614 0.0242175074 0 0 0 6.10351562e-05
-0.628683988 0.269317359 -0.0959173854 0 0 0 6.10351562e-05
-0.729360934 0.514979026 0.279273197 0 0 0 6.10351562e-05
-0.095375831 -0.461240322 0.810436101 0 0 0 6.10351562e-05
-0.163800555 -0.50691023 0.798761335 0 0 0 6.10351562e-05
-0.115119892 -0.157542224 -0.402344087 0 0 0 6.10351562e-05
-0.274707853 0.00827208429 -0.301647797 0 0 0 6.10351562e-05
-0.101031516 0.167376933 -0.0267565688 0 0 0 6.10351562e-05
-0.235715603 -0.553906554 -0.74203924 0 0 0 6.10351562e-05
-0.068033725 -0.128926125 -0.305601976 0 0 0 6.10351562e-05
-0.384754139 0.447840708 -0.231344979 0 0 0 6.10351562e-05
0.431353929 0.264667832 0.35891792 0 0 0 6.10351562e-05
0.127360556 -0.872792302 0.376303869 0 0 0 6.10351562e-05
-0.333568761 -0.431947746 -0.620221293 0 0 0 6.10351562e-05
-0.110448185 0.199596908 0.851393659 0 0 0 6.10351562e-05
-0.444011223 0.405602411 0.231031749 0 0 0 6.10351562e-05
-0.207931837 0.305189436 0.065708312 0 0 0 6.10351562e-05
0.129521638 -0.011266194 0.597925525 0 0 0 6.10351562e-05
0.138956467 0.979477892 -0.0886096243 0 0 0 6.10351562e-05
0.0475117936 0.502331927 -0.378184666 0 0 0 6.10351562e-05
-0.156816988 -0.174233517 -0.415235876 0 0 0 6.10351562e-05
-0.318317757 -0.348753748 -0.570035089 0 0 0 6.10351562e-05
0.314812993 -0.15439656 -0.395569551 0 0 0 6.10351562e-05
0.301473721 0.40696625 0.740161646 0 0 0 6.10351562e-05
0.59571578 0.371387618 0.0414435769 0 0 0 6.10351562e-05
-0.347400867 0.572836499 -0.698875739 0 0 0 6.10351562e-05
-0.678768098 -0.0430837798 0.437947931 0 0 0 6.10351562e-05
0.886174414 -0.272547051 -0.197006438 0 0 0 6.10351562e-05
-0.409589286 0.608275714 0.0363585328 0 0 0 6.10351562e-05
-0.502638064 -0.255432984 0.611741825 0 0 0 6.10351562e-05
-0.0665806363 0.296713696 -0.322080936 0 0 0 6.10351562e-05
-0.545051626 -0.605026846 0.430433382 0 0 0 6.10351562e-05
0.531166476 0.373367039 -0.0420803179 0 0 0 6.10351562e-05
-0.66671715 0.358001472 -0.541788484 0 0 0 6.10351562e-05
0.147708661 0.727743757 0.578860492 0 0 0 6.10351562e-05
-0.752413344 -0.436338063 -0.292786384 0 0 0 6.10351562e-05
0.128625567 0.0911174342 0.65070097 0 0 0 6.10351562e-05
-0.716347976 0.00613090976 0.0432254296 0 0 0 6.10351562e-05
-0.186604274 -0.862761517 -0.404017994 0 0 0 6.10351562e-05
-0.233390946 0.162548771 -0.848407375 0 0 0 6.10351562e-05
-0.367216385 0.664778867 -0.624842562 0 0 0 6.10351562e-05
-0.350122193 -0.580376322 0.156369453 0 0 0 6.10351562e-05
0.210702904 -0.708886674 0.0230759921 0 0 0 6.10351562e-05
0.526775483 -0.305158312 -0.497964241 0 0 0 6.10351562e-05
-0.0490698558 0.274068025 0.81700863 0 0 0 6.10351562e-05
0.675274021 0.2431649 0.280041802 0 0 0 6.10351562e-05
-0.752262088 -0.198433849 0.514048421 0 0 0 6.10351562e-05
-0.0282953089 0.0947213612 0.0633016653 0 0 0 6.10351562e-05
-0.160998474 0.345200528 -0.0967922423 0 0 0 6.10351562e-05
-0.483585688 -0.465554746 0.650515866 0 0 0 6.10351562e-05
-0.00269794937 -0.139790241 0.691987331 0 0 0 6.10351562e-05
-0.101956905 0.245984813 0.0945525534 0 0 0 6.10351562e-05
-0.326432575 -0.328947546 -0.168244748 0 0 0 6.10351562e-05
-0.052814519 -0.596934583 0.564791008 0 0 0 6.10351562e-05
-0.255704312 -0.477983741 -0.468224418 0 0 0 6.10351562e-05
0.114603627 -0.435679657 -0.20746158 0 0 0 6.10351562e-05
-0.492221524 0.343214666 -0.773505509 0 0 0 6.10351562e-05
0.0921622212 -0.694010352 0.52411499 0 0 0 6.10351562e-05
-0.0488900978 0.576116862 0.200471151 0 0 0 6.10351562e-05
0.489595361 -0.261133301 0.754756772 0 0 0 6.10351562e-05
0.276736654 0.655542662 0.162136519 0 0 0 6.10351562e-05
-0.266179685 -0.203558162 -0.467392125 0 0 0 6.10351562e-05
-0.305146065 0.453512722 -0.119379873 0 0 0 6.10351562e-05
0.842147744 0.146433466 -0.0896634052 0 0 0 6.10351562e-05
-0.854250173 0.319189413 0.0332327265 0 0 0 6.10351562e-05
-0.114488059 -0.280913338 0.155498834 0 0 0 6.10351562e-05
-0.232167343 -0.255478775 0.698118013 0 0 0 6.10351562e-05
-0.612987787 -0.0758824847 0.136421165 0 0 0 6.10351562e-05
0.68661206 -0.493752659 -0.209981433 0 0 0 6.10351562e-05
0.165257144 -0.279373855 0.761635878 0 0 0 6.10351562e-05
0.872064185 0.234070985 0.381759489 0 0 0 6.10351562e-05
-0.191948952 0.0655455875 -0.0905950548 0 0 0 6.10351562e-05
-0.795025273 0.0572624856 0.527350517 0 0 0 6.10351562e-05
0.257079094 0.103357707 0.557335553 0 0 0 6.10351562e-05
0.28029933 0.0798715248 -0.383220651 0 0 0 6.10351562e-05
0.734098799 -0.18258788 0.519298088 0 0 0 6.10351562e-05
0.408323532 0.378871671 0.051795292 0 0 0 6.10351562e-05
-0.685518548 -0.316985275 -0.0397082373 0 0 0 6.10351562e-05
-0.263366782 0.470548249 -0.245593813 0 0 0 6.10351562e-05
-0.207667966 -0.100121276 0.769963618 0 0 0 6.10351562e-05
-0.000995688247 -0.579216834 0.0458364362 0 0 0 6.10351562e-05
0.223108616 0.819502614 0.134998389 0 0 0 6.10351562e-05
0.213229383 0.564427776 -0.781264666 0 0 0 6.10351562e-05
-0.35522065 -0.858896007 0.185904071 0 0 0 6.10351562e-05
0.773833837 -0.167640132 -0.405560896 0 0 0 6.10351562e-05
0.604980768 0.637536753 0.43537386 0 0 0 6.10351562e-05
-0.549515184 0.0771799385 0.602437824 0 0 0 6.10351562e-05
-0.102363536 -0.0722429827 0.658308067 0 0 0 6.10351562e-05
-0.0138520364 0.521416824 -0.752684183 0 0 0 6.10351562e-05
-0.258485169 0.513268117 0.68809454 0 0 0 6.10351562e-05
-0.586429327 0.158699598 -0.174959882 0 0 0 6.10351562e-05
-0.561768179 0.437432036 0.69494787 0 0 0 6.10351562e-05
-0.113097311 0.138092499 -0.161212651 0 0 0 6.10351562e-05
-0.508420361 -0.406754652 0.306911371 0 0 0 6.10351562e-05
0.0345817586 -0.38198877 0.864055299 0 0 0 6.10351562e-05
0.16988812 -0.166945424 0.371496937 0 0 0 6.10351562e-05
-0.502255691 0.495809408 -0.211877195 0 0 0 6.10351562e-05
-0.0144483606 0.441860774 0.14232811 0 0 0 6.10351562e-05
-0.426678438 0.227336135 0.143752738 0 0 0 6.10351562e-05
-0.582716135 0.721546981 0.0577680409 0 0 0 6.10351562e-05
0.270628008 -0.0400104953 0.806742415 0 0 0 6.10351562e-05
0.217358136 0.352717051 0.0193275208 0 0 0 6.10351562e-05
0.396983516 -0.749818805 -0.313123031 0 0 0 6.10351562e-05
-0.0939248234 0.333654593 0.240628349 0 0 0 6.10351562e-05
0.499782883 0.561085104 -0.27354776 0 0 0 6.10351562e-05
-0.283748325 0.438824866 -0.433944043 0 0 0 6.10351562e-05
0.82301629 0.207321354 -0.256265162 0 0 0 6.10351562e-05
0.334469284 -0.333208314 -0.379887503 0 0 0 6.10351562e-05
0.270736067 -0.487474826 0.735484921 0 0 0 6.10351562e-05
-0.504523858 0.364751574 -0.438511662 0 0 0 6.10351562e-05
-0.660928844 0.38770592 -0.589459122 0 0 0 6.10351562e-05
-0.0647741767 -0.601373382 0.188847519 0 0 0 6.10351562e-05
-0.706395054 0.112122087 0.531814096 0 0 0 6.10351562e-05
-0.264732567 0.758714951 -0.134099322 0 0 0 6.10351562e-05
0.63122262 0.166203327 -0.148073577 0 0 0 6.10351562e-05
0.219277293 -0.640596672 -0.585708551 0 0 0 6.10351562e-05
0.519310461 0.0940263468 -0.510769581 0 0 0 6.10351562e-05
0.475370945 0.425546586 -0.543931499 0 0 0 6.10351562e-05
-0.0887400556 -0.874080586 0.0111359484 0 0 0 6.10351562e-05
0.351528447 0.171887553 0.830432634 0 0 0 6.10351562e-05
-0.00135111465 0.767338266 -0.567364218 0 0 0 6.10351562e-05
0.487325896 -0.447334214 -0.138965624 0 0 0 6.10351562e-05
0.163899674 0.62479076 -0.643052598 0 0 0 6.10351562e-05
0.683749592 -0.399223307 0.397305908 0 0 0 6.10351562e-05
-0.39799149 -0.492569497 -0.50188313 0 0 0 6.10351562e-05
-0.506936906 -0.0144701758 -0.222659901 0 0 0 6.10351562e-05
0.0243608725 0.927889371 0.158196057 0 0 0 6.10351562e-05
0.669340235 0.450810586 -0.185125849 0 0 0 6.10351562e-05
-0.605896228 -0.489323526 -0.0582494836 0 0 0 6.10351562e-05
0.861293632 -0.396606489 -0.153409667 0 0 0 6.10351562e-05
-0.809243406 0.210162155 -0.302269844 0 0 0 6.10351562e-05
0.287379433 -0.153855011 -0.116513011 0 0 0 6.10351562e-05
0.608595024 0.407760905 -0.331776385 0 0 0 6.10351562e-05
-0.566582307 0.0528358095 -0.383522521 0 0 0 6.10351562e-05
-0.499615132 -0.555770555 0.387039083 0 0 0 6.10351562e-05
-0.0725378423 -0.145320882 -0.759375386 0 0 0 6.10351562e-05
0.260305145 0.122514627 0.0076758249 0 0 0 6.10351562e-05
0.401526391 0.123405732 0.870231971 0 0 0 6.10351562e-05
-0.397449269 0.107420896 0.347600107 0 0 0 6.10351562e-05
-0.526942469 -0.419475598 0.0695617709 0 0 0 6.10351562e-05
-0.688894264 -0.194193192 -0.336514 0 0 0 6.10351562e-05
0.653483769 0.446848473 -0.571908554 0 0 0 6.10351562e-05
0.491780641 -0.83084175 -0.104235487 0 0 0 6.10351562e-05
-0.526006195 -0.51468817 0.58715346 0 0 0 6.10351562e-05
-0.0471324674 0.0529589361 0.184939744 0 0 0 6.10351562e-05
-0.505749208 -0.336490072 -0.476331236 0 0 0 6.10351562e-05
0.0465282776 -0.29873181 0.0636253119 0 0 0 6.10351562e-05
0.510995688 -0.103743955 -0.0263322166 0 0 0 6.10351562e-05
-0.315059629 0.108262958 0.222502802 0 0 0 6.10351562e-05
-0.459342553 -0.0421611142 -0.408934948 0 0 0 6.10351562e-05
0.0661468895 0.194603185 -0.865561416 0 0 0 6.10351562e-05
0.656419879 -0.0664950129 -0.314644628 0 0 0 6.10351562e-05
0.0923870448 0.133159575 -0.183970047 0 0 0 6.10351562e-05
-0.294085096 0.525141809 -0.350576998 0 0 0 6.10351562e-05
-0.606557788 0.111631286 -0.694567936 0 0 0 6.10351562e-05
0.278001508 0.150413769 0.673710002 0 0 0 6.10351562e-05
0.316963848 -0.473046591 0.168375733 0 0 0 6.10351562e-05
0.448943516 -0.761985094 0.359322861 0 0 0 6.10351562e-05
0.84339177 0.0942197145 0.218273338 0 0 0 6.10351562e-05
0.577777925 0.0866513072 -0.0311273009 0 0 0 6.10351562e-05
-0.294013072 -0.733439421 0.0537022633 0 0 0 6.10351562e-05
-0.252703084 -0.857516222 -0.0160972667 0 0 0 6.10351562e-05
-0.259877766 -0.0917648548 -0.481291091 0 0 0 6.10351562e-05
-0.344291556 -0.368707692 0.616597071 0 0 0 6.10351562e-05
0.642586827 0.585497362 0.444272939 0 0 0 6.10351562e-05
0.888185986 -0.144693681 -0.0227533114 0 0 0 6.10351562e-05
-0.0419739512 0.214880302 -0.929833663 0 0 0 6.10351562e-05
-0.230028632 -0.837028039 0.283660619 0 0 0 6.10351562e-05
-0.341813754 0.788413286 0.146057742 0 0 0 6.10351562e-05
-0.58660279 -0.761942529 0.173486618 0 0 0 6.10351562e-05
-0.355187081 0.0161312859 0.883944621 0 0 0 6.10351562e-05
0.10921084 -0.0551907724 -0.259319574 0 0 0 6.10351562e-05
0.181629979 -0.840876114 0.470302479 0 0 0 6.10351562e-05
0.0939660216 0.377641503 0.766356523 0 0 0 6.10351562e-05
0.122733388 -0.064172713 -0.150881721 0 0 0 6.10351562e-05
-0.387966413 -0.392285635 -0.0867664452 0 0 0 6.10351562e-05
-0.616604866 0.131681537 -0.170025954 0 0 0 6.10351562e-05
-0.0494642406 0.834360138 -0.334811218 0 0 0 6.10351562e-05
0.198994558 -0.763607743 0.386910777 0 0 0 6.10351562e-05
0.448776229 0.053248925 -0.123507859 0 0 0 6.10351562e-05
-0.407220932 -0.753021062 -0.285891859 0 0 0 6.10351562e-05
-0.0656591643 0.352244353 0.713085504 0 0 0 6.10351562e-05
0.0763782749 0.345666871 -0.709837836 0 0 0 6.10351562e-05
-0.483866705 0.0966123375 0.814937436 0 0 0 6.10351562e-05
-0.373953112 -0.547041219 0.424133421 0 0 0 6.10351562e-05
0.0348759413 -0.911458653 -0.0222427066 0 0 0 6.10351562e-05
-0.467910842 0.0956339976 0.154528067 0 0 0 6.10351562e-05
0.113917039 -0.569608836 -0.697925312 0 0 0 6.10351562e-05
0.0825553603 -0.0520207127 0.548222125 0 0 0 6.10351562e-05
-0.54390515 -0.0580342549 -0.148543353 0 0 0 6.10351562e-05
0.942692409 0.209783722 -0.0359382574 0 0 0 6.10351562e-05
0.0347699196 -0.92137652 -0.238670314 0 0 0 6.10351562e-05
0.0749588763 -0.0923425591 0.654959392 0 0 0 6.10351562e-05
-0.893765688 0.152774971 0.4115597 0 0 0 6.10351562e-05
-0.287046906 0.493562015 0.492716365 0 0 0 6.10351562e-05
0.134805494 0.531833198 0.50840892 0 0 0 6.10351562e-05
0.508155768 -0.275924147 -0.0170373831 0 0 0 6.10351562e-05
-0.5535087 0.386249141 0.573645218 0 0 0 6.10351562e-05
-0.818058884 -0.0289673768 -0.376145166 0 0 0 6.10351562e-05
0.377160568 -0.647754607 0.488164485 0 0 0 6.10351562e-05
-0.0258203805 -0.742886069 -0.553923679 0 0 0 6.10351562e-05
0.333815367 0.876468511 -0.297911064 0 0 0 6.10351562e-05
0.900610036 0.240113309 -0.226698537 0 0 0 6.10351562e-05
-0.00450492446 0.287371339 0.702064608 0 0 0 6.10351562e-05
-0.288861208 -0.494993085 -0.485646426 0 0 0 6.10351562e-05
-0.0898440572 0.941672218 0.0609694126 0 0 0 6.10351562e-05
0.374666481 0.0818429775 -0.364209993 0 0 0 6.10351562e-05
-0.701814765 0.230789122 -0.100003872 0 0 0 6.10351562e-05
0.686417378 0.68787361 0.0123252145 0 0 0 6.10351562e-05
0.421117676 -0.314638408 -0.835554608 0 0 0 6.10351562e-05
0.653936615 -0.662167451 0.0362994575 0 0 0 6.10351562e-05
0.0626263019 0.219107948 -0.412154573 0 0 0 6.10351562e-05
0.126488415 -0.0660777449 -0.113256668 0 0 0 6.10351562e-05
-0.0448279572 -0.317412901 -0.307050953 0 0 0 6.10351562e-05
0.267564967 -0.127306313 -0.845143215 0 0 0 6.10351562e-05
-0.395562977 -0.0288586256 0.50623517 0 0 0 6.10351562e-05
-0.455068606 -0.192682701 -0.106328389 0 0 0 6.10351562e-05
0.22631761 0.029452111 -0.541286216 0 0 0 6.10351562e-05
0.056048906 -0.729027123 0.131776539 0 0 0 6.10351562e-05
-0.0896088682 -0.180378769 0.136189572 0 0 0 6.10351562e-05
-0.0501908995 -0.300603125 0.77175549 0 0 0 6.10351562e-05
-0.554316668 0.302471943 0.755345663 0 0 0 6.10351562e-05
0.390012962 -0.672534672 0.533014387 0 0 0 6.10351562e-05
-0.0906327642 0.0601795255 0.407279517 0 0 0 6.10351562e-05
0.316403886 0.660834896 0.570027843 0 0 0 6.10351562e-05
-0.150262357 0.882895253 -0.395930267 0 0 0 6.10351562e-05
-0.639273812 -0.571513055 0.377404111 0 0 0 6.10351562e-05
-0.116591618 -0.315958677 -0.773904155 0 0 0 6.10351562e-05
-0.484903589 0.19936272 0.825365082 0 0 0 6.10351562e-05
-0.064614255 0.388767614 0.709173414 0 0 0 6.10351562e-05
-0.369141171 0.0397848473 0.519146816 0 0 0 6.10351562e-05
-0.192527042 0.639237364 0.133889322 0 0 0 6.10351562e-05
0.7548162 -0.13299287 0.399487761 0 0 0 6.10351562e-05
0.295545617 0.110694333 0.714913242 0 0 0 6.10351562e-05
-0.168877745 0.456987635 0.0162592108 0 0 0 6.10351562e-05
-0.344012598 0.311267399 0.645553178 0 0 0 6.10351562e-05
0.436839423 -0.103708364 -0.547993249 0 0 0 6.10351562e-05
0.545420656 -0.535957234 -0.27256757 0 0 0 6.10351562e-05
-0.159909246 -0.761158471 -0.155183402 0 0 0 6.10351562e-05
0.984030847 -0.0912599785 0.052042123 0 0 0 6.10351562e-05
0.608978114 -0.177001734 0.24874487 0 0 0 6.10351562e-05
-0.666237698 0.258581136 -0.535227351 0 0 0 6.10351562e-05
-0.652551525 0.148178839 0.678132521 0 0 0 6.10351562e-05
0.835737158 -0.0684302013 -0.413244382 0 0 0 6.10351562e-05
-0.201338896 0.0180421147 -0.71754329 0 0 0 6.10351562e-05
-0.470162533 -0.124813697 -0.76992673 0 0 0 6.10351562e-05
-0.349778285 -0.434821861 0.282935426 0 0 0 6.10351562e-05
0.537028408 -0.494075175 -0.463234364 0 0 0 6.10351562e-05
-0.260545681 -0.84549273 -0.313048571 0 0 0 6.10351562e-05
0.176071797 -0.532715255 0.0918056049 0 0 0 6.10351562e-05
0.392589735 -0.540745476 0.369623707 0 0 0 6.10351562e-05
0.396792207 0.0841252913 0.0689254631 0 0 0 6.10351562e-05
-0.305159308 -0.137199069 0.151245089 0 0 0 6.10351562e-05
0.00607265935 0.422372573 -0.780590356 0 0 0 6.10351562e-05
0.677374518 0.286006127 0.240197921 0 0 0 6.10351562e-05
-0.164295142 0.347020629 0.163643561 0 0 0 6.10351562e-05
-0.0137646492 -0.443480191 -0.0877748304 0 0 0 6.10351562e-05
-0.328409423 -0.85613584 -0.287133765 0 0 0 6.10351562e-05
0.126274464 0.62896137 -0.290601058 0 0 0 6.10351562e-05
-0.676434757 0.312157028 -0.33343173 0 0 0 6.10351562e-05
-0.193198193 -0.821476356 -0.37837119 0 0 0 6.10351562e-05
-0.328979631 0.180631722 -0.77054495 0 0 0 6.10351562e-05
-0.000172029287 0.295038027 0.881373406 0 0 0 6.10351562e-05
0.732849079 0.447551831 -0.404898044 0 0 0 6.10351562e-05
0.0566280917 0.181338584 0.248250354 0 0 0 6.10351562e-05
-0.482531372 -0.684161141 -0.414089786 0 0 0 6.10351562e-05
0.606745895 -0.274994988 0.463302451 0 0 0 6.10351562e-05
0.250447776 -0.0896466989 0.572739816 0 0 0 6.10351562e-05
-0.62011658 0.628152928 -0.361520564 0 0 0 6.10351562e-05
0.234989118 -0.163778386 -0.64127675 0 0 0 6.10351562e-05
-0.516316432 -0.0775275054 -0.840362274 0 0 0 6.10351562e-05
-0.0439637365 -0.780730177 -0.258222653 0 0 0 6.10351562e-05
0.763690713 -0.0702604311 0.177718059 0 0 0 6.10351562e-05
-0.299517746 0.434389255 0.481822316 0 0 0 6.10351562e-05
0.958944696 -0.140353045 -0.0568923023 0 0 0 6.10351562e-05
-0.158212221 -0.888665919 0.400059904 0 0 0 6.10351562e-05
-0.312246102 -0.878082603 -0.166161828 0 0 0 6.10351562e-05
0.865010359 -0.16797811 0.08409718 0 0 0 6.10351562e-05
0.348907014 0.823282755 0.291494458 0 0 0 6.10351562e-05
0.297560066 -0.330675369 0.168792139 0 0 0 6.10351562e-05
0.025677795 -0.0770526226 -0.191094501 0 0 0 6.10351562e-05
0.202916065 -0.201317327 -0.690529694 0 0 0 6.10351562e-05
0.100864301 -0.113218149 -0.0988713255 0 0 0 6.10351562e-05
-0.576924365 -0.29493417 -0.516973444 0 0 0 6.10351562e-05
-0.126774674 -0.67212156 -0.475302506 0 0 0 6.10351562e-05
-0.463955852 -0.330475993 -0.333469597 0 0 0 6.10351562e-05
0.540156569 0.314160727 -0.510535859 0 0 0 6.10351562e-05
-0.416689287 0.668573338 -0.172303775 0 0 0 6.10351562e-05
0.00436348183 -0.681623207 -0.536298351 0 0 0 6.10351562e-05
0.285274749 0.767942795 0.517640405 0 0 0 6.10351562e-05
0.136080771 0.715092367 0.316519086 0 0 0 6.10351562e-05
0.638484088 -0.496686641 -0.0409763949 0 0 0 6.10351562e-05
-0.322566862 0.744811582 0.319379959 0 0 0 6.10351562e-05
0.48559954 0.108610599 -0.244234674 0 0 0 6.10351562e-05
-0.0239577205 -0.16249777 -0.752839473 0 0 0 6.10351562e-05
0.263758344 0.332277139 0.116408437 0 0 0 6.10351562e-05
0.633879396 0.0707664035 -0.453077 0 0 0 6.10351562e-05
0.905635173 -0.271090868 -0.319577679 0 0 0 6.10351562e-05
0.6415682 -0.513456528 0.37124402 0 0 0 6.10351562e-05
0.184540886 0.665337037 0.377281319 0 0 0 6.10351562e-05
0.455551923 -0.532286849 0.541238819 0 0 0 6.10351562e-05
0.722681614 0.0371807129 0.258587733 0 0 0 6.10351562e-05
0.0569401667 0.95699429 0.232651918 0 0 0 6.10351562e-05
0.577571424 -0.644073433 -0.359642175 0 0 0 6.10351562e-05
-0.395366332 -0.48179264 -0.0542733908 0 0 0 6.10351562e-05
0.372881037 -0.601580552 0.501195723 0 0 0 6.10351562e-05
-0.847878749 0.0514052258 0.519189574 0 0 0 6.10351562e-05
-0.714469144 0.108726929 0.672538015 0 0 0 6.10351562e-05
0.541909362 -0.500718203 0.0756929382 0 0 0 6.10351562e-05
0.049289788 -0.436595885 -0.0524038272 0 0 0 6.10351562e-05
0.00370645631 0.566308301 -0.584863416 0 0 0 6.10351562e-05
0.159862586 0.0963076642 0.315141863 0 0 0 6.10351562e-05
0.512499308 -0.321797875 -0.10910951 0 0 0 6.10351562e-05
0.545957632 -0.473716254 -0.146757495 0 0 0 6.10351562e-05
-0.505503989 -0.684267141 0.0143231104 0 0 0 6.10351562e-05
0.311011582 0.329655607 0.855682737 0 0 0 6.10351562e-05
0.406520027 0.0917211931 0.843811242 0 0 0 6.10351562e-05
0.481953265 0.832727951 0.0802719153 0 0 0 6.10351562e-05
-0.695528008 0.346198383 0.622057191 0 0 0 6.10351562e-05
0.204445238 -0.248109961 -0.817790356 0 0 0 6.10351562e-05
0.405464858 -0.375684529 -0.131225201 0 0 0 6.10351562e-05
0.394671019 0.358755327 -0.828104385 0 0 0 6.10351562e-05
-0.186236328 -0.641317844 0.437578621 0 0 0 6.10351562e-05
0.031363683 0.55858075 -0.43436518 0 0 0 6.10351562e-05
-0.57494607 -0.112977342 -0.490503222 0 0 0 6.10351562e-05
-0.218215238 0.176199127 0.530266659 0 0 0 6.10351562e-05
-0.926984556 0.245249549 0.14952204 0 0 0 6.10351562e-05
-0.0951937667 0.305326524 0.138280742 0 0 0 6.10351562e-05
0.0333622548 0.402268101 0.023878008 0 0 0 6.10351562e-05
0.420021402 -0.0988503694 0.577797778 0 0 0 6.10351562e-05
0.331190917 -0.586080534 0.476552831 0 0 0 6.10351562e-05
-0.926538653 -0.011475333 0.359422931 0 0 0 6.10351562e-05
-0.414298346 -0.179413367 0.385179845 0 0 0 6.10351562e-05
0.844108015 0.137808882 -0.109871744 0 0 0 6.10351562e-05
0.526988398 0.139674875 0.178761336 0 0 0 6.10351562e-05
-0.490790178 0.11343293 -0.226652572 0 0 0 6.10351562e-05
0.133620683 -0.397045673 -0.405847631 0 0 0 6.10351562e-05
0.10913499 0.299553246 0.699198604 0 0 0 6.10351562e-05
0.249967106 0.105213666 0.51026666 0 0 0 6.10351562e-05
0.887033523 0.365202675 0.139128554 0 0 0 6.10351562e-05
-0.170822475 0.168402023 0.0599431906 0 0 0 6.10351562e-05
-0.683902264 0.0439837761 0.506194771 0 0 0 6.10351562e-05
0.392624177 -0.319855901 -0.000477389085 0 0 0 6.10351562e-05
-0.426735671 0.695065678 -0.446649526 0 0 0 6.10351562e-05
-0.0275338808 0.509632012 -0.761841807 0 0 0 6.10351562e-05
-0.284187318 -0.535840533 -0.17899537 0 0 0 6.10351562e-05
-0.293314685 -0.399302648 0.694487435 0 0 0 6.10351562e-05
0.909203447 -0.300263231 0.0183612173 0 0 0 6.10351562e-05
-0.304631525 0.0765622127 -0.140027922 0 0 0 6.10351562e-05
0.746880709 0.369805065 -0.494457633 0 0 0 6.10351562e-05
0.437274427 -0.263847141 -0.369442609 0 0 0 6.10351562e-05
-0.41674617 0.266792173 0.868869322 0 0 0 6.10351562e-05
0.862137633 -0.0123516852 -0.08053917 0 0 0 6.10351562e-05
0.146572023 -0.516815114 0.421630864 0 0 0 6.10351562e-05
0.0376843514 0.185985843 0.582563468 0 0 0 6.10351562e-05
0.258968808 -0.658731062 -0.308242805 0 0 0 6.10351562e-05
0.430245322 -0.771478543 0.451801841 0 0 0 6.10351562e-05
0.345881432 -0.540540532 -0.655395939 0 0 0 6.10351562e-05
0.549105996 -0.193771705 0.479767576 0 0 0 6.10351562e-05
-0.41604501 0.60647274 0.443857447 0 0 0 6.10351562e-05
-0.312462392 -0.475450423 0.525802508 0 0 0 6.10351562e-05
-0.37982892 0.0232440343 -0.868558087 0 0 0 6.10351562e-05
0.0658893001 -0.36710532 0.0533072852 0 0 0 6.10351562e-05
0.588119108 -0.121198958 -0.288313367 0 0 0 6.10351562e-05
0.0215600996 0.77686858 -0.13831635 0 0 0 6.10351562e-05
-0.267897294 -0.930004337 -0.19329813 0 0 0 6.10351562e-05
0.679894484 -0.227939912 -0.622442842 0 0 0 6.10351562e-05
0.661623891 0.388097316 -0.572177194 0 0 0 6.10351562e-05
-0.486243032 -0.0641825551 0.00106206159 0 0 0 6.10351562e-05
0.441208292 -0.275967953 0.714500765 0 0 0 6.10351562e-05
0.0167856606 0.416707213 -0.489216037 0 0 0 6.10351562e-05
0.25400675 0.31682217 -0.755123632 0 0 0 6.10351562e-05
-0.314797543 0.560967393 -0.628485148 0 0 0 6.10351562e-05
0.647271022 -0.25396424 -0.0696674596 0 0 0 6.10351562e-05
0.762159111 -0.575372688 0.133312061 0 0 0 6.10351562e-05
-0.629129461 -0.633945437 -0.148273464 0 0 0 6.10351562e-05
0.549601487 -0.363068174 -0.0498637619 0 0 0 6.10351562e-05
0.0155307072 0.656981162 0.264782047 0 0 0 6.10351562e-05
0.071871 0.313485147 -0.209152917 0 0 0 6.10351562e-05
0.266167145 -0.402308932 0.428507788 0 0 0 6.10351562e-05
-0.0581361719 0.00726514208 -0.577568969 0 0 0 6.10351562e-05
0.702591015 -0.120045676 -0.599731016 0 0 0 6.10351562e-05
-0.223705371 -0.562653445 -0.552225795 0 0 0 6.10351562e-05
0.582875362 -0.20983287 0.559022014 0 0 0 6.10351562e-05
0.0947873979 -0.509226923 -0.401185076 0 0 0 6.10351562e-05
-0.122104931 0.782448216 -0.57736862 0 0 0 6.10351562e-05
0.0993430437 0.134388093 -0.185824454 0 0 0 6.10351562e-05
0.625974897 0.656008761 0.174453812 0 0 0 6.10351562e-05
-0.333575102 -0.647941711 0.0139598086 0 0 0 6.10351562e-05
0.409268124 0.38907578 -0.10070397 0 0 0 6.10351562e-05
-0.678507385 -0.630097906 -0.369278655 0 0 0 6.10351562e-05
-0.794869408 -0.476482445 0.146676581 0 0 0 6.10351562e-05
-0.540068458 0.779364167 -0.285754846 0 0 0 6.10351562e-05
0.400647791 -0.287681913 -0.173481141 0 0 0 6.10351562e-05
0.190003613 -0.173269554 0.110243139 0 0 0 6.10351562e-05
-0.195094052 -0.746217828 -0.0777451806 0 0 0 6.10351562e-05
0.15010025 -0.731932098 -0.262987914 0 0 0 6.10351562e-05
-0.579175444 0.276874396 0.59211581 0 0 0 6.10351562e-05
-0.421735858 -0.61439446 0.150494181 0 0 0 6.10351562e-05
0.5235213 0.689884437 0.359029087 0 0 0 6.10351562e-05
0.0810636344 -0.461860431 0.678948487 0 0 0 6.10351562e-05
-0.310300192 -0.0912314076 -0.160985864 0 0 0 6.10351562e-05
0.484916113 -0.0497141672 0.233699458 0 0 0 6.10351562e-05
0.364459756 0.482153111 -0.32078471 0 0 0 6.10351562e-05
-0.40548003 -0.913463639 0.0200875204 0 0 0 6.10351562e-05
0.38171564 0.68376558 -0.14074963 0 0 0 6.10351562e-05
-0.0993600196 0.58601411 -0.324927671 0 0 0 6.10351562e-05
-0.846973591 0.144184885 -0.435987184 0 0 0 6.10351562e-05
-0.621875657 0.751976564 0.203659941 0 0 0 6.10351562e-05
-0.640533375 0.0365444341 0.201852903 0 0 0 6.10351562e-05
0.370622407 -0.300203041 0.44975946 0 0 0 6.10351562e-05
-0.148207777 0.272738366 0.125630857 0 0 0 6.10351562e-05
0.336205295 0.517866277 -0.450289901 0 0 0 6.10351562e-05
-0.69995382 -0.642043097 0.283040916 0 0 0 6.10351562e-05
0.182453742 -0.352083325 -0.674200974 0 0 0 6.10351562e-05
0.14577471 0.273042636 0.622489894 0 0 0 6.10351562e-05
0.479719085 -0.08295694 0.216933063 0 0 0 6.10351562e-05
-0.219312628 0.076955035 0.609697197 0 0 0 6.10351562e-05
0.0676883263 0.428900069 -0.549426651 0 0 0 6.10351562e-05
-0.228068893 0.103624785 -0.368381741 0 0 0 6.10351562e-05
0.165708381 -0.13890248 -0.516233973 0 0 0 6.10351562e-05
0.422576496 0.401017574 0.70432775 0 0 0 6.10351562e-05
-0.455415086 0.837663241 -0.0638964279 0 0 0 6.10351562e-05
-0.477275006 -0.272973639 -0.461725047 0 0 0 6.10351562e-05
-0.324844998 0.523362115 0.268231535 0 0 0 6.10351562e-05
-0.169454421 0.0328259767 0.48170737 0 0 0 6.10351562e-05
-0.272345038 -0.699699467 0.432270745 0 0 0 6.10351562e-05
-0.231976752 0.576947634 -0.552898199 0 0 0 6.10351562e-05
0.292494067 0.693226915 -0.248066231 0 0 0 6.10351562e-05
0.637890499 0.338301254 0.0271226013 0 0 0 6.10351562e-05
0.406271255 -0.784675681 -0.11812099 0 0 0 6.10351562e-05
-0.240240494 0.394672632 -0.0226720982 0 0 0 6.10351562e-05
0.089784322 0.0623675169 0.528019611 0 0 0 6.10351562e-05
0.475799166 0.32881269 0.478519211 0 0 0 6.10351562e-05
-0.501591516 0.0772610438 0.762096545 0 0 0 6.10351562e-05
-0.207519165 0.183735148 0.956018507 0 0 0 6.10351562e-05
-0.14663847 0.180654018 -0.541608613 0 0 0 6.10351562e-05
0.356529616 0.835385779 0.202071021 0 0 0 6.10351562e-05
0.49203272 0.52767641 -0.293745676 0 0 0 6.10351562e-05
0.177742624 0.22319754 0.0614825427 0 0 0 6.10351562e-05
0.345660365 -0.79691922 0.260036764 0 0 0 6.10351562e-05
0.242558993 0.640996887 -0.248084207 0 0 0 6.10351562e-05
-0.461100396 -0.246840528 0.849958258 0 0 0 6.10351562e-05
-0.799232906 0.561272429 -0.0343221458 0 0 0 6.10351562e-05
0.721309486 0.209101308 -0.470493847 0 0 0 6.10351562e-05
-0.283664075 -0.541361546 -0.440949481 0 0 0 6.10351562e-05
-0.850175219 0.0138287286 -0.112642319 0 0 0 6.10351562e-05
-0.252797632 0.221128724 -0.381833417 0 0 0 6.10351562e-05
0.461238392 0.582407826 -0.475034959 0 0 0 6.10351562e-05
-0.553073808 0.705227785 -0.207931755 0 0 0 6.10351562e-05
-0.492566741 0.00921494018 -0.332085061 0 0 0 6.10351562e-05
-0.630225245 -0.222564883 0.702874948 0 0 0 6.10351562e-05
0.0879305864 -0.0780533537 0.0941591059 0 0 0 6.10351562e-05
-0.519201569 -0.102420678 0.12861694 0 0 0 6.10351562e-05
0.582227218 0.0649318315 -0.527873181 0 0 0 6.10351562e-05
0.541461267 -0.0214475155 -0.0927161201 0 0 0 6.10351562e-05
0.623553097 0.109887581 -0.15754649 0 0 0 6.10351562e-05
-0.120381219 -0.769196549 0.297355079 0 0 0 6.10351562e-05
0.631472629 -0.657255251 -0.261959085 0 0 0 6.10351562e-05
0.2441814 0.160810148 0.833102058 0 0 0 6.10351562e-05
-0.627991521 -0.7409402 0.110270883 0 0 0 6.10351562e-05
-0.801357248 0.262731331 -0.0630281641 0 0 0 6.10351562e-05
0.405661009 0.278087301 0.58859181 0 0 0 6.10351562e-05
-0.643110772 -0.418641806 0.021693284 0 0 0 6.10351562e-05
-0.344820052 -0.303414417 0.169215213 0 0 0 6.10351562e-05
0.133461934 0.580856249 0.0668688842 0 0 0 6.10351562e-05
0.437315794 0.0368490838 -0.172385218 0 0 0 6.10351562e-05
-0.0135365937 0.814568752 0.357855838 0 0 0 6.10351562e-05
-0.425375582 -0.562596819 0.568142303 0 0 0 6.10351562e-05
0.343874059 -0.766193263 -0.0479368625 0 0 0 6.10351562e-05
-0.10257342 0.30741032 -0.850985127 0 0 0 6.10351562e-05
0.162079162 0.659091388 -0.0392552847 0 0 0 6.10351562e-05
-0.373280749 0.0168574406 0.332870767 0 0 0 6.10351562e-05
0.21750976 -0.2528792 -0.14929737 0 0 0 6.10351562e-05
-0.715337167 0.0504622839 0.654162011 0 0 0 6.10351562e-05
-0.187452822 0.380611501 -0.893552131 0 0 0 6.10351562e-05
0.0802109477 0.481043292 0.813797746 0 0 0 6.10351562e-05
-0.0442903689 0.360132249 -0.401710442 0 0 0 6.10351562e-05
0.142457643 0.324352644 0.339544358 0 0 0 6.10351562e-05
-0.204152514 -0.300605674 0.694811409 0 0 0 6.10351562e-05
0.136438519 -0.0265117544 0.439121683 0 0 0 6.10351562e-05
-0.7711692 0.0391858753 0.315847376 0 0 0 6.10351562e-05
-0.618553504 0.416882954 -0.317340308 0 0 0 6.10351562e-05
0.175808772 0.0329718537 -0.116006493 0 0 0 6.10351562e-05
-0.850593273 -0.0586016132 -0.0910847512 0 0 0 6.10351562e-05
-0.411386328 -0.521448619 -0.419747913 0 0 0 6.10351562e-05
-0.723037626 0.315186949 0.58961582 0 0 0 6.10351562e-05
0.353420792 0.816317789 0.334074296 0 0 0 6.10351562e-05
-0.706790852 0.222961636 0.464250496 0 0 0 6.10351562e-05
0.0480322437 0.615210676 0.0221485474 0 0 0 6.10351562e-05
-0.769544491 0.349319263 -0.157596424 0 0 0 6.10351562e-05
-0.101149026 0.383678545 -0.704713575 0 0 0 6.10351562e-05
-0.437073476 0.172027407 -0.343500392 0 0 0 6.10351562e-05
-0.344482639 0.431841632 -0.355462555 0 0 0 6.10351562e-05
0.119144188 -0.175228703 0.463643882 0 0 0 6.10351562e-05
-0.483612685 0.219390335 0.825952748 0 0 0 6.10351562e-05
-0.808258194 -0.387100944 0.281325993 0 0 0 6.10351562e-05
-0.436564693 0.479833343 0.433975538 0 0 0 6.10351562e-05
-0.107087148 0.064777792 0.353823092 0 0 0 6.10351562e-05
-0.216305509 0.264259813 -0.27609287 0 0 0 6.10351562e-05
0.215487596 0.20256195 0.734252374 0 0 0 6.10351562e-05
-0.825334446 -0.116899808 -0.228009249 0 0 0 6.10351562e-05
-0.514792537 -0.378556388 0.64921964 0 0 0 6.10351562e-05
-0.28801152 0.201855348 -0.423178456 0 0 0 6.10351562e-05
0.368061332 0.609819787 -0.637431575 0 0 0 6.10351562e-05
0.09586427 0.250406475 -0.930004721 0 0 0 6.10351562e-05
0.00913113056 -0.140693747 0.734668065 0 0 0 6.10351562e-05
-0.643549987 0.303755216 -0.189603706 0 0 0 6.10351562e-05
-0.262259869 0.567832203 0.351953915 0 0 0 6.10351562e-05
0.655290543 -0.655079044 0.3114156 0 0 0 6.10351562e-05
-0.635506261 -0.175386531 0.355516577 0 0 0 6.10351562e-05
-0.396407302 0.0940081933 0.542268669 0 0 0 6.10351562e-05
0.344986337 -0.823524215 -0.0683006061 0 0 0 6.10351562e-05
-0.552930798 0.247263839 -0.562255814 0 0 0 6.10351562e-05
0.14519851 0.323242432 -0.82628561 0 0 0 6.10351562e-05
-0.155933211 0.00778844282 0.583277884 0 0 0 6.10351562e-05
-0.791272186 0.20831203 -0.489507353 0 0 0 6.10351562e-05
0.230541808 -0.908428441 -0.0978107035 0 0 0 6.10351562e-05
-0.573776644 -0.457402965 -0.63390704 0 0 0 6.10351562e-05
0.119933036 -0.092881664 0.287698436 0 0 0 6.10351562e-05
0.377646133 0.322882127 -0.0308861364 0 0 0 6.10351562e-05
-0.0861213425 -0.327878708 -0.665465124 0 0 0 6.10351562e-05
0.682765278 -0.562784262 -0.381054359 0 0 0 6.10351562e-05
0.197289235 0.664604628 0.464877264 0 0 0 6.10351562e-05
0.432386891 0.0263855429 -0.150920467 0 0 0 6.10351562e-05
-0.312318476 0.324544915 0.105580121 0 0 0 6.10351562e-05
0.258746058 -0.281797908 -0.419239859 0 0 0 6.10351562e-05
-0.31716362 0.212377878 0.854815045 0 0 0 6.10351562e-05
-0.802792942 0.217500146 -0.289325544 0 0 0 6.10351562e-05
-0.48267659 0.333986557 -0.341075103 0 0 0 6.10351562e-05
-0.375845147 -0.224577291 0.183769616 0 0 0 6.10351562e-05
-0.560590459 0.480750538 0.646447726 0 0 0 6.10351562e-05
0.774076308 -0.216103223 -0.297262526 0 0 0 6.10351562e-05
0.492077201 -0.0861274452 -0.0400552869 0 0 0 6.10351562e-05
-0.0114385629 -0.649290503 -0.487333855 0 0 0 6.10351562e-05
0.143246117 -0.574501132 -0.752506882 0 0 0 6.10351562e-05
-0.644903851 -0.418820644 -0.482444281 0 0 0 6.10351562e-05
-0.164703358 -0.341638833 0.716512271 0 0 0 6.10351562e-05
-0.0475315536 0.310653766 -0.474048899 0 0 0 6.10351562e-05
-0.222498573 -0.565887503 -0.38531639 0 0 0 6.10351562e-05
0.463425489 0.0647252141 0.551551262 0 0 0 6.10351562e-05
-0.126838733 0.169278096 -0.689523579 0 0 0 6.10351562e-05
-0.516061289 -0.468762264 0.593458579 0 0 0 6.10351562e-05
-0.575682161 0.0205169093 0.278697273 0 0 0 6.10351562e-05
-0.0713700518 0.550190802 -0.474486768 0 0 0 6.10351562e-05
0.605865178 0.231059608 -0.68167386 0 0 0 6.10351562e-05
0.753515598 -0.00207681051 0.244376898 0 0 0 6.10351562e-05
-0.178831718 0.722210725 -0.197110619 0 0 0 6.10351562e-05
-0.137020375 0.183275803 0.696642908 0 0 0 6.10351562e-05
-0.885671322 -0.0305606862 -0.387200889 0 0 0 6.10351562e-05
-0.525255389 0.524290014 -0.140624 0 0 0 6.10351562e-05
0.653996924 0.653767276 0.043347808 0 0 0 6.10351562e-05
-0.667436408 0.167089957 -0.709287965 0 0 0 6.10351562e-05
0.411968132 -0.68544049 0.586719215 0 0 0 6.10351562e-05
-0.139508491 0.467697365 -0.0557186352 0 0 0 6.10351562e-05
0.620478385 -0.0713496262 -0.446464674 0 0 0 6.10351562e-05
-0.671881627 -0.287988457 -0.575966299 0 0 0 6.10351562e-05
-0.219016233 -0.855121664 -0.348467115 0 0 0 6.10351562e-05
0.731797294 -0.0735570052 0.21726543 0 0 0 6.10351562e-05
-0.422546214 -0.590636151 -0.458605882 0 0 0 6.10351562e-05
0.682715543 0.0370959616 -0.205074985 0 0 0 6.10351562e-05
-0.362482654 0.768890412 -0.426160941 0 0 0 6.10351562e-05
0.470375066 -0.387067195 -0.53980527 0 0 0 6.10351562e-05
0.48680919 -0.20336961 -0.44263796 0 0 0 6.10351562e-05
0.649267872 0.0395406682 0.483479609 0 0 0 6.10351562e-05
-0.31867494 0.215933397 -0.451390105 0 0 0 6.10351562e-05
-0.0491670528 0.68683571 0.00962136855 0 0 0 6.10351562e-05
0.629791632 -0.32282552 0.523188062 0 0 0 6.10351562e-05
0.209585327 0.230669368 -0.93199741 0 0 0 6.10351562e-05
0.0687981166 -0.231166954 -0.250561445 0 0 0 6.10351562e-05
0.618918528 0.21629891 -0.0206093975 0 0 0 6.10351562e-05
-0.0573129669 -0.0418577894 0.883752582 0 0 0 6.10351562e-05
-0.0635213879 0.628750749 -0.233558563 0 0 0 6.10351562e-05
0.158695754 -0.35204201 -0.213006512 0 0 0 6.10351562e-05
-0.0382168954 0.234716761 0.587932264 0 0 0 6.10351562e-05
0.0794697495 0.341392771 -0.901238667 0 0 0 6.10351562e-05
0.711152879 0.633808951 -0.102455355 0 0 0 6.10351562e-05
-0.44373508 -0.188782552 0.206682878 0 0 0 6.10351562e-05
-0.452715482 -0.478257677 0.277900571 0 0 0 6.10351562e-05
0.312425234 -0.231442752 0.412380357 0 0 0 6.10351562e-05
0.393922245 0.0732841266 -0.561728194 0 0 0 6.10351562e-05
-0.14957563 -0.232321522 -0.479045539 0 0 0 6.10351562e-05
-0.617495692 -0.248491627 -0.266722074 0 0 0 6.10351562e-05
0.0457355324 -0.096992132 0.743550505 0 0 0 6.10351562e-05
-0.411173685 -0.651531688 -0.562055505 0 0 0 6.10351562e-05
0.374406608 0.717463005 -0.308634482 0 0 0 6.10351562e-05
0.150065819 -0.794646204 -0.343137838 0 0 0 6.10351562e-05
-0.600086631 0.212360319 0.113701098 0 0 0 6.10351562e-05
0.489860473 0.15095482 -0.227493006 0 0 0 6.10351562e-05
0.443058754 0.146865889 -0.835572645 0 0 0 6.10351562e-05
-0.626034719 0.416791938 -0.00548237447 0 0 0 6.10351562e-05
0.376340706 0.287636925 -0.520126398 0 0 0 6.10351562e-05
0.210429635 0.675285856 0.120672421 0 0 0 6.10351562e-05
-0.577649751 0.404932638 0.0706599447 0 0 0 6.10351562e-05
0.724651252 -0.133488013 0.464842376 0 0 0 6.10351562e-05
0.428339033 0.325552811 0.244650867 0 0 0 6.10351562e-05
-0.513617304 -0.0350417689 -0.210365789 0 0 0 6.10351562e-05
-0.332761166 0.0441597967 -0.845963351 0 0 0 6.10351562e-05
0.235465821 -0.0370136716 -0.795130022 0 0 0 6.10351562e-05
-0.305484202 0.321620598 0.844346473 0 0 0 6.10351562e-05
-0.161542032 -0.85647852 0.241237774 0 0 0 6.10351562e-05
-0.465135768 0.0605356514 0.0946013159 0 0 0 6.10351562e-05
0.0598209771 0.392770564 -0.361865048 0 0 0 6.10351562e-05
-0.189711887 -0.309456961 0.0614778435 0 0 0 6.10351562e-05
-0.216805984 0.00300722058 0.650244745 0 0 0 6.10351562e-05
0.180705272 -0.844472612 -0.124736005 0 0 0 6.10351562e-05
0.616730914 -0.220745556 0.648513844 0 0 0 6.10351562e-05
0.387170924 -0.0361754724 -0.0229178473 0 0 0 6.10351562e-05
-0.0259223066 -0.920160291 0.246918403 0 0 0 6.10351562e-05
-0.671467754 -0.0755192285 0.0969635444 0 0 0 6.10351562e-05
0.532043131 0.278950537 -0.248823863 0 0 0 6.10351562e-05
-0.196408459 0.778062546 0.436641889 0 0 0 6.10351562e-05
0.0726085803 -0.283333786 0.0909288649 0 0 0 6.10351562e-05
0.460761139 0.753214621 -0.424273218 0 0 0 6.10351562e-05
0.369085312 0.139284094 0.818754806 0 0 0 6.10351562e-05
-0.221617573 -0.748307618 -0.0163320277 0 0 0 6.10351562e-05
0.269274669 -0.234762468 -0.245894062 0 0 0 6.10351562e-05
-0.666897065 0.191385853 0.446487193 0 0 0 6.10351562e-05
-0.677224304 -0.0401154978 0.722916919 0 0 0 6.10351562e-05
-0.367825042 0.747499389 0.380288357 0 0 0 6.10351562e-05
-0.152539632 -0.722283755 0.515818193 0 0 0 6.10351562e-05
-0.652226942 -0.228833706 -0.683161052 0 0 0 6.10351562e-05
-0.422596644 -0.0426907906 0.112933309 0 0 0 6.10351562e-05
-0.37821908 -0.391622048 0.200417756 0 0 0 6.10351562e-05
0.395368256 -0.369070052 0.588351749 0 0 0 6.10351562e-05
0.296958096 0.554163985 0.385424793 0 0 0 6.10351562e-05
-0.598155726 0.102816424 0.637617414 0 0 0 6.10351562e-05
0.714231815 0.42939593 -0.413859252 0 0 0 6.10351562e-05
-0.979118192 -0.140928829 -0.0836345876 0 0 0 6.10351562e-05
-0.124794782 -0.182943911 0.351365815 0 0 0 6.10351562e-05
-0.635214934 -0.466823526 -0.27446961 0 0 0 6.10351562e-05
-0.268189887 -0.376673061 -0.787729607 0 0 0 6.10351562e-05
-0.841643726 -0.119607831 -0.380222785 0 0 0 6.10351562e-05
-0.0388388041 -0.414841192 -0.815046633 0 0 0 6.10351562e-05
-0.591133238 -0.388630936 -0.253480604 0 0 0 6.10351562e-05
0.21612813 0.275649514 -0.228994168 0 0 0 6.10351562e-05
0.689076952 -0.304125175 0.437521304 0 0 0 6.10351562e-05
-0.299006681 0.542785392 0.549559224 0 0 0 6.10351562e-05
-0.164373786 0.110786114 -0.306837692 0 0 0 6.10351562e-05
-0.169154078 -0.151868814 0.818363642 0 0 0 6.10351562e-05
0.773553654 -0.06258537 -0.299855013 0 0 0 6.10351562e-05
0.259061697 0.240414591 -0.00313558212 0 0 0 6.10351562e-05
-0.336520614 0.665483877 0.510251079 0 0 0 6.10351562e-05
-0.70738596 -0.0947745532 0.504535252 0 0 0 6.10351562e-05
0.45877822 -0.546532888 -0.393453181 0 0 0 6.10351562e-05
-0.397470383 0.416258652 0.217019943 0 0 0 6.10351562e-05
0.532758055 -0.487427426 -0.62922772 0 0 0 6.10351562e-05
0.485744717 -0.812374397 -0.009476566 0 0 0 6.10351562e-05
0.111818125 -0.165245858 0.354363771 0 0 0 6.10351562e-05
0.727108108 0.409899616 0.276851037 0 0 0 6.10351562e-05
-0.538742772 -0.45934994 0.0269031956 0 0 0 6.10351562e-05
0.697853493 -0.169262968 0.481281717 0 0 0 6.10351562e-05
0.481502564 0.330357816 -0.242170301 0 0 0 6.10351562e-05
0.178170167 -0.0945510122 0.103386633 0 0 0 6.10351562e-05
-0.7006795 0.0790993848 -0.405738244 0 0 0 6.10351562e-05
-0.365545571 0.100431875 -0.746411305 0 0 0 6.10351562e-05
0.413804676 0.777596535 -0.0305002826 0 0 0 6.10351562e-05
0.0953985466 -0.232720036 0.94112655 0 0 0 6.10351562e-05
0.789803773 0.0909832222 -0.602865427 0 0 0 6.10351562e-05
0.0661892468 -0.38294283 -0.425007549 0 0 0 6.10351562e-05
0.100385753 -0.609118673 -0.0442924667 0 0 0 6.10351562e-05
0.497734329 -0.234070841 0.440291909 0 0 0 6.10351562e-05
-0.61525625 -0.123471281 -0.451901869 0 0 0 6.10351562e-05
-0.624459123 -0.114396552 0.459586461 0 0 0 6.10351562e-05
0.196274422 0.151926176 -0.841172536 0 0 0 6.10351562e-05
-0.0412695327 -0.317872731 -0.556402712 0 0 0 6.10351562e-05
-0.208788198 -0.187652287 0.802453738 0 0 0 6.10351562e-05
-0.575565711 -0.355940547 0.447413068 0 0 0 6.10351562e-05
0.306081645 -0.851510927 -0.297026609 0 0 0 6.10351562e-05
0.209074039 -0.53999775 -0.4229535 0 0 0 6.10351562e-05
-0.44819294 0.205706979 -0.09728632 0 0 0 6.10351562e-05
-0.218641424 -0.357923515 -0.0609040768 0 0 0 6.10351562e-05
-0.442164186 0.564717455 -0.674060509 0 0 0 6.10351562e-05
-0.289382036 0.713711182 -0.487313818 0 0 0 6.10351562e-05
0.454437166 -0.608727086 0.311825751 0 0 0 6.10351562e-05
0.0686975337 -0.438622928 0.121279142 0 0 0 6.10351562e-05
0.946274271 -0.13979444 0.0265185783 0 0 0 6.10351562e-05
0.274242628 -0.0995075182 0.380545667 0 0 0 6.10351562e-05
-0.341034362 0.0830883769 0.769633976 0 0 0 6.10351562e-05
-0.806471955 -0.287559877 -0.20442533 0 0 0 6.10351562e-05
-0.0575254222 0.0851247715 -0.917983583 0 0 0 6.10351562e-05
-0.247205677 -0.420629132 0.580824503 0 0 0 6.10351562e-05
-0.312525342 -0.431418445 -0.771523624 0 0 0 6.10351562e-05
0.495582328 -0.239705316 -0.0195370624 0 0 0 6.10351562e-05
0.172947008 0.298229427 -0.592954917 0 0 0 6.10351562e-05
0.595030027 -0.0198892914 0.0849058585 0 0 0 6.10351562e-05
-0.356739551 -0.723639306 0.527863617 0 0 0 6.10351562e-05
0.035618931 -0.773650205 -0.0781948259 0 0 0 6.10351562e-05
-0.104704669 -0.510848283 -0.705227736 0 0 0 6.10351562e-05
0.0850056904 0.4822199 -0.346797936 0 0 0 6.10351562e-05
-0.883838677 0.376003742 -0.154083602 0 0 0 6.10351562e-05
0.275760837 0.612956545 0.570137713 0 0 0 6.10351562e-05
-0.830727395 -0.0281354316 0.417442379 0 0 0 6.10351562e-05
0.713911944 -0.0847083232 -0.627606792 0 0 0 6.10351562e-05
-0.0850295556 0.558474211 -0.120460498 0 0 0 6.10351562e-05
-0.694024782 0.46135285 0.285034765 0 0 0 6.10351562e-05
-0.565887079 0.640011798 0.439041337 0 0 0 6.10351562e-05
0.585687339 -0.525494559 -0.449653179 0 0 0 6.10351562e-05
0.785873394 -0.223628735 -0.470535185 0 0 0 6.10351562e-05
-0.799489155 0.346197982 0.0390004951 0 0 0 6.10351562e-05
0.0837214774 0.590524586 -0.125849119 0 0 0 6.10351562e-05
-0.275421032 0.13557971 -0.901592936 0 0 0 6.10351562e-05
-0.168754848 -0.593723781 -0.171788569 0 0 0 6.10351562e-05
-0.632609236 -0.621012169 0.0248182877 0 0 0 6.10351562e-05
-0.329297152 -0.9356739 0.0299018391 0 0 0 6.10351562e-05
0.42467699 -0.784379928 0.144167206 0 0 0 6.10351562e-05
0.827350847 0.507073338 0.0879245034 0 0 0 6.10351562e-05
0.63986075 -0.305277494 -0.0533442976 0 0 0 6.10351562e-05
0.397798523 0.608918504 0.133267905 0 0 0 6.10351562e-05
-0.0619849078 0.302156593 -0.74847154 0 0 0 6.10351562e-05
0.0259556732 0.016983401 -0.50065416 0 0 0 6.10351562e-05
-0.58275473 0.426976097 -0.18706309 0 0 0 6.10351562e-05
-0.443537193 0.498873191 -0.589123797 0 0 0 6.10351562e-05
-0.437608319 0.828775864 -0.066322507 0 0 0 6.10351562e-05
0.37603266 0.810347925 0.13773915 0 0 0 6.10351562e-05
-0.823238663 0.297646148 -0.314111338 0 0 0 6.10351562e-05
-0.153247923 0.751910011 -0.633783947 0 0 0 6.10351562e-05
0.0643490739 -0.93164842 0.228145584 0 0 0 6.10351562e-05
-0.586403441 -0.489773717 0.237467404 0 0 0 6.10351562e-05
0.697750675 0.179137217 0.465793796 0 0 0 6.10351562e-05
0.209674436 -0.321673603 -0.514463391 0 0 0 6.10351562e-05
0.245152576 -0.0769237447 0.572015672 0 0 0 6.10351562e-05
-0.00347417557 0.541848569 0.440613836 0 0 0 6.10351562e-05
-0.0208141642 0.351264398 -0.217138844 0 0 0 6.10351562e-05
-0.270395432 0.435957062 -0.363391686 0 0 0 6.10351562e-05
0.557548388 -0.591315563 -0.293764336 0 0 0 6.10351562e-05
0.0552323861 -0.338656999 0.274455252 0 0 0 6.10351562e-05
0.083486417 -0.119456445 0.797442722 0 0 0 6.10351562e-05
-0.0228547156 -0.62285782 -0.732658403 0 0 0 6.10351562e-05
0.454439985 0.282887511 -0.0546752591 0 0 0 6.10351562e-05
0.0698408344 0.770684662 0.417076901 0 0 0 6.10351562e-05
0.723804587 0.0743413483 0.224369048 0 0 0 6.10351562e-05
0.570100131 -0.346858306 0.637765772 0 0 0 6.10351562e-05
0.22486683 0.400619606 0.238385556 0 0 0 6.10351562e-05
-0.473109374 -0.528056446 0.114862252 0 0 0 6.10351562e-05
0.207909465 0.806889037 -0.410080452 0 0 0 6.10351562e-05
-0.109425093 -0.500143465 0.785493861 0 0 0 6.10351562e-05
0.202294854 -0.19041182 -0.423156391 0 0 0 6.10351562e-05
0.598170584 -0.204440224 0.697502137 0 0 0 6.10351562e-05
0.370062881 -0.183745661 -0.2154111 0 0 0 6.10351562e-05
-0.846652197 -0.302067657 -0.128472342 0 0 0 6.10351562e-05
-0.643453207 0.520453849 0.46743274 0 0 0 6.10351562e-05
0.305271652 -0.692501612 0.132601642 0 0 0 6.10351562e-05
-0.371982017 0.573424854 0.472534912 0 0 0 6.10351562e-05
-0.266511389 -0.446201863 -0.180270559 0 0 0 6.10351562e-05
-0.3420537 0.856908187 0.25349704 0 0 0 6.10351562e-05
0.557109735 -0.470323012 0.631762672 0 0 0 6.10351562e-05
0.793589764 0.279196103 0.332113923 0 0 0 6.10351562e-05
-0.381237892 0.0312633667 0.903521118 0 0 0 6.10351562e-05
0.619848168 0.112587732 0.0329872743 0 0 0 6.10351562e-05
0.410821607 -0.284213234 0.823853681 0 0 0 6.10351562e-05
-0.723285033 -0.109574481 0.141514937 0 0 0 6.10351562e-05
0.120466109 -0.00998712048 -0.670409161 0 0 0 6.10351562e-05
0.411982784 0.515230163 0.196868666 0 0 0 6.10351562e-05
0.370725882 -0.0297797632 0.517581927 0 0 0 6.10351562e-05
-0.670970906 -0.183568317 -0.095002107 0 0 0 6.10351562e-05
0.711648531 0.0854864994 -0.142293049 0 0 0 6.10351562e-05
-0.613059823 -0.377715172 -0.0379314551 0 0 0 6.10351562e-05
-0.492991042 -0.352679286 -0.736619517 0 0 0 6.10351562e-05
0.436247515 -0.432132241 -0.486104141 0 0 0 6.10351562e-05
-0.0703828153 -0.679093899 -0.341744701 0 0 0 6.10351562e-05
-0.50233748 0.424291204 0.625847972 0 0 0 6.10351562e-05
0.435211703 0.439056143 0.4841612 0 0 0 6.10351562e-05
-0.813250513 -0.124926591 0.198407769 0 0 0 6.10351562e-05
-0.245266562 -0.578305134 -0.661957864 0 0 0 6.10351562e-05
-0.0737957526 -0.388483905 0.288272361 0 0 0 6.10351562e-05
-0.268401078 -0.812191547 -0.175461744 0 0 0 6.10351562e-05
0.769911579 0.361013595 0.0684452932 0 0 0 6.10351562e-05
0.355122928 0.86733629 -0.127554906 0 0 0 6.10351562e-05
-0.730200435 -0.189927784 0.302815848 0 0 0 6.10351562e-05
0.681072828 0.132286658 -0.538510504 0 0 0 6.10351562e-05
0.366309374 -0.242441223 0.887744333 0 0 0 6.10351562e-05
-0.649351315 -0.213643079 -0.337831115 0 0 0 6.10351562e-05
0.871442659 -0.0424710312 0.132214515 0 0 0 6.10351562e-05
-0.194753288 0.227463102 0.790287775 0 0 0 6.10351562e-05
-0.76268062 -0.570580769 0.0973510654 0 0 0 6.10351562e-05
0.295395815 0.841337607 0.0555839543 0 0 0 6.10351562e-05
0.0679693599 -0.259450067 0.0229044397 0 0 0 6.10351562e-05
0.29663153 -0.517220437 -0.362565432 0 0 0 6.10351562e-05
0.141455146 0.0560017238 0.164631651 0 0 0 6.10351562e-05
-0.713498307 0.315052269 0.260297368 0 0 0 6.10351562e-05
0.0656290105 -0.312721497 -0.33860055 0 0 0 6.10351562e-05
0.64279258 0.189863589 -0.70137195 0 0 0 6.10351562e-05
-0.331707645 -0.323425631 0.327061969 0 0 0 6.10351562e-05
0.314500353 0.847918808 0.346701389 0 0 0 6.10351562e-05
0.686092705 0.235009319 -0.102533338 0 0 0 6.10351562e-05
0.27965213 -0.22254231 -0.505621043 0 0 0 6.10351562e-05
0.16170198 -0.506000711 0.498564966 0 0 0 6.10351562e-05
0.158173808 -0.0393306997 0.910697295 0 0 0 6.10351562e-05
-0.307832488 -0.350480935 0.566703979 0 0 0 6.10351562e-05
-0.298844181 -0.477327669 0.538968134 0 0 0 6.10351562e-05
-0.781113374 -0.190775381 0.241465128 0 0 0 6.10351562e-05
0.647730227 -0.180373403 -0.385857228 0 0 0 6.10351562e-05
-0.785990905 -0.435078363 -0.198888245 0 0 0 6.10351562e-05
0.449011329 0.647897713 0.375435862 0 0 0 6.10351562e-05
-0.303499353 -0.620264018 -0.358623293 0 0 0 6.10351562e-05
-0.127389133 0.0337873718 0.185484008 0 0 0 6.10351562e-05
-0.79115483 -0.545161282 -0.131935159 0 0 0 6.10351562e-05
0.155739108 -0.565714692 0.189440717 0 0 0 6.10351562e-05
0.339519415 0.454386518 0.504077035 0 0 0 6.10351562e-05
-0.330099413 0.200353276 -0.0946782598 0 0 0 6.10351562e-05
0.680235585 -0.240293584 -0.461178364 0 0 0 6.10351562e-05
0.0348036444 -0.517277224 0.48834216 0 0 0 6.10351562e-05
0.0471862917 0.310518467 -0.565133608 0 0 0 6.10351562e-05
0.543988034 0.187231119 -0.571841678 0 0 0 6.10351562e-05
-0.219200178 0.339784936 0.879251404 0 0 0 6.10351562e-05
-0.776708563 0.210306953 0.42977654 0 0 0 6.10351562e-05
-0.168055412 -0.725333715 0.643469874 0 0 0 6.10351562e-05
0.79814279 -0.31412877 -0.103104365 0 0 0 6.10351562e-05
-0.48871979 -0.410999902 -0.355889727 0 0 0 6.10351562e-05
-0.0454720544 -0.598089688 0.150411985 0 0 0 6.10351562e-05
-0.0736676542 -0.615382104 -0.126826568 0 0 0 6.10351562e-05
-0.68874904 -0.451422362 -0.146030762 0 0 0 6.10351562e-05
0.478784316 0.641009705 -0.290289299 0 0 0 6.10351562e-05
-0.522775916 0.477221986 0.272965764 0 0 0 6.10351562e-05
0.322591534 0.567603072 -0.166460609 0 0 0 6.10351562e-05
0.13267283 0.868448485 0.328144807 0 0 0 6.10351562e-05
0.126113787 -0.389503458 0.254058738 0 0 0 6.10351562e-05
-0.252806918 -0.544437584 0.420865389 0 0 0 6.10351562e-05
-0.497440597 0.497300525 0.503350773 0 0 0 6.10351562e-05
0.0271614318 -0.131677136 0.034482412 0 0 0 6.10351562e-05
-0.409724746 -0.705792837 -0.084877024 0 0 0 6.10351562e-05
-0.229054618 -0.104781198 -0.656336798 0 0 0 6.10351562e-05
-0.534977632 -0.57526791 -0.00838462481 0 0 0 6.10351562e-05
0.740750163 0.398697461 0.251650201 0 0 0 6.10351562e-05
-0.028819489 0.603791844 -0.657417231 0 0 0 6.10351562e-05
0.596988686 0.00184822709 0.212330865 0 0 0 6.10351562e-05
-0.231036474 -0.864166636 -0.374003979 0 0 0 6.10351562e-05
-0.435061988 0.733353062 0.186968574 0 0 0 6.10351562e-05
-0.102811808 -0.348557498 -0.111875008 0 0 0 6.10351562e-05
-0.631946004 0.343780384 0.361008782 0 0 0 6.10351562e-05
-0.643036054 -0.383477155 -0.581542288 0 0 0 6.10351562e-05
-0.489643182 0.732525313 0.241131854 0 0 0 6.10351562e-05
-0.501073255 0.416718241 -0.140975169 0 0 0 6.10351562e-05
-0.0909938195 -0.0479847407 -0.554454429 0 0 0 6.10351562e-05
0.267303159 -0.624487695 -0.644906362 0 0 0 6.10351562e-05
0.582594769 -0.16456654 -0.387593082 0 0 0 6.10351562e-05
0.422060662 0.159598558 0.503102545 0 0 0 6.10351562e-05
-0.457109605 -0.428495468 -0.172590179 0 0 0 6.10351562e-05
-0.393533351 -0.0846356786 0.632984994 0 0 0 6.10351562e-05
-0.392010528 -0.417013049 -0.434746969 0 0 0 6.10351562e-05
0.105036608 0.246943369 0.0171717525 0 0 0 6.10351562e-05
0.0861550842 -0.653364697 0.592589978 0 0 0 6.10351562e-05
-0.360838148 0.709062751 0.313330106 0 0 0 6.10351562e-05
0.718080053 0.0618517061 -0.453387563 0 0 0 6.10351562e-05
0.0498987513 -0.606425515 -0.6039369 0 0 0 6.10351562e-05
-0.514101687 0.68747821 -0.0841577701 0 0 0 6.10351562e-05
0.0554094487 0.204819969 0.686819689 0 0 0 6.10351562e-05
-0.0714224244 0.0988067369 0.552993591 0 0 0 6.10351562e-05
-0.387467307 0.188459905 -0.549410528 0 0 0 6.10351562e-05
0.134286941 0.621395972 0.472016446 0 0 0 6.10351562e-05
-0.00338508786 -0.483911328 0.624416922 0 0 0 6.10351562e-05
-0.857443353 -0.424710347 -0.212934965 0 0 0 6.10351562e-05
0.0807812049 -0.25455675 0.0868297897 0 0 0 6.10351562e-05
0.285482789 0.222922471 0.596938395 0 0 0 6.10351562e-05
0.520984353 -0.295032923 -0.0302050014 0 0 0 6.10351562e-05
0.655140543 0.103037305 -0.199068414 0 0 0 6.10351562e-05
0.549972248 0.252390258 -0.289511932 0 0 0 6.10351562e-05
-0.752571319 -0.23321849 -0.254593579 0 0 0 6.10351562e-05
0.0325591888 0.116387135 0.975431283 0 0 0 6.10351562e-05
0.540026269 -0.0204194046 -0.161726078 0 0 0 6.10351562e-05
0.137889233 0.370730358 -0.797637754 0 0 0 6.10351562e-05
0.091004335 0.825492814 -0.400488989 0 0 0 6.10351562e-05
0.126148218 0.766798079 0.149572553 0 0 0 6.10351562e-05
0.364057993 -0.192470704 -0.174341328 0 0 0 6.10351562e-05
0.827404066 0.0917305321 -0.467899511 0 0 0 6.10351562e-05
-0.799075117 -0.412654472 0.027460515 0 0 0 6.10351562e-05
-0.0846259441 -0.362454664 -0.359120681 0 0 0 6.10351562e-05
-0.519540226 0.0914855036 0.464337436 0 0 0 6.10351562e-05
-0.473768778 -0.737224651 0.178121217 0 0 0 6.10351562e-05
0.251458108 0.179918083 -0.368388688 0 0 0 6.10351562e-05
-0.362989602 0.0465291334 0.536428989 0 0 0 6.10351562e-05
0.588559509 -0.293350561 0.000394723828 0 0 0 6.10351562e-05
0.412802563 0.518684955 -0.706127666 0 0 0 6.10351562e-05
-0.46419142 0.401884115 -0.464164948 0 0 0 6.10351562e-05
-0.655173448 0.139213784 0.704245482 0 0 0 6.10351562e-05
-0.653381787 0.0605607256 -0.746474681 0 0 0 6.10351562e-05
0.0534827161 -0.371701544 0.134790823 0 0 0 6.10351562e-05
-0.18354452 0.402051322 0.219274536 0 0 0 6.10351562e-05
-0.49377855 -0.201473894 -0.00627615959 0 0 0 6.10351562e-05
0.520565591 -0.525797445 0.403201667 0 0 0 6.10351562e-05
-0.826406931 0.285619703 -0.194104167 0 0 0 6.10351562e-05
0.628849668 -0.561766371 -0.264923291 0 0 0 6.10351562e-05
0.374464143 -0.0704008224 -0.8724305 0 0 0 6.10351562e-05
0.779846476 -0.00727778615 0.471064283 0 0 0 6.10351562e-05
0.451721932 -0.33906099 0.147927386 0 0 0 6.10351562e-05
-0.0184214206 0.70933545 0.516895331 0 0 0 6.10351562e-05
-0.543964925 -0.100674836 -0.501585239 0 0 0 6.10351562e-05
0.820041171 0.175716643 -0.481494629 0 0 0 6.10351562e-05
0.0421704303 -0.801060904 0.572449692 0 0 0 6.10351562e-05
-0.461912164 0.178179364 0.55529584 0 0 0 6.10351562e-05
0.582780334 0.409617178 -0.580138501 0 0 0 6.10351562e-05
0.367519914 -0.1290279 -0.346445623 0 0 0 6.10351562e-05
-0.658502939 0.47887572 -0.401892204 0 0 0 6.10351562e-05
-0.0721167822 -0.935774624 -0.100329073 0 0 0 6.10351562e-05
-0.261268333 0.458347351 -0.819275245 0 0 0 6.10351562e-05
0.0460811378 0.74836984 0.420855093 0 0 0 6.10351562e-05
0.109267044 0.049141971 -0.593051089 0 0 0 6.10351562e-05
0.458347526 0.79148673 0.0627443081 0 0 0 6.10351562e-05
0.431900386 0.536017746 0.280466273 0 0 0 6.10351562e-05
0.289620242 0.0388865741 0.248134483 0 0 0 6.10351562e-05
0.354529671 0.165453642 0.24456272 0 0 0 6.10351562e-05
0.649836651 -0.488589644 -0.54699149 0 0 0 6.10351562e-05
0.47958506 -0.157958557 -0.677865441 0 0 0 6.10351562e-05
-0.0285263724 0.246219568 0.545916072 0 0 0 6.10351562e-05
-0.232403038 -0.10549116 0.65414449 0 0 0 6.10351562e-05
0.196574152 -0.705662383 0.282149272 0 0 0 6.10351562e-05
0.268679165 -0.371812109 -0.559980573 0 0 0 6.10351562e-05
0.8720006 -0.174623093 0.314435438 0 0 0 6.10351562e-05
0.384481552 0.792654828 -0.444492225 0 0 0 6.10351562e-05
0.380282972 0.633910842 0.170127383 0 0 0 6.10351562e-05
0.78464295 0.494028164 0.08183253 0 0 0 6.10351562e-05
0.684133892 0.27435806 -0.089634568 0 0 0 6.10351562e-05
0.4495623 -0.568120366 -0.235774798 0 0 0 6.10351562e-05
-0.0428010489 0.540945982 -0.468063689 0 0 0 6.10351562e-05
-0.443478447 0.0481495266 -0.121944432 0 0 0 6.10351562e-05
0.80754541 -0.0462958228 0.0711832067 0 0 0 6.10351562e-05
0.164383905 -0.0767548931 -0.915010882 0 0 0 6.10351562e-05
0.48299329 -0.394484853 -0.205347984 0 0 0 6.10351562e-05
-0.0124898162 -0.691234818 -0.0197708499 0 0 0 6.10351562e-05
0.516640084 -0.32678585 0.101061389 0 0 0 6.10351562e-05
0.488151892 -0.393384358 -0.12351152 0 0 0 6.10351562e-05
-0.229168199 0.249011554 -0.523415207 0 0 0 6.10351562e-05
0.0131026232 0.462389 -0.756533178 0 0 0 6.10351562e-05
-0.16532354 0.354605653 0.385011904 0 0 0 6.10351562e-05
-0.1150872 0.425684967 -0.397354948 0 0 0 6.10351562e-05
0.229483601 -0.607520946 -0.166160754 0 0 0 6.10351562e-05
0.678689193 0.0088021934 -0.365885895 0 0 0 6.10351562e-05
-0.333623864 0.131144845 0.326254316 0 0 0 6.10351562e-05
0.168574127 0.534674616 0.47910876 0 0 0 6.10351562e-05
0.781813511 0.540618094 0.00177103705 0 0 0 6.10351562e-05
-0.493254858 -0.100366349 0.411828094 0 0 0 6.10351562e-05
-0.637898227 -0.267087432 -0.626169522 0 0 0 6.10351562e-05
-0.527862072 -0.210531799 -0.331418133 0 0 0 6.10351562e-05
0.541861053 -0.275033438 0.243467182 0 0 0 6.10351562e-05
-0.420921794 -0.127198911 -0.190512446 0 0 0 6.10351562e-05
0.778539786 -0.187848233 -0.418600025 0 0 0 6.10351562e-05
0.0732485401 -0.199871211 0.254844633 0 0 0 6.10351562e-05
0.234090043 -0.231015187 -0.135890694 0 0 0 6.10351562e-05
0.7410541 -0.465518458 0.471594951 0 0 0 6.10351562e-05
0.005388163 -0.363244909 0.86667355 0 0 0 6.10351562e-05
-0.305148059 -0.0245675663 -0.874080383 0 0 0 6.10351562e-05
-0.249909938 -0.124284394 0.0978446542 0 0 0 6.10351562e-05
0.768728582 -0.363905138 -0.286936222 0 0 0 6.10351562e-05
-0.68957667 0.43978554 -0.162403036 0 0 0 6.10351562e-05
0.12946965 -0.521450537 0.283090196 0 0 0 6.10351562e-05
0.103641235 -0.465583342 -0.385333094 0 0 0 6.10351562e-05
-0.10952835 -0.583293816 0.378154745 0 0 0 6.10351562e-05
0.438796444 -0.182502847 0.400003829 0 0 0 6.10351562e-05
0.298161259 -0.00312795804 -0.268403476 0 0 0 6.10351562e-05
0.0401832741 0.200696351 -0.030920463 0 0 0 6.10351562e-05
-0.2851177 -0.136137021 -0.709938379 0 0 0 6.10351562e-05
-0.472437711 0.37684657 -0.357188682 0 0 0 6.10351562e-05
0.577544033 -0.558814201 0.308004273 0 0 0 6.10351562e-05
-0.725228197 0.478643931 0.101683781 0 0 0 6.10351562e-05
0.160936629 0.0908111341 0.431911041 0 0 0 6.10351562e-05
-0.347763572 0.471250232 -0.117711822 0 0 0 6.10351562e-05
-0.409245499 0.283468772 -0.132115339 0 0 0 6.10351562e-05
0.180949011 -0.00897038115 -0.0653552124 0 0 0 6.10351562e-05
0.22121331 0.414950621 0.119251242 0 0 0 6.10351562e-05
-0.236511082 -0.247905869 0.622602828 0 0 0 6.10351562e-05
-0.0739797817 0.384849046 -0.293963206 0 0 0 6.10351562e-05
0.020852955 0.927491671 -0.283053287 0 0 0 6.10351562e-05
0.460623874 -0.125732862 -0.751296739 0 0 0 6.10351562e-05
-0.139068042 0.839831293 -0.0197466604 0 0 0 6.10351562e-05
-0.514929049 -0.415957481 -0.101298854 0 0 0 6.10351562e-05
-0.0118696578 0.657033448 0.623235034 0 0 0 6.10351562e-05
0.534427938 0.0354896604 -0.255770511 0 0 0 6.10351562e-05
-0.795320746 -0.319488734 0.430052676 0 0 0 6.10351562e-05
0.04608811 -0.372237227 -0.686510531 0 0 0 6.10351562e-05
-0.384168011 -0.615326276 0.474202065 0 0 0 6.10351562e-05
0.244450161 -0.114887642 0.0535891506 0 0 0 6.10351562e-05
0.208981527 0.365206871 -0.406142574 0 0 0 6.10351562e-05
-0.0695676078 -0.470836868 0.363416633 0 0 0 6.10351562e-05
-0.718336102 -0.207182997 -0.168132895 0 0 0 6.10351562e-05
-0.633798001 0.165897693 -0.0328762767 0 0 0 6.10351562e-05
-0.365234217 -0.590284082 0.489261714 0 0 0 6.10351562e-05
0.437475668 0.133694445 0.117833771 0 0 0 6.10351562e-05
0.269884298 0.46540882 -0.691166416 0 0 0 6.10351562e-05
0.329943822 -0.447083343 0.476624115 0 0 0 6.10351562e-05
-0.0377807253 -0.0378381165 0.0275150665 0 0 0 6.10351562e-05
0.16113043 -0.109652292 -0.793911708 0 0 0 6.10351562e-05
-0.202984523 -0.0263082719 0.376377456 0 0 0 6.10351562e-05
0.0222755731 0.296258857 -0.5736864 0 0 0 6.10351562e-05
-0.334962511 -0.26016173 -0.852531009 0 0 0 6.10351562e-05
-0.397082847 0.721114776 -0.244143919 0 0 0 6.10351562e-05
-0.250770154 0.0528993914 -0.393325352 0 0 0 6.10351562e-05
-0.641026079 0.606860628 0.0603110547 0 0 0 6.10351562e-05
0.167372681 0.0398658174 0.591839292 0 0 0 6.10351562e-05
-0.4524659 -0.358772602 0.756915238 0 0 0 6.10351562e-05
-0.395725731 -0.561727376 -0.108732827 0 0 0 6.10351562e-05
0.272472741 0.173945201 -0.46752097 0 0 0 6.10351562e-05
-0.767859168 -0.166468705 -0.133965443 0 0 0 6.10351562e-05
0.0924264676 0.457297442 0.541326392 0 0 0 6.10351562e-05
0.0802119683 0.310771475 -0.131110809 0 0 0 6.10351562e-05
-0.359895538 -0.548183101 0.716885971 0 0 0 6.10351562e-05
0.0100478475 0.586687885 -0.638041657 0 0 0 6.10351562e-05
-0.757424171 -0.103185986 -0.0519467432 0 0 0 6.10351562e-05
-0.674709189 0.0649341614 -0.152400922 0 0 0 6.10351562e-05
-0.868648725 -0.256606577 0.118416732 0 0 0 6.10351562e-05
-0.522535942 -0.395210562 -0.571749197 0 0 0 6.10351562e-05
0.190379173 -0.231094317 -0.631776437 0 0 0 6.10351562e-05
-0.199100669 -0.599099206 -0.0117683779 0 0 0 6.10351562e-05
0.331599203 -0.363324376 0.0835953729 0 0 0 6.10351562e-05
0.165679162 0.0148487666 0.274128035 0 0 0 6.10351562e-05
-0.359685364 -0.191404713 0.300066514 0 0 0 6.10351562e-05
-0.66763083 -0.326302426 -0.455771096 0 0 0 6.10351562e-05
-0.564491758 0.181180087 -0.387086088 0 0 0 6.10351562e-05
0.128325733 0.680827446 -0.0163851325 0 0 0 6.10351562e-05
0.442746247 -0.20884868 -0.630185015 0 0 0 6.10351562e-05
0.00577319784 -0.153358494 -0.461527612 0 0 0 6.10351562e-05
-0.287933738 0.00994506903 -0.39067427 0 0 0 6.10351562e-05
-0.0238144112 -0.219947502 -0.156152421 0 0 0 6.10351562e-05
-0.248744053 0.198085586 0.743481568 0 0 0 6.10351562e-05
-0.0935314417 -0.197744626 -0.0769137046 0 0 0 6.10351562e-05
0.167085314 -0.0069417265 -0.727350573 0 0 0 6.10351562e-05
-0.304035739 -0.0049620315 -0.0223280093 0 0 0 6.10351562e-05
-0.359627667 -0.147803522 0.115494702 0 0 0 6.10351562e-05
-0.131501889 -0.0237078248 0.582818962 0 0 0 6.10351562e-05
0.209548525 0.767881659 0.16351843 0 0 0 6.10351562e-05
0.282852971 -0.434710496 -0.599027663 0 0 0 6.10351562e-05
-0.127451268 0.0172861673 -0.819951955 0 0 0 6.10351562e-05
0.0443551549 0.665150639 0.116876357 0 0 0 6.10351562e-05
-0.536930026 -0.714863566 0.159327214 0 0 0 6.10351562e-05
-0.755512967 0.303681394 -0.575873698 0 0 0 6.10351562e-05
-0.14921718 0.77607423 -0.0364472954 0 0 0 6.10351562e-05
0.269909362 0.216128578 -0.508943946 0 0 0 6.10351562e-05
0.268363774 -0.607802329 -0.025436037 0 0 0 6.10351562e-05
0.189486013 -0.577291995 -0.082547393 0 0 0 6.10351562e-05
0.654527407 -0.140323228 -0.448892899 0 0 0 6.10351562e-05
-0.147593272 0.109443877 0.873020366 0 0 0 6.10351562e-05
-0.14185147 -0.38735525 -0.895620337 0 0 0 6.10351562e-05
-0.295588035 0.101955791 -0.367963541 0 0 0 6.10351562e-05
0.406831223 -0.49428952 -0.292575906 0 0 0 6.10351562e-05
0.502513511 0.7973227 -0.274906818 0 0 0 6.10351562e-05
-0.340083227 -0.0804259008 0.236326637 0 0 0 6.10351562e-05
0.299456296 -0.276056926 -0.064626827 0 0 0 6.10351562e-05
0.683484084 0.29242261 -0.00564416582 0 0 0 6.10351562e-05
0.165764915 -0.0521539233 -0.242982132 0 0 0 6.10351562e-05
0.279689887 0.549912275 -0.564982937 0 0 0 6.10351562e-05
-0.208401323 -0.0712403078 -0.244174283 0 0 0 6.10351562e-05
-0.573695697 0.764325907 -0.00686571915 0 0 0 6.10351562e-05
0.21977872 -0.922229805 0.10245086 0 0 0 6.10351562e-05
0.354584065 -0.466429268 0.630887898 0 0 0 6.10351562e-05
-0.440477457 -0.49474303 -0.461463038 0 0 0 6.10351562e-05
-0.504117634 -0.29661978 0.407335893 0 0 0 6.10351562e-05
0.0646248111 -0.254254988 -0.895268665 0 0 0 6.10351562e-05
-0.198275943 -0.0771744888 -0.767949915 0 0 0 6.10351562e-05
-0.267842209 -0.834962892 -0.135844322 0 0 0 6.10351562e-05
-0.901646936 0.331241001 0.241937347 0 0 0 6.10351562e-05
0.00399632631 0.520236727 0.186816137 0 0 0 6.10351562e-05
-0.125727735 0.715776665 0.378897588 0 0 0 6.10351562e-05
-0.907307182 0.215938702 0.139039633 0 0 0 6.10351562e-05
0.599017388 -0.363319989 0.65427151 0 0 0 6.10351562e-05
-0.290303175 0.721637587 0.230465519 0 0 0 6.10351562e-05
0.135739617 -0.0489690626 -0.7475737 0 0 0 6.10351562e-05
-0.179773085 -0.203214526 0.483823834 0 0 0 6.10351562e-05
-0.21438751 0.0775803083 0.697870013 0 0 0 6.10351562e-05
0.0198919969 -0.296900623 -0.874107452 0 0 0 6.10351562e-05
0.520534736 0.0853166291 0.272665954 0 0 0 6.10351562e-05
-0.652916982 0.482165831 0.281188793 0 0 0 6.10351562e-05
0.221642668 -0.343695226 -0.438945062 0 0 0 6.10351562e-05
-0.397920346 0.205734095 -0.389918664 0 0 0 6.10351562e-05
-0.132386103 -0.410353675 -0.445135301 0 0 0 6.10351562e-05
-0.499699166 -0.10964517 -0.593853425 0 0 0 6.10351562e-05
-0.31318796 0.057363253 -0.47881012 0 0 0 6.10351562e-05
-0.205875303 -0.92140097 -0.137251895 0 0 0 6.10351562e-05
0.225983059 -0.529194292 0.80381038 0 0 0 6.10351562e-05
-0.324959961 -0.802586664 0.133810044 0 0 0 6.10351562e-05
0.500816198 0.0105711925 0.470116401 0 0 0 6.10351562e-05
0.0516224796 -0.535925509 -0.499251043 0 0 0 6.10351562e-05
0.143512582 0.599910207 0.221039824 0 0 0 6.10351562e-05
0.757677537 0.293478095 0.579293966 0 0 0 6.10351562e-05
0.359239541 -0.0998104311 0.39545384 0 0 0 6.10351562e-05
0.125879458 0.733548779 -0.367055042 0 0 0 6.10351562e-05
0.454814693 0.608367688 0.0272620458 0 0 0 6.10351562e-05
-0.571695744 -0.0549271857 0.00629324903 0 0 0 6.10351562e-05
-0.259507843 0.486708163 0.0502135458 0 0 0 6.10351562e-05
0.170947807 0.905335683 -0.158777184 0 0 0 6.10351562e-05
-0.00931233736 -0.125141037 -0.0635330294 0 0 0 6.10351562e-05
-0.0590025036 0.377336098 0.624293853 0 0 0 6.10351562e-05
0.90757881 0.273742293 0.168437534 0 0 0 6.10351562e-05
-0.0197788015 -0.69306944 -0.0571260303 0 0 0 6.10351562e-05
-0.11218633 -0.328756506 0.801117831 0 0 0 6.10351562e-05
-0.649801501 -0.291919523 -0.522633556 0 0 0 6.10351562e-05
0.23620976 -0.0606867455 0.232286769 0 0 0 6.10351562e-05
0.392590809 -0.495453586 -0.457109869 0 0 0 6.10351562e-05
0.404841405 0.870882962 0.256941893 0 0 0 6.10351562e-05
-0.487053307 0.18885094 0.19554641 0 0 0 6.10351562e-05
-0.436234293 0.440984223 -0.61831185 0 0 0 6.10351562e-05
0.588685656 0.62474792 0.50290758 0 0 0 6.10351562e-05
0.30957526 -0.64354526 -0.553643503 0 0 0 6.10351562e-05
0.0182112279 -0.0192232652 -0.358879333 0 0 0 6.10351562e-05
0.093170122 -0.488377009 0.532146 0 0 0 6.10351562e-05
-0.0321707526 0.890755155 -0.394866563 0 0 0 6.10351562e-05
-0.402722465 -0.706232187 -0.0747860672 0 0 0 6.10351562e-05
-0.353863121 -0.290019185 0.821252575 0 0 0 6.10351562e-05
0.680730362 0.383391052 -0.60835008 0 0 0 6.10351562e-05
-0.657294758 -0.712540468 -0.0408408956 0 0 0 6.10351562e-05
0.637969092 -0.268036131 0.209962224 0 0 0 6.10351562e-05
0.145946348 0.112610504 -0.715895903 0 0 0 6.10351562e-05
-0.0303814994 0.374315202 -0.408042882 0 0 0 6.10351562e-05
0.243681489 -0.469216366 0.0940107691 0 0 0 6.10351562e-05
0.184826943 -0.516848814 0.0809409294 0 0 0 6.10351562e-05
0.69435601 -0.377453549 0.133197319 0 0 0 6.10351562e-05
-0.503319623 0.554382458 0.622340945 0 0 0 6.10351562e-05
-0.611537146 0.678861709 0.152204825 0 0 0 6.10351562e-05
0.609500781 0.345744348 -0.613148372 0 0 0 6.10351562e-05
-0.352050798 -0.294976662 0.589887198 0 0 0 6.10351562e-05
0.44234379 -0.139489081 -0.564890495 0 0 0 6.10351562e-05
-0.0495039176 -0.720873289 0.492584291 0 0 0 6.10351562e-05
0.628211177 0.315769336 0.0305828056 0 0 0 6.10351562e-05
-0.0685019571 -0.048895839 -0.831143889 0 0 0 6.10351562e-05
0.0336752606 0.644027505 -0.449126241 0 0 0 6.10351562e-05
-0.294394265 0.23038695 0.0750345299 0 0 0 6.10351562e-05
-0.143749747 0.816810009 -0.0471616395 0 0 0 6.10351562e-05
-0.183013984 0.179077669 0.0779953062 0 0 0 6.10351562e-05
0.401636522 -0.0541060166 -0.272332815 0 0 0 6.10351562e-05
-0.322326872 -0.30656419 -0.817205145 0 0 0 6.10351562e-05
-0.499726817 -0.397758161 -0.232117875 0 0 0 6.10351562e-05
0.241096044 -0.863111824 -0.202826546 0 0 0 6.10351562e-05
-0.143602374 0.0827174749 -0.901274323 0 0 0 6.10351562e-05
0.349728996 -0.379639273 -0.480994622 0 0 0 6.10351562e-05
0.635660121 -0.268977079 0.475285917 0 0 0 6.10351562e-05
-0.37424209 0.869314473 0.234726032 0 0 0 6.10351562e-05
-0.288658729 0.248455233 -0.351476496 0 0 0 6.10351562e-05
-0.869690808 -0.342432811 0.0715723207 0 0 0 6.10351562e-05
0.5806148 0.0265111454 -0.341494815 0 0 0 6.10351562e-05
0.0348663937 -0.333965594 0.588352883 0 0 0 6.10351562e-05
-0.265894057 0.206424257 0.110960512 0 0 0 6.10351562e-05
0.823763691 -0.0143190933 0.186615033 0 0 0 6.10351562e-05
0.0552540818 0.245062601 0.627814984 0 0 0 6.10351562e-05
-0.290551089 0.125013093 -0.370100361 0 0 0 6.10351562e-05
-0.0426969225 -0.0566292467 0.190382387 0 0 0 6.10351562e-05
-0.114125434 0.28625874 0.466900699 0 0 0 6.10351562e-05
0.801521851 -0.49794013 -0.154947994 0 0 0 6.10351562e-05
-0.288561089 -0.263178514 -0.815506226 0 0 0 6.10351562e-05
-0.1737102 0.581172462 0.0328734912 0 0 0 6.10351562e-05
0.0527570892 0.495161457 0.802791036 0 0 0 6.10351562e-05
-0.367260826 0.707025739 -0.0036964 0 0 0 6.10351562e-05
0.261107605 0.768215945 0.277265818 0 0 0 6.10351562e-05
-0.116020666 0.296380168 0.841610113 0 0 0 6.10351562e-05
0.274911718 -0.305609569 0.816699537 0 0 0 6.10351562e-05
-0.254493976 -0.186431235 0.435790209 0 0 0 6.10351562e-05
-0.701179034 0.314525494 0.512256222 0 0 0 6.10351562e-05
0.252014961 0.415745611 0.393920216 0 0 0 6.10351562e-05
0.299391265 -0.216510837 0.24943848 0 0 0 6.10351562e-05
-0.170673226 -0.571944697 -0.38536291 0 0 0 6.10351562e-05
-0.00138994534 0.33999814 0.0894408495 0 0 0 6.10351562e-05
0.310306473 0.670174499 0.604428421 0 0 0 6.10351562e-05
0.372808732 -0.161863139 -0.34693219 0 0 0 6.10351562e-05
0.862403153 -0.385085935 -0.320292271 0 0 0 6.10351562e-05
0.6107743 0.584358015 0.165636011 0 0 0 6.10351562e-05
-0.618429492 -0.171201525 0.202086847 0 0 0 6.10351562e-05
0.259683297 -0.466364307 0.705186908 0 0 0 6.10351562e-05
0.600074898 -0.501510512 -0.491539828 0 0 0 6.10351562e-05
-0.328638632 -0.133851498 -0.413553181 0 0 0 6.10351562e-05
0.475007054 -0.0275438447 -0.483377722 0 0 0 6.10351562e-05
0.662235854 0.281655132 0.348265311 0 0 0 6.10351562e-05
0.249002359 -0.259329908 -0.287251268 0 0 0 6.10351562e-05
0.529729037 0.603871125 -0.189313968 0 0 0 6.10351562e-05
-0.817488857 -0.289082612 -0.222333916 0 0 0 6.10351562e-05
0.324733285 -0.223437793 -0.320254769 0 0 0 6.10351562e-05
-0.655225357 0.286778386 -0.380864587 0 0 0 6.10351562e-05
0.345126353 -0.461931756 -0.498082562 0 0 0 6.10351562e-05
-0.472617201 0.273891941 0.142076047 0 0 0 6.10351562e-05
0.371044372 -0.534022569 -0.686819556 0 0 0 6.10351562e-05
0.285430477 -0.308811394 0.0277301165 0 0 0 6.10351562e-05
-0.157043289 0.270412141 -0.299959458 0 0 0 6.10351562e-05
-0.489202307 -0.371624027 0.0384514724 0 0 0 6.10351562e-05
0.319804794 0.613336405 0.29669915 0 0 0 6.10351562e-05
0.665502535 -0.00812763407 -0.646767535 0 0 0 6.10351562e-05
-0.470514902 0.246067278 -0.247051509 0 0 0 6.10351562e-05
-0.0294970757 0.00499305775 0.748272086 0 0 0 6.10351562e-05
0.428208689 0.147249802 -0.720557958 0 0 0 6.10351562e-05
-0.190640268 -0.593940993 -0.0358427534 0 0 0 6.10351562e-05
-0.733412913 0.128744359 0.626859863 0 0 0 6.10351562e-05
0.698841127 -0.0693904173 0.276493271 0 0 0 6.10351562e-05
-0.64321771 0.0528858008 0.288102108 0 0 0 6.10351562e-05
0.893751143 0.217985381 -0.0111465581 0 0 0 6.10351562e-05
-0.40290082 0.210282211 0.781847199 0 0 0 6.10351562e-05
0.11556183 -0.219006092 0.521154244 0 0 0 6.10351562e-05
0.646843272 -0.146995869 0.0482998324 0 0 0 6.10351562e-05
-0.926171523 0.198863067 -0.0517103344 0 0 0 6.10351562e-05
0.245275358 -0.436278368 0.531455365 0 0 0 6.10351562e-05
0.00412815069 0.0957285657 -0.262282255 0 0 0 6.10351562e-05
-0.157582554 0.000973971554 0.827849203 0 0 0 6.10351562e-05
0.0301102168 -0.525126776 -0.576896721 0 0 0 6.10351562e-05
0.00170208986 0.263048138 -0.709199305 0 0 0 6.10351562e-05
-0.402921498 -0.432218833 -0.108924178 0 0 0 6.10351562e-05
-0.202047331 0.253943281 0.423444544 0 0 0 6.10351562e-05
0.333273926 0.419202499 -0.605642458 0 0 0 6.10351562e-05
0.658219579 -0.123697502 -0.730311733 0 0 0 6.10351562e-05
0.289012942 0.617872782 0.393565802 0 0 0 6.10351562e-05
0.0637760428 0.758403109 0.530044412 0 0 0 6.10351562e-05
-0.742923163 -0.321542039 -0.45054896 0 0 0 6.10351562e-05
-0.0843179241 0.344766271 -0.00396937126 0 0 0 6.10351562e-05
0.28671588 0.229663599 -0.818328546 0 0 0 6.10351562e-05
0.109827308 -0.442041586 -0.325661586 0 0 0 6.10351562e-05
-0.471338749 0.227428766 0.450954596 0 0 0 6.10351562e-05
-0.521672653 0.457094692 0.00346368117 0 0 0 6.10351562e-05
0.612510314 -0.724044675 0.240471413 0 0 0 6.10351562e-05
-0.51673595 0.0939078231 0.0546079325 0 0 0 6.10351562e-05
0.7345214 -0.423877042 -0.4675897 0 0 0 6.10351562e-05
0.920479992 0.00312085978 -0.338637895 0 0 0 6.10351562e-05
-0.161692971 0.175225841 0.504470597 0 0 0 6.10351562e-05
0.218231433 -0.756315102 -0.376628446 0 0 0 6.10351562e-05
0.400128766 0.679624285 -0.370027182 0 0 0 6.10351562e-05
-0.711688273 -0.0278824317 -0.548759936 0 0 0 6.10351562e-05
0.729725126 0.260825084 -0.338568088 0 0 0 6.10351562e-05
-0.413021759 0.528906029 0.184858872 0 0 0 6.10351562e-05
-0.848296857 -0.129341798 0.117891146 0 0 0 6.10351562e-05
0.154915676 -0.766291586 -0.147564661 0 0 0 6.10351562e-05
0.345800794 0.384347038 -0.118776963 0 0 0 6.10351562e-05
-0.00114515468 0.597331479 0.0669129552 0 0 0 6.10351562e-05
0.210389802 -0.845000961 -0.272836391 0 0 0 6.10351562e-05
0.494674496 -0.622392483 -0.148941404 0 0 0 6.10351562e-05
-0.156944887 -0.512573845 0.200974942 0 0 0 6.10351562e-05
-0.424900206 0.550228855 0.507084446 0 0 0 6.10351562e-05
-0.0897653118 -0.566325688 -0.472695102 0 0 0 6.10351562e-05
-0.54561941 0.777159338 -0.160880929 0 0 0 6.10351562e-05
0.736831723 0.152978835 -0.599724492 0 0 0 6.10351562e-05
0.000835094413 -0.316301882 -0.438547996 0 0 0 6.10351562e-05
0.800808983 0.50665743 -0.0794787079 0 0 0 6.10351562e-05
0.134888276 -0.271458736 0.310933337 0 0 0 6.10351562e-05
0.864665443 -0.282385691 -0.232270317 0 0 0 6.10351562e-05
-0.149876942 -0.758297176 0.492790735 0 0 0 6.10351562e-05
0.468339204 0.378495934 -0.75372202 0 0 0 6.10351562e-05
-0.238830598 0.787573708 0.143620582 0 0 0 6.10351562e-05
-0.394276602 -0.0772886767 -0.811832139 0 0 0 6.10351562e-05
-0.633189466 0.444091053 -0.11482508 0 0 0 6.10351562e-05
-0.184248903 -0.340156161 0.360072302 0 0 0 6.10351562e-05
0.0505350442 -0.876707829 0.269616048 0 0 0 6.10351562e-05
-0.625861358 0.563896383 0.0270591231 0 0 0 6.10351562e-05
0.615284408 0.187209435 0.548137658 0 0 0 6.10351562e-05
-0.287789773 0.379705218 -0.25850307 0 0 0 6.10351562e-05
0.662641642 0.138428124 0.291107995 0 0 0 6.10351562e-05
0.202056249 0.569440995 -0.0675026241 0 0 0 6.10351562e-05
-0.00638988291 -0.897509308 0.345810097 0 0 0 6.10351562e-05
-0.0691174227 -0.75480137 -0.582679632 0 0 0 6.10351562e-05
0.572593073 0.698976736 -0.114321372 0 0 0 6.10351562e-05
-0.541618865 0.367023598 0.425931763 0 0 0 6.10351562e-05
-0.0255982461 -0.0729126056 -0.583984477 0 0 0 6.10351562e-05
0.899412091 0.164336176 0.157707488 0 0 0 6.10351562e-05
0.161381025 0.498532835 0.608554874 0 0 0 6.10351562e-05
0.214681913 0.676575407 -0.21321683 0 0 0 6.10351562e-05
-0.386178668 -0.370490252 -0.769734457 0 0 0 6.10351562e-05
0.52786877 0.212693916 0.630729983 0 0 0 6.10351562e-05
-0.213858436 0.528522931 -0.776120992 0 0 0 6.10351562e-05
0.113721649 0.284432746 0.0351289479 0 0 0 6.10351562e-05
-0.800102853 0.132183208 0.223346034 0 0 0 6.10351562e-05
0.302495672 -0.102496395 0.596632764 0 0 0 6.10351562e-05
0.308524312 0.267789073 0.195493598 0 0 0 6.10351562e-05
0.461290384 0.135808333 0.0493707642 0 0 0 6.10351562e-05
-0.25571615 0.513805402 -0.214020288 0 0 0 6.10351562e-05
-0.814608528 -0.09456725 -0.192317844 0 0 0 6.10351562e-05
-0.112104394 0.385220463 0.657929519 0 0 0 6.10351562e-05
-0.443133973 -0.251777139 -0.097625085 0 0 0 6.10351562e-05
0.344090005 -0.298714896 -0.680608245 0 0 0 6.10351562e-05
-0.302789129 0.119832527 -0.530917468 0 0 0 6.10351562e-05
0.47688005 0.511726785 0.405289912 0 0 0 6.10351562e-05
-0.25389378 -0.132734981 -0.215646906 0 0 0 6.10351562e-05
-0.985946426 -0.0106843151 0.0337587988 0 0 0 6.10351562e-05
0.579345739 0.399186018 -0.318030363 0 0 0 6.10351562e-05
-0.198260223 -0.189649347 -0.574989862 0 0 0 6.10351562e-05
-0.817592151 0.152420722 0.203833069 0 0 0 6.10351562e-05
-0.745694886 -0.267403618 0.414070937 0 0 0 6.10351562e-05
0.220895473 -0.243639355 -0.669129372 0 0 0 6.10351562e-05
0.081453763 -0.820491154 -0.164261101 0 0 0 6.10351562e-05
-0.700561264 0.383627297 0.47405078 0 0 0 6.10351562e-05
0.0440822654 0.111051878 0.383044551 0 0 0 6.10351562e-05
-0.273424463 0.0312901632 0.955155096 0 0 0 6.10351562e-05
0.332976264 -0.781888679 0.42437875 0 0 0 6.10351562e-05
0.0520562491 -0.0996439271 -0.352224631 0 0 0 6.10351562e-05
0.0381037828 0.0636684857 -0.656468677 0 0 0 6.10351562e-05
-0.272167013 0.803013392 0.484852139 0 0 0 6.10351562e-05
0.763227485 -0.492140808 0.412729986 0 0 0 6.10351562e-05
-0.633720873 -0.13999927 0.426542271 0 0 0 6.10351562e-05
0.0466688288 0.546668447 -0.473574894 0 0 0 6.10351562e-05
-0.213875255 -0.626949338 -0.163610214 0 0 0 6.10351562e-05
-0.0483364653 -0.470294653 0.0623618003 0 0 0 6.10351562e-05
0.805005607 0.585191766 0.0181617715 0 0 0 6.10351562e-05
0.769209296 -0.00342195018 0.45188674 0 0 0 6.10351562e-05
-0.286528306 0.00564099158 0.156564432 0 0 0 6.10351562e-05
0.153763019 -0.513701614 -0.430791556 0 0 0 6.10351562e-05
0.221420165 0.654044174 0.377794319 0 0 0 6.10351562e-05
-0.817235613 0.298152044 0.0421093029 0 0 0 6.10351562e-05
-0.66234553 -0.297096747 -0.542029963 0 0 0 6.10351562e-05
-0.837722491 -0.260142889 0.1291285 0 0 0 6.10351562e-05
-0.741859013 -0.35102445 0.336656919 0 0 0 6.10351562e-05
-0.295378911 -0.153238396 -0.537801773 0 0 0 6.10351562e-05
0.00711922798 -0.0356123496 -0.404003414 0 0 0 6.10351562e-05
0.426828212 -0.593129961 0.29512667 0 0 0 6.10351562e-05
0.136851644 -0.274215817 -0.358911372 0 0 0 6.10351562e-05
0.0520396993 -0.320974371 0.185614651 0 0 0 6.10351562e-05
-0.455553854 -0.0313900692 0.124433182 0 0 0 6.10351562e-05
-0.154722255 -0.167583905 0.78848731 0 0 0 6.10351562e-05
0.502961572 -0.505660183 0.249314863 0 0 0 6.10351562e-05
-0.60282696 0.536380864 -0.0517968881 0 0 0 6.10351562e-05
-0.674388957 -0.355690437 0.1489554 0 0 0 6.10351562e-05
-0.367209031 0.711452753 0.47490587 0 0 0 6.10351562e-05
0.761554487 -0.624892051 0.028412747 0 0 0 6.10351562e-05
0.838365244 0.156789242 0.0791822385 0 0 0 6.10351562e-05
-0.24570558 -0.284068461 -0.343183101 0 0 0 6.10351562e-05
0.566870312 -0.430075635 -0.538727105 0 0 0 6.10351562e-05
0.377928707 -0.183370298 0.794585104 0 0 0 6.10351562e-05
0.690024045 0.318253005 0.479891169 0 0 0 6.10351562e-05
0.0218183513 -0.493486126 -0.621549865 0 0 0 6.10351562e-05
-0.269319581 -0.634294246 -0.36899253 0 0 0 6.10351562e-05
-0.462657044 0.640255519 0.461262999 0 0 0 6.10351562e-05
-0.213449936 -0.371891889 0.643324866 0 0 0 6.10351562e-05
0.122775224 0.772045641 0.500245969 0 0 0 6.10351562e-05
0.199588311 0.617857294 -0.449281571 0 0 0 6.10351562e-05
-0.702628185 -0.45714038 -0.164006232 0 0 0 6.10351562e-05
-0.713898319 -0.0323997489 -0.0264836165 0 0 0 6.10351562e-05
-0.0544161148 0.659312668 -0.738844912 0 0 0 6.10351562e-05
0.10988562 0.331958107 0.123040262 0 0 0 6.10351562e-05
0.597859361 0.164940514 0.550391656 0 0 0 6.10351562e-05
-0.0576696899 -0.440356755 -0.460943896 0 0 0 6.10351562e-05
-0.333682374 0.904096504 -0.198361606 0 0 0 6.10351562e-05
-0.439443681 -0.286044237 -0.34151678 0 0 0 6.10351562e-05
-0.181878229 0.670845452 -0.458607945 0 0 0 6.10351562e-05
-0.0751142438 -0.430887932 0.894560237 0 0 0 6.10351562e-05
-0.368355133 -0.388078892 0.83698725 0 0 0 6.10351562e-05
0.322988963 0.0163047166 -0.65155145 0 0 0 6.10351562e-05
0.344422727 0.647821332 0.0762083519 0 0 0 6.10351562e-05
0.602159693 0.768058067 0.112955943 0 0 0 6.10351562e-05
-0.267170758 0.645341917 0.150329611 0 0 0 6.10351562e-05
-0.641776134 -0.00836793136 -0.2004823 0 0 0 6.10351562e-05
-0.470217726 0.179959744 0.309939059 0 0 0 6.10351562e-05
-0.627442369 -0.522485316 0.469180315 0 0 0 6.10351562e-05
0.92908498 -0.0931743606 0.348698583 0 0 0 6.10351562e-05
0.0873736936 0.359620349 0.709201179 0 0 0 6.10351562e-05
-0.243753574 0.588492629 0.284264266 0 0 0 6.10351562e-05
-0.0953934433 -0.536888004 -0.0269865587 0 0 0 6.10351562e-05
-0.585654704 0.500825109 0.438369087 0 0 0 6.10351562e-05
0.517641995 -0.497787657 -0.625459347 0 0 0 6.10351562e-05
0.123413806 -0.0893079635 0.109731294 0 0 0 6.10351562e-05
0.0376462998 -0.914014152 -0.243347822 0 0 0 6.10351562e-05
0.208232002 0.150597271 -0.447471639 0 0 0 6.10351562e-05
-0.305970324 0.478704309 0.591230107 0 0 0 6.10351562e-05
0.0924871734 -0.195269789 0.903251224 0 0 0 6.10351562e-05
-0.541482356 -0.58750403 -0.556005999 0 0 0 6.10351562e-05
-0.301803582 -0.689193077 -0.318254755 0 0 0 6.10351562e-05
0.0543427505 -0.612014917 0.337645835 0 0 0 6.10351562e-05
0.32578188 0.20086506 -0.190556649 0 0 0 6.10351562e-05
0.644583225 0.270177638 -0.559075864 0 0 0 6.10351562e-05
0.814639219 0.427852059 0.244293963 0 0 0 6.10351562e-05
-0.0560495108 0.235149943 0.24322164 0 0 0 6.10351562e-05
0.648342364 -0.00676775688 -0.390185584 0 0 0 6.10351562e-05
-0.134111528 0.17893479 0.781310445 0 0 0 6.10351562e-05
-0.793650969 -0.2134157 0.0397269463 0 0 0 6.10351562e-05
-0.204512917 0.467025022 0.631452908 0 0 0 6.10351562e-05
0.182353806 0.808635503 0.0919474634 0 0 0 6.10351562e-05
0.546099479 -0.699292919 0.137434035 0 0 0 6.10351562e-05
0.94245398 -0.25945931 0.0414056426 0 0 0 6.10351562e-05
-0.167946837 -0.227166776 -0.904646467 0 0 0 6.10351562e-05
-0.241025817 -0.104006517 -0.832749388 0 0 0 6.10351562e-05
0.242126943 -0.240211751 0.931142561 0 0 0 6.10351562e-05
-0.725517863 0.469644565 -0.163202964 0 0 0 6.10351562e-05
-0.400624197 -0.163460148 -0.801174583 0 0 0 6.10351562e-05
-0.918356222 0.271465499 -0.0049603691 0 0 0 6.10351562e-05
-0.611562358 0.00715915947 -0.0207796157 0 0 0 6.10351562e-05
-0.830512955 0.352382934 -0.310432244 0 0 0 6.10351562e-05
0.701420783 -0.202752878 0.0640065905 0 0 0 6.10351562e-05
0.377428106 0.116091858 0.0239092622 0 0 0 6.10351562e-05
0.147863514 -0.0433679203 -0.587213548 0 0 0 6.10351562e-05
0.292926955 0.627950361 0.713923837 0 0 0 6.10351562e-05
0.706927306 0.440903635 0.490724543 0 0 0 6.10351562e-05
-0.684738025 0.260785806 0.414754675 0 0 0 6.10351562e-05
0.00332737841 -0.134643834 -0.18368408 0 0 0 6.10351562e-05
0.0822305834 0.785964894 -0.0486996688 0 0 0 6.10351562e-05
-0.475193986 0.206340428 -0.419109024 0 0 0 6.10351562e-05
-0.175588996 0.0680919525 -0.729731748 0 0 0 6.10351562e-05
-0.669969657 0.595329581 -0.0380667352 0 0 0 6.10351562e-05
0.424246094 -0.492201193 -0.0734759963 0 0 0 6.10351562e-05
-0.175774882 -0.472292407 0.0755016282 0 0 0 6.10351562e-05
-0.13138746 -0.172119323 -0.225308137 0 0 0 6.10351562e-05
0.225226401 -0.246807292 0.60293998 0 0 0 6.10351562e-05
-0.111329567 -0.0310189595 -0.759657761 0 0 0 6.10351562e-05
0.237851935 -0.609999875 0.198886196 0 0 0 6.10351562e-05
0.612648379 0.0168289531 0.495294624 0 0 0 6.10351562e-05
0.388504165 0.185505345 0.239488518 0 0 0 6.10351562e-05
-0.388299422 0.808334827 0.125000608 0 0 0 6.10351562e-05
0.67014779 0.0281433602 0.0364734919 0 0 0 6.10351562e-05
-0.521720677 -0.0529970639 0.397600021 0 0 0 6.10351562e-05
0.738697659 0.0809192516 -0.0198337187 0 0 0 6.10351562e-05
0.178632324 -0.653326829 -0.163343292 0 0 0 6.10351562e-05
0.244115475 -0.429919197 0.617131931 0 0 0 6.10351562e-05
-0.492464314 -0.514298727 -0.0565691129 0 0 0 6.10351562e-05
0.253824089 -0.906058716 0.163252494 0 0 0 6.10351562e-05
-0.0640004049 -0.946478021 -0.169306522 0 0 0 6.10351562e-05
-0.0489188934 -0.813917432 0.142919979 0 0 0 6.10351562e-05
0.0886129992 0.237258019 -0.494672928 0 0 0 6.10351562e-05
0.345262598 -0.303529689 0.820819244 0 0 0 6.10351562e-05
0.101009307 -0.481776195 0.213220218 0 0 0 6.10351562e-05
0.140374756 0.666803849 0.490564819 0 0 0 6.10351562e-05
0.315376886 0.403059636 -0.032558138 0 0 0 6.10351562e-05
0.564077103 0.0708918356 0.0461304956 0 0 0 6.10351562e-05
0.242830144 0.130705267 0.0544532166 0 0 0 6.10351562e-05
-0.320683394 0.765918179 -0.414051307 0 0 0 6.10351562e-05
0.720217901 -0.133006105 0.284228327 0 0 0 6.10351562e-05
-0.541420624 0.408317403 -0.248395253 0 0 0 6.10351562e-05
0.17659389 0.14682106 -0.608669934 0 0 0 6.10351562e-05
0.447104122 -0.57268358 0.309046807 0 0 0 6.10351562e-05
-0.214877615 -0.373307258 -0.324962211 0 0 0 6.10351562e-05
-0.368992845 0.426051794 -0.0279874964 0 0 0 6.10351562e-05
0.41798518 0.00405889637 0.323300152 0 0 0 6.10351562e-05
-0.198104478 -0.573589236 -0.419211156 0 0 0 6.10351562e-05
0.409962778 -0.580085305 -0.666964625 0 0 0 6.10351562e-05
-0.747793658 -0.100000448 -0.084140931 0 0 0 6.10351562e-05
-0.0768059448 -0.770019502 -0.116813146 0 0 0 6.10351562e-05
-0.720673273 -0.170881079 0.379788686 0 0 0 6.10351562e-05
-0.242840251 -0.218554771 -0.635257333 0 0 0 6.10351562e-05
-0.205025454 -0.697049019 -0.306854965 0 0 0 6.10351562e-05
0.695276258 -0.157172156 0.226185327 0 0 0 6.10351562e-05
0.514740154 -0.666230183 0.509034277 0 0 0 6.10351562e-05
-0.433652775 0.847335575 0.0845789563 0 0 0 6.10351562e-05
0.464066593 -0.437946641 -0.620555844 0 0 0 6.10351562e-05
-0.43424063 0.0515919326 -0.602572961 0 0 0 6.10351562e-05
-0.296967221 0.223721027 -0.578607813 0 0 0 6.10351562e-05
0.168806533 -0.305409028 -0.389367365 0 0 0 6.10351562e-05
0.435551335 0.816574516 0.148573277 0 0 0 6.10351562e-05
-0.180411612 0.621065485 -0.26262461 0 0 0 6.10351562e-05
0.211262994 0.42966717 0.248323139 0 0 0 6.10351562e-05
0.786083428 0.280683135 0.50820871 0 0 0 6.10351562e-05
0.931696098 0.166086821 0.303911198 0 0 0 6.10351562e-05
-0.145441108 0.559089677 -0.151349111 0 0 0 6.10351562e-05
-0.644940353 0.374182711 0.269420983 0 0 0 6.10351562e-05
-0.129180016 -0.341069622 0.262441472 0 0 0 6.10351562e-05
0.375196991 0.0837929669 0.267045014 0 0 0 6.10351562e-05
0.558763867 -0.247701649 -0.615290312 0 0 0 6.10351562e-05
0.537164909 0.208807939 0.461970417 0 0 0 6.10351562e-05
0.211214668 0.604754022 -0.52438983 0 0 0 6.10351562e-05
0.613745028 0.334170433 -0.589735031 0 0 0 6.10351562e-05
-0.608621255 -0.0657061363 -0.503548926 0 0 0 6.10351562e-05
0.60346895 -0.631547975 0.209228242 0 0 0 6.10351562e-05
0.0942792646 -0.561430285 0.197577809 0 0 0 6.10351562e-05
-0.379036186 0.212434841 0.488346678 0 0 0 6.10351562e-05
-0.679052215 0.232805489 -0.416331091 0 0 0 6.10351562e-05
0.675093651 -0.690527307 -0.202243564 0 0 0 6.10351562e-05
0.56878902 -0.0137754264 -0.782861898 0 0 0 6.10351562e-05
0.00378123656 -0.233992788 0.208547988 0 0 0 6.10351562e-05
0.488272088 -0.131433151 -0.142814201 0 0 0 6.10351562e-05
0.399885734 -0.315787874 -0.31701715 0 0 0 6.10351562e-05
-0.346194741 -0.57401193 0.208217822 0 0 0 6.10351562e-05
0.199353997 0.0616063876 0.0120860478 0 0 0 6.10351562e-05
-0.484920523 -0.566990121 0.106870382 0 0 0 6.10351562e-05
-0.703778683 0.483620399 -0.0691695582 0 0 0 6.10351562e-05
0.00773976082 -0.357383571 -0.212464402 0 0 0 6.10351562e-05
-0.23972988 -0.0661362725 -0.958974825 0 0 0 6.10351562e-05
0.359545315 -0.234172024 -0.238992534 0 0 0 6.10351562e-05
0.144159987 0.815622932 -0.017629479 0 0 0 6.10351562e-05
-0.538029022 0.249735678 -0.277351969 0 0 0 6.10351562e-05
-0.356780997 0.592850879 0.603276724 0 0 0 6.10351562e-05
0.621643194 -0.567948871 0.293732969 0 0 0 6.10351562e-05
-0.248375736 0.279377218 0.879842983 0 0 0 6.10351562e-05
-0.189553726 -0.78661037 -0.365794205 0 0 0 6.10351562e-05
0.730935293 0.388353256 -0.0563762841 0 0 0 6.10351562e-05
-0.0134272717 0.0604808353 0.717637596 0 0 0 6.10351562e-05
-0.605429299 -0.444153699 -0.193393325 0 0 0 6.10351562e-05
-0.262768531 -0.587263928 -0.571697943 0 0 0 6.10351562e-05
0.630682842 -0.671922654 0.325926013 0 0 0 6.10351562e-05
-0.817602432 0.399719227 0.186042161 0 0 0 6.10351562e-05
0.253162041 0.0795453792 0.04464775 0 0 0 6.10351562e-05
-0.863633957 -0.29238189 0.221179761 0 0 0 6.10351562e-05
0.291852114 0.494738809 -0.628144684 0 0 0 6.10351562e-05
0.791237149 -0.490985456 -0.0193552348 0 0 0 6.10351562e-05
-0.133851479 -0.264876176 0.339154488 0 0 0 6.10351562e-05
0.711083833 -0.164107538 -0.121112472 0 0 0 6.10351562e-05
0.907309944 0.209981772 -0.227512996 0 0 0 6.10351562e-05
-0.683334949 0.049577924 -0.724308912 0 0 0 6.10351562e-05
0.709164029 -0.214631977 -0.37685158 0 0 0 6.10351562e-05
-0.523184678 -0.489912182 -0.357959402 0 0 0 6.10351562e-05
-0.176647535 0.167730254 -0.265192682 0 0 0 6.10351562e-05
-0.710733741 0.61535252 0.043889932 0 0 0 6.10351562e-05
0.0580323772 0.241222253 -0.196355481 0 0 0 6.10351562e-05
-0.574046499 0.371866072 0.122746282 0 0 0 6.10351562e-05
-0.593046198 -0.227427569 -0.704604171 0 0 0 6.10351562e-05
-0.843653683 0.181238788 0.1370388 0 0 0 6.10351562e-05
-0.211802754 -0.502642508 0.404687056 0 0 0 6.10351562e-05
0.656057731 0.624753426 -0.39706106 0 0 0 6.10351562e-05
-0.500926591 -0.0906655713 -0.663484594 0 0 0 6.10351562e-05
0.88166713 0.040406341 -0.0453733306 0 0 0 6.10351562e-05
-0.736019787 0.582777648 -0.0612888704 0 0 0 6.10351562e-05
0.228685455 -0.6281904 0.300307493 0 0 0 6.10351562e-05
0.527421389 0.206708314 -0.782052803 0 0 0 6.10351562e-05
-0.410967636 0.0430329455 0.175222055 0 0 0 6.10351562e-05
0.0843020682 0.660349453 0.660169427 0 0 0 6.10351562e-05
0.166717285 0.360256187 0.318619747 0 0 0 6.10351562e-05
0.38455854 -0.496030202 -0.448138283 0 0 0 6.10351562e-05
-0.503114057 -0.277656421 0.744181878 0 0 0 6.10351562e-05
-0.346285179 -0.268907775 -0.23766137 0 0 0 6.10351562e-05
0.791294426 -0.154956818 -0.226946797 0 0 0 6.10351562e-05
0.171580495 -0.485294126 -0.430302785 0 0 0 6.10351562e-05
0.224182089 0.327142435 -0.433174003 0 0 0 6.10351562e-05
0.000375329263 0.466549143 0.554986745 0 0 0 6.10351562e-05
-0.105674434 -0.332983393 0.814008758 0 0 0 6.10351562e-05
-0.438295165 -0.569492219 -0.315873869 0 0 0 6.10351562e-05
-0.204538683 0.492486709 0.748971256 0 0 0 6.10351562e-05
0.32083871 -0.452920504 -0.267256925 0 0 0 6.10351562e-05
-0.590320101 -0.158085657 0.0748793793 0 0 0 6.10351562e-05
-0.728086277 0.231299309 0.104993967 0 0 0 6.10351562e-05
0.394108318 0.362968841 0.593940636 0 0 0 6.10351562e-05
-0.357163851 -0.623649529 0.0223551619 0 0 0 6.10351562e-05
-0.701832721 0.148739812 0.0175057408 0 0 0 6.10351562e-05
0.225179668 -0.110287431 0.628408121 0 0 0 6.10351562e-05
0.074511 -0.0856247171 0.914176729 0 0 0 6.10351562e-05
0.231181884 -0.294605466 -0.283769578 0 0 0 6.10351562e-05
-0.75572434 -0.111101889 0.507753257 0 0 0 6.10351562e-05
0.540544713 0.336474886 0.543193681 0 0 0 6.10351562e-05
-0.391118462 0.780838296 -0.0231005754 0 0 0 6.10351562e-05
-0.220682405 -0.646208179 -0.372001021 0 0 0 6.10351562e-05
-0.096954932 0.577368252 -0.655076308 0 0 0 6.10351562e-05
-0.26633785 0.510844762 0.666530743 0 0 0 6.10351562e-05
-0.647763157 -0.312642983 0.569590899 0 0 0 6.10351562e-05
0.0922588486 -0.715340152 -0.0104634971 0 0 0 6.10351562e-05
-0.587131534 -0.460218294 -0.559153456 0 0 0 6.10351562e-05
0.666653922 0.48398389 -0.012804369 0 0 0 6.10351562e-05
0.958272703 -0.0325640523 0.0749862888 0 0 0 6.10351562e-05
0.853694973 -0.118860189 -0.113979275 0 0 0 6.10351562e-05
-0.0357417727 0.302730731 -0.193116114 0 0 0 6.10351562e-05
-0.245862008 -0.494307284 0.26338671 0 0 0 6.10351562e-05
0.592041934 -0.168411777 -0.744419464 0 0 0 6.10351562e-05
-0.502294654 -0.518968083 -0.188362125 0 0 0 6.10351562e-05
0.476501478 -0.186021659 -0.246986604 0 0 0 6.10351562e-05
-0.590912338 -0.274439389 -0.552418 0 0 0 6.10351562e-05
-0.138652763 -0.450162898 -0.0472902155 0 0 0 6.10351562e-05
0.68082288 -0.199495479 -0.610176714 0 0 0 6.10351562e-05
0.120710018 -0.428453578 0.187808443 0 0 0 6.10351562e-05
0.297037005 -0.0281481639 0.763102901 0 0 0 6.10351562e-05
0.426457727 -0.471680127 -0.688604299 0 0 0 6.10351562e-05
-0.2613556 0.122514899 -0.356250292 0 0 0 6.10351562e-05
-0.706998512 0.658185169 0.153004002 0 0 0 6.10351562e-05
0.0945245779 0.650481654 -0.647764198 0 0 0 6.10351562e-05
0.837929362 -0.180934296 0.367653679 0 0 0 6.10351562e-05
-0.636784162 0.533841352 -0.39880765 0 0 0 6.10351562e-05
-0.564703744 -0.41208183 -0.0287387775 0 0 0 6.10351562e-05
-0.688157107 0.149209685 -0.22451636 0 0 0 6.10351562e-05
0.216537828 0.00997768558 0.481491138 0 0 0 6.10351562e-05
-0.0997011432 -0.746121513 0.533561368 0 0 0 6.10351562e-05
-0.683180645 -0.538797635 -0.00902510681 0 0 0 6.10351562e-05
-0.354628691 -0.729177934 -0.491730909 0 0 0 6.10351562e-05
-0.688152042 -0.073539935 0.649996554 0 0 0 6.10351562e-05
-0.665016142 0.0470619098 0.265293068 0 0 0 6.10351562e-05
-0.729654225 0.190401619 0.202867584 0 0 0 6.10351562e-05
0.453508346 -0.267576838 0.534310263 0 0 0 6.10351562e-05
-0.49362624 -0.498396762 -0.524165727 0 0 0 6.10351562e-05
-0.54873191 0.526457541 -0.577328483 0 0 0 6.10351562e-05
-0.491534491 0.122176218 -0.238145584 0 0 0 6.10351562e-05
-0.771121812 -0.0408237491 0.61355323 0 0 0 6.10351562e-05
0.474399808 -0.181836614 0.163000098 0 0 0 6.10351562e-05
0.0134216998 0.805249223 -0.133184756 0 0 0 6.10351562e-05
0.719863204 0.171081038 0.540577531 0 0 0 6.10351562e-05
0.489963156 0.432585515 -0.746743455 0 0 0 6.10351562e-05
0.428716408 -0.0955360235 0.72941821 0 0 0 6.10351562e-05
0.544300823 0.301985017 0.389626698 0 0 0 6.10351562e-05
-0.418847665 -0.694293554 -0.203090776 0 0 0 6.10351562e-05
-0.971853891 -0.0638232577 -0.200078058 0 0 0 6.10351562e-05
-0.450235238 -0.847314019 0.128967762 0 0 0 6.10351562e-05
0.14280156 -0.320120637 -0.516645413 0 0 0 6.10351562e-05
-0.367339598 0.506605427 0.581938033 0 0 0 6.10351562e-05
-0.382136048 0.861889149 0.153806115 0 0 0 6.10351562e-05
-0.984926633 0.0614967469 -0.0517401986 0 0 0 6.10351562e-05
-0.914417433 0.305392139 0.0612450871 0 0 0 6.10351562e-05
-0.326596473 0.163775101 -0.780834721 0 0 0 6.10351562e-05
-0.265045773 -0.414027427 -0.0131629449 0 0 0 6.10351562e-05
-0.560129445 -0.0646011133 0.217454379 0 0 0 6.10351562e-05
0.464389073 -0.380731954 0.229595449 0 0 0 6.10351562e-05
0.288963197 -0.905379523 0.256612259 0 0 0 6.10351562e-05
0.0740298509 -0.491761175 -0.351866397 0 0 0 6.10351562e-05
0.0516893438 -0.538000811 -0.165619217 0 0 0 6.10351562e-05
-0.832790873 -0.158614254 0.116843853 0 0 0 6.10351562e-05
0.168954242 0.0792189377 0.433647172 0 0 0 6.10351562e-05
0.131463455 -0.558654633 0.225930251 0 0 0 6.10351562e-05
0.226624405 -0.51771222 0.127349091 0 0 0 6.10351562e-05
0.383042189 -0.107279466 0.319369192 0 0 0 6.10351562e-05
-0.598141207 0.403610502 -0.128667981 0 0 0 6.10351562e-05
-0.414455564 -0.0832328252 -0.405915409 0 0 0 6.10351562e-05
-0.00575736789 0.216498131 0.308871319 0 0 0 6.10351562e-05
0.357620006 -0.607181161 -0.172511287 0 0 0 6.10351562e-05
0.275106707 -0.65549109 -0.187222463 0 0 0 6.10351562e-05
-0.367161768 -0.169746656 -0.493338268 0 0 0 6.10351562e-05
-0.255439212 0.126183862 0.693778909 0 0 0 6.10351562e-05
0.0287164277 0.793849656 0.446031344 0 0 0 6.10351562e-05
0.324717928 -0.0703129243 0.817980581 0 0 0 6.10351562e-05
0.132247098 -0.154258054 0.433570787 0 0 0 6.10351562e-05
-0.695924115 -0.392104509 0.297012072 0 0 0 6.10351562e-05
0.120729662 0.49041308 0.824956138 0 0 0 6.10351562e-05
-0.270254713 0.922495204 -0.200643059 0 0 0 6.10351562e-05
0.346561983 0.546975124 0.305509465 0 0 0 6.10351562e-05
0.259730449 0.639872811 0.140034033 0 0 0 6.10351562e-05
-0.373003054 -0.680548452 -0.564134084 0 0 0 6.10351562e-05
0.134311346 0.607827502 -0.2056129 0 0 0 6.10351562e-05
-0.191957819 -0.0632558873 -0.318050964 0 0 0 6.10351562e-05
-0.453958578 0.742627197 0.264983895 0 0 0 6.10351562e-05
-0.397849927 -0.612906367 0.281626365 0 0 0 6.10351562e-05
-0.596707249 -0.0635067408 -0.573925819 0 0 0 6.10351562e-05
-0.836464981 -0.311009829 -0.319158635 0 0 0 6.10351562e-05
0.132929173 -0.268728707 -0.672319202 0 0 0 6.10351562e-05
0.0192088282 0.347271295 -0.389680461 0 0 0 6.10351562e-05
0.36576557 -0.611847468 -0.364808564 0 0 0 6.10351562e-05
0.364509411 -0.47035088 0.110997984 0 0 0 6.10351562e-05
0.0549422484 0.361532834 0.0588790128 0 0 0 6.10351562e-05
-0.254531898 -0.537240862 -0.716678293 0 0 0 6.10351562e-05
-0.0131538776 0.270382517 -0.578972352 0 0 0 6.10351562e-05
0.0529707157 -0.407700885 0.232328374 0 0 0 6.10351562e-05
-0.425557345 0.155958326 -0.823654913 0 0 0 6.10351562e-05
-0.299522709 -0.506265168 0.703449664 0 0 0 6.10351562e-05
0.0663158986 -0.094639662 -0.43266737 0 0 0 6.10351562e-05
-0.273417111 -0.614736533 0.130575438 0 0 0 6.10351562e-05
-0.712857342 -0.192444824 0.0109405242 0 0 0 6.10351562e-05
-0.59694319 0.319732618 0.650130576 0 0 0 6.10351562e-05
-0.444072861 0.543037627 -0.104415188 0 0 0 6.10351562e-05
0.443842498 -0.0322122699 0.868142746 0 0 0 6.10351562e-05
-0.0550082045 -0.653816351 -0.672900986 0 0 0 6.10351562e-05
0.345566932 0.0915318264 -0.492441437 0 0 0 6.10351562e-05
0.348134286 -0.539831793 0.0619690506 0 0 0 6.10351562e-05
0.455552256 -0.587193333 -0.504224698 0 0 0 6.10351562e-05
0.0940350369 0.302786536 0.0791335253 0 0 0 6.10351562e-05
0.685866827 0.458376067 -0.246953796 0 0 0 6.10351562e-05
-0.0561128436 0.59570032 0.514807861 0 0 0 6.10351562e-05
-0.47496571 0.275286588 -0.187482146 0 0 0 6.10351562e-05
0.708169393 -0.153465124 -0.224511495 0 0 0 6.10351562e-05
-0.885000034 -0.235409393 -0.176875864 0 0 0 6.10351562e-05
-0.51473273 -0.0321433774 -0.324353807 0 0 0 6.10351562e-05
-0.110831767 -0.807421252 -0.304940221 0 0 0 6.10351562e-05
0.155671705 0.194213786 -0.961129141 0 0 0 6.10351562e-05
-0.557267941 0.362012042 0.349610862 0 0 0 6.10351562e-05
-0.478086349 0.467237142 0.595724339 0 0 0 6.10351562e-05
0.838255902 0.4342018 0.218515861 0 0 0 6.10351562e-05
-0.223717047 0.913585905 0.219098918 0 0 0 6.10351562e-05
0.677152129 -0.0875601113 -0.715803704 0 0 0 6.10351562e-05
-0.786085721 0.0816083071 0.19355251 0 0 0 6.10351562e-05
-0.240521894 -0.365302973 -0.193330502 0 0 0 6.10351562e-05
-0.135165679 -0.435063338 0.426585839 0 0 0 6.10351562e-05
0.0773120182 -0.198269081 -0.899533125 0 0 0 6.10351562e-05
0.447180989 -0.409314599 -0.495932095 0 0 0 6.10351562e-05
0.386434451 -0.568587252 0.13455649 0 0 0 6.10351562e-05
-0.416263503 -0.588027878 0.328496235 0 0 0 6.10351562e-05
0.166122005 0.455364797 0.799869427 0 0 0 6.10351562e-05
0.20654451 -0.889883367 0.318048432 0 0 0 6.10351562e-05
0.802433316 0.120263724 0.283668968 0 0 0 6.10351562e-05
0.800753406 0.335623484 -0.425270307 0 0 0 6.10351562e-05
-0.201618491 -0.934401884 -0.16739142 0 0 0 6.10351562e-05
-0.0261645049 -0.601100436 -0.51148919 0 0 0 6.10351562e-05
0.694107319 -0.167250012 0.691765198 0 0 0 6.10351562e-05
-0.684840458 -0.0827373818 -0.317586279 0 0 0 6.10351562e-05
-0.232690586 -0.712946398 0.388821947 0 0 0 6.10351562e-05
0.192376512 -0.140147539 0.512755216 0 0 0 6.10351562e-05
-0.528371496 -0.0632920395 0.176601023 0 0 0 6.10351562e-05
0.102916671 0.668353231 -0.363870397 0 0 0 6.10351562e-05
-0.444926056 0.332695958 0.0129772665 0 0 0 6.10351562e-05
-0.780291019 0.122443073 0.188332567 0 0 0 6.10351562e-05
0.322382929 -0.261030292 0.810863927 0 0 0 6.10351562e-05
0.317882374 0.153883126 0.930227814 0 0 0 6.10351562e-05
-0.419680117 -0.0522293514 -0.309445353 0 0 0 6.10351562e-05
-0.134415205 0.053504252 -0.782685737 0 0 0 6.10351562e-05
0.689363214 -0.519455398 -0.194547581 0 0 0 6.10351562e-05
0.141422942 -0.254983253 -0.249626337 0 0 0 6.10351562e-05
0.865643226 -0.0215136966 0.0115306949 0 0 0 6.10351562e-05
-0.0854967858 0.416146705 -0.734308729 0 0 0 6.10351562e-05
-0.0268482508 0.0257213303 0.226916824 0 0 0 6.10351562e-05
-0.189544112 0.53963311 -0.30580692 0 0 0 6.10351562e-05
0.0480810012 0.760579431 0.506773489 0 0 0 6.10351562e-05
-0.39341988 -0.203240461 -0.305712494 0 0 0 6.10351562e-05
-0.245458185 0.509601112 -0.573528379 0 0 0 6.10351562e-05
-0.192082791 0.697990641 0.611105502 0 0 0 6.10351562e-05
0.285371975 0.46401058 -0.453829517 0 0 0 6.10351562e-05
0.709355745 0.152414098 0.579744611 0 0 0 6.10351562e-05
-0.263103667 0.857397399 -0.267035316 0 0 0 6.10351562e-05
0.21328007 -0.0400712027 0.745855639 0 0 0 6.10351562e-05
-0.327640863 -0.0454919266 0.124340492 0 0 0 6.10351562e-05
0.171587601 -0.112498871 -0.419079647 0 0 0 6.10351562e-05
-0.194576009 -0.0737232073 0.820548379 0 0 0 6.10351562e-05
-0.16781512 -0.11552847 -0.458234282 0 0 0 6.10351562e-05
0.10440503 -0.213699837 0.911782828 0 0 0 6.10351562e-05
0.558348599 -0.473688375 0.129983186 0 0 0 6.10351562e-05
0.482649805 0.71101012 -0.185020547 0 0 0 6.10351562e-05
-0.440385575 -0.450615789 0.101412662 0 0 0 6.10351562e-05
0.572645967 0.653570687 0.314772208 0 0 0 6.10351562e-05
0.378777606 0.473992267 0.315125837 0 0 0 6.10351562e-05
-0.821183251 0.176562353 -0.326714799 0 0 0 6.10351562e-05
0.0423555232 -0.231905637 0.76775875 0 0 0 6.10351562e-05
-0.642387167 -0.529977912 0.506718302 0 0 0 6.10351562e-05
-0.448217784 0.623508557 -0.146398493 0 0 0 6.10351562e-05
0.0336162337 0.130307749 -0.522764419 0 0 0 6.10351562e-05
-0.440701703 0.310872559 0.474599232 0 0 0 6.10351562e-05
0.117517118 -0.733854733 -0.367069656 0 0 0 6.10351562e-05
0.0581170545 -0.694837514 -0.0954360468 0 0 0 6.10351562e-05
0.273863738 -0.758130107 0.0867201875 0 0 0 6.10351562e-05
0.879831172 -0.350834694 0.0774384629 0 0 0 6.10351562e-05
0.646842162 -0.163988875 0.110997885 0 0 0 6.10351562e-05
0.417650017 -0.51395834 0.521950816 0 0 0 6.10351562e-05
-0.0962726707 0.130872572 -0.899108715 0 0 0 6.10351562e-05
0.353856895 0.346361202 -0.810949593 0 0 0 6.10351562e-05
-0.246955827 -0.503361439 -0.0620063695 0 0 0 6.10351562e-05
0.330193037 -0.44017214 0.218634954 0 0 0 6.10351562e-05
-0.380228886 0.612732259 -0.384173815 0 0 0 6.10351562e-05
-0.738950764 -0.515241561 0.288959896 0 0 0 6.10351562e-05
-0.0440968102 -0.489431615 0.215872166 0 0 0 6.10351562e-05
-0.464132619 -0.601012079 0.502990701 0 0 0 6.10351562e-05
0.658859332 -0.223729739 -0.2831975 0 0 0 6.10351562e-05
0.669199135 0.160549707 -0.163326474 0 0 0 6.10351562e-05
-0.0515273033 -0.547786777 0.365836358 0 0 0 6.10351562e-05
-0.101805903 -0.511344806 -0.366663347 0 0 0 6.10351562e-05
0.586918172 0.291591103 0.263217945 0 0 0 6.10351562e-05
0.728508607 0.109908227 0.538590909 0 0 0 6.10351562e-05
-0.178197987 0.637323374 -0.0785794485 0 0 0 6.10351562e-05
-0.484115439 -0.089477645 0.425856318 0 0 0 6.10351562e-05
0.0993399561 -0.891769671 0.291126176 0 0 0 6.10351562e-05
-0.11708059 0.738874515 0.405482355 0 0 0 6.10351562e-05
-0.123545866 0.819692292 -0.375903031 0 0 0 6.10351562e-05
-0.473273828 0.581191758 -0.346732349 0 0 0 6.10351562e-05
-0.937378694 -0.161540542 -0.112176527 0 0 0 6.10351562e-05
0.0665810659 -0.436210065 -0.698910425 0 0 0 6.10351562e-05
-0.366788309 0.797980187 -0.42352692 0 0 0 6.10351562e-05
-0.143195159 0.15827789 0.508308809 0 0 0 6.10351562e-05
-0.29616613 0.84082135 -0.0603905904 0 0 0 6.10351562e-05
-0.83226693 -0.085302158 -0.0103946293 0 0 0 6.10351562e-05
0.391321926 0.655358582 0.46593516 0 0 0 6.10351562e-05
0.14714531 0.345937182 -0.898992607 0 0 0 6.10351562e-05
-0.464919104 -0.331818279 -0.540379067 0 0 0 6.10351562e-05
0.177302182 -0.038437239 0.311015289 0 0 0 6.10351562e-05
-0.619668186 0.370427424 0.287206666 0 0 0 6.10351562e-05
-0.47148145 0.0983532608 0.865435611 0 0 0 6.10351562e-05
0.094522649 -0.771789303 0.315504502 0 0 0 6.10351562e-05
-0.210457043 0.258653782 -0.201015042 0 0 0 6.10351562e-05
-0.430498459 0.785463273 -0.270401828 0 0 0 6.10351562e-05
-0.432032913 -0.618778394 -0.151867348 0 0 0 6.10351562e-05
-0.795929301 0.245774047 0.538594218 0 0 0 6.10351562e-05
-0.112744518 -0.221623877 -0.195768757 0 0 0 6.10351562e-05
0.519655205 0.239108131 0.257411818 0 0 0 6.10351562e-05
0.569702186 -0.0652171806 0.215729693 0 0 0 6.10351562e-05
0.125099489 0.571185332 -0.039330807 0 0 0 6.10351562e-05
0.386885174 0.697157828 -0.502934573 0 0 0 6.10351562e-05
-0.380792634 0.589011725 -0.640927307 0 0 0 6.10351562e-05
-0.427016436 0.0883312442 -0.0464264887 0 0 0 6.10351562e-05
-0.12426847 0.0873599146 0.579590867 0 0 0 6.10351562e-05
0.831483744 0.209540752 0.212779086 0 0 0 6.10351562e-05
0.410549221 -0.549162405 -0.661767515 0 0 0 6.10351562e-05
0.583087262 -0.48532169 0.630831893 0 0 0 6.10351562e-05
0.227084482 -0.509964701 -0.0462591009 0 0 0 6.10351562e-05
-0.321712614 -0.282895751 -0.266560748 0 0 0 6.10351562e-05
-0.291034174 0.132207187 0.412506802 0 0 0 6.10351562e-05
-0.351589226 0.521958501 -0.158711147 0 0 0 6.10351562e-05
-0.500631492 0.626298214 -0.586881759 0 0 0 6.10351562e-05
-0.183968434 0.394707852 0.570415721 0 0 0 6.10351562e-05
0.384860761 -0.417507232 0.338215802 0 0 0 6.10351562e-05
0.139711776 0.492890214 -0.56386232 0 0 0 6.10351562e-05
0.00939114082 0.0758187191 0.103992862 0 0 0 6.10351562e-05
-0.326761685 0.746918788 -0.500927106 0 0 0 6.10351562e-05
-0.00815703113 0.212892478 -0.0868767749 0 0 0 6.10351562e-05
0.199230258 -0.355880797 -0.331596924 0 0 0 6.10351562e-05
-0.00375883175 0.491671716 0.185148538 0 0 0 6.10351562e-05
-0.283554087 -0.771499232 0.535793786 0 0 0 6.10351562e-05
-0.69542915 0.33925429 -0.113196722 0 0 0 6.10351562e-05
0.00702622683 -0.323229474 -0.238174425 0 0 0 6.10351562e-05
0.886624226 -0.0232684303 -0.244097664 0 0 0 6.10351562e-05
-0.138534722 -0.755813704 0.550615145 0 0 0 6.10351562e-05
0.533886201 -0.126875687 0.495111683 0 0 0 6.10351562e-05
-0.801587753 0.483975829 -0.164368914 0 0 0 6.10351562e-05
0.421878792 -0.0725482244 -0.169884828 0 0 0 6.10351562e-05
-0.800249507 0.390590987 -0.147372188 0 0 0 6.10351562e-05
-0.0815698001 0.134111639 -0.26754205 0 0 0 6.10351562e-05
0.286448981 -0.570039555 -0.639734053 0 0 0 6.10351562e-05
0.0287022951 -0.0822524416 0.184429049 0 0 0 6.10351562e-05
0.47331309 0.0114493695 -0.33463968 0 0 0 6.10351562e-05
0.0103559198 0.0745697849 0.922258829 0 0 0 6.10351562e-05
-0.235745926 0.0382154825 0.787624799 0 0 0 6.10351562e-05
0.397313804 -0.520187605 -0.0853922641 0 0 0 6.10351562e-05
-0.298143851 -0.724698777 0.461377972 0 0 0 6.10351562e-05
0.314439432 -0.512659772 0.181447539 0 0 0 6.10351562e-05
-0.139020236 -0.353801779 -0.790764375 0 0 0 6.10351562e-05
-0.0228106202 -0.229127716 0.897318368 0 0 0 6.10351562e-05
0.68405451 0.326312397 0.419961784 0 0 0 6.10351562e-05
-0.51820537 0.498022507 -0.681332829 0 0 0 6.10351562e-05
-0.332043315 -0.303118375 -0.500526241 0 0 0 6.10351562e-05
-0.0206798314 0.544200963 0.569431796 0 0 0 6.10351562e-05
-0.415274616 0.134865306 -0.834005684 0 0 0 6.10351562e-05
0.371057626 -0.279051702 0.823739191 0 0 0 6.10351562e-05
0.416888018 0.586889853 0.562528687 0 0 0 6.10351562e-05
0.123324758 0.784254909 -0.605995295 0 0 0 6.10351562e-05
0.140061674 0.892530322 -0.294750038 0 0 0 6.10351562e-05
0.301901231 -0.388227336 0.172672561 0 0 0 6.10351562e-05
-0.0984107512 0.431625052 -0.649867066 0 0 0 6.10351562e-05
0.242089074 0.4818079 -0.198485525 0 0 0 6.10351562e-05
-0.437061749 -0.292778192 0.205271763 0 0 0 6.10351562e-05
-0.06438144 0.818273349 -0.230637816 0 0 0 6.10351562e-05
-0.594406322 0.217375154 0.189518591 0 0 0 6.10351562e-05
-0.163196965 0.375395082 0.0692829142 0 0 0 6.10351562e-05
0.108874627 0.0610165024 0.620136096 0 0 0 6.10351562e-05
0.545453327 0.0857160642 -0.00758713568 0 0 0 6.10351562e-05
0.456017824 0.620858267 -0.116090492 0 0 0 6.10351562e-05
0.341755381 -0.438918055 -0.265823856 0 0 0 6.10351562e-05
-0.799708528 -0.255203585 -0.234168854 0 0 0 6.10351562e-05
-0.668411676 -0.577588251 -0.290597176 0 0 0 6.10351562e-05
0.352746754 -0.516950798 -0.0230622123 0 0 0 6.10351562e-05
-0.584097808 -0.360479548 -0.315768682 0 0 0 6.10351562e-05
-0.334808605 0.171477686 0.0608428746 0 0 0 6.10351562e-05
0.237313252 0.0781119154 -0.460065729 0 0 0 6.10351562e-05
0.6170097 0.59302293 -0.154687634 0 0 0 6.10351562e-05
-0.651518522 0.394373126 -0.157890675 0 0 0 6.10351562e-05
0.155423904 0.00723542721 0.808758051 0 0 0 6.10351562e-05
0.658586294 0.0764785876 -0.0868241414 0 0 0 6.10351562e-05
0.459760073 -0.373279833 0.437619665 0 0 0 6.10351562e-05
-0.27323203 -0.341484512 0.805830619 0 0 0 6.10351562e-05
0.697057416 0.423780875 0.34750434 0 0 0 6.10351562e-05
-0.502845523 -0.490039752 -0.367317624 0 0 0 6.10351562e-05
0.780370731 -0.000194549382 0.457419978 0 0 0 6.10351562e-05
-0.489915865 -0.785363057 -0.295635066 0 0 0 6.10351562e-05
-0.448397655 0.19470994 -0.348596287 0 0 0 6.10351562e-05
0.12481645 0.0927960269 0.726075467 0 0 0 6.10351562e-05
-0.827022997 -0.000963710413 -0.117059747 0 0 0 6.10351562e-05
0.641931003 -0.472283675 0.530415736 0 0 0 6.10351562e-05
-0.349649349 -0.437938644 0.251173792 0 0 0 6.10351562e-05
-0.252046971 0.0145047747 -0.328184024 0 0 0 6.10351562e-05
0.535066205 0.471574123 0.18556376 0 0 0 6.10351562e-05
0.672133299 0.0088838395 0.309191464 0 0 0 6.10351562e-05
0.134025347 -0.72163674 -0.00443987591 0 0 0 6.10351562e-05
-0.337553579 0.488109558 -0.527256609 0 0 0 6.10351562e-05
0.150735081 0.519265953 0.27011679 0 0 0 6.10351562e-05
-0.391031529 -0.16416899 -0.734598223 0 0 0 6.10351562e-05
0.334862786 -0.614329755 0.366912045 0 0 0 6.10351562e-05
-0.142169332 0.98227805 0.0738373028 0 0 0 6.10351562e-05
0.269293052 0.0111862948 0.707290028 0 0 0 6.10351562e-05
-0.576147405 0.374056097 0.339966429 0 0 0 6.10351562e-05
0.397946731 0.217682635 -0.259489149 0 0 0 6.10351562e-05
0.053241267 -0.805409431 0.0112179614 0 0 0 6.10351562e-05
-0.686030993 0.649027801 -0.299550598 0 0 0 6.10351562e-05
-0.55462284 -0.0862249915 -0.613431128 0 0 0 6.10351562e-05
-0.744312226 -0.487116765 0.196897277 0 0 0 6.10351562e-05
0.150267495 0.815242389 -0.461370157 0 0 0 6.10351562e-05
-0.290298563 0.457089947 -0.544422341 0 0 0 6.10351562e-05
-0.160610512 0.678922655 0.627079635 0 0 0 6.10351562e-05
0.461150884 -0.315002601 0.522655692 0 0 0 6.10351562e-05
-0.0389331374 0.908606184 -0.205634423 0 0 0 6.10351562e-05
-0.580562861 0.180613373 -0.0233004312 0 0 0 6.10351562e-05
0.104008015 0.133397197 -0.233336593 0 0 0 6.10351562e-05
0.372826106 0.161700315 0.153576235 0 0 0 6.10351562e-05
0.290018911 -0.42766495 0.212719298 0 0 0 6.10351562e-05
-0.483884776 0.729909761 -0.16252516 0 0 0 6.10351562e-05
0.0679048582 0.618943255 0.425424906 0 0 0 6.10351562e-05
-0.391843206 0.395350372 0.29018245 0 0 0 6.10351562e-05
-0.239025367 0.900339371 0.138344333 0 0 0 6.10351562e-05
0.658647795 -0.2061932 -0.0942278366 0 0 0 6.10351562e-05
0.295917297 0.507801681 -0.19042474 0 0 0 6.10351562e-05
-0.41324985 0.383019462 0.433347052 0 0 0 6.10351562e-05
0.183230604 -0.0766288692 -0.594478481 0 0 0 6.10351562e-05
-0.472577412 0.113787485 0.00788536418 0 0 0 6.10351562e-05
-0.158093214 0.0419437804 -0.725936478 0 0 0 6.10351562e-05
-0.653247064 0.600336925 0.0941762426 0 0 0 6.10351562e-05
-0.731688771 -0.283508648 0.611611353 0 0 0 6.10351562e-05
0.0937660247 0.266290549 -0.445177975 0 0 0 6.10351562e-05
0.279411128 -0.702640816 -0.363397944 0 0 0 6.10351562e-05
-0.761946029 -0.177613688 -0.51146928 0 0 0 6.10351562e-05
-0.473987298 -0.814776066 -0.154514429 0 0 0 6.10351562e-05
0.0779214586 0.06979461 0.637353247 0 0 0 6.10351562e-05
0.456673822 -0.458768885 -0.0379604252 0 0 0 6.10351562e-05
0.667741631 0.270047816 -0.421482437 0 0 0 6.10351562e-05
-0.590203548 -0.586510942 -0.177803408 0 0 0 6.10351562e-05
0.411424998 0.0836015569 -0.654900565 0 0 0 6.10351562e-05
-0.124062553 0.148103602 -0.84537959 0 0 0 6.10351562e-05
-0.786538258 -0.00788251637 0.585386987 0 0 0 6.10351562e-05
0.19929882 0.931334479 0.210687057 0 0 0 6.10351562e-05
-0.017483689 0.263293558 -0.318661459 0 0 0 6.10351562e-05
0.203534516 -0.271897395 0.0841610603 0 0 0 6.10351562e-05
-0.42530875 0.561215967 -0.217647508 0 0 0 6.10351562e-05
0.419567142 0.608076141 -0.0111339186 0 0 0 6.10351562e-05
0.269633571 0.803592018 0.185288015 0 0 0 6.10351562e-05
-0.0740918498 0.110044051 -0.141232446 0 0 0 6.10351562e-05
-0.491532312 -0.179944558 -0.214840145 0 0 0 6.10351562e-05
0.675224833 0.478846851 -0.529362775 0 0 0 6.10351562e-05
-0.651235522 0.268970625 0.286311032 0 0 0 6.10351562e-05
0.268995866 -0.908348693 -0.219773289 0 0 0 6.10351562e-05
-0.202449957 -0.464739629 -0.496243166 0 0 0 6.10351562e-05
0.396258482 0.201708215 -0.311445198 0 0 0 6.10351562e-05
0.257395496 -0.387643947 0.727513769 0 0 0 6.10351562e-05
0.640458579 -0.3256898 0.159291892 0 0 0 6.10351562e-05
-0.303328018 0.352889402 -0.373198534 0 0 0 6.10351562e-05
-0.309475607 -0.802899972 -0.431391672 0 0 0 6.10351562e-05
0.433803371 0.0401381413 0.147338379 0 0 0 6.10351562e-05
-0.329680373 -0.338515256 0.231415879 0 0 0 6.10351562e-05
0.778439902 0.307983969 -0.355701035 0 0 0 6.10351562e-05
0.633141926 0.144488624 0.483877691 0 0 0 6.10351562e-05
-0.670656705 -0.344439714 0.548359502 0 0 0 6.10351562e-05
0.845471081 0.0532491167 -0.362962243 0 0 0 6.10351562e-05
0.349172 -0.607419425 0.190823667 0 0 0 6.10351562e-05
-0.738582492 0.2020781 0.421216363 0 0 0 6.10351562e-05
0.298602655 0.131904994 -0.785626439 0 0 0 6.10351562e-05
-0.751253371 -0.582997279 0.164751817 0 0 0 6.10351562e-05
0.32400202 -0.120412054 0.768729209 0 0 0 6.10351562e-05
-0.46367063 -0.405850553 0.295825688 0 0 0 6.10351562e-05
0.346506743 0.609153249 -0.170869416 0 0 0 6.10351562e-05
-0.707315331 -0.00494175444 0.0305808241 0 0 0 6.10351562e-05
-0.478153204 -0.566194891 -0.479735079 0 0 0 6.10351562e-05
0.445763036 0.614436946 0.385071908 0 0 0 6.10351562e-05
0.613009697 0.613954306 0.477940756 0 0 0 6.10351562e-05
-0.444991045 -0.261762662 -0.363526351 0 0 0 6.10351562e-05
-0.369729342 -0.526197566 0.160919581 0 0 0 6.10351562e-05
-0.0969541869 0.611831743 0.544302745 0 0 0 6.10351562e-05
0.289215212 -0.0142958573 -0.177389657 0 0 0 6.10351562e-05
-0.14779753 0.704624581 -0.121832398 0 0 0 6.10351562e-05
0.105240731 -0.52216799 0.206587124 0 0 0 6.10351562e-05
0.421091178 -0.299499399 -0.260043525 0 0 0 6.10351562e-05
-0.336865178 0.0805702304 0.584762076 0 0 0 6.10351562e-05
-0.809891187 0.190274797 0.44757575 0 0 0 6.10351562e-05
-0.449951142 0.80429242 0.236137979 0 0 0 6.10351562e-05
-0.0133893112 -0.299116387 0.88488341 0 0 0 6.10351562e-05
-0.295565841 0.351409636 0.135902455 0 0 0 6.10351562e-05
0.767230752 0.582943233 0.161937354 0 0 0 6.10351562e-05
0.527288279 -0.627358343 -0.5689028 0 0 0 6.10351562e-05
-0.0292583573 -0.371502731 0.869247465 0 0 0 6.10351562e-05
0.163203127 0.535639691 0.48582135 0 0 0 6.10351562e-05
-0.3865185 -0.613560376 0.337795493 0 0 0 6.10351562e-05
-0.631172139 -0.486531264 0.474368389 0 0 0 6.10351562e-05
0.716836773 0.107092722 0.193351657 0 0 0 6.10351562e-05
-0.259100745 -0.94566598 -0.177617648 0 0 0 6.10351562e-05
-0.370239657 -0.010925059 -0.677290568 0 0 0 6.10351562e-05
0.313363421 -0.26556001 0.82630449 0 0 0 6.10351562e-05
-0.386433404 0.395927827 0.291388401 0 0 0 6.10351562e-05
-0.423392811 -0.369335656 -0.339662952 0 0 0 6.10351562e-05
0.110634202 -0.121607375 -0.411638143 0 0 0 6.10351562e-05
0.377585817 0.598184807 0.49422558 0 0 0 6.10351562e-05
0.589438652 -0.144670588 0.166628255 0 0 0 6.10351562e-05
-0.0290661769 0.449922486 0.70522346 0 0 0 6.10351562e-05
0.510251548 -0.0165803853 0.739671265 0 0 0 6.10351562e-05
-0.828338606 0.0879857798 -0.464935484 0 0 0 6.10351562e-05
-0.0160917351 0.542720382 0.520823072 0 0 0 6.10351562e-05
0.205879124 -0.109846929 0.12762807 0 0 0 6.10351562e-05
-0.790406877 0.439267319 0.07277177 0 0 0 6.10351562e-05
0.561981314 -0.490466109 -0.451303758 0 0 0 6.10351562e-05
0.142676648 -0.274587732 0.571226817 0 0 0 6.10351562e-05
0.266660801 -0.603050687 0.0960213902 0 0 0 6.10351562e-05
-0.234873837 0.0376769727 0.100714595 0 0 0 6.10351562e-05
-0.0170141944 0.290710479 -0.274833865 0 0 0 6.10351562e-05
0.357402579 0.71184252 0.470990104 0 0 0 6.10351562e-05
-0.254996081 0.425204902 -0.271856733 0 0 0 6.10351562e-05
-0.427531013 -0.766677778 -0.0370650857 0 0 0 6.10351562e-05
0.0809489183 -0.559895637 0.0972867197 0 0 0 6.10351562e-05
0.693242854 -0.173808797 0.536290717 0 0 0 6.10351562e-05
0.834146895 0.154739564 -0.340537048 0 0 0 6.10351562e-05
-0.00155743578 0.823244892 -0.130761644 0 0 0 6.10351562e-05
0.707065201 -0.337849888 0.15942117 0 0 0 6.10351562e-05
-0.115097207 0.648362737 0.744194976 0 0 0 6.10351562e-05
0.284383304 -0.411407639 0.524554088 0 0 0 6.10351562e-05
0.400086571 0.554222427 0.385660365 0 0 0 6.10351562e-05
0.163103143 0.515973564 0.722269344 0 0 0 6.10351562e-05
-0.398827441 0.17677996 0.152297398 0 0 0 6.10351562e-05
0.533845281 -0.338076146 0.487405768 0 0 0 6.10351562e-05
0.156252347 -0.422632713 -0.464830177 0 0 0 6.10351562e-05
0.495687171 0.673089033 -0.268480325 0 0 0 6.10351562e-05
-0.360925699 -0.226260808 0.246188419 0 0 0 6.10351562e-05
-0.279824602 0.596601085 0.0775900832 0 0 0 6.10351562e-05
-0.217120371 -0.0692196947 0.607620338 0 0 0 6.10351562e-05
0.629512796 -0.619887771 0.348459011 0 0 0 6.10351562e-05
0.129374556 0.134633049 -0.73054024 0 0 0 6.10351562e-05
-0.255981678 0.0900008337 -0.207350043 0 0 0 6.10351562e-05
0.105717729 0.563922714 0.812060678 0 0 0 6.10351562e-05
-0.79757011 -0.554946145 0.0657667209 0 0 0 6.10351562e-05
0.647275471 0.67751088 -0.0364214556 0 0 0 6.10351562e-05
0.274905402 0.886314265 -0.0231158081 0 0 0 6.10351562e-05
-0.0847854858 -0.863755349 -0.101231146 0 0 0 6.10351562e-05
-0.411142424 0.662086637 0.262767397 0 0 0 6.10351562e-05
0.239398765 0.217051658 -0.716615445 0 0 0 6.10351562e-05
0.116235598 0.733342367 0.147677489 0 0 0 6.10351562e-05
0.96266404 -0.0658129438 -0.190738581 0 0 0 6.10351562e-05
0.31528413 0.376080842 -0.502868746 0 0 0 6.10351562e-05
-0.687645481 -0.514730562 -0.265639576 0 0 0 6.10351562e-05
0.73349437 0.345326826 0.0272786721 0 0 0 6.10351562e-05
0.195268936 -0.138631635 -0.57217077 0 0 0 6.10351562e-05
-0.122000413 -0.673535194 0.496227033 0 0 0 6.10351562e-05
0.443598275 0.0922978993 0.639176765 0 0 0 6.10351562e-05
-0.578960511 -0.204033707 0.713634818 0 0 0 6.10351562e-05
0.23504743 -0.332912861 0.692119916 0 0 0 6.10351562e-05
-0.914561221 -0.0954124676 -0.178901773 0 0 0 6.10351562e-05
0.864729675 -0.100211598 -0.412613426 0 0 0 6.10351562e-05
0.221544461 -0.140282557 0.00598029593 0 0 0 6.10351562e-05
0.498632183 0.712562725 0.419462118 0 0 0 6.10351562e-05
-0.574324386 -0.167614108 -0.511627967 0 0 0 6.10351562e-05
-0.665814786 0.206527549 -0.197180103 0 0 0 6.10351562e-05
0.220791823 0.357624193 0.787805822 0 0 0 6.10351562e-05
-0.571075642 0.497499225 0.511890043 0 0 0 6.10351562e-05
0.205162574 0.240754486 0.614146403 0 0 0 6.10351562e-05
-0.383455411 -0.712656212 0.548155035 0 0 0 6.10351562e-05
0.165301323 0.653372877 -0.276552037 0 0 0 6.10351562e-05
-0.23993444 -0.207296297 0.832227794 0 0 0 6.10351562e-05
0.480257896 -0.0344518644 -0.0610103547 0 0 0 6.10351562e-05
-0.0692789017 -0.465483503 -0.49560909 0 0 0 6.10351562e-05
0.436314225 -0.820761807 0.346869193 0 0 0 6.10351562e-05
-0.463036688 -0.288328926 -0.748431581 0 0 0 6.10351562e-05
-0.0745002414 -0.0592404112 -0.133961039 0 0 0 6.10351562e-05
-0.553585879 0.147825636 -0.107874542 0 0 0 6.10351562e-05
-0.125935764 0.68567771 -0.648416964 0 0 0 6.10351562e-05
-0.248152734 0.0803088395 -0.915511919 0 0 0 6.10351562e-05
0.823791155 -0.0567705428 0.168282804 0 0 0 6.10351562e-05
-0.863375857 -0.217160445 -0.30630088 0 0 0 6.10351562e-05
-0.22406614 0.620358377 0.262140798 0 0 0 6.10351562e-05
-0.361213449 0.0425148553 0.28437436 0 0 0 6.10351562e-05
0.250292359 -0.159498052 0.354568472 0 0 0 6.10351562e-05
-0.0325477622 -0.345990063 -0.604437821 0 0 0 6.10351562e-05
0.0171558512 -0.239004368 0.520016581 0 0 0 6.10351562e-05
0.774955985 0.154648414 0.175617499 0 0 0 6.10351562e-05
0.359685176 -0.504000766 0.63789696 0 0 0 6.10351562e-05
0.406939916 -0.719190118 0.205819425 0 0 0 6.10351562e-05
0.844600607 0.179108189 -0.121046719 0 0 0 6.10351562e-05
0.0152747651 -0.197619 -0.85070986 0 0 0 6.10351562e-05
0.0496243852 0.426871042 -0.0344588085 0 0 0 6.10351562e-05
0.811050202 -0.15754406 0.224043038 0 0 0 6.10351562e-05
-0.575761973 -0.0783571987 -0.221462896 0 0 0 6.10351562e-05
-0.47860638 0.606269266 0.362279904 0 0 0 6.10351562e-05
0.934709557 0.298263553 -0.133468321 0 0 0 6.10351562e-05
0.662926165 -0.229623185 0.133833674 0 0 0 6.10351562e-05
0.665444718 0.38181967 -0.454488653 0 0 0 6.10351562e-05
-0.128782932 0.638183747 -0.685865948 0 0 0 6.10351562e-05
0.762521315 -0.118603685 -0.448570001 0 0 0 6.10351562e-05
-0.426873217 -0.718333707 -0.207880682 0 0 0 6.10351562e-05
0.395207451 -0.456205097 -0.489478081 0 0 0 6.10351562e-05
0.200096712 0.0963760582 -0.0631081887 0 0 0 6.10351562e-05
-0.548580648 -0.39551552 0.470804186 0 0 0 6.10351562e-05
-0.410370788 0.616753239 -0.573558253 0 0 0 6.10351562e-05
-0.31987679 -0.156232508 -0.491883884 0 0 0 6.10351562e-05
-0.686117201 -0.519510797 0.0386798491 0 0 0 6.10351562e-05
0.129939369 0.102443906 -0.00315499431 0 0 0 6.10351562e-05
0.0728433149 -0.473826581 -0.376302849 0 0 0 6.10351562e-05
-0.517413819 -0.0865113828 -0.0300208889 0 0 0 6.10351562e-05
-0.185639025 0.613205669 -0.566975885 0 0 0 6.10351562e-05
0.387346194 -0.174942283 -0.767052269 0 0 0 6.10351562e-05
-0.740069306 -0.140258165 -0.220622186 0 0 0 6.10351562e-05
0.377151282 -0.0966911254 0.674383839 0 0 0 6.10351562e-05
0.147829696 0.0142483788 -0.34616446 0 0 0 6.10351562e-05
0.669485634 0.193914606 -0.63920923 0 0 0 6.10351562e-05
0.117544143 0.171041165 -0.517281207 0 0 0 6.10351562e-05
-0.621357549 -0.235637638 -0.618044497 0 0 0 6.10351562e-05
0.376750042 -0.602204416 0.00354679956 0 0 0 6.10351562e-05
0.0434896585 -0.418408478 0.0255331624 0 0 0 6.10351562e-05
-0.178790463 0.0624552958 -0.953829101 0 0 0 6.10351562e-05
0.499267197 -0.0493131213 0.775006019 0 0 0 6.10351562e-05
-0.324600016 -0.310612097 -0.397878514 0 0 0 6.10351562e-05
0.48020654 0.173113382 0.399776439 0 0 0 6.10351562e-05
-0.596034713 0.0283796756 0.58628702 0 0 0 6.10351562e-05
-0.0514768086 -0.106537712 0.878219157 0 0 0 6.10351562e-05
-0.221828374 -0.173404463 -0.26267741 0 0 0 6.10351562e-05
0.951743201 -0.239847226 0.170813875 0 0 0 6.10351562e-05
-0.265469939 0.197776976 -0.33262154 0 0 0 6.10351562e-05
-0.55934513 0.550628251 0.614344202 0 0 0 6.10351562e-05
-0.166351306 -0.325004927 -0.0157802205 0 0 0 6.10351562e-05
-0.10966513 -0.824020187 0.167263328 0 0 0 6.10351562e-05
0.277791483 -0.726536825 -0.266852733 0 0 0 6.10351562e-05
0.624064041 -0.0798196886 -0.490003378 0 0 0 6.10351562e-05
0.073308312 0.244631088 -0.516824741 0 0 0 6.10351562e-05
0.0429123788 0.811856899 0.359282678 0 0 0 6.10351562e-05
-0.0386285539 -0.0688268488 0.525173547 0 0 0 6.10351562e-05
-0.398491154 -0.0790703327 0.311336503 0 0 0 6.10351562e-05
0.282949203 0.706783837 -0.353492498 0 0 0 6.10351562e-05
-0.429036055 -0.650894732 -0.362023807 0 0 0 6.10351562e-05
-0.381560451 0.346431287 0.0936438025 0 0 0 6.10351562e-05
-0.630096002 0.17373428 0.474356388 0 0 0 6.10351562e-05
0.860519532 0.156156119 -0.0305784995 0 0 0 6.10351562e-05
0.900060114 0.0443359113 -0.21222083 0 0 0 6.10351562e-05
-0.452815994 0.687353054 0.0395579687 0 0 0 6.10351562e-05
0.197293291 -0.596984859 0.357791224 0 0 0 6.10351562e-05
-0.24508043 0.848998608 0.202756278 0 0 0 6.10351562e-05
0.469422609 0.250207995 -0.673737158 0 0 0 6.10351562e-05
0.388435758 0.604979677 -0.387040106 0 0 0 6.10351562e-05
-0.211962472 -0.0837976344 -0.821731464 0 0 0 6.10351562e-05
-0.0267852663 0.654406146 -0.0103997726 0 0 0 6.10351562e-05
-0.16844458 0.721917025 0.648816451 0 0 0 6.10351562e-05
0.592492468 -0.00748122444 0.272627624 0 0 0 6.10351562e-05
0.282159493 0.624387903 -0.462194188 0 0 0 6.10351562e-05
-0.421585543 0.702273741 0.537957199 0 0 0 6.10351562e-05
0.33604091 0.2316254 -0.0458980269 0 0 0 6.10351562e-05
-0.0753126149 0.430497481 -0.410315751 0 0 0 6.10351562e-05
-0.165258529 0.585935696 0.536371547 0 0 0 6.10351562e-05
0.063557079 -0.136158009 0.580048099 0 0 0 6.10351562e-05
0.0642212279 0.402720926 0.367501297 0 0 0 6.10351562e-05
0.477530328 0.670047707 0.304585268 0 0 0 6.10351562e-05
0.722220669 -0.0704509642 -0.362942536 0 0 0 6.10351562e-05
-0.368990156 -0.39087062 0.00459436521 0 0 0 6.10351562e-05
-0.250677566 -0.394751321 0.246378136 0 0 0 6.10351562e-05
0.990077429 0.0755078926 0.0890819997 0 0 0 6.10351562e-05
0.449046187 0.568864231 0.175592146 0 0 0 6.10351562e-05
-0.706327278 0.493946841 -0.11362087 0 0 0 6.10351562e-05
-0.747667105 -0.218053659 0.387694415 0 0 0 6.10351562e-05
0.533805886 -0.0541454945 -0.0471255202 0 0 0 6.10351562e-05
-0.186706632 -0.583234841 0.63549787 0 0 0 6.10351562e-05
0.342308211 0.329588508 -0.367162441 0 0 0 6.10351562e-05
0.515106904 -0.19140863 -0.273024878 0 0 0 6.10351562e-05
0.0444418792 0.409180886 0.0318777344 0 0 0 6.10351562e-05
0.423308478 -0.475467403 -0.335930604 0 0 0 6.10351562e-05
0.446829348 -0.548374509 0.495868131 0 0 0 6.10351562e-05
-0.329821466 -0.490774427 0.735283701 0 0 0 6.10351562e-05
-0.0581986107 -0.035163271 0.412453751 0 0 0 6.10351562e-05
0.425676215 -0.853434257 -0.262465201 0 0 0 6.10351562e-05
0.457534478 0.379319483 0.400531743 0 0 0 6.10351562e-05
-0.405654784 0.862133416 0.0966741224 0 0 0 6.10351562e-05
0.600553356 0.265561623 -0.442235021 0 0 0 6.10351562e-05
-0.316163101 0.435724089 0.668257102 0 0 0 6.10351562e-05
-0.694133266 -0.518453046 -0.401887366 0 0 0 6.10351562e-05
0.224221926 0.571745674 0.533025229 0 0 0 6.10351562e-05
-0.220269931 0.3949648 0.577209923 0 0 0 6.10351562e-05
0.0581324343 -0.0187043349 0.977798502 0 0 0 6.10351562e-05
-0.699839083 -0.253266469 0.655791038 0 0 0 6.10351562e-05
0.695890681 -0.0775702987 -0.0835452306 0 0 0 6.10351562e-05
0.549103158 0.0419989531 -0.0215683732 0 0 0 6.10351562e-05
0.546448414 -0.396483839 -0.624816922 0 0 0 6.10351562e-05
-0.474959335 0.506984778 0.451566264 0 0 0 6.10351562e-05
-0.385579841 -0.198527753 0.0846315148 0 0 0 6.10351562e-05
0.780231358 0.0147736788 -0.530462415 0 0 0 6.10351562e-05
0.935631868 0.0658273498 0.0654888388 0 0 0 6.10351562e-05
0.887950349 0.285965041 0.227382275 0 0 0 6.10351562e-05
0.507085252 0.301616704 0.693846672 0 0 0 6.10351562e-05
-0.351523073 0.0500327288 -0.847594886 0 0 0 6.10351562e-05
-0.0476014365 0.10629091 0.551810815 0 0 0 6.10351562e-05
0.922386277 -0.18221244 -0.2450863 0 0 0 6.10351562e-05
0.0947080677 -0.105159951 0.538127758 0 0 0 6.10351562e-05
0.749376129 -0.353080987 -0.00299522055 0 0 0 6.10351562e-05
-0.220079095 -0.0781570788 -0.00424000636 0 0 0 6.10351562e-05
0.401636723 -0.540221782 0.597503773 0 0 0 6.10351562e-05
0.00115079904 -0.711155634 -0.0733359559 0 0 0 6.10351562e-05
0.0597408075 -0.425209843 -0.261358567 0 0 0 6.10351562e-05
-0.568390064 0.258279338 -0.253225023 0 0 0 6.10351562e-05
0.244987045 -0.511441666 0.102321703 0 0 0 6.10351562e-05
-0.740016058 -0.161258107 -0.34670452 0 0 0 6.10351562e-05
-0.0113575411 0.22380916 0.371825667 0 0 0 6.10351562e-05
-0.693916386 0.154210044 0.177186849 0 0 0 6.10351562e-05
0.116280149 -0.33135572 0.230957504 0 0 0 6.10351562e-05
-0.638506939 0.171162459 -0.207990572 0 0 0 6.10351562e-05
0.54547107 0.0787658147 0.367344852 0 0 0 6.10351562e-05
-0.591683022 0.128890972 -0.462645661 0 0 0 6.10351562e-05
0.347955457 0.728862846 -0.588305343 0 0 0 6.10351562e-05
-0.251591577 0.413170979 -0.631290332 0 0 0 6.10351562e-05
-0.281972586 -0.405338554 0.696207836 0 0 0 6.10351562e-05
0.183735777 -0.191098424 0.933885335 0 0 0 6.10351562e-05
0.072120865 -0.730747879 -0.58091571 0 0 0 6.10351562e-05
0.435210356 0.573344206 0.0122345143 0 0 0 6.10351562e-05
-0.359196557 -0.107276708 -0.030829194 0 0 0 6.10351562e-05
-0.0941653384 0.712606121 0.0438566207 0 0 0 6.10351562e-05
0.130076545 -0.0725451075 -0.421245635 0 0 0 6.10351562e-05
0.275164372 -0.599026903 -0.715422364 0 0 0 6.10351562e-05
0.677411101 -0.134437731 0.207594697 0 0 0 6.10351562e-05
-0.302643415 -0.673921553 -0.00679285495 0 0 0 6.10351562e-05
0.501410559 0.265184949 -0.113375822 0 0 0 6.10351562e-05
-0.387661643 -0.680166122 -0.460185204 0 0 0 6.10351562e-05
0.442102174 0.138216103 -0.157146544 0 0 0 6.10351562e-05
-0.261104057 -0.276442441 -0.68547017 0 0 0 6.10351562e-05
-0.706422151 0.121548277 0.159367418 0 0 0 6.10351562e-05
0.367850339 0.554760427 -0.105339171 0 0 0 6.10351562e-05
-0.326596416 0.799730199 0.306703528 0 0 0 6.10351562e-05
-0.405986695 0.447798911 -0.365933534 0 0 0 6.10351562e-05
0.501221564 -0.185497235 -0.626712365 0 0 0 6.10351562e-05
0.154352549 0.266189346 -0.409600598 0 0 0 6.10351562e-05
-0.256952603 -0.457147765 0.807385969 0 0 0 6.10351562e-05
0.0430298627 -0.487481228 -0.855624204 0 0 0 6.10351562e-05
-0.155710934 0.285394706 -0.127123431 0 0 0 6.10351562e-05
-0.370703352 0.689302412 -0.265876608 0 0 0 6.10351562e-05
-0.00969267934 -0.466119527 -0.106056806 0 0 0 6.10351562e-05
0.458986499 -0.792960464 0.0837084986 0 0 0 6.10351562e-05
0.587479511 0.743296602 0.285706473 0 0 0 6.10351562e-05
-0.252860784 -0.208525918 0.0517264972 0 0 0 6.10351562e-05
-0.822269856 -0.0573755201 -0.107139812 0 0 0 6.10351562e-05
0.463367101 0.259212801 -0.584568749 0 0 0 6.10351562e-05
-0.181885938 0.690078532 -0.260395982 0 0 0 6.10351562e-05
-0.0535579857 -0.18334683 -0.869139154 0 0 0 6.10351562e-05
0.485533895 0.0695128132 -0.666733664 0 0 0 6.10351562e-05
-0.0461215065 -0.0444390696 -0.174051643 0 0 0 6.10351562e-05
0.233960178 0.663388584 -0.237557206 0 0 0 6.10351562e-05
0.844260342 -0.394715983 0.170600666 0 0 0 6.10351562e-05
-0.163944331 0.698843996 0.310175479 0 0 0 6.10351562e-05
-0.596972904 -0.308766209 0.0830529716 0 0 0 6.10351562e-05
-0.0010967437 0.450628067 0.461523803 0 0 0 6.10351562e-05
0.536253957 0.0528744938 -0.152046675 0 0 0 6.10351562e-05
0.136745261 0.0239108868 -0.104630125 0 0 0 6.10351562e-05
-0.648133716 0.0692658591 0.687259879 0 0 0 6.10351562e-05
0.574708233 -0.578421868 0.314951821 0 0 0 6.10351562e-05
-0.0529830978 -0.550446666 0.632500622 0 0 0 6.10351562e-05
-0.815718826 0.159034814 -0.120130602 0 0 0 6.10351562e-05
0.645268525 -0.262259601 0.664478272 0 0 0 6.10351562e-05
-0.634886902 0.0110151907 -0.249488525 0 0 0 6.10351562e-05
0.32385583 0.493576806 0.0442564335 0 0 0 6.10351562e-05
0.403478272 -0.476668987 0.56912956 0 0 0 6.10351562e-05
-0.505636402 -0.308769537 0.0339726057 0 0 0 6.10351562e-05
-0.0684355239 0.69371255 -0.080156427 0 0 0 6.10351562e-05
0.587701874 0.0550101181 0.67676079 0 0 0 6.10351562e-05
0.388782972 -0.596161586 0.00776872114 0 0 0 6.10351562e-05
0.778256542 -0.245430578 -0.0928055284 0 0 0 6.10351562e-05
0.382242006 0.23425444 0.541836423 0 0 0 6.10351562e-05
-0.442340624 -0.484135723 0.470207731 0 0 0 6.10351562e-05
-0.666859148 -0.135050475 -0.409594238 0 0 0 6.10351562e-05
0.368084228 0.402713493 -0.723276291 0 0 0 6.10351562e-05
0.456102366 -0.243981621 -0.618254466 0 0 0 6.10351562e-05
0.651346362 -0.188612404 -0.249916025 0 0 0 6.10351562e-05
0.582576798 0.72881463 -0.318460396 0 0 0 6.10351562e-05
-0.330383983 0.0566075813 -0.113389719 0 0 0 6.10351562e-05
-0.127014939 -0.663385264 0.603457332 0 0 0 6.10351562e-05
-0.37172809 0.0387836635 -0.410863867 0 0 0 6.10351562e-05
-0.224696951 -0.755586142 0.505145675 0 0 0 6.10351562e-05
0.398272608 0.493081786 -0.552232486 0 0 0 6.10351562e-05
0.329037435 -0.405073592 0.437579879 0 0 0 6.10351562e-05
0.0213100998 0.000622017254 -0.90012232 0 0 0 6.10351562e-05
0.398023108 0.175696124 -0.687206351 0 0 0 6.10351562e-05
0.0325760345 0.00381098812 0.259558674 0 0 0 6.10351562e-05
-0.287604692 0.938947723 -0.119559871 0 0 0 6.10351562e-05
0.776631252 -0.250595285 -0.531841614 0 0 0 6.10351562e-05
0.0176179331 -0.421999606 0.0134547308 0 0 0 6.10351562e-05
-0.326914594 0.00119677416 0.786063907 0 0 0 6.10351562e-05
0.0463611639 -0.278424901 0.816489428 0 0 0 6.10351562e-05
0.609316564 -0.715076394 0.319153028 0 0 0 6.10351562e-05
-0.0323572521 0.518050256 0.179762411 0 0 0 6.10351562e-05
0.513235432 0.612487605 -0.0151732023 0 0 0 6.10351562e-05
0.0802339759 0.657852555 0.296398512 0 0 0 6.10351562e-05
-0.139607865 0.284557384 -0.858573892 0 0 0 6.10351562e-05
0.107247023 -0.0545269586 -0.361287301 0 0 0 6.10351562e-05
-0.983703709 0.132617032 0.0791385589 0 0 0 6.10351562e-05
0.596584889 -0.703424227 0.187496332 0 0 0 6.10351562e-05
0.161138217 -0.332759964 -0.865078652 0 0 0 6.10351562e-05
-0.789344764 -0.304633292 -0.32183712 0 0 0 6.10351562e-05
0.128108063 -0.701855731 0.422955855 0 0 0 6.10351562e-05
-0.138981248 0.24162993 -0.926397242 0 0 0 6.10351562e-05
-0.631341053 0.321972632 0.703079957 0 0 0 6.10351562e-05
-0.754685807 0.380215141 0.163105004 0 0 0 6.10351562e-05
-0.271673197 0.612554308 0.349827946 0 0 0 6.10351562e-05
0.097956997 0.719845709 0.438225235 0 0 0 6.10351562e-05
0.326046114 0.124067518 0.410846591 0 0 0 6.10351562e-05
0.0917174085 -0.935730097 0.107693339 0 0 0 6.10351562e-05
-0.0642471373 0.648940328 -0.0902097738 0 0 0 6.10351562e-05
-0.0741527197 -0.727124432 0.152455268 0 0 0 6.10351562e-05
-0.089901068 0.00703968863 0.196897625 0 0 0 6.10351562e-05
0.132965915 -0.299450154 -0.881680911 0 0 0 6.10351562e-05
0.287269064 0.457300581 0.717544632 0 0 0 6.10351562e-05
0.524122013 -0.645931863 0.0880601244 0 0 0 6.10351562e-05
0.606262608 -0.421339109 0.602014545 0 0 0 6.10351562e-05
-0.0946586245 -0.532510025 -0.712306634 0 0 0 6.10351562e-05
0.472739886 0.197186495 -0.503465193 0 0 0 6.10351562e-05
-0.487083765 0.018021512 0.296668578 0 0 0 6.10351562e-05
-0.342415076 0.410628015 -0.309465741 0 0 0 6.10351562e-05
0.189924787 0.0452606456 -0.877133484 0 0 0 6.10351562e-05
0.945122658 0.193259431 -0.0783653074 0 0 0 6.10351562e-05
0.227314723 -0.307723567 0.837763936 0 0 0 6.10351562e-05
-0.626367173 0.530962069 -0.556414229 0 0 0 6.10351562e-05
0.13683448 0.472488636 0.62395729 0 0 0 6.10351562e-05
-0.343018754 -0.529747696 0.25894823 0 0 0 6.10351562e-05
-0.534063996 0.0341070858 -0.0127900199 0 0 0 6.10351562e-05
0.280111303 0.0348050822 0.217829348 0 0 0 6.10351562e-05
0.0824656318 -0.108634807 -0.49629217 0 0 0 6.10351562e-05
0.691418652 0.0403018629 0.316699727 0 0 0 6.10351562e-05
-0.780976436 0.0599969624 -0.250924396 0 0 0 6.10351562e-05
-0.469815608 -0.393830841 -0.615574692 0 0 0 6.10351562e-05
0.1014873 0.375553485 -0.159441403 0 0 0 6.10351562e-05
-0.712276067 -0.382063409 -0.0207290941 0 0 0 6.10351562e-05
0.615562422 -0.466728776 -0.0734374659 0 0 0 6.10351562e-05
-0.29988882 -0.755006577 0.264599525 0 0 0 6.10351562e-05
-0.335478434 0.330119331 -0.322845511 0 0 0 6.10351562e-05
-0.679332478 0.203143065 -0.169040746 0 0 0 6.10351562e-05
0.500992089 -0.758769252 -0.393055881 0 0 0 6.10351562e-05
0.732719754 0.228749036 -0.0357151662 0 0 0 6.10351562e-05
-0.0763235888 -0.798985156 -0.104057468 0 0 0 6.10351562e-05
0.400957424 0.387601897 0.103022871 0 0 0 6.10351562e-05
0.0609940984 -0.206551559 0.710038265 0 0 0 6.10351562e-05
0.308840567 -0.118217902 0.0182129076 0 0 0 6.10351562e-05
-0.249731978 -0.241364638 -0.261211088 0 0 0 6.10351562e-05
0.577166717 -0.342941033 0.689226086 0 0 0 6.10351562e-05
-0.095099662 -0.334543465 0.0171764021 0 0 0 6.10351562e-05
-0.177731294 0.679044906 0.707664717 0 0 0 6.10351562e-05
-0.643048669 -0.704263927 -0.0181928335 0 0 0 6.10351562e-05
-0.472459231 -0.178142192 0.655127134 0 0 0 6.10351562e-05
-0.708003443 0.528073326 -0.17205955 0 0 0 6.10351562e-05
0.0603769276 -0.502813851 -0.843317386 0 0 0 6.10351562e-05
0.0580571991 0.614826618 0.197521578 0 0 0 6.10351562e-05
-0.163782296 -0.507017935 -0.672409492 0 0 0 6.10351562e-05
-0.243260772 0.523568994 0.185028394 0 0 0 6.10351562e-05
-0.498670742 -0.699552291 -0.0847355002 0 0 0 6.10351562e-05
-0.587103521 -0.425526662 0.0818991502 0 0 0 6.10351562e-05
-0.234347386 0.198857239 0.767862479 0 0 0 6.10351562e-05
0.122799317 -0.0949945412 -0.213938063 0 0 0 6.10351562e-05
-0.328274191 -0.231461736 -0.185053271 0 0 0 6.10351562e-05
-0.725945024 -0.525989411 0.0624610407 0 0 0 6.10351562e-05
-0.0787614851 -0.222605165 -0.233098986 0 0 0 6.10351562e-05
-0.357384095 -0.651438334 -0.662472396 0 0 0 6.10351562e-05
0.430096386 0.519335831 -0.56622061 0 0 0 6.10351562e-05
0.350390915 -0.0100106378 -0.0669377616 0 0 0 6.10351562e-05
0.19698956 -0.0613826801 -0.171777217 0 0 0 6.10351562e-05
-0.245944129 0.451349429 0.699911733 0 0 0 6.10351562e-05
-0.315909245 0.889831923 -0.251510366 0 0 0 6.10351562e-05
-0.356787159 -0.510902778 0.686882305 0 0 0 6.10351562e-05
0.532660417 -0.398220308 -0.564573606 0 0 0 6.10351562e-05
0.559741647 0.67245552 -0.407559715 0 0 0 6.10351562e-05
0.880742796 0.00089075873 0.288229879 0 0 0 6.10351562e-05
0.180605243 0.444776751 -0.0330888924 0 0 0 6.10351562e-05
0.387321792 -0.0759866315 0.252816459 0 0 0 6.10351562e-05
0.230607078 -0.149627909 -0.363385435 0 0 0 6.10351562e-05
0.229543726 0.105693831 0.0661290379 0 0 0 6.10351562e-05
-0.857093307 -0.319996048 0.328931834 0 0 0 6.10351562e-05
-0.607680014 -0.165115651 -0.50304816 0 0 0 6.10351562e-05
-0.0437958312 -0.491414589 -0.00525620844 0 0 0 6.10351562e-05
0.108208272 -0.628518744 -0.686294384 0 0 0 6.10351562e-05
0.264106723 0.644592539 -0.339500882 0 0 0 6.10351562e-05
0.568049835 -0.518442812 -0.317007758 0 0 0 6.10351562e-05
-0.125576274 0.339011197 0.760200723 0 0 0 6.10351562e-05
0.112601618 -0.155574305 -0.313944848 0 0 0 6.10351562e-05
0.304065473 0.520214479 0.168471998 0 0 0 6.10351562e-05
-0.253637697 -0.105499087 -0.823297379 0 0 0 6.10351562e-05
0.621306204 0.367330546 0.00467476963 0 0 0 6.10351562e-05
0.498919847 -0.0822086408 -0.483886452 0 0 0 6.10351562e-05
0.223568665 0.441987082 -0.630226121 0 0 0 6.10351562e-05
-0.535530869 -0.20115088 -0.583617988 0 0 0 6.10351562e-05
0.317264705 0.691825705 0.555333066 0 0 0 6.10351562e-05
-0.00721809792 0.739565449 0.275661616 0 0 0 6.10351562e-05
0.7280613 0.574463306 0.336819486 0 0 0 6.10351562e-05
-0.194618108 0.126770011 -0.589387318 0 0 0 6.10351562e-05
0.164521293 0.21179487 -0.0651070852 0 0 0 6.10351562e-05
-0.335228795 0.141054979 -0.852742428 0 0 0 6.10351562e-05
-0.157987284 -0.458344339 -0.7124747 0 0 0 6.10351562e-05
0.757426812 0.335997501 0.213702882 0 0 0 6.10351562e-05
0.758112304 0.000662290457 -0.334287463 0 0 0 6.10351562e-05
-0.432828734 0.0654167132 -0.322133744 0 0 0 6.10351562e-05
0.508127843 -0.110355673 -0.188757979 0 0 0 6.10351562e-05
0.598696274 0.684822374 -0.260882106 0 0 0 6.10351562e-05
0.785827766 0.401939436 0.459660989 0 0 0 6.10351562e-05
-0.576678368 0.58082762 -0.50814885 0 0 0 6.10351562e-05
-0.224890342 0.568238178 -0.128219286 0 0 0 6.10351562e-05
0.257892787 0.0215285281 -0.165564617 0 0 0 6.10351562e-05
0.782088361 -0.017633333 0.0373620883 0 0 0 6.10351562e-05
-0.275250207 -0.717730249 -0.622664148 0 0 0 6.10351562e-05
0.488187193 -0.176114128 -0.186602895 0 0 0 6.10351562e-05
0.0751579116 0.166569504 -0.684042795 0 0 0 6.10351562e-05
0.281146371 0.464440096 -0.826951202 0 0 0 6.10351562e-05
-0.0972737481 0.212929287 0.452927017 0 0 0 6.10351562e-05
0.0766676252 -0.305604478 -0.485310079 0 0 0 6.10351562e-05
-0.165740193 0.432672098 0.813706283 0 0 0 6.10351562e-05
0.777014564 -0.190487887 -0.405355793 0 0 0 6.10351562e-05
0.0394598548 -0.223875811 -0.615933871 0 0 0 6.10351562e-05
0.472392081 0.187170627 0.0209133447 0 0 0 6.10351562e-05
0.0950834651 0.297906852 -0.626039676 0 0 0 6.10351562e-05
-0.103601934 -0.941252556 -0.193789088 0 0 0 6.10351562e-05
-0.504835009 -0.210867638 0.622160312 0 0 0 6.10351562e-05
-0.33303422 -0.163985693 -0.253936287 0 0 0 6.10351562e-05
-0.308783765 -0.346154725 0.868902386 0 0 0 6.10351562e-05
-0.792406541 -0.45586679 0.0927302035 0 0 0 6.10351562e-05
-0.152201042 -0.38696905 -0.808270387 0 0 0 6.10351562e-05
-0.385662753 0.322568416 -0.452039432 0 0 0 6.10351562e-05
0.579328983 -0.76342836 0.0668227476 0 0 0 6.10351562e-05
0.800538342 0.213329861 0.42284809 0 0 0 6.10351562e-05
0.682831387 0.191374528 0.702248881 0 0 0 6.10351562e-05
-0.22957838 0.309038511 0.0686676951 0 0 0 6.10351562e-05
0.266730773 0.822072629 -0.387298388 0 0 0 6.10351562e-05
0.0375052894 -0.588228139 -0.353777148 0 0 0 6.10351562e-05
-0.605372145 -0.146595251 -0.270305306 0 0 0 6.10351562e-05
-0.444329241 0.0533021443 0.710720129 0 0 0 6.10351562e-05
0.238551686 0.00553937163 -0.905436647 0 0 0 6.10351562e-05
-0.633313183 -0.428539359 0.181813592 0 0 0 6.10351562e-05
0.31704484 0.503527012 -0.519715847 0 0 0 6.10351562e-05
0.335654495 0.474385374 -0.308764752 0 0 0 6.10351562e-05
-0.41346069 0.364828492 0.56909257 0 0 0 6.10351562e-05
-0.772682174 0.116905539 -0.338259425 0 0 0 6.10351562e-05
0.0167961282 -0.201606048 0.534109788 0 0 0 6.10351562e-05
0.361847006 0.65490115 0.0787546915 0 0 0 6.10351562e-05
-0.262516349 0.13573698 0.504369851 0 0 0 6.10351562e-05
0.192846829 0.723107038 0.0404706724 0 0 0 6.10351562e-05
0.0258530932 0.758560597 -0.347717632 0 0 0 6.10351562e-05
-0.549932834 0.707347519 0.127695766 0 0 0 6.10351562e-05
-0.343518966 0.296568443 0.736846524 0 0 0 6.10351562e-05
0.00463481075 0.257086156 -0.831640614 0 0 0 6.10351562e-05
-0.0946547517 -0.514149554 -0.323566954 0 0 0 6.10351562e-05
-0.444477119 0.32433453 0.0380058231 0 0 0 6.10351562e-05
-0.704673417 0.216307017 0.236167163 0 0 0 6.10351562e-05
-0.414809296 0.280465273 0.417268813 0 0 0 6.10351562e-05
0.55455798 0.286151814 0.603574307 0 0 0 6.10351562e-05
0.0301006465 0.178809243 0.141254205 0 0 0 6.10351562e-05
-0.077260104 0.459929952 -0.110312141 0 0 0 6.10351562e-05
0.159865373 -0.0281125807 -0.462430814 0 0 0 6.10351562e-05
0.814387783 0.375751983 0.128597354 0 0 0 6.10351562e-05
-0.54114363 0.182439984 -0.339697739 0 0 0 6.10351562e-05
-0.612183759 0.11026402 -0.456396169 0 0 0 6.10351562e-05
0.333565243 -0.648949166 0.425493113 0 0 0 6.10351562e-05
-0.396660181 0.215431656 -0.555750707 0 0 0 6.10351562e-05
0.30762429 0.744442469 0.258856814 0 0 0 6.10351562e-05
-0.244136293 0.955687264 0.0665969218 0 0 0 6.10351562e-05
-0.120526607 -0.142782977 -0.814859767 0 0 0 6.10351562e-05
-0.379161354 0.664011038 0.327005756 0 0 0 6.10351562e-05
-0.680995678 -0.118595212 -0.171438076 0 0 0 6.10351562e-05
-0.245695134 -0.419239246 -0.610873581 0 0 0 6.10351562e-05
0.309025537 -0.618978185 0.665900972 0 0 0 6.10351562e-05
-0.228496393 0.50802106 0.309663081 0 0 0 6.10351562e-05
0.356530767 -0.0396415737 0.691513063 0 0 0 6.10351562e-05
-0.563665955 0.0387454788 0.217583439 0 0 0 6.10351562e-05
0.947630697 -0.0815993164 0.225713987 0 0 0 6.10351562e-05
-0.1984521 -0.690135614 0.13157096 0 0 0 6.10351562e-05
-0.549815911 -0.149769931 0.115923182 0 0 0 6.10351562e-05
0.493019172 0.717250721 -0.431664957 0 0 0 6.10351562e-05
-0.446098656 -0.366849713 0.451091454 0 0 0 6.10351562e-05
-0.615746469 -0.210922101 -0.356913093 0 0 0 6.10351562e-05
-0.179040894 -0.604997808 0.693132548 0 0 0 6.10351562e-05
-0.833835477 0.0208817284 -0.0503828372 0 0 0 6.10351562e-05
-0.49505223 0.760387629 0.160927549 0 0 0 6.10351562e-05
-0.0197930711 0.0553273064 -0.0764960273 0 0 0 6.10351562e-05
-0.0085829544 -0.285577095 0.877744209 0 0 0 6.10351562e-05
0.015004948 0.00439776465 0.331718745 0 0 0 6.10351562e-05
0.504139649 0.219189401 -0.82699699 0 0 0 6.10351562e-05
-0.66247651 0.226626129 0.0996524487 0 0 0 6.10351562e-05
-0.19289961 -0.384552699 0.555001471 0 0 0 6.10351562e-05
-0.404508017 -0.103081674 -0.902164697 0 0 0 6.10351562e-05
-0.858264273 -0.388240685 -0.193863462 0 0 0 6.10351562e-05
0.38773278 -0.632021806 -0.439748783 0 0 0 6.10351562e-05
0.260960404 -0.771197285 -0.560634662 0 0 0 6.10351562e-05
0.3618937 0.086860748 0.479279669 0 0 0 6.10351562e-05
-0.124566304 -0.196381673 -0.394839919 0 0 0 6.10351562e-05
0.393239593 0.317174124 -0.277716946 0 0 0 6.10351562e-05
0.111321574 0.173833466 0.766306801 0 0 0 6.10351562e-05
-0.220033938 -0.70329932 0.283080297 0 0 0 6.10351562e-05
-0.800757927 -0.420053546 -0.390914862 0 0 0 6.10351562e-05
0.514695197 0.307307929 0.680517169 0 0 0 6.10351562e-05
0.014488624 -0.282269989 -0.893285024 0 0 0 6.10351562e-05
-0.526951911 -0.0526391788 0.770352265 0 0 0 6.10351562e-05
-0.65259024 -0.409903757 -0.613559573 0 0 0 6.10351562e-05
0.205319412 0.645076364 0.702644659 0 0 0 6.10351562e-05
-0.193257968 -0.727653954 0.0595277186 0 0 0 6.10351562e-05
0.15163965 -0.374762118 0.392163164 0 0 0 6.10351562e-05
-0.729111452 0.156197292 -0.500101512 0 0 0 6.10351562e-05
0.166200969 0.182965328 0.0800246577 0 0 0 6.10351562e-05
-0.00261966818 -0.635305493 0.130692885 0 0 0 6.10351562e-05
0.0374335736 -0.0233153129 0.54110865 0 0 0 6.10351562e-05
-0.316476274 -0.743481144 0.249317189 0 0 0 6.10351562e-05
0.749767622 0.387593725 0.343244305 0 0 0 6.10351562e-05
0.387751282 -0.529835195 0.103571651 0 0 0 6.10351562e-05
-0.0709061218 0.586511467 0.187632387 0 0 0 6.10351562e-05
-0.110482988 -0.209173446 -0.612298031 0 0 0 6.10351562e-05
0.595439602 0.192161458 -0.0351710224 0 0 0 6.10351562e-05
0.429871984 -0.417285107 0.511028998 0 0 0 6.10351562e-05
0.571894236 0.548048541 -0.585639705 0 0 0 6.10351562e-05
-0.493536652 0.258751139 0.0429391718 0 0 0 6.10351562e-05
-0.552232877 0.101963833 -0.107904659 0 0 0 6.10351562e-05
0.227893994 0.041550323 -0.330580397 0 0 0 6.10351562e-05
-0.410028697 0.245032965 0.386486397 0 0 0 6.10351562e-05
0.326287494 -0.105641997 0.674299991 0 0 0 6.10351562e-05
-0.357862613 0.622003916 0.168314196 0 0 0 6.10351562e-05
0.0951832947 -0.512255594 0.302318357 0 0 0 6.10351562e-05
-0.304080478 -0.784947337 -0.0482337941 0 0 0 6.10351562e-05
-0.135787247 0.794943395 -0.0689701963 0 0 0 6.10351562e-05
-0.349832944 -0.0289078916 -0.251973968 0 0 0 6.10351562e-05
-0.726847338 -0.00536389643 -0.468621981 0 0 0 6.10351562e-05
0.0192996693 -0.317104775 -0.79841679 0 0 0 6.10351562e-05
-0.250861358 0.468771374 -0.00252860999 0 0 0 6.10351562e-05
0.43589435 0.380666206 -0.379195454 0 0 0 6.10351562e-05
0.0484761495 -0.143210071 -0.142712025 0 0 0 6.10351562e-05
-0.632481267 -0.172465318 0.623516617 0 0 0 6.10351562e-05
0.0609761067 0.788069936 0.309602819 0 0 0 6.10351562e-05
0.676816779 -0.283503154 0.0569478465 0 0 0 6.10351562e-05
0.79531005 0.204409134 0.529886242 0 0 0 6.10351562e-05
-0.360173244 -0.0582923383 0.570768262 0 0 0 6.10351562e-05
0.179359548 -0.281342005 0.00184531978 0 0 0 6.10351562e-05
0.465764737 0.326026105 0.244165115 0 0 0 6.10351562e-05
-0.226680723 -0.136418176 -0.301358819 0 0 0 6.10351562e-05
-0.00425282102 0.473677291 0.633732382 0 0 0 6.10351562e-05
0.0902010958 -0.194411121 -0.116605194 0 0 0 6.10351562e-05
0.730661787 0.100980621 0.307956504 0 0 0 6.10351562e-05
0.727120855 0.423643165 -0.0184699596 0 0 0 6.10351562e-05
-0.184420903 0.120990522 -0.253468386 0 0 0 6.10351562e-05
0.537552707 0.168350585 -0.0259248146 0 0 0 6.10351562e-05
0.453531871 0.0267969153 0.220857799 0 0 0 6.10351562e-05
0.808829414 -0.229223634 -0.218952937 0 0 0 6.10351562e-05
0.783572848 0.41686248 -0.449385348 0 0 0 6.10351562e-05
0.176014526 -0.280886999 -0.363193867 0 0 0 6.10351562e-05
0.154515935 0.440436727 -0.564085545 0 0 0 6.10351562e-05
0.174410892 -0.849715207 -0.251070008 0 0 0 6.10351562e-05
-0.0723766227 -0.620306103 0.615959558 0 0 0 6.10351562e-05
0.632209134 0.18406429 0.1790501 0 0 0 6.10351562e-05
-0.00061190985 0.497870341 0.250882622 0 0 0 6.10351562e-05
0.0465527329 0.569008141 0.553096827 0 0 0 6.10351562e-05
-0.278965381 -0.472440454 0.651062278 0 0 0 6.10351562e-05
0.376499349 -0.150467693 0.570024112 0 0 0 6.10351562e-05
-0.723896148 0.123810893 -0.0762144362 0 0 0 6.10351562e-05
0.214224682 -0.304498827 -0.472942519 0 0 0 6.10351562e-05
-0.36039581 0.448835106 -0.0548086413 0 0 0 6.10351562e-05
0.0379337192 0.22634744 0.871621956 0 0 0 6.10351562e-05
-0.136362306 0.78990188 -0.178071841 0 0 0 6.10351562e-05
-0.0957544375 -0.403003151 0.234512911 0 0 0 6.10351562e-05
-0.503095322 -0.227152818 -0.15334733 0 0 0 6.10351562e-05
-0.0646863697 0.0123722217 0.810427612 0 0 0 6.10351562e-05
-0.487043662 -0.229366127 -0.538335892 0 0 0 6.10351562e-05
-0.370761144 -0.43019513 0.33287965 0 0 0 6.10351562e-05
-0.543689429 0.530445461 0.533179426 0 0 0 6.10351562e-05
0.293627433 -0.4296263 -0.756894629 0 0 0 6.10351562e-05
-0.0856092282 0.703929051 0.597168409 0 0 0 6.10351562e-05
0.356164385 0.0714072264 -0.799168485 0 0 0 6.10351562e-05
0.103614812 0.200495651 0.899780778 0 0 0 6.10351562e-05
0.152600271 -0.0430230542 -0.735571615 0 0 0 6.10351562e-05
-0.694168887 0.534393651 -0.347074878 0 0 0 6.10351562e-05
0.376652701 0.0448357765 0.915255598 0 0 0 6.10351562e-05
-0.391190001 -0.699138151 0.440949746 0 0 0 6.10351562e-05
0.330495985 -0.448443438 0.760417858 0 0 0 6.10351562e-05
0.213447645 0.219314011 0.33560502 0 0 0 6.10351562e-05
0.32689377 0.409295009 -0.410343167 0 0 0 6.10351562e-05
-0.211574216 0.796830923 0.15674761 0 0 0 6.10351562e-05
-0.59332528 -0.454369741 -0.200181892 0 0 0 6.10351562e-05
0.249678654 -0.698111788 0.497374878 0 0 0 6.10351562e-05
-0.145558223 -0.0118062207 0.514116741 0 0 0 6.10351562e-05
0.0196628442 0.387456864 0.322007795 0 0 0 6.10351562e-05
0.43827569 -0.643995328 0.611467632 0 0 0 6.10351562e-05
0.650500762 -0.278246047 -0.511231663 0 0 0 6.10351562e-05
-0.487086162 -0.0660221649 -0.569175742 0 0 0 6.10351562e-05
-0.148995349 0.333212406 -0.846101693 0 0 0 6.10351562e-05
-0.371205438 -0.314144141 0.392643903 0 0 0 6.10351562e-05
0.0943629424 -0.117454555 0.208447519 0 0 0 6.10351562e-05
0.0546716201 0.228780655 0.0536878214 0 0 0 6.10351562e-05
-0.774353819 -0.0564046522 -0.00268408108 0 0 0 6.10351562e-05
0.514127613 -0.561903465 0.471182166 0 0 0 6.10351562e-05
0.355312813 -0.0999199206 0.903935737 0 0 0 6.10351562e-05
0.638963326 -0.479629245 0.093876811 0 0 0 6.10351562e-05
0.0128490628 -0.428220059 -0.825758965 0 0 0 6.10351562e-05
-0.0395879991 -0.0883249566 0.486788441 0 0 0 6.10351562e-05
-0.686388551 0.0327564464 0.561691345 0 0 0 6.10351562e-05
0.667142021 0.303334518 -0.286579655 0 0 0 6.10351562e-05
0.394581118 -0.701985386 -0.030274037 0 0 0 6.10351562e-05
0.72162777 -0.193344704 -0.285615661 0 0 0 6.10351562e-05
-0.267870737 0.611787235 0.0834705818 0 0 0 6.10351562e-05
0.860423908 0.00493454142 -0.135451023 0 0 0 6.10351562e-05
-0.0583893921 0.0741285889 0.63891365 0 0 0 6.10351562e-05
0.220727227 0.244093564 -0.252820274 0 0 0 6.10351562e-05
-0.198886159 0.218457596 -0.239309659 0 0 0 6.10351562e-05
-0.053848463 -0.50172146 0.570334838 0 0 0 6.10351562e-05
0.417635069 0.0221135419 -0.158777583 0 0 0 6.10351562e-05
0.0133211615 0.172223166 0.0429463223 0 0 0 6.10351562e-05
0.81181478 0.0499801033 0.0063462989 0 0 0 6.10351562e-05
0.396742176 0.479920063 0.00389177995 0 0 0 6.10351562e-05
-0.0537150232 0.141651387 -0.0435106196 0 0 0 6.10351562e-05
-0.720207992 -0.521476022 -0.403581108 0 0 0 6.10351562e-05
-0.461980829 -0.659533736 0.00403679661 0 0 0 6.10351562e-05
0.44578886 -0.376202772 -0.115269119 0 0 0 6.10351562e-05
-0.220086434 0.138203044 -0.634452384 0 0 0 6.10351562e-05
-0.270104793 0.233377222 0.118415702 0 0 0 6.10351562e-05
0.0653779668 -0.15551019 -0.334392155 0 0 0 6.10351562e-05
-0.561605904 -0.439717404 0.0750724236 0 0 0 6.10351562e-05
-0.226438412 0.0627824368 0.573841987 0 0 0 6.10351562e-05
0.263493792 0.386796082 -0.072695975 0 0 0 6.10351562e-05
0.652523262 0.136657487 0.21247082 0 0 0 6.10351562e-05
0.483486391 -0.636845854 0.10520935 0 0 0 6.10351562e-05
0.412944916 -0.0209565735 0.667926003 0 0 0 6.10351562e-05
0.510384007 -0.493876766 0.686348863 0 0 0 6.10351562e-05
0.237559423 -0.160081967 0.528361273 0 0 0 6.10351562e-05
0.342896512 -0.578529193 0.295388507 0 0 0 6.10351562e-05
-0.125865943 0.415400775 -0.63440703 0 0 0 6.10351562e-05
-0.133779046 0.564038708 0.425917435 0 0 0 6.10351562e-05
-0.52127278 -0.0366167298 -0.294214672 0 0 0 6.10351562e-05
0.0712599326 0.877540734 -0.441781876 0 0 0 6.10351562e-05
0.321979893 -0.347026522 0.735918832 0 0 0 6.10351562e-05
-0.00190719904 0.336800629 0.0748148785 0 0 0 6.10351562e-05
0.145833272 -0.02372531 -0.917838724 0 0 0 6.10351562e-05
0.848212266 0.137508574 -0.259169448 0 0 0 6.10351562e-05
-0.0318772928 -0.8356209 0.280240993 0 0 0 6.10351562e-05
-0.173438044 -0.155024241 -0.0683937331 0 0 0 6.10351562e-05
0.37183353 -0.435651384 -0.437305264 0 0 0 6.10351562e-05
0.0286266597 0.9085093 0.36795389 0 0 0 6.10351562e-05
-0.555496836 -0.563648387 0.311889196 0 0 0 6.10351562e-05
-0.246297891 -0.092124625 -0.121055059 0 0 0 6.10351562e-05
-0.487179207 -0.119206718 0.153508161 0 0 0 6.10351562e-05
0.166009503 -0.528979882 -0.743292836 0 0 0 6.10351562e-05
0.21840894 -0.00655824342 -0.207915231 0 0 0 6.10351562e-05
0.0599854855 -0.884705551 -0.344034398 0 0 0 6.10351562e-05
-0.23864941 -0.370947621 0.496661889 0 0 0 6.10351562e-05
-0.165466035 0.557358954 -0.0555660822 0 0 0 6.10351562e-05
0.451923703 -0.873458844 -0.127199771 0 0 0 6.10351562e-05
0.261034378 0.239366924 0.344662525 0 0 0 6.10351562e-05
0.050780325 0.83877117 -0.416757202 0 0 0 6.10351562e-05
-0.172259534 0.845579591 0.233514525 0 0 0 6.10351562e-05
-0.698104944 0.0193936635 -0.382799435 0 0 0 6.10351562e-05
0.575805371 0.26763502 0.0187949219 0 0 0 6.10351562e-05
-0.073208451 -0.414535259 0.669877971 0 0 0 6.10351562e-05
-0.586957364 -0.0646925386 0.731966962 0 0 0 6.10351562e-05
0.158231997 -0.439572069 -0.800083606 0 0 0 6.10351562e-05
0.234414473 -0.776666497 -0.353518171 0 0 0 6.10351562e-05
0.533001821 -0.317013406 -0.29730255 0 0 0 6.10351562e-05
-0.690206468 -0.231753933 0.314458634 0 0 0 6.10351562e-05
-0.896162125 -0.213147066 -0.143350011 0 0 0 6.10351562e-05
0.480093349 0.0397576002 -0.247016126 0 0 0 6.10351562e-05
-0.313058644 0.872334643 0.25747099 0 0 0 6.10351562e-05
-0.207776675 0.0486027563 0.837678828 0 0 0 6.10351562e-05
-0.628446796 0.611600521 0.27600793 0 0 0 6.10351562e-05
-0.100565474 0.148956289 0.722791551 0 0 0 6.10351562e-05
-0.414655761 0.467414692 -0.296187143 0 0 0 6.10351562e-05
-0.931778929 -0.240821108 -0.113700271 0 0 0 6.10351562e-05
-0.253129165 -0.413867557 -0.15559181 0 0 0 6.10351562e-05
-0.734647743 -0.268489368 0.581588297 0 0 0 6.10351562e-05
-0.255168611 -0.264415109 0.860227417 0 0 0 6.10351562e-05
-0.710702841 0.325145272 -0.19022336 0 0 0 6.10351562e-05
-0.0346795796 -0.360000889 -0.589887384 0 0 0 6.10351562e-05
0.371975746 0.640498749 -0.402770312 0 0 0 6.10351562e-05
0.34416031 0.280475266 0.269417147 0 0 0 6.10351562e-05
-0.308667763 0.416715974 -0.192629458 0 0 0 6.10351562e-05
0.332322745 -0.0562863799 -0.866549116 0 0 0 6.10351562e-05
-0.906821743 0.334932935 0.00402668868 0 0 0 6.10351562e-05
-0.0610630777 -0.921891434 -0.0777661136 0 0 0 6.10351562e-05
-0.357199623 -0.0605538133 0.749255406 0 0 0 6.10351562e-05
-0.275307853 0.923568259 0.195157437 0 0 0 6.10351562e-05
0.10498831 0.588021312 0.617535373 0 0 0 6.10351562e-05
0.320246951 0.211302107 -0.918425321 0 0 0 6.10351562e-05
0.260954464 0.832547367 0.388550433 0 0 0 6.10351562e-05
-0.0469565196 0.651060759 0.0908573462 0 0 0 6.10351562e-05
-0.644144331 0.195638807 0.570167358 0 0 0 6.10351562e-05
0.114847716 -0.501721694 -0.413467252 0 0 0 6.10351562e-05
0.532305003 -0.323372865 -0.614518829 0 0 0 6.10351562e-05
-0.292731038 -0.544882142 -0.458111038 0 0 0 6.10351562e-05
0.398599727 -0.374496855 0.272365273 0 0 0 6.10351562e-05
-0.110605813 -0.616475866 -0.58243313 0 0 0 6.10351562e-05
0.192895699 0.4339682 0.257023512 0 0 0 6.10351562e-05
0.014591554 0.596006194 0.420571715 0 0 0 6.10351562e-05
0.33249397 -0.684391875 -0.38937661 0 0 0 6.10351562e-05
-0.167251338 0.417544599 0.607140156 0 0 0 6.10351562e-05
0.154493588 0.313804271 0.0816588662 0 0 0 6.10351562e-05
0.460067293 -0.153634382 -0.457396399 0 0 0 6.10351562e-05
-0.487523088 -0.621110682 -0.162728793 0 0 0 6.10351562e-05
-0.0548469422 -0.0032133883 -0.7346197 0 0 0 6.10351562e-05
0.140023929 0.165478985 0.0831298036 0 0 0 6.10351562e-05
0.330297915 0.451323654 -0.144686707 0 0 0 6.10351562e-05
-0.38613876 -0.150090803 -0.797134034 0 0 0 6.10351562e-05
-0.449187225 -0.588611725 0.445663531 0 0 0 6.10351562e-05
-0.779307918 -0.474166325 0.317564146 0 0 0 6.10351562e-05
-0.223774201 -0.355919878 0.199083 0 0 0 6.10351562e-05
-0.579379768 -0.645086614 -0.407391862 0 0 0 6.10351562e-05
0.0252319235 -0.0186675849 -0.205360691 0 0 0 6.10351562e-05
-0.0104817528 0.239078362 -0.328384924 0 0 0 6.10351562e-05
0.523862661 -0.673061559 -0.331969181 0 0 0 6.10351562e-05
-0.26204516 -0.00897307972 -0.757190361 0 0 0 6.10351562e-05
0.547369457 -0.26628688 0.634682641 0 0 0 6.10351562e-05
0.367284599 0.415210253 0.134567041 0 0 0 6.10351562e-05
-0.506419602 0.719737473 -0.429286383 0 0 0 6.10351562e-05
0.567620515 -0.0719052733 0.480935349 0 0 0 6.10351562e-05
-0.74350297 -0.437492602 -0.126428867 0 0 0 6.10351562e-05
-0.240850954 0.185916404 -0.0580208389 0 0 0 6.10351562e-05
-0.359873249 -0.181171458 0.399554566 0 0 0 6.10351562e-05
0.380120331 0.905879899 0.146624736 0 0 0 6.10351562e-05
-0.368127728 -0.0900896989 -0.778138987 0 0 0 6.10351562e-05
-0.525733638 0.531320353 0.639984506 0 0 0 6.10351562e-05
-0.1582942 0.0346140338 -0.171034128 0 0 0 6.10351562e-05
0.503572793 0.424991852 0.190983296 0 0 0 6.10351562e-05
-0.246374947 -0.288403697 0.324972327 0 0 0 6.10351562e-05
0.404455182 -0.674222997 0.0860699181 0 0 0 6.10351562e-05
0.0616876036 -0.0654558005 -0.841085109 0 0 0 6.10351562e-05
0.869063182 -0.372102725 0.0828095434 0 0 0 6.10351562e-05
0.0888570483 -0.175782714 -0.558656443 0 0 0 6.10351562e-05
-0.112303108 0.0211696003 -0.818600172 0 0 0 6.10351562e-05
0.0781906112 0.811885238 -0.0369955892 0 0 0 6.10351562e-05
0.322115988 0.533471578 0.545117824 0 0 0 6.10351562e-05
0.17152373 0.549046523 -0.0613202111 0 0 0 6.10351562e-05
-0.0875380711 0.402126676 -0.674701587 0 0 0 6.10351562e-05
0.447534889 -0.669054916 -0.445656769 0 0 0 6.10351562e-05
0.228423025 -0.186947604 0.601156539 0 0 0 6.10351562e-05
0.368051537 -0.707633307 0.157429359 0 0 0 6.10351562e-05
-0.247964621 -0.603933194 0.373374578 0 0 0 6.10351562e-05
-0.0831448317 -0.518605601 0.452992986 0 0 0 6.10351562e-05
-0.122059744 -0.817889555 0.393064889 0 0 0 6.10351562e-05
-0.685241428 -0.560243387 -0.0117562031 0 0 0 6.10351562e-05
-0.371001769 -0.763427116 0.0926218516 0 0 0 6.10351562e-05
0.187511371 0.622562623 0.10779532 0 0 0 6.10351562e-05
-0.360271749 -0.565021734 0.572327643 0 0 0 6.10351562e-05
-0.469703347 -0.692090782 -0.393792528 0 0 0 6.10351562e-05
-0.3782591 -0.646145477 0.395544591 0 0 0 6.10351562e-05
0.110395933 0.221616669 0.215785876 0 0 0 6.10351562e-05
-0.551134243 0.367080929 -0.283491832 0 0 0 6.10351562e-05
-0.399356251 0.0417713409 0.816864533 0 0 0 6.10351562e-05
-0.843192163 -0.286508859 -0.394014157 0 0 0 6.10351562e-05
-0.582601097 -0.215283891 -0.159109136 0 0 0 6.10351562e-05
0.302959061 -0.364159134 0.246665612 0 0 0 6.10351562e-05
-0.450704952 -0.134837092 -0.79171535 0 0 0 6.10351562e-05
-0.835378681 -0.392297177 -0.199970154 0 0 0 6.10351562e-05
0.335823609 0.867048848 0.114495144 0 0 0 6.10351562e-05
0.04257634 -0.102373944 -0.501748262 0 0 0 6.10351562e-05
0.196669528 0.805948271 -0.553220527 0 0 0 6.10351562e-05
-0.553561122 -0.353314316 -0.327294321 0 0 0 6.10351562e-05
0.0270368964 -0.949211452 0.24233171 0 0 0 6.10351562e-05
0.340537812 0.137551489 -0.1280301 0 0 0 6.10351562e-05
0.618758913 -0.494601541 0.466821777 0 0 0 6.10351562e-05
0.157017088 -0.0309970076 0.0520567463 0 0 0 6.10351562e-05
0.00745948848 0.265800114 -0.711316239 0 0 0 6.10351562e-05
-0.541989226 -0.00370263357 -0.507351971 0 0 0 6.10351562e-05
0.083756222 0.0039764815 -0.125692968 0 0 0 6.10351562e-05
-0.256448596 -0.571411866 0.543564164 0 0 0 6.10351562e-05
-0.613876599 -0.22826284 0.437175737 0 0 0 6.10351562e-05
-0.426215135 -0.122137655 0.202279243 0 0 0 6.10351562e-05
0.134082459 -0.397855204 -0.615937024 0 0 0 6.10351562e-05
-0.766239943 -0.106492119 0.45424534 0 0 0 6.10351562e-05
-0.324425325 0.56959107 -0.374681284 0 0 0 6.10351562e-05
0.497870091 -0.351546053 0.369420634 0 0 0 6.10351562e-05
-0.424079568 -0.860134665 -0.138682369 0 0 0 6.10351562e-05
0.178876652 0.445624402 0.0954333756 0 0 0 6.10351562e-05
-0.0906596002 -0.0450394847 0.314513187 0 0 0 6.10351562e-05
-0.808202739 0.1970732 0.160696781 0 0 0 6.10351562e-05
0.662058778 -0.0399172956 -0.344115847 0 0 0 6.10351562e-05
-0.822127282 0.396533792 -0.250881378 0 0 0 6.10351562e-05
0.441785146 0.783919451 0.0987293395 0 0 0 6.10351562e-05
0.601261613 0.5075816 -0.0462188185 0 0 0 6.10351562e-05
0.332463294 0.36153247 -0.663146545 0 0 0 6.10351562e-05
0.170428018 0.244520366 -0.880331991 0 0 0 6.10351562e-05
0.439197645 0.623211692 0.497017854 0 0 0 6.10351562e-05
-0.112973052 0.799630711 0.580927097 0 0 0 6.10351562e-05
0.676875077 0.0370788533 0.527431113 0 0 0 6.10351562e-05
-0.515499928 0.405863442 0.127073009 0 0 0 6.10351562e-05
-0.828958674 0.336973446 -0.39665934 0 0 0 6.10351562e-05
-0.219562288 -0.37722605 -0.018158714 0 0 0 6.10351562e-05
0.756328781 -0.225136312 0.171086615 0 0 0 6.10351562e-05
-0.207193774 0.30968541 -0.313169576 0 0 0 6.10351562e-05
-0.0891245599 0.0525321024 -0.688968463 0 0 0 6.10351562e-05
0.16933864 0.523086172 -0.713455039 0 0 0 6.10351562e-05
0.0551761102 0.0379494788 0.268886816 0 0 0 6.10351562e-05
0.228586626 -0.0839946836 0.633827281 0 0 0 6.10351562e-05
-0.401010906 0.18380125 0.0621998959 0 0 0 6.10351562e-05
-0.616022528 -0.0526391127 0.281353731 0 0 0 6.10351562e-05
-0.821199012 0.11442228 -0.456072592 0 0 0 6.10351562e-05
0.483011269 -0.0725199094 0.00218401278 0 0 0 6.10351562e-05
0.917307888 0.147214367 0.254485796 0 0 0 6.10351562e-05
0.408360654 -0.869420549 0.205959534 0 0 0 6.10351562e-05
0.612753269 -0.212226281 0.450613625 0 0 0 6.10351562e-05
0.185290782 0.673756121 -0.339443182 0 0 0 6.10351562e-05
0.436523619 -0.116680597 -0.298649242 0 0 0 6.10351562e-05
0.0585578354 -0.291677709 0.772531791 0 0 0 6.10351562e-05
-0.722508079 0.432651912 0.351023396 0 0 0 6.10351562e-05
-0.164594611 -0.298498644 0.6488351 0 0 0 6.10351562e-05
-0.058239482 0.181390821 0.167381611 0 0 0 6.10351562e-05
-0.762432037 -0.467543465 0.410864326 0 0 0 6.10351562e-05
0.232772841 0.222624912 0.590309376 0 0 0 6.10351562e-05
-0.779546609 -0.156219891 -0.605848107 0 0 0 6.10351562e-05
-0.385976677 -0.575082119 -0.544064435 0 0 0 6.10351562e-05
-0.47583459 -0.105863917 -0.236657699 0 0 0 6.10351562e-05
-0.667479793 0.0469472085 0.286945416 0 0 0 6.10351562e-05
-0.1740989 -0.562776079 0.553083298 0 0 0 6.10351562e-05
-0.751550661 -0.630432502 -0.174232705 0 0 0 6.10351562e-05
0.78185833 0.0412717081 -0.488390627 0 0 0 6.10351562e-05
-0.4878497 -0.351428982 -0.258285546 0 0 0 6.10351562e-05
0.775825705 0.260772141 -0.293878216 0 0 0 6.10351562e-05
-0.0150051344 0.31305157 0.769801244 0 0 0 6.10351562e-05
0.0574609911 0.00537964158 -0.439492204 0 0 0 6.10351562e-05
-0.399628857 0.574124781 -0.430776074 0 0 0 6.10351562e-05
0.577394606 0.00802728357 0.307457028 0 0 0 6.10351562e-05
-0.142581279 -0.257760505 0.533620885 0 0 0 6.10351562e-05
0.473959974 -0.365022556 -0.349882727 0 0 0 6.10351562e-05
0.0706161306 -0.339777549 0.739509252 0 0 0 6.10351562e-05
0.273443225 0.0409933275 -0.288796073 0 0 0 6.10351562e-05
0.247359029 -0.639373931 0.609752243 0 0 0 6.10351562e-05
0.710937934 0.155715017 -0.412055168 0 0 0 6.10351562e-05
0.32735151 -0.283199915 0.618675127 0 0 0 6.10351562e-05
0.869730751 -0.283653767 0.231093445 0 0 0 6.10351562e-05
-0.216587428 -0.681683258 0.624523684 0 0 0 6.10351562e-05
-0.729849262 0.239174355 -0.510198424 0 0 0 6.10351562e-05
0.300429392 -0.453134172 -0.333803387 0 0 0 6.10351562e-05
-0.470477884 0.421962885 -0.0479712748 0 0 0 6.10351562e-05
-0.044449771 0.819829333 0.563180093 0 0 0 6.10351562e-05
-0.331863979 0.430684774 -0.375684462 0 0 0 6.10351562e-05
-0.80658794 -0.557857933 0.0856833511 0 0 0 6.10351562e-05
-0.0919650866 -0.0454075961 0.447095026 0 0 0 6.10351562e-05
0.192725882 0.156107795 -0.111213792 0 0 0 6.10351562e-05
0.0866147093 -0.106982245 0.423208184 0 0 0 6.10351562e-05
0.710757493 0.427520292 0.404228238 0 0 0 6.10351562e-05
-0.483662078 0.648777921 -0.575805032 0 0 0 6.10351562e-05
-0.0834190459 0.0072459521 0.925664656 0 0 0 6.10351562e-05
0.0439106588 -0.216867658 0.212695676 0 0 0 6.10351562e-05
-0.106671762 -0.380175895 0.908007175 0 0 0 6.10351562e-05
-0.674711296 0.445593954 -0.480362757 0 0 0 6.10351562e-05
0.381482728 0.0694962102 -0.106788258 0 0 0 6.10351562e-05
-0.0840968305 -0.349146186 -0.705709422 0 0 0 6.10351562e-05
-0.508202369 -0.596279608 -0.12254309 0 0 0 6.10351562e-05
-0.133579532 -0.661745089 -0.113253723 0 0 0 6.10351562e-05
-0.306932125 -0.795263445 -0.131239844 0 0 0 6.10351562e-05
-0.189474036 0.570426529 -0.175518462 0 0 0 6.10351562e-05
0.782696992 0.582508751 0.102475953 0 0 0 6.10351562e-05
0.0221381161 0.286329876 0.544752085 0 0 0 6.10351562e-05
-0.378506982 -0.744262419 -0.356798478 0 0 0 6.10351562e-05
-0.235460464 -0.276391204 -0.818833378 0 0 0 6.10351562e-05
-0.82068316 0.142946803 0.508802792 0 0 0 6.10351562e-05
0.846784869 0.0204051599 0.256786467 0 0 0 6.10351562e-05
0.187492843 0.0252081514 -0.268748938 0 0 0 6.10351562e-05
0.929204449 -0.321040752 0.134777175 0 0 0 6.10351562e-05
-0.38063117 0.107817271 -0.629619095 0 0 0 6.10351562e-05
0.228698503 0.426614996 0.869055892 0 0 0 6.10351562e-05
-0.362142448 0.855591827 -0.131760291 0 0 0 6.10351562e-05
0.184332257 -0.671531021 -0.525964479 0 0 0 6.10351562e-05
0.154614957 0.64901219 -0.0346811975 0 0 0 6.10351562e-05
-0.650692258 -0.153535797 -0.382956197 0 0 0 6.10351562e-05
0.213556166 0.142923093 -0.174590243 0 0 0 6.10351562e-05
0.412893987 0.0305393727 -0.652520786 0 0 0 6.10351562e-05
-0.0303126962 0.938268179 -0.21058799 0 0 0 6.10351562e-05
0.225116696 -0.00610616902 -0.501965001 0 0 0 6.10351562e-05
-0.257904416 -0.704728008 -0.0980203166 0 0 0 6.10351562e-05
-0.346017237 -0.331843983 -0.771954285 0 0 0 6.10351562e-05
0.522964674 -0.0584595935 -0.139589772 0 0 0 6.10351562e-05
0.113751768 -0.22822787 0.827395909 0 0 0 6.10351562e-05
-0.168492637 0.614389886 -0.201189307 0 0 0 6.10351562e-05
0.285708434 0.532881863 0.69996016 0 0 0 6.10351562e-05
-0.858641969 0.182380741 -0.470200224 0 0 0 6.10351562e-05
-0.0536806274 -0.7065669 -0.0861378412 0 0 0 6.10351562e-05
-0.759894936 0.305284134 0.322232609 0 0 0 6.10351562e-05
0.20352511 -0.0320910916 0.0735763484 0 0 0 6.10351562e-05
0.468693382 0.537131096 0.551498815 0 0 0 6.10351562e-05
-0.843298341 -0.185900884 0.250437681 0 0 0 6.10351562e-05
0.936479123 -0.146662877 0.281747657 0 0 0 6.10351562e-05
-0.0569373986 0.247134622 0.121527079 0 0 0 6.10351562e-05
0.030744817 0.0842740711 0.735359585 0 0 0 6.10351562e-05
-0.448126107 -0.205725489 0.481709297 0 0 0 6.10351562e-05
-0.233487273 -0.104590562 -0.312468405 0 0 0 6.10351562e-05
-0.257389875 -0.358905659 0.506060504 0 0 0 6.10351562e-05
0.430494546 -0.080405372 -0.799188966 0 0 0 6.10351562e-05
-0.538465542 -0.446243554 0.500084397 0 0 0 6.10351562e-05
0.103180023 -0.75154153 0.208214892 0 0 0 6.10351562e-05
0.738317352 -0.300972291 -0.458862525 0 0 0 6.10351562e-05
-0.377345559 0.85014586 -0.13811329 0 0 0 6.10351562e-05
0.87279356 -0.232629497 -0.127972387 0 0 0 6.10351562e-05
0.0285702168 -0.629143268 -0.593728497 0 0 0 6.10351562e-05
-0.216003502 -0.342644282 -0.0620965487 0 0 0 6.10351562e-05
0.938002124 -0.00193448255 -0.20472944 0 0 0 6.10351562e-05
0.21351615 -0.601967123 0.512362901 0 0 0 6.10351562e-05
0.490977416 -0.318543483 0.800486396 0 0 0 6.10351562e-05
0.566006237 -0.386867377 -0.639237047 0 0 0 6.10351562e-05
-0.352319234 -0.623007552 0.242138199 0 0 0 6.10351562e-05
0.34139571 -0.580086774 -0.34916761 0 0 0 6.10351562e-05
-0.709512273 0.0634982143 -0.381935704 0 0 0 6.10351562e-05
0.707208436 -0.079512987 0.524238797 0 0 0 6.10351562e-05
0.304432947 -0.628246215 0.470057635 0 0 0 6.10351562e-05
0.413928178 0.131045869 0.607982652 0 0 0 6.10351562e-05
0.527117671 -0.0791362966 0.730002882 0 0 0 6.10351562e-05
0.807927976 0.409248043 0.248581956 0 0 0 6.10351562e-05
0.64985673 -0.52155599 -0.170990869 0 0 0 6.10351562e-05
0.0538597107 0.511193818 -0.22499208 0 0 0 6.10351562e-05
-0.0106414944 0.196708322 -0.652547014 0 0 0 6.10351562e-05
0.179388954 -0.537792214 -0.225396849 0 0 0 6.10351562e-05
-0.692241585 -0.486976393 -0.361801824 0 0 0 6.10351562e-05
-0.525177184 -0.287806446 0.752310579 0 0 0 6.10351562e-05
0.639820964 0.431559887 -0.259120387 0 0 0 6.10351562e-05
-0.0198497825 -0.603348276 0.5980869 0 0 0 6.10351562e-05
0.619693282 0.756510651 0.126703426 0 0 0 6.10351562e-05
-0.154488422 0.309299367 0.534056923 0 0 0 6.10351562e-05
-0.38446683 -0.142119813 0.160953498 0 0 0 6.10351562e-05
-0.401946087 -0.543129896 -0.100963361 0 0 0 6.10351562e-05
-0.478673903 -0.188083568 -0.712780734 0 0 0 6.10351562e-05
-0.157705483 0.0896825482 -0.174085485 0 0 0 6.10351562e-05
-0.281057451 -0.184974917 0.658792754 0 0 0 6.10351562e-05
0.689263325 0.503291423 0.16429433 0 0 0 6.10351562e-05
0.0805990365 0.748541612 0.436409116 0 0 0 6.10351562e-05
0.0299729695 0.171782582 -0.463384809 0 0 0 6.10351562e-05
-0.417411975 -0.14415609 0.867050685 0 0 0 6.10351562e-05
0.204190521 0.817560497 0.365234243 0 0 0 6.10351562e-05
0.50884682 0.462829264 -0.283189278 0 0 0 6.10351562e-05
0.846803341 -0.350958787 -0.228591036 0 0 0 6.10351562e-05
0.201474531 -0.537397466 -0.0555619179 0 0 0 6.10351562e-05
0.489199484 0.202952546 0.387107085 0 0 0 6.10351562e-05
0.265301534 -0.0800974228 0.64066243 0 0 0 6.10351562e-05
-0.832919842 0.26702836 -0.211092027 0 0 0 6.10351562e-05
-0.594490582 -0.441296405 -0.130631279 0 0 0 6.10351562e-05
-0.0108983348 0.756943461 0.468250199 0 0 0 6.10351562e-05
0.227790753 -0.895942271 -0.330982403 0 0 0 6.10351562e-05
-0.308854509 -0.145843565 0.463659548 0 0 0 6.10351562e-05
-0.390635163 0.103335261 -0.844581931 0 0 0 6.10351562e-05
-0.00187501969 0.516982346 -0.0470569611 0 0 0 6.10351562e-05
0.58173604 0.793035817 -0.098810607 0 0 0 6.10351562e-05
0.0820327633 -0.029462343 -0.460278227 0 0 0 6.10351562e-05
0.417966382 -0.0901960557 0.401612648 0 0 0 6.10351562e-05
0.0972097712 -0.685569238 -0.567425016 0 0 0 6.10351562e-05
-0.341154188 -0.711543807 0.140042765 0 0 0 6.10351562e-05
-0.0226612424 -0.728385739 0.0164909268 0 0 0 6.10351562e-05
-0.333292304 0.10163271 -0.841079119 0 0 0 6.10351562e-05
-0.138310023 0.274971098 -0.857895924 0 0 0 6.10351562e-05
0.472684453 -0.668428351 -0.229702472 0 0 0 6.10351562e-05
0.755421388 -0.249754158 -0.505685541 0 0 0 6.10351562e-05
-0.236235889 -0.201536605 -0.559877374 0 0 0 6.10351562e-05
0.0190981784 -0.856781894 -0.483835329 0 0 0 6.10351562e-05
-0.307986766 -0.696399421 -0.351167778 0 0 0 6.10351562e-05
-0.645161598 0.351601972 -0.534514097 0 0 0 6.10351562e-05
-0.142827323 -0.599434269 -0.267637529 0 0 0 6.10351562e-05
0.810185297 0.0451696963 -0.399535985 0 0 0 6.10351562e-05
0.106927404 -0.479813426 0.664546573 0 0 0 6.10351562e-05
0.0200178179 -0.155867595 0.145687185 0 0 0 6.10351562e-05
-0.727768469 -0.439658872 -0.251460128 0 0 0 6.10351562e-05
0.344588098 -0.327768517 -0.148876112 0 0 0 6.10351562e-05
0.445542997 0.289744867 0.309306416 0 0 0 6.10351562e-05
-0.226382694 -0.732731519 -0.355410077 0 0 0 6.10351562e-05
0.583608457 -0.0074504962 -0.687415856 0 0 0 6.10351562e-05
-0.45710043 0.105545472 -0.613481931 0 0 0 6.10351562e-05
0.449947643 0.703905467 -0.525415605 0 0 0 6.10351562e-05
-0.689346083 -0.529456005 0.215091273 0 0 0 6.10351562e-05
0.406408879 -0.408303719 -0.045442083 0 0 0 6.10351562e-05
0.0872515434 0.530909284 0.50872377 0 0 0 6.10351562e-05
0.464860836 -0.457154359 0.388183743 0 0 0 6.10351562e-05
0.0454262598 -0.624668352 -0.142542824 0 0 0 6.10351562e-05
0.0899319073 0.877980715 0.0846499013 0 0 0 6.10351562e-05
0.075792435 0.81852566 -0.496456604 0 0 0 6.10351562e-05
0.286395237 -0.795410568 0.16956271 0 0 0 6.10351562e-05
0.797642249 0.400582695 -0.440286307 0 0 0 6.10351562e-05
0.519189313 -0.29099939 0.331098307 0 0 0 6.10351562e-05
-0.371864208 0.0576770835 -0.0452638159 0 0 0 6.10351562e-05
0.504363445 -0.756921636 0.208525288 0 0 0 6.10351562e-05
-0.111557837 -0.815866244 -0.120466217 0 0 0 6.10351562e-05
-0.0844404964 0.485933008 0.617519921 0 0 0 6.10351562e-05
-0.760772606 0.166240925 0.0328177321 0 0 0 6.10351562e-05
-0.551529961 -0.0973394263 0.121278867 0 0 0 6.10351562e-05
-0.0983966401 -0.230832587 -0.212503396 0 0 0 6.10351562e-05
0.530659573 -0.111987315 0.681614775 0 0 0 6.10351562e-05
-0.831232096 0.0666011151 0.393974624 0 0 0 6.10351562e-05
0.353862093 0.604983891 0.370295666 0 0 0 6.10351562e-05
0.631242524 0.651190701 -0.183449609 0 0 0 6.10351562e-05
0.0301874308 -0.300175527 0.700736324 0 0 0 6.10351562e-05
0.643799299 0.110050551 0.062549201 0 0 0 6.10351562e-05
0.712474322 -0.482436867 0.0249456637 0 0 0 6.10351562e-05
-0.00197277788 -0.245674615 -0.191081978 0 0 0 6.10351562e-05
-0.736623008 -0.535355777 0.141587185 0 0 0 6.10351562e-05
-0.416128158 -0.360410364 0.451300081 0 0 0 6.10351562e-05
0.135264595 0.570471602 0.393721946 0 0 0 6.10351562e-05
-0.485615424 -0.714083668 0.0866081767 0 0 0 6.10351562e-05
0.810656606 -0.0103835132 0.0783592991 0 0 0 6.10351562e-05
0.0149655026 -0.192239736 -0.817589423 0 0 0 6.10351562e-05
0.0648334036 -0.203909946 -0.528944057 0 0 0 6.10351562e-05
0.0476453122 -0.193360192 -0.493933411 0 0 0 6.10351562e-05
-0.109328544 -0.212365944 0.522479666 0 0 0 6.10351562e-05
0.195133404 -0.29547726 0.36900757 0 0 0 6.10351562e-05
0.216006537 -0.703995549 -0.550746479 0 0 0 6.10351562e-05
0.208577652 0.614183931 -0.0785465833 0 0 0 6.10351562e-05
-0.54819381 0.280406598 0.701845502 0 0 0 6.10351562e-05
0.629907688 -0.637350376 -0.271453314 0 0 0 6.10351562e-05
-0.383722095 -0.261893994 0.416281243 0 0 0 6.10351562e-05
-0.150254678 -0.60432216 0.358107544 0 0 0 6.10351562e-05
-0.316378914 -0.677803539 0.322381045 0 0 0 6.10351562e-05
0.432207031 -0.0486922526 -0.74738045 0 0 0 6.10351562e-05
0.369233772 -0.245553989 -0.130884671 0 0 0 6.10351562e-05
-0.244423969 0.39193255 0.504174287 0 0 0 6.10351562e-05
-0.140983692 0.246296691 0.648320335 0 0 0 6.10351562e-05
0.493112208 -0.103543464 -0.362831333 0 0 0 6.10351562e-05
-0.104940851 0.231674042 0.530837028 0 0 0 6.10351562e-05
0.163777187 0.505480461 0.478549316 0 0 0 6.10351562e-05
0.717085319 -0.622958671 0.136921052 0 0 0 6.10351562e-05
0.302639108 0.450289386 0.0602684897 0 0 0 6.10351562e-05
-0.178472993 0.456247827 -0.179198127 0 0 0 6.10351562e-05
0.497605956 -0.602219812 0.497964379 0 0 0 6.10351562e-05
-0.0291388806 -0.904647636 0.133053586 0 0 0 6.10351562e-05
-0.515748697 -0.356122912 -0.402028204 0 0 0 6.10351562e-05
-0.2062218 0.13435117 -0.919683359 0 0 0 6.10351562e-05
0.106222911 -0.718598694 0.301697187 0 0 0 6.10351562e-05
0.453800084 0.545848329 -0.49333471 0 0 0 6.10351562e-05
-0.248255899 -0.54004803 0.100851155 0 0 0 6.10351562e-05
-0.0604606668 0.0132288536 -0.0471504366 0 0 0 6.10351562e-05
0.501445899 0.152401617 -0.399920888 0 0 0 6.10351562e-05
-0.298744268 0.31662053 0.602227342 0 0 0 6.10351562e-05
-0.000705913084 -0.708406053 0.159225539 0 0 0 6.10351562e-05
-0.741369876 -0.305499511 -0.144108114 0 0 0 6.10351562e-05
-0.451454835 -0.867607911 0.207984651 0 0 0 6.10351562e-05
-0.430205221 0.86308563 0.0189317792 0 0 0 6.10351562e-05
-0.555502648 -0.239925266 -0.737557046 0 0 0 6.10351562e-05
0.494809338 0.346745339 -0.678703506 0 0 0 6.10351562e-05
0.243875328 -0.520597015 -0.622777619 0 0 0 6.10351562e-05
-0.41739242 -0.0510499177 -0.232739743 0 0 0 6.10351562e-05
0.258430355 0.767725804 -0.0288105873 0 0 0 6.10351562e-05
-0.424711377 0.695925966 0.552373692 0 0 0 6.10351562e-05
-0.329168689 0.0889412625 -0.156688909 0 0 0 6.10351562e-05
-0.0234432262 0.603435748 -0.283135907 0 0 0 6.10351562e-05
0.615887561 -0.342215985 0.544696364 0 0 0 6.10351562e-05
-0.2508186 -0.795713906 -0.382957091 0 0 0 6.10351562e-05
0.545809247 0.580769661 -0.206114182 0 0 0 6.10351562e-05
-0.262445548 0.0767798806 0.792328647 0 0 0 6.10351562e-05
-0.771789414 -0.459151754 0.351071933 0 0 0 6.10351562e-05
-0.679923701 -0.680735422 0.0376318818 0 0 0 6.10351562e-05
-0.210029699 0.542389103 -0.442593305 0 0 0 6.10351562e-05
-0.939604003 0.100592828 -0.097165359 0 0 0 6.10351562e-05
0.445429294 0.0455194188 0.83039463 0 0 0 6.10351562e-05
-0.0722299868 -0.24393984 0.945232271 0 0 0 6.10351562e-05
0.0802792403 0.757517317 0.33788061 0 0 0 6.10351562e-05
-0.361683267 -0.356762161 0.455987208 0 0 0 6.10351562e-05
0.271725063 -0.0730436497 -0.465998589 0 0 0 6.10351562e-05
-0.140731617 0.555523431 -0.670674074 0 0 0 6.10351562e-05
0.488402229 0.0290797229 0.594107258 0 0 0 6.10351562e-05
0.606698196 -0.244941287 0.39505684 0 0 0 6.10351562e-05
-0.0847528001 0.325669876 -0.460729124 0 0 0 6.10351562e-05
0.25567375 -0.44505921 -0.832849196 0 0 0 6.10351562e-05
0.341583332 0.415745311 -0.627506901 0 0 0 6.10351562e-05
0.616700763 -0.330029475 0.212614097 0 0 0 6.10351562e-05
-0.607946106 -0.630546247 -0.260755195 0 0 0 6.10351562e-05
-0.249051553 0.00694951928 -0.90249397 0 0 0 6.10351562e-05
0.0943314683 0.772857437 0.580720963 0 0 0 6.10351562e-05
0.215343423 0.675103193 0.481182139 0 0 0 6.10351562e-05
0.468625959 -0.0655173303 -0.0231356409 0 0 0 6.10351562e-05
0.704422131 -0.40050516 0.146732534 0 0 0 6.10351562e-05
-0.0663455589 0.897051266 -0.317025695 0 0 0 6.10351562e-05
0.416283463 0.205801896 0.152619889 0 0 0 6.10351562e-05
-0.591335768 -0.228208252 -0.584517588 0 0 0 6.10351562e-05
-0.827638404 -0.476949571 0.0386797804 0 0 0 6.10351562e-05
-0.610127956 0.183760783 -0.446157288 0 0 0 6.10351562e-05
-0.35779739 0.870583092 0.24852516 0 0 0 6.10351562e-05
-0.247307612 -0.0923131374 -0.467677291 0 0 0 6.10351562e-05
0.156507548 -0.895112198 0.224269596 0 0 0 6.10351562e-05
-0.104434808 0.941527764 0.21889744 0 0 0 6.10351562e-05
-0.177645286 -0.644720089 0.717562448 0 0 0 6.10351562e-05
0.79636731 0.267103277 0.292041919 0 0 0 6.10351562e-05
-0.272975099 -0.662794332 -0.203102475 0 0 0 6.10351562e-05
-0.36897778 -0.444820405 0.0274659084 0 0 0 6.10351562e-05
0.215911195 0.283150106 -0.406590546 0 0 0 6.10351562e-05
-0.524843456 0.414299071 -0.427649053 0 0 0 6.10351562e-05
0.154230909 -0.278729534 0.718555043 0 0 0 6.10351562e-05
0.42556218 0.509801405 0.28823884 0 0 0 6.10351562e-05
0.28103649 -0.143678375 0.730898432 0 0 0 6.10351562e-05
0.287427009 -0.520256121 0.510305657 0 0 0 6.10351562e-05
0.197685811 -0.0906195299 -0.482929162 0 0 0 6.10351562e-05
0.608629518 -0.238064196 -0.670668504 0 0 0 6.10351562e-05
0.726427156 0.452219283 -0.0357698739 0 0 0 6.10351562e-05
-0.206924597 0.203223884 0.415623124 0 0 0 6.10351562e-05
0.542618536 -0.378870159 0.208660434 0 0 0 6.10351562e-05
0.614208504 -0.475083834 -0.150704372 0 0 0 6.10351562e-05
0.261674857 -0.197134867 -0.564870204 0 0 0 6.10351562e-05
0.242283432 -0.201720525 0.232328933 0 0 0 6.10351562e-05
0.492386567 0.568056765 -0.655776095 0 0 0 6.10351562e-05
0.113306344 -0.0468652745 -0.549796288 0 0 0 6.10351562e-05
-0.252647822 0.755089671 -0.500192454 0 0 0 6.10351562e-05
-0.503656326 0.355292122 0.575725041 0 0 0 6.10351562e-05
-0.501566883 0.0201012013 -0.829622712 0 0 0 6.10351562e-05
-0.390725875 -0.352803567 -0.0794395017 0 0 0 6.10351562e-05
0.595833864 0.663757743 -0.0506524616 0 0 0 6.10351562e-05
0.665916288 -0.010479638 0.275732635 0 0 0 6.10351562e-05
0.600675255 -0.00143487275 -0.144297693 0 0 0 6.10351562e-05
-0.158895533 0.576968215 -0.278963025 0 0 0 6.10351562e-05
-0.113786286 0.353946775 0.487590286 0 0 0 6.10351562e-05
0.351630762 -0.402613015 -0.00289600479 0 0 0 6.10351562e-05
-0.712517524 0.00339397413 -0.364758639 0 0 0 6.10351562e-05
-0.636637756 0.269666807 0.0405647669 0 0 0 6.10351562e-05
-0.217653772 0.00481114301 -0.111337609 0 0 0 6.10351562e-05
0.544707325 -0.123963637 0.251232969 0 0 0 6.10351562e-05
-0.117682698 0.458311785 0.8790678 0 0 0 6.10351562e-05
0.0666716089 -0.411783783 -0.25255901 0 0 0 6.10351562e-05
0.426989153 0.327563496 0.754767685 0 0 0 6.10351562e-05
-0.380993737 -0.349711151 0.0246937588 0 0 0 6.10351562e-05
-0.330537023 0.393680816 0.215995479 0 0 0 6.10351562e-05
0.149801663 -0.16783578 0.932620466 0 0 0 6.10351562e-05
0.818926139 0.240004028 -0.0382617736 0 0 0 6.10351562e-05
-0.474140615 0.424744675 0.60135098 0 0 0 6.10351562e-05
-0.0791801348 -0.105748986 0.96932168 0 0 0 6.10351562e-05
0.229238343 -0.546584878 0.137770025 0 0 0 6.10351562e-05
-0.500942184 -0.13608318 0.782988268 0 0 0 6.10351562e-05
0.530396179 0.191888855 0.0367904806 0 0 0 6.10351562e-05
0.320268869 -0.651260108 0.545124902 0 0 0 6.10351562e-05
-0.494866809 -0.0172676623 -0.143638468 0 0 0 6.10351562e-05
-0.201806676 -0.03998739 0.728341013 0 0 0 6.10351562e-05
-0.269530047 -0.284246453 -0.755970146 0 0 0 6.10351562e-05
-0.224182858 0.168064608 -0.404574911 0 0 0 6.10351562e-05
0.416014248 0.529040501 -0.663874414 0 0 0 6.10351562e-05
0.183853402 -0.290654831 -0.0472017586 0 0 0 6.10351562e-05
-0.00138348719 -0.158487594 0.269314983 0 0 0 6.10351562e-05
-0.0759257804 -0.0773577969 0.290684185 0 0 0 6.10351562e-05
0.307927807 0.270296804 0.732822838 0 0 0 6.10351562e-05
0.305380115 0.114256006 0.909240455 0 0 0 6.10351562e-05
-0.813447334 -0.404829984 0.12321568 0 0 0 6.10351562e-05
-0.0846811797 0.698035289 0.657661715 0 0 0 6.10351562e-05
0.133475144 0.293288085 0.542057707 0 0 0 6.10351562e-05
-0.159733431 0.699573858 -0.535409449 0 0 0 6.10351562e-05
-0.101638698 -0.185779987 0.0566843121 0 0 0 6.10351562e-05
0.000744883536 -0.146247024 0.401963638 0 0 0 6.10351562e-05
0.685648363 -0.508191241 -0.172259506 0 0 0 6.10351562e-05
0.442982955 0.0230515667 0.431539437 0 0 0 6.10351562e-05
0.0497707174 -0.597050657 0.404478639 0 0 0 6.10351562e-05
-0.377647411 0.595319995 0.304238974 0 0 0 6.10351562e-05
0.366901668 -0.0306741198 -0.128149039 0 0 0 6.10351562e-05
-0.309751413 -0.627835872 -0.641121348 0 0 0 6.10351562e-05
-0.478135033 0.446743929 0.209586868 0 0 0 6.10351562e-05
0.153174111 0.0619279257 -0.0156388219 0 0 0 6.10351562e-05
-0.491540907 0.354695861 -0.544265556 0 0 0 6.10351562e-05
-0.543342712 -0.444568829 0.692797322 0 0 0 6.10351562e-05
0.209373854 -0.812452613 -0.192383555 0 0 0 6.10351562e-05
0.276243427 -0.665772029 -0.509471398 0 0 0 6.10351562e-05
-0.512701196 0.448437737 0.713851613 0 0 0 6.10351562e-05
-0.300681783 -0.71549818 -0.352605794 0 0 0 6.10351562e-05
-0.0400603717 -0.0536917557 0.374161591 0 0 0 6.10351562e-05
0.767459483 0.335621994 0.252995961 0 0 0 6.10351562e-05
-0.705919495 0.482975159 -0.265956562 0 0 0 6.10351562e-05
0.329172799 0.532362805 0.74746458 0 0 0 6.10351562e-05
-0.361466264 -0.2976064 0.0974387751 0 0 0 6.10351562e-05
-0.562505047 0.249401955 0.243506374 0 0 0 6.10351562e-05
0.73981984 -0.492015591 -0.436851403 0 0 0 6.10351562e-05
0.000301484641 -0.134907848 -0.855954108 0 0 0 6.10351562e-05
0.261229919 -0.677213708 -0.266201853 0 0 0 6.10351562e-05
0.594439148 0.688689611 -0.195959638 0 0 0 6.10351562e-05
-0.57111385 0.140563871 -0.221764018 0 0 0 6.10351562e-05
0.187301882 0.0460314355 -0.35760277 0 0 0 6.10351562e-05
0.153510082 -0.534708428 -0.742966889 0 0 0 6.10351562e-05
-0.490108399 0.582396343 0.243438375 0 0 0 6.10351562e-05
0.20863138 -0.774616133 0.144511136 0 0 0 6.10351562e-05
0.456987561 0.313486321 -0.774210378 0 0 0 6.10351562e-05
0.432842638 0.544908569 0.0477501134 0 0 0 6.10351562e-05
0.439426268 -0.495655484 0.538312757 0 0 0 6.10351562e-05
0.689722628 -0.0440650434 0.328581503 0 0 0 6.10351562e-05
0.924817198 0.138443101 0.318915569 0 0 0 6.10351562e-05
-0.654578337 -0.632692863 -0.273429913 0 0 0 6.10351562e-05
0.425984853 -0.297384849 0.752013994 0 0 0 6.10351562e-05
-0.143632317 -0.31389585 -0.80964026 0 0 0 6.10351562e-05
0.162866709 0.469089955 0.406410863 0 0 0 6.10351562e-05
-0.406161273 -0.580235483 0.38487543 0 0 0 6.10351562e-05
-0.217035417 -0.628450523 -0.668783584 0 0 0 6.10351562e-05
-0.391007369 -0.527193937 0.689503602 0 0 0 6.10351562e-05
0.74062559 0.513121715 -0.228650947 0 0 0 6.10351562e-05
-0.466664063 -0.71039634 -0.489246898 0 0 0 6.10351562e-05
-0.11786745 -0.370325203 0.120385687 0 0 0 6.10351562e-05
-0.474969915 -0.247343058 -0.100959226 0 0 0 6.10351562e-05
0.231364974 -0.116240127 0.490291898 0 0 0 6.10351562e-05
0.428817706 -0.666100208 -0.171046663 0 0 0 6.10351562e-05
-0.49317489 0.424091362 -0.722167566 0 0 0 6.10351562e-05
-0.798041047 0.454201154 -0.2554685 0 0 0 6.10351562e-05
0.199683493 -0.230030304 0.495180101 0 0 0 6.10351562e-05
0.547309415 -0.630449627 0.241948172 0 0 0 6.10351562e-05
-0.0337732957 -0.318145685 -0.706728711 0 0 0 6.10351562e-05
-0.662150492 -0.259188947 0.476556118 0 0 0 6.10351562e-05
0.0407066934 -0.292335593 0.535738088 0 0 0 6.10351562e-05
-0.470760454 -0.103853985 -0.320381499 0 0 0 6.10351562e-05
0.473325364 0.015337754 -0.23100359 0 0 0 6.10351562e-05
-0.522620605 0.309596943 0.197413713 0 0 0 6.10351562e-05
0.53653026 0.150265768 -0.640402137 0 0 0 6.10351562e-05
0.678113415 -0.163697985 0.36116949 0 0 0 6.10351562e-05
0.168224516 0.291055293 0.848127381 0 0 0 6.10351562e-05
0.114723879 0.813346384 -0.40626156 0 0 0 6.10351562e-05
0.287466755 -0.321641542 0.389543429 0 0 0 6.10351562e-05
-0.0648748343 -0.814395318 0.0654948178 0 0 0 6.10351562e-05
-0.352676908 -0.279509385 0.722035295 0 0 0 6.10351562e-05
-0.0441683584 -0.0191725024 0.590774723 0 0 0 6.10351562e-05
0.814106876 -0.227741229 -0.421779461 0 0 0 6.10351562e-05
-0.0818088413 0.161337261 -0.00306784153 0 0 0 6.10351562e-05
0.506801207 -0.694056749 0.0540353772 0 0 0 6.10351562e-05
0.561660568 -0.642362177 -0.0146033825 0 0 0 6.10351562e-05
0.208356619 0.581893153 -0.423715784 0 0 0 6.10351562e-05
0.106525704 -0.808414587 -0.5624284 0 0 0 6.10351562e-05
-0.00409229004 0.856811302 0.108808225 0 0 0 6.10351562e-05
-0.204190952 0.522918046 -0.0427762735 0 0 0 6.10351562e-05
0.440743708 0.105912616 0.677604355 0 0 0 6.10351562e-05
0.640845758 0.236328156 -0.016907172 0 0 0 6.10351562e-05
0.481147941 -0.126062122 -0.718289977 0 0 0 6.10351562e-05
0.115442785 -0.173642899 0.270488364 0 0 0 6.10351562e-05
-0.0510955317 0.215291224 -0.579067544 0 0 0 6.10351562e-05
0.125287895 -0.828856069 0.0707483064 0 0 0 6.10351562e-05
-0.21472367 0.721383657 0.197773427 0 0 0 6.10351562e-05
0.359966111 0.41992156 -0.302808245 0 0 0 6.10351562e-05
-0.337220474 0.909633421 0.0785646439 0 0 0 6.10351562e-05
-0.0218567923 0.202220691 -0.121506842 0 0 0 6.10351562e-05
0.104553962 0.542029062 0.0243833835 0 0 0 6.10351562e-05
0.409789848 0.745482545 0.389953698 0 0 0 6.10351562e-05
0.0974072342 -0.196865021 -0.835922478 0 0 0 6.10351562e-05
-0.343286172 0.569431592 -0.364926026 0 0 0 6.10351562e-05
-0.234767979 -0.132462727 0.646117336 0 0 0 6.10351562e-05
-0.309714832 0.778467407 -0.045005123 0 0 0 6.10351562e-05
-0.0310680076 0.352052526 -0.434010338 0 0 0 6.10351562e-05
0.185417487 -0.476781528 -0.635748624 0 0 0 6.10351562e-05
0.848520118 -0.390714506 0.153019233 0 0 0 6.10351562e-05
-0.571618438 0.790529024 -0.0737547746 0 0 0 6.10351562e-05
-0.376560068 0.74100947 0.152542524 0 0 0 6.10351562e-05
0.229133003 -0.798518003 -0.102131778 0 0 0 6.10351562e-05
-0.172584978 -0.0697194754 -0.582645562 0 0 0 6.10351562e-05
-0.127420488 0.45820933 -0.826363133 0 0 0 6.10351562e-05
-0.168240951 -0.658914213 -0.144331836 0 0 0 6.10351562e-05
0.269623365 -0.200516362 0.720025706 0 0 0 6.10351562e-05
0.615620935 -0.313978651 0.0218904699 0 0 0 6.10351562e-05
0.3730229 -0.806567428 -0.154535311 0 0 0 6.10351562e-05
-0.0428816415 0.582797293 0.500598385 0 0 0 6.10351562e-05
0.448359544 0.0785033489 0.173051319 0 0 0 6.10351562e-05
0.580252551 0.221506729 0.41220608 0 0 0 6.10351562e-05
-0.162622841 -0.0233274545 0.67038942 0 0 0 6.10351562e-05
0.0505694632 -0.116598549 -0.614155057 0 0 0 6.10351562e-05
0.61237949 -0.0997275246 0.468441197 0 0 0 6.10351562e-05
0.294812849 0.174896264 -0.278346735 0 0 0 6.10351562e-05
-0.178199714 0.465467819 0.582692878 0 0 0 6.10351562e-05
-0.467888177 0.566500104 0.170975018 0 0 0 6.10351562e-05
-0.108978332 -0.0906560494 -0.614727296 0 0 0 6.10351562e-05
0.608723101 -0.358446568 -0.163692446 0 0 0 6.10351562e-05
0.679952976 -0.0981379285 -0.412404945 0 0 0 6.10351562e-05
-0.578396394 -0.387305945 -0.674740114 0 0 0 6.10351562e-05
-0.196871304 0.199292675 -0.901116053 0 0 0 6.10351562e-05
-0.619799853 -0.757888579 0.105699294 0 0 0 6.10351562e-05
-0.270178879 0.376715203 0.0832356759 0 0 0 6.10351562e-05
0.778075182 0.539107597 -0.319637127 0 0 0 6.10351562e-05
0.352929747 0.526631104 -0.0279006259 0 0 0 6.10351562e-05
-0.317849695 -0.497352585 -0.595072601 0 0 0 6.10351562e-05
-0.16048305 0.12504626 0.789508783 0 0 0 6.10351562e-05
-0.0384579614 -0.0874761469 0.624108091 0 0 0 6.10351562e-05
0.179298842 0.501609584 -0.388924938 0 0 0 6.10351562e-05
0.386415027 -0.232873533 -0.564093601 0 0 0 6.10351562e-05
0.22754849 -0.286058198 0.816998743 0 0 0 6.10351562e-05
-0.0771711128 -0.483841785 0.832315863 0 0 0 6.10351562e-05
-0.219853982 0.38481634 0.118541317 0 0 0 6.10351562e-05
0.896144428 -0.141896868 0.133965296 0 0 0 6.10351562e-05
0.334388919 0.265142295 -0.258169176 0 0 0 6.10351562e-05
-0.11389337 0.796890418 -0.136028475 0 0 0 6.10351562e-05
0.564502398 -0.72717165 0.177050395 0 0 0 6.10351562e-05
-0.526581948 0.471376389 -0.0877001689 0 0 0 6.10351562e-05
0.479287084 0.0351274367 0.272334156 0 0 0 6.10351562e-05
0.164581057 0.0605547508 -0.111447645 0 0 0 6.10351562e-05
0.913308491 0.0483081168 -0.207756291 0 0 0 6.10351562e-05
0.697768262 -0.250957953 0.477554371 0 0 0 6.10351562e-05
0.413226198 -0.15374381 0.0945365668 0 0 0 6.10351562e-05
-0.261046794 -0.203748137 -0.625293327 0 0 0 6.10351562e-05
-0.634118956 0.263709712 0.470615327 0 0 0 6.10351562e-05
-0.507374583 0.317575299 -0.571490545 0 0 0 6.10351562e-05
-0.206655344 0.222401736 0.49957377 0 0 0 6.10351562e-05
-0.271205156 0.246184036 0.225649608 0 0 0 6.10351562e-05
-0.419380766 0.0836114224 -0.759427981 0 0 0 6.10351562e-05
-0.222566995 -0.3648196 0.302008312 0 0 0 6.10351562e-05
-0.447779182 0.225422919 -0.675973072 0 0 0 6.10351562e-05
-0.205501985 0.0202993551 -0.528555858 0 0 0 6.10351562e-05
-0.0904616235 0.376999531 0.766134328 0 0 0 6.10351562e-05
-0.187984 0.597132185 0.421005876 0 0 0 6.10351562e-05
-0.0305419767 0.73145982 0.52262205 0 0 0 6.10351562e-05
-0.59203572 -0.580538143 0.036494441 0 0 0 6.10351562e-05
0.43831449 -0.686704421 -0.508958401 0 0 0 6.10351562e-05
-0.139891154 -0.74099579 -0.498684931 0 0 0 6.10351562e-05
0.550889007 -0.62968112 -0.416455322 0 0 0 6.10351562e-05
0.414587683 0.810994958 0.00120129523 0 0 0 6.10351562e-05
-0.0608115521 0.0921538221 -0.555991028 0 0 0 6.10351562e-05
0.474791828 -0.497797886 0.0136414879 0 0 0 6.10351562e-05
-0.327280747 -0.217526969 0.286826221 0 0 0 6.10351562e-05
-0.115932898 -0.809826884 0.343720902 0 0 0 6.10351562e-05
-0.0292223384 -0.251379217 0.0948365187 0 0 0 6.10351562e-05
0.39604792 0.280032279 0.593408721 0 0 0 6.10351562e-05
-0.564796357 -0.201187309 0.0480997955 0 0 0 6.10351562e-05
0.306239091 0.692936645 -0.377250027 0 0 0 6.10351562e-05
0.0491203823 -0.460885606 0.0456493299 0 0 0 6.10351562e-05
0.441061903 0.544557345 0.600047872 0 0 0 6.10351562e-05
0.328116763 0.865204783 -0.195408023 0 0 0 6.10351562e-05
0.233553064 0.450932998 0.764091566 0 0 0 6.10351562e-05
0.354966989 0.222501614 0.517302694 0 0 0 6.10351562e-05
-0.398382476 -0.370410061 -0.180611323 0 0 0 6.10351562e-05
0.229464765 -0.276523599 -0.427282315 0 0 0 6.10351562e-05
0.638316232 -0.484601646 0.365876974 0 0 0 6.10351562e-05
0.562543185 -0.628991223 -0.472150686 0 0 0 6.10351562e-05
0.256505662 -0.416710398 -0.76584472 0 0 0 6.10351562e-05
-0.535725888 -0.0108298698 0.0412211291 0 0 0 6.10351562e-05
0.176272074 -0.108376352 0.197072409 0 0 0 6.10351562e-05
0.763237689 0.00271609093 -0.524733421 0 0 0 6.10351562e-05
-0.461057432 -0.65967145 0.255775362 0 0 0 6.10351562e-05
0.698771477 0.455780403 0.39210372 0 0 0 6.10351562e-05
-0.273986773 0.562981157 -0.725322767 0 0 0 6.10351562e-05
-0.553759646 -0.417570823 0.397735019 0 0 0 6.10351562e-05
-0.44184941 0.304059248 0.32370063 0 0 0 6.10351562e-05
0.0968783748 -0.343480423 -0.373010499 0 0 0 6.10351562e-05
0.630907295 0.19330768 0.396302186 0 0 0 6.10351562e-05
0.706476693 0.204208842 -0.0271728028 0 0 0 6.10351562e-05
-0.679554848 0.164634651 0.407164252 0 0 0 6.10351562e-05
-0.781734382 0.0309142033 -0.359546687 0 0 0 6.10351562e-05
0.12217149 -0.517769634 -0.763513548 0 0 0 6.10351562e-05
-0.567944939 0.232224326 0.184706621 0 0 0 6.10351562e-05
-0.0182716119 -0.580336674 0.681969033 0 0 0 6.10351562e-05
0.138695721 0.76002704 0.577349572 0 0 0 6.10351562e-05
0.202880073 -0.878226014 0.225965079 0 0 0 6.10351562e-05
-0.512971623 0.775256115 0.0318333259 0 0 0 6.10351562e-05
0.21513339 0.557846417 0.732336375 0 0 0 6.10351562e-05
0.371673433 -0.525955869 -0.39245146 0 0 0 6.10351562e-05
-0.371086464 -0.343159488 0.205052288 0 0 0 6.10351562e-05
0.0696363617 -0.165153395 0.879973815 0 0 0 6.10351562e-05
0.644613665 -0.240649513 -0.117092149 0 0 0 6.10351562e-05
-0.19380832 -0.262167259 0.00347219668 0 0 0 6.10351562e-05
0.626298666 -0.576346635 -0.361359831 0 0 0 6.10351562e-05
0.526492452 0.131294712 0.369577234 0 0 0 6.10351562e-05
0.244799552 0.063917413 0.243834547 0 0 0 6.10351562e-05
0.688325059 0.629003295 0.218984179 0 0 0 6.10351562e-05
0.0268717054 0.814162394 0.260710237 0 0 0 6.10351562e-05
-0.514853018 0.181849835 -0.33727991 0 0 0 6.10351562e-05
-0.264208557 -0.717423752 0.610618307 0 0 0 6.10351562e-05
-0.510555603 0.444090445 0.316427655 0 0 0 6.10351562e-05
-0.516482101 -0.716941192 0.456818711 0 0 0 6.10351562e-05
-0.234750972 -0.344770767 0.0446975682 0 0 0 6.10351562e-05
0.775524124 -0.103675556 0.103404506 0 0 0 6.10351562e-05
-0.0698547278 0.855804902 0.201103617 0 0 0 6.10351562e-05
0.0794958992 -0.717685675 -0.351149127 0 0 0 6.10351562e-05
0.104183148 0.415173464 -0.292053028 0 0 0 6.10351562e-05
0.0123355073 0.0896695987 -0.398643021 0 0 0 6.10351562e-05
0.886508741 0.160903323 0.396195945 0 0 0 6.10351562e-05
0.194868138 0.192987948 -0.28791388 0 0 0 6.10351562e-05
0.108943348 -0.0285579387 -0.161167485 0 0 0 6.10351562e-05
-0.180093888 0.00132332862 0.351930244 0 0 0 6.10351562e-05
0.0128564838 0.0535329984 -0.0789864548 0 0 0 6.10351562e-05
-0.57554237 -0.0229784055 0.250164199 0 0 0 6.10351562e-05
-0.438261736 -0.486923588 -0.621994953 0 0 0 6.10351562e-05
0.392990221 -0.0444992599 0.434501568 0 0 0 6.10351562e-05
0.748198804 -0.652833435 -0.105069164 0 0 0 6.10351562e-05
0.352853281 -0.021418577 0.678617088 0 0 0 6.10351562e-05
-0.109674095 -0.38493297 0.762476476 0 0 0 6.10351562e-05
0.516873408 0.150494514 -0.781617522 0 0 0 6.10351562e-05
-0.824305534 0.536681185 0.167806925 0 0 0 6.10351562e-05
-0.608452872 -0.667110463 0.177516026 0 0 0 6.10351562e-05
-0.19335384 0.29337171 0.526225569 0 0 0 6.10351562e-05
-0.119981881 -0.323041444 0.80967106 0 0 0 6.10351562e-05
0.676483557 0.279746856 0.367210961 0 0 0 6.10351562e-05
0.608481269 -0.227046034 -0.0565878808 0 0 0 6.10351562e-05
-0.622219556 -0.170208549 -0.653520048 0 0 0 6.10351562e-05
0.148998551 -0.272148724 -0.890443725 0 0 0 6.10351562e-05
-0.337701369 0.178738463 -0.20680174 0 0 0 6.10351562e-05
-0.0648957967 0.505902475 0.844536575 0 0 0 6.10351562e-05
0.511659054 0.408199235 -0.288880703 0 0 0 6.10351562e-05
-0.130244966 -0.594078876 -0.462978966 0 0 0 6.10351562e-05
0.299434084 -0.250266871 0.732544291 0 0 0 6.10351562e-05
0.0882242764 -0.488925667 0.200021563 0 0 0 6.10351562e-05
-0.0905642096 0.0685049625 0.924704331 0 0 0 6.10351562e-05
0.73885018 -0.532601273 -0.367673553 0 0 0 6.10351562e-05
0.0507552455 -0.15527527 0.159557776 0 0 0 6.10351562e-05
-0.625425016 0.0854573231 0.756037764 0 0 0 6.10351562e-05
0.743721754 -0.030574685 0.644826802 0 0 0 6.10351562e-05
0.128515892 0.222369587 0.459372941 0 0 0 6.10351562e-05
0.273936072 0.74440141 0.555206124 0 0 0 6.10351562e-05
-0.171064674 -0.476426832 -0.236863039 0 0 0 6.10351562e-05
0.423077864 0.0629787439 -0.776782197 0 0 0 6.10351562e-05
0.66102873 -0.0855675234 -0.642428052 0 0 0 6.10351562e-05
-0.392777042 0.111548713 0.0137158212 0 0 0 6.10351562e-05
-0.120071424 0.253390745 0.562719845 0 0 0 6.10351562e-05
0.545336858 -0.139349715 -0.429189963 0 0 0 6.10351562e-05
0.227541292 -0.655877352 0.0987782489 0 0 0 6.10351562e-05
-0.0227746486 -0.0777226795 0.474218406 0 0 0 6.10351562e-05
-0.281854243 -0.0900705166 0.727545277 0 0 0 6.10351562e-05
0.0199019545 0.465676821 0.468769387 0 0 0 6.10351562e-05
-0.0344496862 0.357594566 -0.385908777 0 0 0 6.10351562e-05
-0.299863567 0.503020854 0.433563915 0 0 0 6.10351562e-05
0.234321866 -0.227265436 -0.933085485 0 0 0 6.10351562e-05
-0.75835478 0.514744574 0.146130499 0 0 0 6.10351562e-05
-0.740074141 -0.245405292 0.117026854 0 0 0 6.10351562e-05
-0.0371697144 -0.255064033 -0.84994476 0 0 0 6.10351562e-05
0.28799883 0.608354833 -0.14077813 0 0 0 6.10351562e-05
0.440962881 -0.365590407 -0.580195159 0 0 0 6.10351562e-05
-0.0563253199 0.174138891 0.211980401 0 0 0 6.10351562e-05
-0.195948781 0.737705517 0.387933742 0 0 0 6.10351562e-05
0.366985302 0.481528662 0.393131988 0 0 0 6.10351562e-05
0.694441678 0.389816563 0.273255469 0 0 0 6.10351562e-05
0.600501173 -0.346281161 -0.517295705 0 0 0 6.10351562e-05
-0.395763285 -0.855284918 -0.173014408 0 0 0 6.10351562e-05
-0.0947790665 0.550953252 0.0104432269 0 0 0 6.10351562e-05
-0.333717265 0.0993784852 0.224053558 0 0 0 6.10351562e-05
-0.451966569 0.155822284 0.181672509 0 0 0 6.10351562e-05
-0.139579243 -0.0943875351 0.825669415 0 0 0 6.10351562e-05
-0.404786126 -0.420016197 -0.530293381 0 0 0 6.10351562e-05
-0.524378473 0.531890663 0.20701966 0 0 0 6.10351562e-05
-0.147404611 -0.406887256 0.236117579 0 0 0 6.10351562e-05
0.151590921 0.233263485 -0.578785758 0 0 0 6.10351562e-05
0.115053933 0.346860241 -0.861998715 0 0 0 6.10351562e-05
-0.102907197 -0.568087801 0.680913946 0 0 0 6.10351562e-05
-0.571424824 0.485135693 -0.0167034282 0 0 0 6.10351562e-05
0.156375123 -0.110587846 0.36049605 0 0 0 6.10351562e-05
-0.313614484 0.685462725 -0.409280412 0 0 0 6.10351562e-05
0.518866464 -0.00957930908 -0.376459213 0 0 0 6.10351562e-05
-0.676391372 0.108612685 0.259438676 0 0 0 6.10351562e-05
-0.799282474 0.167293873 0.340212381 0 0 0 6.10351562e-05
0.446528898 0.361276255 -0.345781411 0 0 0 6.10351562e-05
0.298484849 -0.748765025 0.0526075972 0 0 0 6.10351562e-05
0.297543996 0.0324583586 -0.272953012 0 0 0 6.10351562e-05
0.0334640032 -0.236377998 -0.850464187 0 0 0 6.10351562e-05
-0.310406382 0.717932111 -0.439264707 0 0 0 6.10351562e-05
0.57685807 0.686669386 0.288236696 0 0 0 6.10351562e-05
-0.863999415 -0.303716623 -0.155744205 0 0 0 6.10351562e-05
0.19309528 0.0567589957 0.783333064 0 0 0 6.10351562e-05
-0.286637635 -0.0863042568 0.32928026 0 0 0 6.10351562e-05
-0.0612193527 0.136234172 -0.969348502 0 0 0 6.10351562e-05
-0.350351971 -0.0748309222 0.244437994 0 0 0 6.10351562e-05
-0.762251712 -0.504809246 -0.21368282 0 0 0 6.10351562e-05
-0.44413842 0.417077766 -0.224430035 0 0 0 6.10351562e-05
0.149969559 0.312801884 -0.761749824 0 0 0 6.10351562e-05
-0.255904195 -0.286724779 -0.704400424 0 0 0 6.10351562e-05
-0.391241653 0.619348298 0.177534571 0 0 0 6.10351562e-05
-0.634565551 0.33687152 -0.0740035641 0 0 0 6.10351562e-05
-0.254575912 -0.420816598 -0.369733396 0 0 0 6.10351562e-05
-0.285293384 0.314649111 -0.459366011 0 0 0 6.10351562e-05
-0.218766281 0.791061935 0.335591735 0 0 0 6.10351562e-05
0.172264468 0.280917073 -0.318686683 0 0 0 6.10351562e-05
0.347268 -0.185145756 -0.777512482 0 0 0 6.10351562e-05
0.327607317 0.379544076 0.743702412 0 0 0 6.10351562e-05
0.0923772989 -0.6335132 0.458612007 0 0 0 6.10351562e-05
0.0797571451 -0.0136979368 -0.332484572 0 0 0 6.10351562e-05
-0.0174731092 0.659272794 0.292006772 0 0 0 6.10351562e-05
0.0410715832 0.107078782 -0.622152578 0 0 0 6.10351562e-05
-0.549014085 0.430742372 -0.350920663 0 0 0 6.10351562e-05
0.0421089922 -0.442981318 0.736458689 0 0 0 6.10351562e-05
0.0688685561 0.758747078 0.556652204 0 0 0 6.10351562e-05
-0.821216262 -0.234256261 -0.0841797414 0 0 0 6.10351562e-05
0.114452496 -0.651790812 0.663833094 0 0 0 6.10351562e-05
0.593012648 -0.641288618 -0.420626665 0 0 0 6.10351562e-05
0.269912599 -0.64146093 0.652466379 0 0 0 6.10351562e-05
0.711586533 -0.230421153 -0.290275401 0 0 0 6.10351562e-05
0.696630725 -0.614552123 -0.293829579 0 0 0 6.10351562e-05
-0.910266192 -0.249272483 0.00553325827 0 0 0 6.10351562e-05
-0.625234982 -0.362072168 0.606820046 0 0 0 6.10351562e-05
-0.512501784 -0.0745627391 0.0237907774 0 0 0 6.10351562e-05
0.555999808 -0.624548542 -0.0276917224 0 0 0 6.10351562e-05
-0.0974250526 0.184789515 -0.217523001 0 0 0 6.10351562e-05
-0.476332682 -0.196126652 -0.450655551 0 0 0 6.10351562e-05
-0.0513864935 0.267254645 0.686616646 0 0 0 6.10351562e-05
-0.665451518 -0.0730356355 -0.713294941 0 0 0 6.10351562e-05
-0.723722575 -0.189719827 0.390415637 0 0 0 6.10351562e-05
-0.140601521 0.401076645 -0.197806784 0 0 0 6.10351562e-05
0.656594428 -0.58626604 -0.265138991 0 0 0 6.10351562e-05
0.582426989 -0.321097443 0.35608019 0 0 0 6.10351562e-05
-0.265340441 -0.14904343 -0.425812896 0 0 0 6.10351562e-05
-0.237356374 -0.520953109 -0.548703673 0 0 0 6.10351562e-05
0.1286335 -0.615503988 0.259185662 0 0 0 6.10351562e-05
-0.335464439 -0.0376581078 0.0225223289 0 0 0 6.10351562e-05
-0.395897083 0.0528113005 -0.321775441 0 0 0 6.10351562e-05
0.316316631 0.301922496 0.168831475 0 0 0 6.10351562e-05
0.426854787 -0.819803274 0.339449083 0 0 0 6.10351562e-05
0.0445308429 0.062675346 -0.784590162 0 0 0 6.10351562e-05
0.181073586 0.231003013 0.377442448 0 0 0 6.10351562e-05
0.560302435 -0.535117502 -0.604247962 0 0 0 6.10351562e-05
-0.778044977 0.106605886 -0.555910039 0 0 0 6.10351562e-05
0.703503472 0.0181795316 0.219811487 0 0 0 6.10351562e-05
0.425055752 0.610721327 0.497041161 0 0 0 6.10351562e-05
-0.109968238 -0.0491310549 0.441318724 0 0 0 6.10351562e-05
-0.402143638 -0.22091963 -0.58432772 0 0 0 6.10351562e-05
0.568176725 -0.548436451 0.245386994 0 0 0 6.10351562e-05
-0.0805100437 -0.207730601 -0.907492725 0 0 0 6.10351562e-05
0.501997787 -0.024454302 -0.178307416 0 0 0 6.10351562e-05
-0.75598679 0.212344249 -0.184621074 0 0 0 6.10351562e-05
-0.423213477 -0.32554254 -0.512576298 0 0 0 6.10351562e-05
0.941582897 0.212309691 0.0551279348 0 0 0 6.10351562e-05
0.263266486 -0.107248899 -0.0371897067 0 0 0 6.10351562e-05
-0.442376121 -0.156862976 0.448963908 0 0 0 6.10351562e-05
0.768695042 -0.0248418717 0.595922758 0 0 0 6.10351562e-05
-0.392015156 0.79742861 -0.427376581 0 0 0 6.10351562e-05
0.311714297 -0.630837423 -0.243211849 0 0 0 6.10351562e-05
0.337382431 -0.349125214 -0.542124198 0 0 0 6.10351562e-05
-0.237712573 0.162929143 -0.635802269 0 0 0 6.10351562e-05
-0.658567588 0.238293595 -0.158115819 0 0 0 6.10351562e-05
0.767250563 0.536609827 -0.235954886 0 0 0 6.10351562e-05
0.0185297707 0.152802123 0.852550124 0 0 0 6.10351562e-05
-0.537802549 0.342340896 -0.496950656 0 0 0 6.10351562e-05
0.416449701 0.187254297 0.405088636 0 0 0 6.10351562e-05
0.176126294 -0.696565478 0.16830936 0 0 0 6.10351562e-05
0.426564408 0.0917505842 0.294037775 0 0 0 6.10351562e-05
0.597546987 -0.340556836 0.629802126 0 0 0 6.10351562e-05
0.248963355 -0.236110019 0.820764513 0 0 0 6.10351562e-05
0.297650625 -0.610164947 -0.014578552 0 0 0 6.10351562e-05
0.266152271 -0.68057093 0.456400671 0 0 0 6.10351562e-05
-0.216248059 -0.3315627 0.495049878 0 0 0 6.10351562e-05
0.147681913 0.430657557 -0.185128349 0 0 0 6.10351562e-05
0.16317622 -0.249934321 -0.586853695 0 0 0 6.10351562e-05
-0.256223704 -0.0958759563 0.445728367 0 0 0 6.10351562e-05
0.23774031 0.459155161 -0.0282853191 0 0 0 6.10351562e-05
0.596255243 -0.238028837 -0.709829772 0 0 0 6.10351562e-05
-0.291627259 0.66937953 -0.0713903285 0 0 0 6.10351562e-05
0.573797831 0.109989982 -0.441551415 0 0 0 6.10351562e-05
0.425968136 -0.850156634 -0.221608222 0 0 0 6.10351562e-05
-0.560071439 0.702703384 -0.362749977 0 0 0 6.10351562e-05
0.853961513 0.082640704 0.423613724 0 0 0 6.10351562e-05
0.123609708 -0.725867578 0.184077249 0 0 0 6.10351562e-05
-0.151386793 -0.947867964 -0.106491292 0 0 0 6.10351562e-05
0.597619281 -0.79280322 -0.00513544415 0 0 0 6.10351562e-05
0.488704866 -0.133689544 -0.161129378 0 0 0 6.10351562e-05
0.333342339 -0.58906712 -0.142757331 0 0 0 6.10351562e-05
0.462581268 -0.557030476 -0.0116823363 0 0 0 6.10351562e-05
-0.296145345 0.175038545 0.742723181 0 0 0 6.10351562e-05
0.0920144687 -0.647534046 -0.219733176 0 0 0 6.10351562e-05
0.256291566 0.558586907 0.17776454 0 0 0 6.10351562e-05
0.451635753 0.368776809 -0.389868279 0 0 0 6.10351562e-05
0.616366905 -0.251927672 -0.353950101 0 0 0 6.10351562e-05
-0.381088011 -0.551105345 -0.420522996 0 0 0 6.10351562e-05
0.0169233851 -0.0680117955 0.835738477 0 0 0 6.10351562e-05
0.0451122348 -0.0691179133 0.128252768 0 0 0 6.10351562e-05
0.0756949972 0.388830808 0.142823917 0 0 0 6.10351562e-05
-0.392517309 -0.342651801 0.421284404 0 0 0 6.10351562e-05
-0.043197739 0.620701826 -0.736070565 0 0 0 6.10351562e-05
-0.824267231 0.384282645 -0.282514034 0 0 0 6.10351562e-05
0.0831027234 0.25879343 0.143570644 0 0 0 6.10351562e-05
-0.835221188 -0.255593671 -0.123814917 0 0 0 6.10351562e-05
0.462847832 0.260884689 -0.606088968 0 0 0 6.10351562e-05
0.560463588 -0.670734047 -0.139594936 0 0 0 6.10351562e-05
0.513158938 0.453749656 0.0314546731 0 0 0 6.10351562e-05
-0.000204841853 0.0358427227 0.537211494 0 0 0 6.10351562e-05
0.0040330292 -0.662817908 -0.687697071 0 0 0 6.10351562e-05
-0.160674828 -0.103769847 -0.762464196 0 0 0 6.10351562e-05
0.321423376 0.266303007 -0.113950005 0 0 0 6.10351562e-05
-0.552257759 0.506664618 -0.546801777 0 0 0 6.10351562e-05
-0.289553932 -0.146992898 -0.665028167 0 0 0 6.10351562e-05
-0.904299471 -0.213201771 0.0684124491 0 0 0 6.10351562e-05
-0.0962099601 -0.679114977 0.114145078 0 0 0 6.10351562e-05
-0.103793227 -0.217647951 -0.231544978 0 0 0 6.10351562e-05
-0.448559078 0.236139044 0.861344963 0 0 0 6.10351562e-05
-0.117190515 0.0161310653 0.245680129 0 0 0 6.10351562e-05
0.224769232 -0.223515272 0.614727602 0 0 0 6.10351562e-05
-0.848869299 0.24702708 -0.032490739 0 0 0 6.10351562e-05
-0.0304163152 -0.250528629 0.504832818 0 0 0 6.10351562e-05
-0.0406419011 0.856911868 0.142022631 0 0 0 6.10351562e-05
-0.262871974 -0.379260602 0.555546818 0 0 0 6.10351562e-05
0.525479807 0.555650648 0.392530061 0 0 0 6.10351562e-05
0.568082623 0.0317902214 0.258723402 0 0 0 6.10351562e-05
0.134223185 -0.115616979 0.587965992 0 0 0 6.10351562e-05
0.319404805 0.434997407 0.285351938 0 0 0 6.10351562e-05
-0.336517164 -0.176431173 -0.469409148 0 0 0 6.10351562e-05
-0.0673544537 -0.838901874 0.242155179 0 0 0 6.10351562e-05
0.211762963 -0.11566302 0.199652604 0 0 0 6.10351562e-05
-0.707469276 -0.136772428 0.637674049 0 0 0 6.10351562e-05
-0.478134622 0.344097553 -0.620159669 0 0 0 6.10351562e-05
0.227722479 0.149989318 -0.346325539 0 0 0 6.10351562e-05
0.655066159 -0.379431888 0.467547348 0 0 0 6.10351562e-05
-0.143386115 -0.222919209 0.222107155 0 0 0 6.10351562e-05
-0.305765038 0.160909543 0.85722549 0 0 0 6.10351562e-05
0.682850237 -0.0859427682 -0.0577467993 0 0 0 6.10351562e-05
0.343524491 0.654402939 0.299667991 0 0 0 6.10351562e-05
-0.872614278 0.193957895 -0.346197323 0 0 0 6.10351562e-05
-0.660905018 -0.00869878389 -0.168975996 0 0 0 6.10351562e-05
-0.355381449 0.891938692 -0.169421143 0 0 0 6.10351562e-05
0.543828008 0.507261559 0.555332665 0 0 0 6.10351562e-05
0.239057404 -0.41723337 0.0386151916 0 0 0 6.10351562e-05
0.0257529177 0.869679056 0.211424985 0 0 0 6.10351562e-05
0.392959462 -0.645220082 -0.29818658 0 0 0 6.10351562e-05
-0.239377716 0.238111824 -0.0856543656 0 0 0 6.10351562e-05
0.602261419 0.69916631 -0.329377915 0 0 0 6.10351562e-05
0.0865283834 -0.279027014 0.746206211 0 0 0 6.10351562e-05
-0.123345876 0.679155365 -0.229945045 0 0 0 6.10351562e-05
0.646260906 -0.173713542 -0.594050475 0 0 0 6.10351562e-05
0.127583311 0.776218884 0.473556982 0 0 0 6.10351562e-05
0.739289008 -0.2056913 0.177690194 0 0 0 6.10351562e-05
0.408365195 0.17356872 0.133432255 0 0 0 6.10351562e-05
-0.217075035 0.385671296 0.301642022 0 0 0 6.10351562e-05
0.407939182 -0.227019495 -0.860220144 0 0 0 6.10351562e-05
-0.583629455 0.513901491 0.0662291606 0 0 0 6.10351562e-05
0.380975614 0.373514839 -0.68607977 0 0 0 6.10351562e-05
0.205317385 0.426819079 0.0700042534 0 0 0 6.10351562e-05
-0.229985239 -0.363361763 -0.888480892 0 0 0 6.10351562e-05
0.367015519 -0.10237087 -0.699702649 0 0 0 6.10351562e-05
0.807528943 0.0788990765 0.159148056 0 0 0 6.10351562e-05
-0.478893808 -0.312178635 0.390819974 0 0 0 6.10351562e-05
0.141017858 -0.908979636 -0.337237375 0 0 0 6.10351562e-05
0.223801855 -0.288067362 0.462701174 0 0 0 6.10351562e-05
0.31944427 -0.398137855 0.513727795 0 0 0 6.10351562e-05
0.13073895 -0.0571409844 0.660074034 0 0 0 6.10351562e-05
0.375795625 -0.25403255 -0.548642932 0 0 0 6.10351562e-05
-0.62020871 -0.522102858 0.48731061 0 0 0 6.10351562e-05
0.690757281 -0.115577469 0.0927001697 0 0 0 6.10351562e-05
0.955089758 -0.175182216 0.137223855 0 0 0 6.10351562e-05
0.879704746 0.0360951472 0.212824548 0 0 0 6.10351562e-05
0.236034813 -0.364993246 -0.380826863 0 0 0 6.10351562e-05
-0.633490333 0.630608552 -0.0833891466 0 0 0 6.10351562e-05
0.889620861 -0.347429957 0.0283607732 0 0 0 6.10351562e-05
0.078597041 -0.508453838 0.837486169 0 0 0 6.10351562e-05
-0.485672878 -0.332554873 0.286970252 0 0 0 6.10351562e-05
0.323588179 0.161499845 -0.290857628 0 0 0 6.10351562e-05
0.529984859 -0.182072031 0.324217645 0 0 0 6.10351562e-05
0.581345192 0.70275028 -0.311336626 0 0 0 6.10351562e-05
-0.122650643 -0.904808486 0.0792388329 0 0 0 6.10351562e-05
-0.147397496 -0.59408765 0.163577072 0 0 0 6.10351562e-05
0.760920823 0.321501876 0.480326279 0 0 0 6.10351562e-05
-0.883849308 -0.257207998 0.308907331 0 0 0 6.10351562e-05
-0.815829252 0.306688183 -0.379441354 0 0 0 6.10351562e-05
-0.7311613 0.0193328539 0.236544797 0 0 0 6.10351562e-05
-0.81835528 0.245777221 0.177138369 0 0 0 6.10351562e-05
-0.278854095 0.690665865 -0.517285236 0 0 0 6.10351562e-05
0.467202736 0.113343908 0.230724489 0 0 0 6.10351562e-05
-0.167413655 0.606700982 0.626764538 0 0 0 6.10351562e-05
0.660082397 0.272104213 -0.407313963 0 0 0 6.10351562e-05
0.665312606 0.620135195 0.0729449358 0 0 0 6.10351562e-05
-0.21932283 0.321189592 0.0689448055 0 0 0 6.10351562e-05
0.116513958 0.271592994 0.420804149 0 0 0 6.10351562e-05
0.0571490262 -0.503487684 -0.558181912 0 0 0 6.10351562e-05
-0.858742522 -0.351961251 -0.238553591 0 0 0 6.10351562e-05
0.653042716 -0.741977946 0.112510116 0 0 0 6.10351562e-05
-0.639978867 0.64857377 -0.112915154 0 0 0 6.10351562e-05
0.332122884 0.460770004 -0.690110496 0 0 0 6.10351562e-05
-0.262001087 -0.545300549 0.217996706 0 0 0 6.10351562e-05
-0.450096857 -0.249383318 0.0600877895 0 0 0 6.10351562e-05
-0.0786421012 0.870264826 -0.396449341 0 0 0 6.10351562e-05
0.189862525 -0.682902552 0.128753839 0 0 0 6.10351562e-05
-0.0774610619 -0.702900895 -0.501868353 0 0 0 6.10351562e-05
-0.277767991 -0.324690277 -0.128932902 0 0 0 6.10351562e-05
-0.823917854 0.108807686 0.0880176605 0 0 0 6.10351562e-05
0.00335480824 -0.753927084 -0.596675861 0 0 0 6.10351562e-05
-0.0486349272 -0.480457085 0.306815848 0 0 0 6.10351562e-05
-0.477912337 0.582748434 -0.211031948 0 0 0 6.10351562e-05
-0.280647707 -0.0149399379 0.871150833 0 0 0 6.10351562e-05
-0.443575038 0.24042393 0.839098208 0 0 0 6.10351562e-05
0.130517173 0.643282669 0.251532617 0 0 0 6.10351562e-05
-0.535170659 0.0588693013 0.366758777 0 0 0 6.10351562e-05
0.181616168 0.25881195 -0.491564254 0 0 0 6.10351562e-05
-0.330810364 -0.805487764 -0.128583289 0 0 0 6.10351562e-05
0.14821548 0.0827894356 0.425546024 0 0 0 6.10351562e-05
-0.718003681 0.251074909 -0.648491341 0 0 0 6.10351562e-05
0.21357834 0.307376087 -0.307559244 0 0 0 6.10351562e-05
0.143795965 -0.965130882 0.183540978 0 0 0 6.10351562e-05
0.420215268 0.435681734 -0.502716058 0 0 0 6.10351562e-05
0.392357725 0.208422138 -0.0213829275 0 0 0 6.10351562e-05
0.533768197 0.0931587795 -0.376838655 0 0 0 6.10351562e-05
-0.60490366 -0.167332074 0.0221124846 0 0 0 6.10351562e-05
0.318360094 -0.628854807 -0.294187227 0 0 0 6.10351562e-05
-0.595771561 0.693029358 0.1814276 0 0 0 6.10351562e-05
0.13157622 -0.424191991 0.369834503 0 0 0 6.10351562e-05
-0.0999508298 -0.373463968 0.13386019 0 0 0 6.10351562e-05
0.620656641 0.023801638 -0.598582129 0 0 0 6.10351562e-05
-0.0610764751 0.263117829 0.947789484 0 0 0 6.10351562e-05
-0.314744318 -0.0880343385 -0.908395342 0 0 0 6.10351562e-05
-0.264952053 0.864196416 0.342648324 0 0 0 6.10351562e-05
0.191417124 0.359166203 0.814894726 0 0 0 6.10351562e-05
-0.140686092 0.49418046 0.349271924 0 0 0 6.10351562e-05
-0.114618186 0.357231159 -0.525141309 0 0 0 6.10351562e-05
-0.890297504 -0.350580308 0.250435478 0 0 0 6.10351562e-05
-0.656711533 0.20860461 -0.26385259 0 0 0 6.10351562e-05
-0.11383483 -0.283312614 0.79083449 0 0 0 6.10351562e-05
0.12502749 -0.0486091056 -0.421286997 0 0 0 6.10351562e-05
-0.176069703 -0.89361508 0.392595895 0 0 0 6.10351562e-05
-0.0665377084 -0.779115022 -0.00131058083 0 0 0 6.10351562e-05
-0.490495283 -0.102223104 -0.321723026 0 0 0 6.10351562e-05
0.725502241 0.00197743562 0.392082312 0 0 0 6.10351562e-05
0.101119129 0.300901198 0.681916212 0 0 0 6.10351562e-05
0.306859367 0.579894259 -0.254735548 0 0 0 6.10351562e-05
0.590075845 -0.0928595512 0.613112157 0 0 0 6.10351562e-05
-0.0660151022 0.874543694 0.00426165066 0 0 0 6.10351562e-05
0.482059793 -0.616721462 -0.569164146 0 0 0 6.10351562e-05
0.311116948 -0.474737259 -0.234261454 0 0 0 6.10351562e-05
0.44648348 0.321449583 -0.173698741 0 0 0 6.10351562e-05
-0.0196292386 -0.263057529 -0.28646743 0 0 0 6.10351562e-05
0.60553816 0.105986098 -0.66333313 0 0 0 6.10351562e-05
0.597921022 0.0552224487 0.239495488 0 0 0 6.10351562e-05
0.772998268 -0.353805434 0.457562967 0 0 0 6.10351562e-05
-0.695404893 0.0890741155 -0.405459119 0 0 0 6.10351562e-05
-0.350100958 0.882377908 0.080896142 0 0 0 6.10351562e-05
-0.278587751 0.454050112 -0.490748801 0 0 0 6.10351562e-05
0.702994221 -0.325150866 -0.490803328 0 0 0 6.10351562e-05
-0.342902903 -0.253852254 0.161121958 0 0 0 6.10351562e-05
0.682037942 0.13961883 0.336316657 0 0 0 6.10351562e-05
0.697720406 0.340092694 0.145855589 0 0 0 6.10351562e-05
-0.0571512001 0.389012513 0.0692982496 0 0 0 6.10351562e-05
0.134961986 -0.361631249 -0.435668464 0 0 0 6.10351562e-05
-0.125780763 0.695665122 -0.308466583 0 0 0 6.10351562e-05
0.047958567 0.793346122 0.162186517 0 0 0 6.10351562e-05
-0.441048038 -0.191053665 0.678324928 0 0 0 6.10351562e-05
-0.528987099 -0.502773924 -0.17549078 0 0 0 6.10351562e-05
-0.863953653 -0.266074435 0.05503152 0 0 0 6.10351562e-05
-0.705698464 -0.444901518 -0.016691322 0 0 0 6.10351562e-05
-0.405089176 -0.482647778 -0.589510022 0 0 0 6.10351562e-05
-0.459331385 0.173888705 -0.587858395 0 0 0 6.10351562e-05
-0.468517023 -0.72676295 -0.221036111 0 0 0 6.10351562e-05
-0.947676532 -0.0019218027 0.102924451 0 0 0 6.10351562e-05
-0.305967928 -0.876233064 -0.185453416 0 0 0 6.10351562e-05
0.391129181 -0.195436588 0.415188423 0 0 0 6.10351562e-05
0.5886438 0.217205607 0.541469988 0 0 0 6.10351562e-05
-0.453534912 0.578027006 0.313199539 0 0 0 6.10351562e-05
0.538955636 0.0885492741 -0.527531535 0 0 0 6.10351562e-05
-0.376381819 0.167808843 -0.147222532 0 0 0 6.10351562e-05
0.281454555 -0.763905636 -0.549573172 0 0 0 6.10351562e-05
0.0392129461 0.822318039 0.0435825514 0 0 0 6.10351562e-05
0.190110327 0.17689554 0.523192896 0 0 0 6.10351562e-05
0.483553271 -0.136287259 0.0791876293 0 0 0 6.10351562e-05
0.0433404956 0.453928912 -0.0149876037 0 0 0 6.10351562e-05
0.58271919 -0.388040254 0.18304643 0 0 0 6.10351562e-05
0.0238289164 0.530222349 0.477920058 0 0 0 6.10351562e-05
-0.599943409 0.529561982 -0.0598443305 0 0 0 6.10351562e-05
-0.454177266 0.653435431 0.503865499 0 0 0 6.10351562e-05
-0.149408323 0.536239741 -0.00864742894 0 0 0 6.10351562e-05
-0.0939820915 0.467797519 0.427968912 0 0 0 6.10351562e-05
0.213579924 0.899646517 -0.346251359 0 0 0 6.10351562e-05
0.719676925 0.311474155 0.192853132 0 0 0 6.10351562e-05
0.404280782 0.390549788 0.526826649 0 0 0 6.10351562e-05
-0.277422459 -0.196378675 0.82526013 0 0 0 6.10351562e-05
-0.516071966 -0.327467344 -0.289807174 0 0 0 6.10351562e-05
0.205861688 -0.250985321 -0.576477499 0 0 0 6.10351562e-05
0.368505053 0.526394524 -0.155678507 0 0 0 6.10351562e-05
-0.363153549 0.251593242 -0.106895389 0 0 0 6.10351562e-05
-0.528000136 0.150038707 0.360437717 0 0 0 6.10351562e-05
0.314585265 -0.871109993 0.232495445 0 0 0 6.10351562e-05
0.0262466998 -0.478210987 -0.767027784 0 0 0 6.10351562e-05
0.252256403 -0.421528486 0.474881982 0 0 0 6.10351562e-05
0.117847649 -0.222979209 0.468273982 0 0 0 6.10351562e-05
0.456936125 -0.458929041 -0.0909850886 0 0 0 6.10351562e-05
0.324411199 -0.671225415 -0.157202401 0 0 0 6.10351562e-05
-0.00999647172 0.0511062128 0.726510045 0 0 0 6.10351562e-05
-0.612675815 0.182947971 0.63287281 0 0 0 6.10351562e-05
0.323674419 0.139241228 -0.813208168 0 0 0 6.10351562e-05
0.732221788 0.297067224 -0.367899368 0 0 0 6.10351562e-05
-0.258574157 -0.159198698 -0.386944782 0 0 0 6.10351562e-05
-0.503990864 -0.154479993 0.285185544 0 0 0 6.10351562e-05
0.466510092 0.127353364 -0.730357041 0 0 0 6.10351562e-05
-0.17173977 -0.00960082468 0.289639252 0 0 0 6.10351562e-05
-0.097693211 -0.210801337 -0.643034026 0 0 0 6.10351562e-05
0.0670498912 -0.767890319 -0.228027656 0 0 0 6.10351562e-05
-0.116030605 -0.191521374 -0.254389041 0 0 0 6.10351562e-05
-0.826355046 -0.0768915942 -0.273913812 0 0 0 6.10351562e-05
-0.0154468383 0.664567561 -0.622183951 0 0 0 6.10351562e-05
0.577851581 -0.584354431 -0.492362044 0 0 0 6.10351562e-05
0.404382296 -0.799738273 -0.412672089 0 0 0 6.10351562e-05
0.573048607 -0.605366318 -0.0367172993 0 0 0 6.10351562e-05
0.847887486 0.20949838 0.332760001 0 0 0 6.10351562e-05
-0.346201678 -0.471131803 0.78576006 0 0 0 6.10351562e-05
0.352271225 0.58826925 -0.424565532 0 0 0 6.10351562e-05
0.7212283 -0.452034407 0.524372357 0 0 0 6.10351562e-05
0.786010505 0.101413143 -0.531090558 0 0 0 6.10351562e-05
0.270667453 -0.519520135 -0.167802923 0 0 0 6.10351562e-05
-0.335604133 -0.186154694 -0.369644663 0 0 0 6.10351562e-05
0.52313908 -0.31261546 0.289849825 0 0 0 6.10351562e-05
0.887299744 -0.159549216 -0.204090257 0 0 0 6.10351562e-05
0.0197659374 0.254972766 0.647534002 0 0 0 6.10351562e-05
0.750707014 -0.470796441 -0.275816119 0 0 0 6.10351562e-05
0.197775043 0.182136495 0.90479332 0 0 0 6.10351562e-05
0.127300494 0.0398693808 0.583034536 0 0 0 6.10351562e-05
-0.617062633 -0.395702351 0.0193307761 0 0 0 6.10351562e-05
0.255038663 0.545676904 -0.628591301 0 0 0 6.10351562e-05
0.101058822 0.543736237 0.0903916836 0 0 0 6.10351562e-05
0.458040557 0.756400432 -0.334907808 0 0 0 6.10351562e-05
0.0517584522 -0.549006658 0.155035738 0 0 0 6.10351562e-05
0.60554732 0.427630169 -0.333033608 0 0 0 6.10351562e-05
-0.455014623 0.379089 -0.521114407 0 0 0 6.10351562e-05
-0.230240679 0.49573851 0.705003776 0 0 0 6.10351562e-05
-0.380527644 0.132728558 0.679837648 0 0 0 6.10351562e-05
0.0482736814 -0.318572124 0.585354084 0 0 0 6.10351562e-05
-0.573343653 -0.541904818 -0.441961322 0 0 0 6.10351562e-05
0.175072964 0.540712007 0.508615536 0 0 0 6.10351562e-05
-0.143754929 0.535409274 0.598698665 0 0 0 6.10351562e-05
0.564457152 0.115629396 0.0374000636 0 0 0 6.10351562e-05
-0.00655555575 0.945132592 -0.303455558 0 0 0 6.10351562e-05
0.680490174 0.0678227822 -0.208943776 0 0 0 6.10351562e-05
0.290305243 0.866369504 0.17754989 0 0 0 6.10351562e-05
-0.502973421 0.471395972 0.498414535 0 0 0 6.10351562e-05
-0.257577076 -0.460015883 0.368125326 0 0 0 6.10351562e-05
-0.152643205 0.677507034 -0.423339637 0 0 0 6.10351562e-05
-0.618647433 -0.635571394 0.214124394 0 0 0 6.10351562e-05
-0.213600904 -0.77521445 -0.127263865 0 0 0 6.10351562e-05
-0.610706642 -0.402563715 0.531263408 0 0 0 6.10351562e-05
0.0617992794 0.796097635 -0.487112378 0 0 0 6.10351562e-05
-0.0130007436 0.243757109 0.788157083 0 0 0 6.10351562e-05
-0.127606428 -0.0477743287 0.318885807 0 0 0 6.10351562e-05
-0.585453464 -0.707339265 -0.248795331 0 0 0 6.10351562e-05
-0.200149932 -0.603832528 -0.662763194 0 0 0 6.10351562e-05
-0.339164078 0.560788239 -0.476174996 0 0 0 6.10351562e-05
-0.728028379 0.203116162 -0.654480517 0 0 0 6.10351562e-05
-0.538095566 -0.0641525864 -0.0826895877 0 0 0 6.10351562e-05
0.463129495 0.0584337052 -0.680337746 0 0 0 6.10351562e-05
-0.802790953 -0.582548509 0.0134493106 0 0 0 6.10351562e-05
0.112767274 -0.589389424 0.205303546 0 0 0 6.10351562e-05
-0.0948528883 -0.313851332 0.237945989 0 0 0 6.10351562e-05
-0.173493132 -0.731839604 0.576205674 0 0 0 6.10351562e-05
-0.323174241 0.0551499677 0.920883467 0 0 0 6.10351562e-05
0.291554044 0.296823089 0.349960396 0 0 0 6.10351562e-05
0.630372487 -0.128307265 -0.438131426 0 0 0 6.10351562e-05
-0.293383032 0.53783591 0.127508433 0 0 0 6.10351562e-05
0.629157625 0.610252248 0.305049342 0 0 0 6.10351562e-05
0.0687490373 0.684622283 0.489193875 0 0 0 6.10351562e-05
-0.167082259 0.471030472 0.68775255 0 0 0 6.10351562e-05
0.507567567 0.186506964 -0.295365248 0 0 0 6.10351562e-05
0.383036882 -0.385645136 -0.370600729 0 0 0 6.10351562e-05
0.0767424354 -0.363310444 -0.576341943 0 0 0 6.10351562e-05
-0.414591349 0.793151109 -0.121299639 0 0 0 6.10351562e-05
-0.375444488 0.35095171 0.484284552 0 0 0 6.10351562e-05
0.0645098458 0.259516883 0.397265973 0 0 0 6.10351562e-05
0.183057834 -0.406188936 -0.641843176 0 0 0 6.10351562e-05
0.691251745 -0.215905571 -0.362531619 0 0 0 6.10351562e-05
0.762093929 0.101022276 -0.0484444138 0 0 0 6.10351562e-05
0.499042495 0.200836751 0.149250449 0 0 0 6.10351562e-05
-0.210879797 0.253297452 0.655744244 0 0 0 6.10351562e-05
0.0952415027 -0.0328727155 0.0090695792 0 0 0 6.10351562e-05
0.547319181 0.104578411 -0.760856241 0 0 0 6.10351562e-05
0.0244725657 -0.372460989 0.644194059 0 0 0 6.10351562e-05
-0.29866057 0.111555457 0.575826943 0 0 0 6.10351562e-05
-0.126242906 -0.378986819 0.313960996 0 0 0 6.10351562e-05
-0.38560133 -0.241382023 -0.1496171 0 0 0 6.10351562e-05
0.112927975 -0.0234967082 -0.953118426 0 0 0 6.10351562e-05
-0.396397887 0.22516364 -0.277881263 0 0 0 6.10351562e-05
-0.321222585 -0.282905443 0.776281685 0 0 0 6.10351562e-05
-0.319224248 -0.226609237 0.396703036 0 0 0 6.10351562e-05
-0.841580316 0.291185383 0.224274584 0 0 0 6.10351562e-05
0.417056653 0.0411889532 -0.0180362105 0 0 0 6.10351562e-05
0.25054757 -0.509349014 0.289959221 0 0 0 6.10351562e-05
0.104236524 0.0305024394 0.991857034 0 0 0 6.10351562e-05
-0.176382989 0.472202361 -0.700939883 0 0 0 6.10351562e-05
-0.114695666 -0.847396371 -0.274860154 0 0 0 6.10351562e-05
0.367108187 -0.663953241 0.136079595 0 0 0 6.10351562e-05
-0.59781585 0.347173356 0.194455218 0 0 0 6.10351562e-05
-0.447350536 0.180596649 0.379916019 0 0 0 6.10351562e-05
-0.250610425 -0.1430065 0.124459764 0 0 0 6.10351562e-05
0.0485752918 0.577226517 -0.380859015 0 0 0 6.10351562e-05
0.975796719 -0.0904651754 -0.125618364 0 0 0 6.10351562e-05
0.113818593 -0.799878904 -0.452631046 0 0 0 6.10351562e-05
-0.519654736 0.359483388 -0.351500291 0 0 0 6.10351562e-05
-0.640500116 0.347122346 -0.248272745 0 0 0 6.10351562e-05
0.0376657898 0.473573224 0.100014373 0 0 0 6.10351562e-05
-0.652955454 0.0796370882 -0.431206256 0 0 0 6.10351562e-05
0.82601849 0.532370768 -0.073611441 0 0 0 6.10351562e-05
-0.449479923 -0.558114511 -0.268914296 0 0 0 6.10351562e-05
0.537827806 0.146276824 0.304996849 0 0 0 6.10351562e-05
-0.152515869 0.599559197 -0.126474 0 0 0 6.10351562e-05
-0.733147261 0.22646862 0.255133992 0 0 0 6.10351562e-05
-0.0401242658 -0.390289526 0.754024821 0 0 0 6.10351562e-05
0.147055168 0.108666688 0.148169759 0 0 0 6.10351562e-05
0.783713603 -0.174478685 0.586632698 0 0 0 6.10351562e-05
-0.391280763 -0.0272252223 0.109113482 0 0 0 6.10351562e-05
0.226749837 -0.279038708 -0.653050704 0 0 0 6.10351562e-05
-0.263886769 -0.531939838 0.609892213 0 0 0 6.10351562e-05
-0.148447546 -0.450553275 -0.760760953 0 0 0 6.10351562e-05
-0.518166868 -0.0150320265 0.628914155 0 0 0 6.10351562e-05
-0.214267446 -0.443141794 -0.101485479 0 0 0 6.10351562e-05
-0.0846745995 -0.0499677963 -0.715962846 0 0 0 6.10351562e-05
0.0688322405 0.562109544 0.460629805 0 0 0 6.10351562e-05
0.108933889 -0.511974796 -0.771487165 0 0 0 6.10351562e-05
0.562902157 0.244381032 -0.0797941682 0 0 0 6.10351562e-05
0.176120701 0.571069896 -0.44827607 0 0 0 6.10351562e-05
0.296672243 0.444936515 0.23691257 0 0 0 6.10351562e-05
-0.508178947 0.55766376 -0.445770952 0 0 0 6.10351562e-05
0.253262623 -0.285689458 -0.204214826 0 0 0 6.10351562e-05
-0.370410365 -0.66286477 -0.24642429 0 0 0 6.10351562e-05
-0.121829755 0.412506205 0.327686601 0 0 0 6.10351562e-05
0.795169532 0.242809173 -0.21021265 0 0 0 6.10351562e-05
0.337445013 0.208350792 0.759748018 0 0 0 6.10351562e-05
-0.11003582 0.478314237 0.330617348 0 0 0 6.10351562e-05
-0.0816267126 0.555627891 -0.627411509 0 0 0 6.10351562e-05
-0.0148306128 -0.451053548 0.669220308 0 0 0 6.10351562e-05
-0.236555322 0.0317349831 0.902303204 0 0 0 6.10351562e-05
0.135765332 0.434470488 -0.758369954 0 0 0 6.10351562e-05
-0.790758342 0.387445629 -0.0883957536 0 0 0 6.10351562e-05
-0.389142967 -0.255322636 0.532357515 0 0 0 6.10351562e-05
-0.43450358 0.081006855 -0.28965662 0 0 0 6.10351562e-05
-0.535094708 -0.147971701 0.0816920258 0 0 0 6.10351562e-05
0.320516071 -0.56777648 -0.529953748 0 0 0 6.10351562e-05
-0.0216333288 0.462493301 -0.495361646 0 0 0 6.10351562e-05
0.533906983 -0.18135261 -0.434855601 0 0 0 6.10351562e-05
-0.363265842 -0.525519564 0.382244647 0 0 0 6.10351562e-05
0.464651408 0.477938468 -0.701834816 0 0 0 6.10351562e-05
-0.251411018 -0.46321433 0.307545844 0 0 0 6.10351562e-05
-0.566840106 0.223550494 -0.275615304 0 0 0 6.10351562e-05
0.634079456 -0.722194794 -0.199100818 0 0 0 6.10351562e-05
-0.436889921 0.193999157 0.112621642 0 0 0 6.10351562e-05
0.831799479 -0.162631225 -0.0920527927 0 0 0 6.10351562e-05
0.0701765776 -0.549435539 -0.0592636523 0 0 0 6.10351562e-05
0.517074209 0.261174249 -0.806818169 0 0 0 6.10351562e-05
-0.0124973182 -0.223235059 0.0966541033 0 0 0 6.10351562e-05
0.322672588 -0.342325806 -0.39936141 0 0 0 6.10351562e-05
-0.236687751 0.388276078 -0.570914979 0 0 0 6.10351562e-05
-0.424657962 0.802275136 0.195794974 0 0 0 6.10351562e-05
0.15206129 -0.199615166 0.878958828 0 0 0 6.10351562e-05
-0.558349427 -0.548813086 -0.357260511 0 0 0 6.10351562e-05
-0.209721523 0.702883538 -0.418700091 0 0 0 6.10351562e-05
0.0984475592 0.262464144 -0.206385948 0 0 0 6.10351562e-05
0.317201324 -0.0921506387 0.00148291126 0 0 0 6.10351562e-05
0.0569924218 -0.70710138 0.34146152 0 0 0 6.10351562e-05
-0.0223129215 0.449372988 0.221136217 0 0 0 6.10351562e-05
-0.305998021 -0.720227786 0.598526616 0 0 0 6.10351562e-05
0.42274858 -0.257036567 -0.101683846 0 0 0 6.10351562e-05
-0.046407338 0.334686836 -0.894181311 0 0 0 6.10351562e-05
-0.559578695 -0.167207566 -0.789952657 0 0 0 6.10351562e-05
-0.333501953 -0.00849601663 0.508386849 0 0 0 6.10351562e-05
-0.32552426 -0.54671093 0.291108354 0 0 0 6.10351562e-05
0.430621722 -0.468192259 0.613421575 0 0 0 6.10351562e-05
0.180853969 -0.640918881 0.184380502 0 0 0 6.10351562e-05
0.00548890422 -0.45842758 -0.466877725 0 0 0 6.10351562e-05
-0.371452649 0.285894349 0.668425029 0 0 0 6.10351562e-05
0.305133991 -0.459553058 0.628131751 0 0 0 6.10351562e-05
-0.122706277 0.217730179 0.273210195 0 0 0 6.10351562e-05
0.668632801 -0.655067867 0.118334434 0 0 0 6.10351562e-05
-0.425172843 0.0854563563 -0.379497747 0 0 0 6.10351562e-05
0.565634492 0.403175634 0.397623979 0 0 0 6.10351562e-05
-0.220729011 -0.026062699 0.0476328593 0 0 0 6.10351562e-05
0.706149529 0.476460645 0.00324666448 0 0 0 6.10351562e-05
-0.742993981 0.458898 -0.392221864 0 0 0 6.10351562e-05
0.122741953 0.355351718 0.675239892 0 0 0 6.10351562e-05
-0.635509825 0.495893537 0.491425358 0 0 0 6.10351562e-05
-0.482289743 0.106746687 0.702418613 0 0 0 6.10351562e-05
0.894839593 -0.253418775 0.267428491 0 0 0 6.10351562e-05
0.12204959 -0.420770868 0.521811878 0 0 0 6.10351562e-05
0.463063214 0.371011314 0.575859163 0 0 0 6.10351562e-05
0.358620655 0.927881285 -0.0357059602 0 0 0 6.10351562e-05
0.812992466 0.358384333 0.0201713673 0 0 0 6.10351562e-05
-0.698538193 -0.182308138 0.576496896 0 0 0 6.10351562e-05
-0.426593762 0.022625902 -0.707661101 0 0 0 6.10351562e-05
-0.161777433 -0.114599117 -0.680367734 0 0 0 6.10351562e-05
-0.309131449 0.622432273 -0.266469344 0 0 0 6.10351562e-05
-0.0603373611 0.117565843 0.406048425 0 0 0 6.10351562e-05
-0.209717116 -0.604695042 0.0480547125 0 0 0 6.10351562e-05
0.484317606 -0.0833091729 -0.828485968 0 0 0 6.10351562e-05
0.427314364 0.481967418 -0.0318460723 0 0 0 6.10351562e-05
0.0497787053 0.338108421 -0.412631679 0 0 0 6.10351562e-05
0.244847816 0.276635971 -0.300349531 0 0 0 6.10351562e-05
-0.491758047 0.732507761 0.250960915 0 0 0 6.10351562e-05
-0.103814526 0.476029244 -0.592989862 0 0 0 6.10351562e-05
-0.747432695 -0.412385801 0.36167573 0 0 0 6.10351562e-05
0.173841058 0.0243196 0.587469488 0 0 0 6.10351562e-05
0.147970037 0.207020836 -0.483228108 0 0 0 6.10351562e-05
0.474455152 0.699015542 -0.0656556031 0 0 0 6.10351562e-05
-0.109482309 -0.329992955 -0.36910908 0 0 0 6.10351562e-05
0.92217124 -0.10600877 -0.0847050063 0 0 0 6.10351562e-05
-0.102885445 -0.492975092 0.53559544 0 0 0 6.10351562e-05
-0.643536629 0.166352179 0.395714566 0 0 0 6.10351562e-05
-0.289594599 -0.0591733737 -0.150520501 0 0 0 6.10351562e-05
-0.742781882 -0.360127528 0.369966432 0 0 0 6.10351562e-05
0.203396596 0.0712814156 -0.947111325 0 0 0 6.10351562e-05
0.494256458 -0.0743930892 0.152167669 0 0 0 6.10351562e-05
0.523039754 -0.826440966 -0.103388976 0 0 0 6.10351562e-05
-0.421320333 -0.875478504 -0.145922271 0 0 0 6.10351562e-05
0.475191253 -0.536718424 0.109303209 0 0 0 6.10351562e-05
0.311752209 -0.0549135416 0.829720362 0 0 0 6.10351562e-05
-0.461364853 0.33145375 0.58743952 0 0 0 6.10351562e-05
-0.653972958 -0.288544183 0.509629301 0 0 0 6.10351562e-05
-0.425661822 -0.75439975 0.223302367 0 0 0 6.10351562e-05
0.373153349 0.29322433 -0.856834838 0 0 0 6.10351562e-05
0.498359798 -0.215312378 0.331827296 0 0 0 6.10351562e-05
-0.202406745 0.483944829 -0.507366438 0 0 0 6.10351562e-05
0.239907215 0.166636401 -0.588319609 0 0 0 6.10351562e-05
0.0639198592 0.814631158 0.424018606 0 0 0 6.10351562e-05
-0.717033265 0.648717508 0.173220794 0 0 0 6.10351562e-05
0.0325698885 0.701965617 -0.539275121 0 0 0 6.10351562e-05
0.0962621849 0.920905378 0.0794256204 0 0 0 6.10351562e-05
-0.634350149 -0.433017584 -0.0701153915 0 0 0 6.10351562e-05
-0.403772084 -0.491874308 -0.655700166 0 0 0 6.10351562e-05
0.656511441 0.0381601048 -0.537887381 0 0 0 6.10351562e-05
0.249127929 -0.0259725023 0.951632573 0 0 0 6.10351562e-05
-0.372918413 0.259557244 0.585112474 0 0 0 6.10351562e-05
0.230961131 0.372637973 -0.424949661 0 0 0 6.10351562e-05
0.56580681 0.419638393 -0.51987173 0 0 0 6.10351562e-05
0.474181401 0.197452457 0.0129129321 0 0 0 6.10351562e-05
0.213977146 0.563821656 -0.691688875 0 0 0 6.10351562e-05
-0.260820974 -0.676889877 0.676125698 0 0 0 6.10351562e-05
-0.451918202 -0.44147423 -0.723697324 0 0 0 6.10351562e-05
-0.0203034144 -0.759614616 0.322905819 0 0 0 6.10351562e-05
-0.104577082 -0.275525499 0.64480233 0 0 0 6.10351562e-05
-0.454901701 0.0265092311 0.406316472 0 0 0 6.10351562e-05
0.436374385 0.76415688 0.195497 0 0 0 6.10351562e-05
0.250991231 0.914951798 0.278175983 0 0 0 6.10351562e-05
-0.258084063 0.286728139 0.786804467 0 0 0 6.10351562e-05
-0.138542071 -0.265417636 -0.682605967 0 0 0 6.10351562e-05
0.357797165 -0.798655869 0.384168812 0 0 0 6.10351562e-05
0.298924705 -0.406575488 0.340490204 0 0 0 6.10351562e-05
-0.864896858 0.052703675 0.357448513 0 0 0 6.10351562e-05
0.352178372 0.232192163 -0.269357803 0 0 0 6.10351562e-05
-0.3355985 -0.348064557 0.517324341 0 0 0 6.10351562e-05
-0.24632344 -0.724421874 -0.464306364 0 0 0 6.10351562e-05
0.173314476 -0.342205469 -0.383199923 0 0 0 6.10351562e-05
0.283320573 -0.47578018 -0.103280652 0 0 0 6.10351562e-05
-0.368174033 -0.596600535 0.41349594 0 0 0 6.10351562e-05
0.702855621 -0.135472844 0.280740328 0 0 0 6.10351562e-05
0.716247316 0.695057676 0.00581221936 0 0 0 6.10351562e-05
0.815249192 0.226325915 0.280970025 0 0 0 6.10351562e-05
0.453083712 -0.0951879959 0.647684242 0 0 0 6.10351562e-05
0.604089163 0.725541815 -0.107625308 0 0 0 6.10351562e-05
0.0675454062 0.545374953 -0.471237963 0 0 0 6.10351562e-05
-0.189328264 0.132191127 0.883155194 0 0 0 6.10351562e-05
0.656749338 -0.560246455 -0.484390069 0 0 0 6.10351562e-05
-0.663524537 0.127455322 -0.282364473 0 0 0 6.10351562e-05
-0.533523488 -0.331865023 -0.555382652 0 0 0 6.10351562e-05
-0.883333941 0.00709907372 -0.352570458 0 0 0 6.10351562e-05
-0.0488270162 -0.159715184 0.345601766 0 0 0 6.10351562e-05
0.172900907 -0.427669055 0.381841467 0 0 0 6.10351562e-05
-0.557528238 0.115354531 -0.494508821 0 0 0 6.10351562e-05
0.547734624 0.284354146 0.403965754 0 0 0 6.10351562e-05
-0.470284631 0.016752121 0.595842753 0 0 0 6.10351562e-05
-0.132011283 -0.0181963481 0.469465731 0 0 0 6.10351562e-05
0.718413451 -0.407601197 0.19275708 0 0 0 6.10351562e-05
-0.535295606 -0.682050053 0.241975165 0 0 0 6.10351562e-05
0.383899971 -0.438866635 0.735937671 0 0 0 6.10351562e-05
-0.551705114 0.729179701 0.385988773 0 0 0 6.10351562e-05
-0.259346509 -0.348180931 -0.468176255 0 0 0 6.10351562e-05
0.364594729 0.610901265 -0.594608661 0 0 0 6.10351562e-05
0.218044453 0.43678072 -0.0497603165 0 0 0 6.10351562e-05
0.272152192 -0.587595835 -0.559055046 0 0 0 6.10351562e-05
-0.63925956 -0.687472151 -0.18942654 0 0 0 6.10351562e-05
0.944710914 0.0147102681 0.21624929 0 0 0 6.10351562e-05
0.851784357 0.0507156413 -0.332507045 0 0 0 6.10351562e-05
-0.338287591 -0.138424856 0.64631003 0 0 0 6.10351562e-05
0.175771783 0.0643581791 0.0852381707 0 0 0 6.10351562e-05
0.312639831 -0.301551173 0.67843014 0 0 0 6.10351562e-05
-0.319151814 0.899167114 -0.276491873 0 0 0 6.10351562e-05
0.391446429 -0.0905880076 0.570774389 0 0 0 6.10351562e-05
-0.463915577 0.354003366 -0.304952638 0 0 0 6.10351562e-05
-0.117161191 -0.574967917 -0.585616507 0 0 0 6.10351562e-05
-0.5860986 -0.435353637 0.338759595 0 0 0 6.10351562e-05
-0.0316152226 -0.490542971 0.654131735 0 0 0 6.10351562e-05
-0.155329919 0.778072979 -0.143224847 0 0 0 6.10351562e-05
-0.307219736 -0.501628727 0.0697796586 0 0 0 6.10351562e-05
0.162120181 0.307308215 0.165598149 0 0 0 6.10351562e-05
-0.287250897 0.663006798 -0.282152496 0 0 0 6.10351562e-05
-0.208314456 -0.740750136 -0.301465823 0 0 0 6.10351562e-05
0.195619873 -0.701631429 -0.381565597 0 0 0 6.10351562e-05
0.549231442 -0.143348893 -0.186908129 0 0 0 6.10351562e-05
-0.109979583 -0.756116105 0.0803743752 0 0 0 6.10351562e-05
-0.0530731989 0.0486333125 -0.498970044 0 0 0 6.10351562e-05
0.790949734 -0.212723031 -0.215162912 0 0 0 6.10351562e-05
0.141439486 0.44676096 -0.281543401 0 0 0 6.10351562e-05
0.676042828 -0.220079904 0.694373194 0 0 0 6.10351562e-05
-0.266713543 -0.720981547 -0.356395441 0 0 0 6.10351562e-05
-0.0819172018 0.433856971 0.0867000213 0 0 0 6.10351562e-05
-0.217162635 -0.0132273437 0.621827989 0 0 0 6.10351562e-05
0.750727651 0.293312728 0.211306459 0 0 0 6.10351562e-05
0.109064494 -0.729233611 0.423158573 0 0 0 6.10351562e-05
-0.135483116 0.169932085 -0.0366662243 0 0 0 6.10351562e-05
-0.590908436 0.470469673 0.582174072 0 0 0 6.10351562e-05
0.222879664 -0.37151555 -0.0926933639 0 0 0 6.10351562e-05
0.865559723 0.132077595 -0.378571812 0 0 0 6.10351562e-05
0.495082282 0.815792902 0.134414962 0 0 0 6.10351562e-05
-0.0411854815 -0.759507558 -0.166454601 0 0 0 6.10351562e-05
-0.168389252 -0.609749602 0.0104943755 0 0 0 6.10351562e-05
0.307427548 0.128353892 0.453220524 0 0 0 6.10351562e-05
0.757065888 0.492050904 -0.196254414 0 0 0 6.10351562e-05
-0.506161804 -0.610754495 -0.473846513 0 0 0 6.10351562e-05
0.433686097 -0.306912567 0.209442117 0 0 0 6.10351562e-05
0.553460216 -0.804174156 0.0932706451 0 0 0 6.10351562e-05
-0.078895991 -0.0710695892 -0.704124547 0 0 0 6.10351562e-05
-0.159268348 0.249356836 -0.714330666 0 0 0 6.10351562e-05
0.689399141 -0.288552146 -0.606619789 0 0 0 6.10351562e-05
0.358829934 -0.466154263 0.434739787 0 0 0 6.10351562e-05
-0.15992285 -0.128588424 0.502621724 0 0 0 6.10351562e-05
0.617483158 -0.274394316 0.58072597 0 0 0 6.10351562e-05
-0.176454637 0.61333142 -0.606649057 0 0 0 6.10351562e-05
-0.114735242 0.272526566 -0.677601928 0 0 0 6.10351562e-05
-0.554612655 0.2715854 0.0445909056 0 0 0 6.10351562e-05
0.790499476 -0.47966127 0.320185665 0 0 0 6.10351562e-05
-0.193358841 -0.174511119 -0.142125994 0 0 0 6.10351562e-05
-0.15275441 0.413815039 -0.74313676 0 0 0 6.10351562e-05
-0.185311844 0.33454452 -0.673513184 0 0 0 6.10351562e-05
-0.524274469 0.469463554 0.673747615 0 0 0 6.10351562e-05
-0.265190509 0.111768694 0.15283333 0 0 0 6.10351562e-05
-0.446771542 0.357810109 0.648021467 0 0 0 6.10351562e-05
0.136290659 -0.224935698 0.162104014 0 0 0 6.10351562e-05
0.502107519 -0.710922248 -0.396896295 0 0 0 6.10351562e-05
-0.217660805 -0.0399261626 0.739249934 0 0 0 6.10351562e-05
-0.312011381 0.0404779204 0.0756192317 0 0 0 6.10351562e-05
0.0204203678 -0.0179844626 0.729135947 0 0 0 6.10351562e-05
-0.0967785765 -0.19629542 -0.525559689 0 0 0 6.10351562e-05
-0.123848255 0.280512122 -0.838004016 0 0 0 6.10351562e-05
0.612190064 -0.363821668 -0.657433059 0 0 0 6.10351562e-05
-0.38403389 0.0199601377 -0.0647788014 0 0 0 6.10351562e-05
-0.0229255821 0.424981189 -0.614250531 0 0 0 6.10351562e-05
0.616135018 -0.338236339 -0.515990028 0 0 0 6.10351562e-05
0.317613243 -0.0382062201 0.734573417 0 0 0 6.10351562e-05
-0.186678518 0.294237129 -0.712602488 0 0 0 6.10351562e-05
-0.379343488 0.455026393 0.427511635 0 0 0 6.10351562e-05
-0.414157794 -0.0536413393 0.0573217969 0 0 0 6.10351562e-05
0.0476352229 0.194748705 -0.330026463 0 0 0 6.10351562e-05
0.0840425422 0.414437989 0.294268063 0 0 0 6.10351562e-05
0.869614489 0.0209849783 0.25507423 0 0 0 6.10351562e-05
0.11829607 0.219246212 -0.249609774 0 0 0 6.10351562e-05
0.881126302 0.00297598566 -0.366116553 0 0 0 6.10351562e-05
0.0757995578 -0.134444248 -0.253674108 0 0 0 6.10351562e-05
0.0748421371 -0.572860345 0.662075196 0 0 0 6.10351562e-05
-0.28635005 0.136826365 -0.70750347 0 0 0 6.10351562e-05
-0.448401376 0.153969057 0.106280205 0 0 0 6.10351562e-05
-0.00478022235 -0.466311018 -0.529568056 0 0 0 6.10351562e-05
-0.145779483 -0.0656185294 0.236644828 0 0 0 6.10351562e-05
-0.675509364 0.524186785 0.427128862 0 0 0 6.10351562e-05
0.259391309 0.242670959 -0.494564142 0 0 0 6.10351562e-05
0.870400895 0.338865393 0.0632859033 0 0 0 6.10351562e-05
0.0675635294 0.413650116 0.436180998 0 0 0 6.10351562e-05
0.0876171125 0.469664448 -0.664476464 0 0 0 6.10351562e-05
-0.468067431 -0.109378729 0.520233099 0 0 0 6.10351562e-05
-0.695711299 -0.537991031 0.162469184 0 0 0 6.10351562e-05
-0.106472537 0.166942048 -0.944738081 0 0 0 6.10351562e-05
0.84806016 0.152037226 -0.38885431 0 0 0 6.10351562e-05
0.0849998938 -0.611469967 -0.169510991 0 0 0 6.10351562e-05
0.0267278532 0.360872276 0.86231442 0 0 0 6.10351562e-05
0.870032111 0.445521078 0.139663632 0 0 0 6.10351562e-05
0.0490563436 0.86672173 -0.308830639 0 0 0 6.10351562e-05
0.927562816 -0.0795108357 -0.0676515794 0 0 0 6.10351562e-05
0.701180205 -0.332959289 -0.367943911 0 0 0 6.10351562e-05
-0.378284271 -0.119334675 -0.552939552 0 0 0 6.10351562e-05
0.132075004 0.303496531 0.405047289 0 0 0 6.10351562e-05
-0.887294944 0.0729620921 0.357931487 0 0 0 6.10351562e-05
-0.367868339 -0.231541629 -0.374948754 0 0 0 6.10351562e-05
0.187361245 0.476627935 -0.421550625 0 0 0 6.10351562e-05
-0.28497899 0.0763998852 -0.229635029 0 0 0 6.10351562e-05
-0.280641978 0.0435801319 0.775662179 0 0 0 6.10351562e-05
0.040674747 0.431207757 -0.833046988 0 0 0 6.10351562e-05
0.704968867 -0.0572182206 0.084660624 0 0 0 6.10351562e-05
-0.086375049 -0.264737818 0.199356551 0 0 0 6.10351562e-05
0.323836984 0.417950917 -0.231537594 0 0 0 6.10351562e-05
0.663694537 0.553671496 0.413601004 0 0 0 6.10351562e-05
-0.640623244 -0.261161533 -0.577934547 0 0 0 6.10351562e-05
0.566679329 -0.486845393 0.527074967 0 0 0 6.10351562e-05
-0.091127624 -0.324026538 -0.590753048 0 0 0 6.10351562e-05
0.642030654 0.181549862 0.249041226 0 0 0 6.10351562e-05
-0.264237906 0.486482247 -0.153751298 0 0 0 6.10351562e-05
0.584692135 0.669340322 0.433242254 0 0 0 6.10351562e-05
0.74061596 -0.177819173 -0.281859617 0 0 0 6.10351562e-05
0.7264483 -0.119288943 0.408748586 0 0 0 6.10351562e-05
0.494586388 0.432807891 0.652296903 0 0 0 6.10351562e-05
-0.0254130772 -0.713641852 0.66936208 0 0 0 6.10351562e-05
0.60982671 0.0159223327 -0.540341709 0 0 0 6.10351562e-05
-0.483507687 0.700620038 0.300093773 0 0 0 6.10351562e-05
-0.076222011 0.511211709 -0.0745110164 0 0 0 6.10351562e-05
0.311575125 -0.546769723 -0.695160151 0 0 0 6.10351562e-05
-0.752530747 0.535107514 -0.264218631 0 0 0 6.10351562e-05
0.401612043 0.659332757 0.169591773 0 0 0 6.10351562e-05
-0.0334197071 -0.692497877 0.71527152 0 0 0 6.10351562e-05
-0.127275794 -0.190866545 -0.631179913 0 0 0 6.10351562e-05
-0.18125607 0.540083289 -0.0217678183 0 0 0 6.10351562e-05
-0.0861415496 -0.602166768 0.762403541 0 0 0 6.10351562e-05
0.788142048 -0.48750417 0.0570603703 0 0 0 6.10351562e-05
0.305500865 0.783755943 -0.0353019862 0 0 0 6.10351562e-05
-0.00422346853 -0.333357954 0.621990704 0 0 0 6.10351562e-05
0.35218927 0.0301738868 0.538427652 0 0 0 6.10351562e-05
-0.54088504 -0.348429767 -0.0423499595 0 0 0 6.10351562e-05
0.109433876 0.55250965 -0.0946689007 0 0 0 6.10351562e-05
-0.451161984 -0.417403542 0.0573607418 0 0 0 6.10351562e-05
0.104769634 -0.239850811 -0.119013441 0 0 0 6.10351562e-05
0.037874379 0.154785207 -0.207453969 0 0 0 6.10351562e-05
-0.348948563 -0.159041694 -0.559860575 0 0 0 6.10351562e-05
0.549654948 -0.624490881 0.242861385 0 0 0 6.10351562e-05
-0.0253915841 -0.745376794 0.0232415443 0 0 0 6.10351562e-05
0.512903284 0.663291586 -0.040670205 0 0 0 6.10351562e-05
0.824247338 -0.376971709 0.135174585 0 0 0 6.10351562e-05
0.606043604 0.468821078 0.275987211 0 0 0 6.10351562e-05
-0.401125709 0.608018732 0.46661175 0 0 0 6.10351562e-05
0.803515884 -0.0128503647 -0.285909967 0 0 0 6.10351562e-05
0.0983065931 -0.190532695 0.155308562 0 0 0 6.10351562e-05
-0.264600059 0.624703579 -0.211794551 0 0 0 6.10351562e-05
-0.567438385 0.425365006 0.651003346 0 0 0 6.10351562e-05
-0.890856653 -0.362972775 0.200292015 0 0 0 6.10351562e-05
-0.440162091 0.178843305 -0.0148772165 0 0 0 6.10351562e-05
-0.490632298 -0.0298782008 0.517685494 0 0 0 6.10351562e-05
-0.258346736 -0.0444118563 -0.375647058 0 0 0 6.10351562e-05
0.876030145 -0.0916600977 0.40346855 0 0 0 6.10351562e-05
0.129030223 0.501641508 0.0680984146 0 0 0 6.10351562e-05
-0.289415701 -0.29105182 0.0470607848 0 0 0 6.10351562e-05
-0.50045894 -0.00115646362 -0.32572644 0 0 0 6.10351562e-05
0.113784423 0.385354273 -0.338480352 0 0 0 6.10351562e-05
-0.193429492 -0.798991466 -0.366386156 0 0 0 6.10351562e-05
0.872881577 -0.347088807 0.0207985106 0 0 0 6.10351562e-05
0.667930748 -0.52831592 0.0252060168 0 0 0 6.10351562e-05
-0.103031061 0.527857724 0.790777722 0 0 0 6.10351562e-05
-0.760618881 0.235993361 -0.550078598 0 0 0 6.10351562e-05
0.0990112239 0.329328444 0.700114593 0 0 0 6.10351562e-05
-0.0650114206 -0.833440724 -0.502260796 0 0 0 6.10351562e-05
0.126777705 -0.73452255 0.0329641705 0 0 0 6.10351562e-05
-0.0957718972 -0.0484118594 -0.0908016524 0 0 0 6.10351562e-05
0.310937244 -0.0892227177 -0.57293638 0 0 0 6.10351562e-05
-0.0490174231 -0.469810717 0.728939884 0 0 0 6.10351562e-05
-0.0129488834 0.823140361 -0.28317105 0 0 0 6.10351562e-05
-0.368707104 -0.315232559 -0.412433646 0 0 0 6.10351562e-05
0.321810787 0.18689443 -0.099752593 0 0 0 6.10351562e-05
-0.175572213 -0.706259473 0.0471640818 0 0 0 6.10351562e-05
-0.504033063 -0.53053405 0.325861743 0 0 0 6.10351562e-05
-0.51139486 0.235408303 -0.118039122 0 0 0 6.10351562e-05
-0.706336481 0.331620123 0.0813855931 0 0 0 6.10351562e-05
-0.767271134 -0.367581111 -0.210621558 0 0 0 6.10351562e-05
0.18375842 0.661064558 0.524030831 0 0 0 6.10351562e-05
-0.500184936 -0.590426923 0.271411163 0 0 0 6.10351562e-05
-0.696435313 -0.160939192 -0.339728548 0 0 0 6.10351562e-05
-0.428904488 0.593608385 -0.466781625 0 0 0 6.10351562e-05
0.0746454462 -0.582043864 -0.168954292 0 0 0 6.10351562e-05
-0.803697009 0.061994578 0.582931589 0 0 0 6.10351562e-05
0.630872684 -0.349455043 0.1881749 0 0 0 6.10351562e-05
-0.184991225 -0.247273451 -0.851721318 0 0 0 6.10351562e-05
0.185552944 0.786252822 0.122503315 0 0 0 6.10351562e-05
0.223377884 -0.425815159 0.779003915 0 0 0 6.10351562e-05
0.567821436 0.316454452 0.62765236 0 0 0 6.10351562e-05
-0.670014446 0.480484831 0.267792256 0 0 0 6.10351562e-05
0.781091202 -0.422356719 0.15883979 0 0 0 6.10351562e-05
0.187459125 -0.0322712921 -0.145499768 0 0 0 6.10351562e-05
-0.798462797 -0.21754264 0.280091651 0 0 0 6.10351562e-05
0.085283331 0.429290074 -0.713729218 0 0 0 6.10351562e-05
0.346865815 0.19370282 0.743101204 0 0 0 6.10351562e-05
0.459999061 -0.273576701 0.697000837 0 0 0 6.10351562e-05
-0.62443092 0.292751643 -0.321681164 0 0 0 6.10351562e-05
0.00639877901 -0.594421526 -0.187928931 0 0 0 6.10351562e-05
-0.0259006353 -0.00447101511 -0.505533001 0 0 0 6.10351562e-05
-0.748509348 0.471804424 0.110155825 0 0 0 6.10351562e-05
0.520277852 0.504673552 -0.216761421 0 0 0 6.10351562e-05
0.0298845234 -0.253853209 -0.540693627 0 0 0 6.10351562e-05
-0.642607349 -0.283525537 -0.081908213 0 0 0 6.10351562e-05
0.328752462 -0.47391621 0.565491144 0 0 0 6.10351562e-05
0.040432947 -0.0308432593 0.180161996 0 0 0 6.10351562e-05
0.519511818 0.173724479 0.333118809 0 0 0 6.10351562e-05
0.0533002729 0.760398918 0.0165222693 0 0 0 6.10351562e-05
-0.649854031 0.0558468521 0.0218658242 0 0 0 6.10351562e-05
-0.319462992 -0.539573069 -0.509890472 0 0 0 6.10351562e-05
-0.480557551 -0.651150218 -0.277427615 0 0 0 6.10351562e-05
-0.616981034 0.0620027827 0.666727068 0 0 0 6.10351562e-05
-0.394336301 -0.314746203 0.386208128 0 0 0 6.10351562e-05
-0.601634232 -0.627821758 -0.451312459 0 0 0 6.10351562e-05
0.0683969583 0.641895049 -0.378575458 0 0 0 6.10351562e-05
-0.0350849277 -0.742299646 0.180946867 0 0 0 6.10351562e-05
-0.404164482 -0.0626610637 -0.167269114 0 0 0 6.10351562e-05
-0.217283342 0.621751383 -0.135979972 0 0 0 6.10351562e-05
-0.272421634 -0.0148933808 0.463143009 0 0 0 6.10351562e-05
0.831876882 0.375712464 -0.359111154 0 0 0 6.10351562e-05
-0.160274537 -0.333629794 -0.59824539 0 0 0 6.10351562e-05
0.451584402 -0.215764783 -0.457318491 0 0 0 6.10351562e-05
0.245059273 -0.0120266175 -0.222777584 0 0 0 6.10351562e-05
0.718915212 -0.476027403 -0.321172485 0 0 0 6.10351562e-05
0.0809299121 0.77301304 0.256131279 0 0 0 6.10351562e-05
-0.223256064 -0.21748934 0.647177524 0 0 0 6.10351562e-05
-0.0348884439 0.042528741 0.259880462 0 0 0 6.10351562e-05
-0.406877038 0.601696136 0.0389076024 0 0 0 6.10351562e-05
0.202138069 0.565038944 -0.0623923903 0 0 0 6.10351562e-05
-0.446571268 -0.213583015 -0.724186301 0 0 0 6.10351562e-05
0.124664033 -0.148496927 -0.134599652 0 0 0 6.10351562e-05
-0.237117548 0.0759184306 -0.372513597 0 0 0 6.10351562e-05
0.053491882 0.7805576 -0.426624011 0 0 0 6.10351562e-05
0.488810238 0.774102275 -0.336874754 0 0 0 6.10351562e-05
0.203947695 0.824433783 0.0718458663 0 0 0 6.10351562e-05
-0.696764079 0.327320595 0.21644396 0 0 0 6.10351562e-05
-0.160629384 0.230139449 0.323643403 0 0 0 6.10351562e-05
-0.0287847568 -0.740328086 0.387014515 0 0 0 6.10351562e-05
0.729404289 -0.205730577 -0.413458897 0 0 0 6.10351562e-05
-0.0801249503 0.686037657 -0.494700415 0 0 0 6.10351562e-05
0.653398336 0.429837006 -0.0600389597 0 0 0 6.10351562e-05
-0.377982293 -0.631772568 0.648777589 0 0 0 6.10351562e-05
-0.354691841 0.35726304 0.410979748 0 0 0 6.10351562e-05
0.0794338438 -0.563317809 0.100924645 0 0 0 6.10351562e-05
-0.572754299 -0.0757144409 -0.717573801 0 0 0 6.10351562e-05
0.523445347 -0.00256279986 -0.114100953 0 0 0 6.10351562e-05
0.343755989 0.244302007 0.369747865 0 0 0 6.10351562e-05
0.159206373 0.0656153361 -0.556485692 0 0 0 6.10351562e-05
-0.346853619 0.0367827477 0.801552933 0 0 0 6.10351562e-05
0.101189859 0.0611989247 -0.76102259 0 0 0 6.10351562e-05
-0.34371436 0.502220378 -0.381969674 0 0 0 6.10351562e-05
-0.00776284351 0.198924411 -0.82796514 0 0 0 6.10351562e-05
0.0680053913 -0.556094207 -0.235423172 0 0 0 6.10351562e-05
-0.529000246 -0.609563707 0.197708654 0 0 0 6.10351562e-05
0.443892275 -0.392577104 -0.561035263 0 0 0 6.10351562e-05
-0.779205634 0.138315813 -0.201548287 0 0 0 6.10351562e-05
-0.287634256 -0.138617311 0.12374414 0 0 0 6.10351562e-05
0.679842292 -0.395583509 -0.144524399 0 0 0 6.10351562e-05
-0.0560115671 0.987237175 0.0251335531 0 0 0 6.10351562e-05
-0.17776955 0.488523576 0.374903685 0 0 0 6.10351562e-05
0.524137154 0.137202985 0.719818417 0 0 0 6.10351562e-05
-0.0346795665 -0.445915194 -0.618268843 0 0 0 6.10351562e-05
-0.135890938 0.438999778 -0.198225273 0 0 0 6.10351562e-05
-0.845462356 -0.252330883 -0.155322163 0 0 0 6.10351562e-05
0.178104579 -0.513081521 0.815750222 0 0 0 6.10351562e-05
0.280979381 -0.366023144 0.099568605 0 0 0 6.10351562e-05
-0.336665489 -0.518793772 0.520623543 0 0 0 6.10351562e-05
0.519829342 0.452439789 0.000146119232 0 0 0 6.10351562e-05
-0.202627172 -0.249561105 -0.850855026 0 0 0 6.10351562e-05
0.397211867 -0.509147303 0.277520007 0 0 0 6.10351562e-05
0.448327491 -0.313586589 -0.832137135 0 0 0 6.10351562e-05
-0.188994147 -0.040231426 -0.238376966 0 0 0 6.10351562e-05
0.0346886697 -0.14335443 0.924983358 0 0 0 6.10351562e-05
-0.129294844 0.306754045 0.496272831 0 0 0 6.10351562e-05
0.234760704 -0.482116529 -0.545305839 0 0 0 6.10351562e-05
-0.472780518 -0.424535915 0.456146646 0 0 0 6.10351562e-05
0.487352423 -0.169547854 0.190801475 0 0 0 6.10351562e-05
0.190358265 0.333725779 -0.693376017 0 0 0 6.10351562e-05
-0.840338579 0.369278452 0.10392562 0 0 0 6.10351562e-05
0.250109187 0.289538164 -0.671285988 0 0 0 6.10351562e-05
0.235674243 0.848518598 -0.402937307 0 0 0 6.10351562e-05
0.460157934 -0.836165334 -0.146323238 0 0 0 6.10351562e-05
0.442734943 0.119563947 0.635254057 0 0 0 6.10351562e-05
-0.204469928 -0.0722256099 -0.118318015 0 0 0 6.10351562e-05
-0.502893398 0.647065013 -0.37016072 0 0 0 6.10351562e-05
0.436121888 0.862326752 0.120401625 0 0 0 6.10351562e-05
-0.512585555 0.183961575 0.171962712 0 0 0 6.10351562e-05
0.361567745 -0.785206395 -0.188554626 0 0 0 6.10351562e-05
-0.849421525 -0.00835754791 0.474822976 0 0 0 6.10351562e-05
-0.348086615 -0.608202968 -0.389736311 0 0 0 6.10351562e-05
0.715809594 -0.551318834 0.420460572 0 0 0 6.10351562e-05
-0.552795958 0.644087633 0.103797837 0 0 0 6.10351562e-05
-0.289219407 -0.714393084 -0.0926993988 0 0 0 6.10351562e-05
-0.29591366 0.31256797 -0.722677037 0 0 0 6.10351562e-05
0.64234324 -0.715095975 -0.180585846 0 0 0 6.10351562e-05
0.3106143 0.781901982 0.267430457 0 0 0 6.10351562e-05
0.115073557 -0.57508231 -0.336932278 0 0 0 6.10351562e-05
-0.276669678 0.491012859 0.532520532 0 0 0 6.10351562e-05
0.67561015 0.355705024 0.180756708 0 0 0 6.10351562e-05
0.520931209 -0.274089423 0.548117323 0 0 0 6.10351562e-05
0.818976521 0.0401495651 0.381072205 0 0 0 6.10351562e-05
0.517715884 -0.454540217 0.219044644 0 0 0 6.10351562e-05
0.145582119 -0.952967506 -0.0947949552 0 0 0 6.10351562e-05
-0.863935077 -0.418606849 -0.166687309 0 0 0 6.10351562e-05
0.176708151 0.247677761 -0.00513671648 0 0 0 6.10351562e-05
-0.0379736282 0.789797276 -0.460750639 0 0 0 6.10351562e-05
0.400125631 -0.122528768 -0.0608686395 0 0 0 6.10351562e-05
-0.0265486939 0.0139995836 -0.42439393 0 0 0 6.10351562e-05
0.104727043 -0.922586701 -0.137885689 0 0 0 6.10351562e-05
-0.165205187 -0.198866646 0.685183517 0 0 0 6.10351562e-05
-0.0712814809 -0.843888357 -0.41283051 0 0 0 6.10351562e-05
0.2908013 0.368719086 -0.303582405 0 0 0 6.10351562e-05
0.35212486 0.219144135 0.437902819 0 0 0 6.10351562e-05
-0.697678056 -0.0966158968 -0.599457048 0 0 0 6.10351562e-05
-0.116982068 0.567377935 0.627217369 0 0 0 6.10351562e-05
0.371768947 -0.0894664712 -0.0369429346 0 0 0 6.10351562e-05
-0.136069432 -0.245741777 -0.248575524 0 0 0 6.10351562e-05
0.711209383 -0.169126737 -0.669016308 0 0 0 6.10351562e-05
-0.55257886 -0.27473254 -0.0322074634 0 0 0 6.10351562e-05
-0.0601482968 0.912719272 -0.0932229917 0 0 0 6.10351562e-05
-0.197459981 -0.283358112 0.546433492 0 0 0 6.10351562e-05
-0.372106664 0.356588074 0.661488499 0 0 0 6.10351562e-05
0.844008295 -0.330258989 0.305606994 0 0 0 6.10351562e-05
0.0758218927 -0.646146886 -0.149538071 0 0 0 6.10351562e-05
0.244940998 -0.191801833 0.905882863 0 0 0 6.10351562e-05
0.320549654 -0.0382851549 0.538796301 0 0 0 6.10351562e-05
0.883357548 0.182758756 0.326836652 0 0 0 6.10351562e-05
0.179184295 -0.267603249 0.44001253 0 0 0 6.10351562e-05
0.119536091 0.410600093 0.238135921 0 0 0 6.10351562e-05
0.359110116 -0.592079641 -0.511743123 0 0 0 6.10351562e-05
0.040240381 0.385086244 -0.586913033 0 0 0 6.10351562e-05
-0.179481575 0.688260893 0.534740056 0 0 0 6.10351562e-05
0.487451145 0.0187268736 -0.29431363 0 0 0 6.10351562e-05
-0.511354103 -0.0468832545 -0.0484130022 0 0 0 6.10351562e-05
0.433384146 0.576073589 0.0540003496 0 0 0 6.10351562e-05
-0.817530935 -0.0720798307 -0.330245152 0 0 0 6.10351562e-05
-0.759422112 0.269261541 -0.0681499287 0 0 0 6.10351562e-05
-0.210462643 -0.275545208 0.543769894 0 0 0 6.10351562e-05
-0.239398752 -0.521730389 0.742976966 0 0 0 6.10351562e-05
-0.0627821726 0.571460947 0.0576093242 0 0 0 6.10351562e-05
0.266166876 -0.395422607 -0.589196147 0 0 0 6.10351562e-05
0.562635 -0.22799348 -0.0789840025 0 0 0 6.10351562e-05
-0.606217287 -0.45057437 -0.568542403 0 0 0 6.10351562e-05
0.577003585 -0.387219772 0.475040753 0 0 0 6.10351562e-05
0.258986229 -0.162923792 -0.834825168 0 0 0 6.10351562e-05
0.45520377 -0.766026109 -0.30390202 0 0 0 6.10351562e-05
0.0276443177 -0.203569272 -0.531539682 0 0 0 6.10351562e-05
0.213862906 -0.828658996 0.320837685 0 0 0 6.10351562e-05
-0.10736259 -0.162812362 0.351954837 0 0 0 6.10351562e-05
0.460713165 0.511657093 -0.694071989 0 0 0 6.10351562e-05
0.366335494 -0.611446592 -0.0211607413 0 0 0 6.10351562e-05
0.676227366 0.0341099309 -0.181890277 0 0 0 6.10351562e-05
0.423497526 0.469366072 -0.174718402 0 0 0 6.10351562e-05
-0.0709937526 -0.143610185 0.922045222 0 0 0 6.10351562e-05
-0.326087976 0.385575188 -0.223614281 0 0 0 6.10351562e-05
0.127129453 -0.37152798 0.899022018 0 0 0 6.10351562e-05
0.200616699 0.0841888033 0.67655184 0 0 0 6.10351562e-05
-0.015978004 0.20829363 0.239315756 0 0 0 6.10351562e-05
0.828607489 -0.17457706 -0.488972543 0 0 0 6.10351562e-05
-0.732822359 -0.525916534 -0.160502348 0 0 0 6.10351562e-05
-0.220922098 0.779484328 -0.276936563 0 0 0 6.10351562e-05
-0.604886866 0.349821442 0.335724484 0 0 0 6.10351562e-05
-0.0674853808 0.965288246 0.0241911532 0 0 0 6.10351562e-05
-0.710844252 -0.517059137 0.212078381 0 0 0 6.10351562e-05
-0.329549642 -0.591296057 -0.452309569 0 0 0 6.10351562e-05
-0.289220679 0.264586854 0.416762553 0 0 0 6.10351562e-05
0.155218889 -0.109592694 0.613874614 0 0 0 6.10351562e-05
0.438778905 -0.367363739 -0.467130408 0 0 0 6.10351562e-05
-0.0226196021 -0.26634656 0.246423529 0 0 0 6.10351562e-05
0.302726422 -0.568121477 0.39201158 0 0 0 6.10351562e-05
0.810666645 -0.32490144 -0.399651338 0 0 0 6.10351562e-05
0.681824862 0.614139792 -0.128881527 0 0 0 6.10351562e-05
0.571438211 0.0766106189 -0.459207427 0 0 0 6.10351562e-05
0.0951508581 0.719991228 0.011969642 0 0 0 6.10351562e-05
-0.66421832 -0.109395886 -0.624017484 0 0 0 6.10351562e-05
0.25900093 -0.535689594 0.597171463 0 0 0 6.10351562e-05
-0.0780694931 0.274911505 -0.94024287 0 0 0 6.10351562e-05
-0.274292753 0.126916102 -0.916103106 0 0 0 6.10351562e-05
0.235234314 -0.172999113 -0.855486212 0 0 0 6.10351562e-05
-0.75806294 0.324821844 0.501445695 0 0 0 6.10351562e-05
0.521358207 -0.396420547 -0.0476940622 0 0 0 6.10351562e-05
-0.346322948 -0.493666983 0.146901287 0 0 0 6.10351562e-05
-0.297518273 0.624862987 0.0224873996 0 0 0 6.10351562e-05
0.292762303 0.80171423 -0.485767076 0 0 0 6.10351562e-05
-0.404511904 -0.754980708 -0.0292016781 0 0 0 6.10351562e-05
0.390010295 0.810500359 -0.211120674 0 0 0 6.10351562e-05
0.747899606 0.323669085 0.054468244 0 0 0 6.10351562e-05
0.709079427 -0.692389959 0.125771815 0 0 0 6.10351562e-05
0.141643813 0.16341881 -0.610409808 0 0 0 6.10351562e-05
-0.0288180228 -0.706584019 0.60570579 0 0 0 6.10351562e-05
-0.0591985809 0.631958967 0.281022279 0 0 0 6.10351562e-05
-0.132715581 0.17842357 -0.256940689 0 0 0 6.10351562e-05
-0.214261827 -0.0664686045 -0.010412525 0 0 0 6.10351562e-05
0.560678512 -0.176626567 0.434923958 0 0 0 6.10351562e-05
-0.236026317 -0.750552426 0.58452821 0 0 0 6.10351562e-05
0.452118533 0.234658176 0.788994555 0 0 0 6.10351562e-05
0.0443365798 0.851497013 0.373139753 0 0 0 6.10351562e-05
0.0867379249 -0.834534816 -0.326535886 0 0 0 6.10351562e-05
0.606084334 0.436657544 -0.411217599 0 0 0 6.10351562e-05
-0.792753982 0.0737159887 -0.295089254 0 0 0 6.10351562e-05
-0.0867648977 -0.0868858895 0.169435829 0 0 0 6.10351562e-05
0.955079083 0.09111214 0.120378945 0 0 0 6.10351562e-05
0.276990578 -0.555899668 0.36120707 0 0 0 6.10351562e-05
-0.172643042 -0.81994585 0.00848797471 0 0 0 6.10351562e-05
0.524451443 0.763543334 0.00198003997 0 0 0 6.10351562e-05
-0.372454096 0.888472152 -0.0604086908 0 0 0 6.10351562e-05
0.708029998 -0.532715343 -0.251966784 0 0 0 6.10351562e-05
-0.163918991 -0.301265748 -0.425115001 0 0 0 6.10351562e-05
0.359604211 0.334559852 -0.613126975 0 0 0 6.10351562e-05
0.523781227 -0.0839813234 -0.690632353 0 0 0 6.10351562e-05
0.200226362 -0.381692609 -0.456981192 0 0 0 6.10351562e-05
0.522031078 -0.768644185 -0.209594815 0 0 0 6.10351562e-05
0.213039219 -0.808723209 -0.459946916 0 0 0 6.10351562e-05
0.426964522 0.334717515 -0.330622923 0 0 0 6.10351562e-05
-0.393593714 -0.54616222 0.702938031 0 0 0 6.10351562e-05
0.0892638409 -0.148768436 -0.320667103 0 0 0 6.10351562e-05
0.794539546 -0.584927904 0.150226576 0 0 0 6.10351562e-05
0.472745004 0.387971667 0.0443323759 0 0 0 6.10351562e-05
0.138644448 0.622004845 -0.76447883 0 0 0 6.10351562e-05
-0.148576628 0.0529098621 -0.0409020596 0 0 0 6.10351562e-05
-0.181220848 0.0424341794 -0.614395666 0 0 0 6.10351562e-05
0.620290304 0.582217357 -0.435151709 0 0 0 6.10351562e-05
0.538997189 0.522627222 0.559103747 0 0 0 6.10351562e-05
-0.512945619 0.11792078 0.620706809 0 0 0 6.10351562e-05
0.821086171 -0.0135090496 -0.487600695 0 0 0 6.10351562e-05
-0.355085982 -0.199285142 -0.273116246 0 0 0 6.10351562e-05
-0.469434311 -0.45560522 0.225293225 0 0 0 6.10351562e-05
-0.605232625 -0.297941908 0.0491179865 0 0 0 6.10351562e-05
0.118343817 -0.0456343928 0.173537717 0 0 0 6.10351562e-05
0.712544643 0.032414702 -0.424102351 0 0 0 6.10351562e-05
0.548902909 -0.136372551 0.293724862 0 0 0 6.10351562e-05
-0.416263873 -0.0060149015 -0.0344989627 0 0 0 6.10351562e-05
-0.528635939 0.0583888215 0.264028459 0 0 0 6.10351562e-05
0.268156658 -0.72366848 0.618948615 0 0 0 6.10351562e-05
-0.538674564 0.56770144 0.616151464 0 0 0 6.10351562e-05
-0.185350373 -0.542362163 0.578473292 0 0 0 6.10351562e-05
0.0989220468 -0.0861456997 -0.151113701 0 0 0 6.10351562e-05
0.621161898 -0.522473519 0.180008911 0 0 0 6.10351562e-05
0.30469424 0.218033146 -0.279822205 0 0 0 6.10351562e-05
-0.224970682 0.653590188 -0.254569251 0 0 0 6.10351562e-05
-0.715441104 0.430769265 0.498684559 0 0 0 6.10351562e-05
0.188492517 -0.126262123 0.210340574 0 0 0 6.10351562e-05
0.688850694 -0.333299398 -0.631443095 0 0 0 6.10351562e-05
-0.619866693 0.355889932 -0.139784337 0 0 0 6.10351562e-05
0.586716624 0.170839095 0.221064111 0 0 0 6.10351562e-05
-0.00338600873 0.574530609 -0.604459933 0 0 0 6.10351562e-05
-0.0230612564 -0.763444128 -0.171382644 0 0 0 6.10351562e-05
0.752361945 -0.465792048 -0.458373348 0 0 0 6.10351562e-05
-0.284733026 -0.314486301 -0.802544409 0 0 0 6.10351562e-05
0.569187648 0.20995813 0.517972509 0 0 0 6.10351562e-05
-0.253061247 0.0578620479 0.745571658 0 0 0 6.10351562e-05
0.233871091 -0.844380265 -0.0378865961 0 0 0 6.10351562e-05
-0.103037437 -0.401474451 0.155160325 0 0 0 6.10351562e-05
-0.48800035 -0.262651719 0.246321983 0 0 0 6.10351562e-05
-0.308509723 0.697423395 -0.572440663 0 0 0 6.10351562e-05
0.0526784488 0.807379088 -0.374496052 0 0 0 6.10351562e-05
-0.364130135 0.705937978 0.143942542 0 0 0 6.10351562e-05
0.244963785 -0.156269715 0.869206865 0 0 0 6.10351562e-05
-0.226241775 0.772663805 -0.488253979 0 0 0 6.10351562e-05
-0.585032768 -0.176532247 -0.653660777 0 0 0 6.10351562e-05
-0.079056698 -0.9120047 -0.153433094 0 0 0 6.10351562e-05
-0.433161798 0.429017388 0.493231626 0 0 0 6.10351562e-05
-0.0803737327 -0.502669408 0.468418498 0 0 0 6.10351562e-05
-0.562874951 -0.120900065 0.435820715 0 0 0 6.10351562e-05
-0.567827379 -0.19009925 0.714770528 0 0 0 6.10351562e-05
-0.0936498554 -0.226476182 -0.739621007 0 0 0 6.10351562e-05
0.65035343 -0.0661782209 -0.742503511 0 0 0 6.10351562e-05
0.706720569 0.19607196 -0.313989451 0 0 0 6.10351562e-05
-0.476594608 0.127640691 0.336248125 0 0 0 6.10351562e-05
0.28104524 -0.225800509 -0.757613106 0 0 0 6.10351562e-05
-0.48977695 0.313543364 -0.32812179 0 0 0 6.10351562e-05
0.483049331 -0.270966334 -0.629565533 0 0 0 6.10351562e-05
0.089159024 0.370350394 -0.707280376 0 0 0 6.10351562e-05
0.460074467 0.0230966162 -0.539242855 0 0 0 6.10351562e-05
0.3877259 -0.668070892 0.43945744 0 0 0 6.10351562e-05
0.0921422966 -0.41283683 -0.900871595 0 0 0 6.10351562e-05
0.466280543 -0.619875546 0.0549099708 0 0 0 6.10351562e-05
0.716917766 0.288056823 -0.0512869375 0 0 0 6.10351562e-05
0.293063432 0.615466805 -0.0263885635 0 0 0 6.10351562e-05
-0.240566455 -0.271027478 -0.1949151 0 0 0 6.10351562e-05
-0.118028943 0.197737039 0.126157482 0 0 0 6.10351562e-05
-0.416364319 -0.200188392 0.301435662 0 0 0 6.10351562e-05
-0.128450794 0.453268585 0.156233574 0 0 0 6.10351562e-05
0.301622376 0.335211985 -0.456824691 0 0 0 6.10351562e-05
0.272167278 -0.728970715 -0.116440469 0 0 0 6.10351562e-05
0.211506881 0.161077694 0.602203749 0 0 0 6.10351562e-05
-0.540168405 -0.322416054 0.513746241 0 0 0 6.10351562e-05
-0.405910586 -0.251057044 -0.821171953 0 0 0 6.10351562e-05
0.0259170697 0.707784792 0.222772504 0 0 0 6.10351562e-05
0.0938174212 0.417578557 -0.628874573 0 0 0 6.10351562e-05
0.1140641 -0.924000377 0.0139354231 0 0 0 6.10351562e-05
-0.328646087 0.380533139 0.840216665 0 0 0 6.10351562e-05
-0.0294492198 -0.201818906 -0.673123985 0 0 0 6.10351562e-05
-0.4407619 -0.069614703 -0.248055493 0 0 0 6.10351562e-05
-0.161375082 -0.897362811 0.370503976 0 0 0 6.10351562e-05
-0.566396255 0.03636421 -0.402531077 0 0 0 6.10351562e-05
-0.361229295 -0.501103438 -0.0935804013 0 0 0 6.10351562e-05
0.243410985 0.108738974 -0.417313881 0 0 0 6.10351562e-05
-0.690479189 0.0175927512 0.197822526 0 0 0 6.10351562e-05
-0.153247059 -0.479043968 -0.807354974 0 0 0 6.10351562e-05
-0.721828853 0.172559752 -0.0138244199 0 0 0 6.10351562e-05
-0.0248132771 -0.425045045 0.491278154 0 0 0 6.10351562e-05
-0.206984901 -0.520932444 0.400484001 0 0 0 6.10351562e-05
0.0327028647 0.190130345 0.0460920459 0 0 0 6.10351562e-05
0.90487107 0.261817387 0.185281509 0 0 0 6.10351562e-05
0.528781435 -0.0168718424 0.355330813 0 0 0 6.10351562e-05
-0.257276428 0.0471479204 -0.0593546975 0 0 0 6.10351562e-05
0.0952211168 0.31014407 0.3465432 0 0 0 6.10351562e-05
0.555716901 -0.280999443 -0.574092751 0 0 0 6.10351562e-05
-0.543392608 -0.664044657 0.297078841 0 0 0 6.10351562e-05
0.830655003 0.434465069 0.147964454 0 0 0 6.10351562e-05
0.483529314 0.309326388 0.314667409 0 0 0 6.10351562e-05
0.00632600867 -0.466540046 0.14929198 0 0 0 6.10351562e-05
-0.325431236 0.377787032 -0.313271666 0 0 0 6.10351562e-05
0.465249614 0.338069919 -0.160205185 0 0 0 6.10351562e-05
-0.104465363 -0.458219994 -0.225746597 0 0 0 6.10351562e-05
0.790583097 -0.0470244172 -0.412100689 0 0 0 6.10351562e-05
-0.721844454 -0.547551533 -0.37643369 0 0 0 6.10351562e-05
0.81457455 -0.050495174 0.0240178895 0 0 0 6.10351562e-05
-0.274874256 0.566381905 0.670342486 0 0 0 6.10351562e-05
-0.17796037 -0.199832643 0.673161413 0 0 0 6.10351562e-05
-0.763916927 -0.277164261 -0.140737845 0 0 0 6.10351562e-05
-0.776173595 -0.26114283 -0.385311931 0 0 0 6.10351562e-05
-0.200377635 -0.868975419 0.100705675 0 0 0 6.10351562e-05
-0.197180499 -0.257400448 -0.0662633072 0 0 0 6.10351562e-05
-0.871084616 -0.127839701 -0.0919121384 0 0 0 6.10351562e-05
0.216757599 -0.69972762 -0.581379096 0 0 0 6.10351562e-05
0.454567912 -0.855871619 -0.0549862543 0 0 0 6.10351562e-05
0.753397656 -0.431503358 0.114279367 0 0 0 6.10351562e-05
0.715650186 0.0819040078 -0.398572546 0 0 0 6.10351562e-05
-0.740963563 -0.639714322 -0.054557835 0 0 0 6.10351562e-05
-0.318670294 0.875238531 0.106658098 0 0 0 6.10351562e-05
-0.335733735 0.502648119 -0.21634711 0 0 0 6.10351562e-05
0.179646956 -0.00677389456 0.085154521 0 0 0 6.10351562e-05
0.843348806 0.100680366 -0.304510296 0 0 0 6.10351562e-05
-0.257254537 0.0619284947 -0.891711385 0 0 0 6.10351562e-05
-0.538995724 -0.751937834 0.321733091 0 0 0 6.10351562e-05
-0.428907064 -0.575936429 0.266034835 0 0 0 6.10351562e-05
0.202569277 0.673515417 0.0865897439 0 0 0 6.10351562e-05
-0.295395563 0.26898952 -0.889057345 0 0 0 6.10351562e-05
0.258877175 0.601879603 -0.390569843 0 0 0 6.10351562e-05
0.52210616 0.122882196 0.0333432668 0 0 0 6.10351562e-05
0.423876615 0.195793616 -0.534921457 0 0 0 6.10351562e-05
0.818311868 0.457412716 0.171216434 0 0 0 6.10351562e-05
0.635127384 -0.398447918 -0.61681625 0 0 0 6.10351562e-05
0.813578216 -0.495236467 -0.160304852 0 0 0 6.10351562e-05
0.158308802 0.161221403 0.954366752 0 0 0 6.10351562e-05
0.0254827554 -0.690488998 0.135035738 0 0 0 6.10351562e-05
-0.924214426 -0.134890593 0.338988715 0 0 0 6.10351562e-05
-0.12655243 -0.600537714 -0.114280568 0 0 0 6.10351562e-05
0.524520242 0.51381137 -0.294375287 0 0 0 6.10351562e-05
0.424316357 0.567187953 0.285890744 0 0 0 6.10351562e-05
0.344738183 -0.15071912 0.377409916 0 0 0 6.10351562e-05
0.657598427 0.282203938 0.537603861 0 0 0 6.10351562e-05
-0.492189231 -0.506179359 -0.687642152 0 0 0 6.10351562e-05
-0.211656425 0.825443182 0.134557852 0 0 0 6.10351562e-05
0.440228056 0.615739659 -0.476682104 0 0 0 6.10351562e-05
0.359114725 0.0888219548 0.337886766 0 0 0 6.10351562e-05
-0.0259026419 0.186424949 0.835588239 0 0 0 6.10351562e-05
-0.320265981 -0.641983485 -0.302561142 0 0 0 6.10351562e-05
-0.378970132 0.489937463 0.0865729941 0 0 0 6.10351562e-05
-0.305205514 -0.00307933189 0.125415454 0 0 0 6.10351562e-05
-0.257415098 -0.298676909 -0.0256553712 0 0 0 6.10351562e-05
-0.307483351 -0.763169197 0.467090291 0 0 0 6.10351562e-05
0.174973288 -0.00784997498 0.31704515 0 0 0 6.10351562e-05
-0.261729713 -0.692545724 -0.291417747 0 0 0 6.10351562e-05
0.690984992 -0.340327155 0.0477332903 0 0 0 6.10351562e-05
-0.184006618 0.313294775 0.882682793 0 0 0 6.10351562e-05
-0.322116802 -0.0750032408 -0.499448248 0 0 0 6.10351562e-05
0.67621729 0.0504770014 -0.727117883 0 0 0 6.10351562e-05
0.13643309 0.848612658 0.389843816 0 0 0 6.10351562e-05
0.301383081 -0.0960363288 0.842893925 0 0 0 6.10351562e-05
-0.0569623315 0.460169061 0.209655061 0 0 0 6.10351562e-05
-0.296448081 -0.323490261 -0.721805513 0 0 0 6.10351562e-05
-0.244625929 -0.706070717 -0.416076991 0 0 0 6.10351562e-05
0.620910803 0.490242894 -0.327852757 0 0 0 6.10351562e-05
-0.460009859 -0.29092572 0.256437982 0 0 0 6.10351562e-05
0.747392359 0.251143439 0.260159034 0 0 0 6.10351562e-05
-0.486394182 0.0398038964 -0.198340007 0 0 0 6.10351562e-05
-0.120806907 0.0183349045 -0.657615552 0 0 0 6.10351562e-05
-0.240862171 -0.0590340527 -0.00811894341 0 0 0 6.10351562e-05
0.575878377 0.76152882 -0.253194061 0 0 0 6.10351562e-05
-0.110568308 0.560051842 0.60983596 0 0 0 6.10351562e-05
-0.130899536 -0.115765354 0.501503364 0 0 0 6.10351562e-05
0.489074776 -0.326696492 0.451488779 0 0 0 6.10351562e-05
-0.449040799 0.129175734 0.324845816 0 0 0 6.10351562e-05
-0.294604537 -0.0797698995 -0.134149255 0 0 0 6.10351562e-05
-0.215717981 0.620561771 0.198675527 0 0 0 6.10351562e-05
0.688544476 -0.0224889537 -0.214288274 0 0 0 6.10351562e-05
0.831458645 0.528410592 -0.035822339 0 0 0 6.10351562e-05
-0.314536685 0.0108313102 0.753670324 0 0 0 6.10351562e-05
-0.674721927 0.632951764 -0.0678254453 0 0 0 6.10351562e-05
0.58500768 0.297144109 -0.740209768 0 0 0 6.10351562e-05
-0.180431536 -0.76846964 0.463514987 0 0 0 6.10351562e-05
0.170533477 -0.339867917 0.440281549 0 0 0 6.10351562e-05
-0.289982534 -0.221791437 0.824678008 0 0 0 6.10351562e-05
-0.253859698 0.233128113 -0.449283813 0 0 0 6.10351562e-05
0.499363453 -0.130533792 -0.661177897 0 0 0 6.10351562e-05
-0.0633599405 -0.723006815 0.157396738 0 0 0 6.10351562e-05
0.232021979 0.126903235 -0.449845696 0 0 0 6.10351562e-05
-0.737821326 -0.409652386 -0.193317486 0 0 0 6.10351562e-05
-0.153666465 0.560609151 0.68095136 0 0 0 6.10351562e-05
0.740582709 0.508898785 -0.152875846 0 0 0 6.10351562e-05
0.0795323463 0.0520374035 0.169490301 0 0 0 6.10351562e-05
0.634905211 0.230154365 0.571214038 0 0 0 6.10351562e-05
0.33247966 0.0676363526 0.740194087 0 0 0 6.10351562e-05
-0.164566893 -0.0188382893 0.705341755 0 0 0 6.10351562e-05
-0.423647082 0.210633939 0.185268359 0 0 0 6.10351562e-05
-0.512064094 0.0136644306 0.472390411 0 0 0 6.10351562e-05
0.245355267 0.60722603 -0.649172198 0 0 0 6.10351562e-05
0.452741708 -0.507178636 -0.593228767 0 0 0 6.10351562e-05
0.491966092 -0.561361187 0.503837068 0 0 0 6.10351562e-05
-0.475904719 -0.812071047 -0.23961095 0 0 0 6.10351562e-05
-0.165964182 0.159445776 -0.66176177 0 0 0 6.10351562e-05
-0.20664338 0.111404389 0.154191821 0 0 0 6.10351562e-05
0.623060074 0.585597055 -0.0139428478 0 0 0 6.10351562e-05
0.287226496 0.276824451 0.761202269 0 0 0 6.10351562e-05
-0.792141651 0.440621142 0.38756637 0 0 0 6.10351562e-05
-0.433725548 -0.0966393959 0.823978609 0 0 0 6.10351562e-05
0.801374603 0.328599551 -0.247670622 0 0 0 6.10351562e-05
0.294178576 -0.0292390261 0.242537873 0 0 0 6.10351562e-05
-0.66110629 0.174840819 0.603358485 0 0 0 6.10351562e-05
-0.686933692 0.100137084 0.218689208 0 0 0 6.10351562e-05
0.467447921 -0.106045044 0.771058416 0 0 0 6.10351562e-05
-0.202711584 0.258036778 -0.135697052 0 0 0 6.10351562e-05
0.715246309 -0.0389575949 -0.680361521 0 0 0 6.10351562e-05
0.138052561 0.164326332 0.292032731 0 0 0 6.10351562e-05
-0.454635931 0.398519293 0.395176084 0 0 0 6.10351562e-05
-0.135842153 -0.00420678092 -0.259848453 0 0 0 6.10351562e-05
0.127348376 0.776635741 0.335360431 0 0 0 6.10351562e-05
0.459912413 -0.343973784 -0.417751967 0 0 0 6.10351562e-05
0.305123057 -0.387357918 -0.490348407 0 0 0 6.10351562e-05
0.787291568 -0.194702387 -0.0995079777 0 0 0 6.10351562e-05
0.782368583 0.438682888 -0.229758355 0 0 0 6.10351562e-05
0.00932318308 -0.114598462 0.477698447 0 0 0 6.10351562e-05
-0.00451447058 -0.290883183 0.56726792 0 0 0 6.10351562e-05
0.231296741 -0.280677886 0.445994284 0 0 0 6.10351562e-05
0.0620514757 0.656317699 -0.379243592 0 0 0 6.10351562e-05
-0.501312388 -0.598226536 0.203197458 0 0 0 6.10351562e-05
0.242665573 -0.0217419397 0.792015273 0 0 0 6.10351562e-05
-0.331264953 -0.0505930285 0.232044392 0 0 0 6.10351562e-05
-0.355926855 -0.471945336 0.244709537 0 0 0 6.10351562e-05
-0.637084501 0.660455319 0.34430272 0 0 0 6.10351562e-05
0.10230092 -0.12023823 -0.447830574 0 0 0 6.10351562e-05
-0.411183948 0.261022959 0.426882378 0 0 0 6.10351562e-05
-0.624546001 -0.0132426512 -0.0950046666 0 0 0 6.10351562e-05
-0.349867203 -0.297982168 -0.478547206 0 0 0 6.10351562e-05
0.205126398 -0.00189597606 0.26692635 0 0 0 6.10351562e-05
-0.624590696 -0.542680198 -0.537077489 0 0 0 6.10351562e-05
0.250236119 0.390081776 0.701164752 0 0 0 6.10351562e-05
0.0496212144 0.208848162 0.470769675 0 0 0 6.10351562e-05
0.864637187 -0.0832183244 0.12562104 0 0 0 6.10351562e-05
0.318358547 -0.734430596 0.0975674424 0 0 0 6.10351562e-05
0.0527218983 0.626561412 -0.0724395905 0 0 0 6.10351562e-05
-0.0950912154 0.357686962 -0.115795639 0 0 0 6.10351562e-05
0.514697062 0.804214165 -0.0415847403 0 0 0 6.10351562e-05
0.359662652 -0.873865131 -0.0546028686 0 0 0 6.10351562e-05
-0.0697273849 -0.263398172 -0.709618581 0 0 0 6.10351562e-05
-0.440922967 -0.297682473 0.15746069 0 0 0 6.10351562e-05
0.33206981 -0.408461294 0.669291549 0 0 0 6.10351562e-05
-0.0819613621 -0.582930828 -0.376055519 0 0 0 6.10351562e-05
0.161088991 0.356035552 0.490279177 0 0 0 6.10351562e-05
0.516464803 -0.187446451 -0.69285487 0 0 0 6.10351562e-05
-0.0031749953 0.653877223 -0.643823778 0 0 0 6.10351562e-05
0.197343344 0.899828371 -0.130466974 0 0 0 6.10351562e-05
0.381663945 -0.365029126 -0.656163203 0 0 0 6.10351562e-05
0.27355836 -0.373287259 0.656439269 0 0 0 6.10351562e-05
0.236035705 0.576795394 0.701324413 0 0 0 6.10351562e-05
0.170468244 0.371321279 -0.666782036 0 0 0 6.10351562e-05
0.361981837 -0.125997589 -0.884961497 0 0 0 6.10351562e-05
-0.00495893117 0.174214701 0.300279614 0 0 0 6.10351562e-05
-0.777519029 -0.185916642 -0.249508069 0 0 0 6.10351562e-05
0.209657662 0.159625005 0.0226925972 0 0 0 6.10351562e-05
0.602409776 -0.356325994 0.574408619 0 0 0 6.10351562e-05
-0.336391996 0.477835164 -0.206267025 0 0 0 6.10351562e-05
-0.436658349 -0.193137715 0.407287966 0 0 0 6.10351562e-05
0.851062326 -0.238637591 -0.123632536 0 0 0 6.10351562e-05
-0.3374323 0.33128989 -0.686745746 0 0 0 6.10351562e-05
0.495539831 0.395213766 -0.738677089 0 0 0 6.10351562e-05
-0.209085739 0.168401601 -0.569625624 0 0 0 6.10351562e-05
0.0138949175 0.136927523 -0.459455774 0 0 0 6.10351562e-05
-0.107872581 -0.556095946 0.107517314 0 0 0 6.10351562e-05
-0.426347659 0.544270515 0.692181058 0 0 0 6.10351562e-05
0.236648513 -0.776960489 0.0498031987 0 0 0 6.10351562e-05
-0.10155049 -0.767179463 -0.57583246 0 0 0 6.10351562e-05
0.314408404 0.383653021 -0.354519344 0 0 0 6.10351562e-05
0.0175804552 -0.0388224263 0.691429772 0 0 0 6.10351562e-05
-0.508600018 -0.185735808 0.324754056 0 0 0 6.10351562e-05
0.679591762 -0.686160997 0.138003506 0 0 0 6.10351562e-05
-0.295623823 0.746258421 -0.0238847119 0 0 0 6.10351562e-05
-0.154082267 -0.305349798 0.639623323 0 0 0 6.10351562e-05
0.0422817727 -0.237018756 0.330335292 0 0 0 6.10351562e-05
0.183105376 -0.109934553 0.101983956 0 0 0 6.10351562e-05
0.130951158 -0.274868009 0.0771242727 0 0 0 6.10351562e-05
-0.854139361 -0.0836936448 -0.290209351 0 0 0 6.10351562e-05
0.410016448 -0.712097343 0.258534845 0 0 0 6.10351562e-05
0.285289821 0.365052159 -0.851744211 0 0 0 6.10351562e-05
-0.103252582 0.737436988 -0.0106610947 0 0 0 6.10351562e-05
0.111590649 0.756518226 -0.402932612 0 0 0 6.10351562e-05
0.25230065 0.884605619 0.357099032 0 0 0 6.10351562e-05
-0.136146676 -0.199758236 0.319121332 0 0 0 6.10351562e-05
0.530496389 0.107661117 0.58672893 0 0 0 6.10351562e-05
0.101485099 -0.701370446 0.178300828 0 0 0 6.10351562e-05
-0.694061764 0.53008236 -0.206356575 0 0 0 6.10351562e-05
-0.609975441 0.401933296 0.562684153 0 0 0 6.10351562e-05
0.177322629 0.548873018 0.258613993 0 0 0 6.10351562e-05
0.00890860163 0.477969901 0.0521116687 0 0 0 6.10351562e-05
-0.240610046 0.893748442 -0.358303207 0 0 0 6.10351562e-05
0.0867873401 -0.6241099 0.227054302 0 0 0 6.10351562e-05
-0.546421685 -0.36709279 0.422047824 0 0 0 6.10351562e-05
0.0625665266 0.716596021 -0.680068682 0 0 0 6.10351562e-05
-0.331698885 0.42453915 0.833730631 0 0 0 6.10351562e-05
-0.447653205 0.192456434 0.851275293 0 0 0 6.10351562e-05
0.864586006 -0.204883883 -0.18980531 0 0 0 6.10351562e-05
0.346514738 0.192739281 -0.42509854 0 0 0 6.10351562e-05
-0.260507828 0.829965657 0.0265562988 0 0 0 6.10351562e-05
0.63354645 -0.28162585 -0.285006876 0 0 0 6.10351562e-05
0.616962623 0.388631636 0.611433829 0 0 0 6.10351562e-05
-0.464195892 0.0107666191 0.597905695 0 0 0 6.10351562e-05
-0.286236921 0.608294553 -0.379004137 0 0 0 6.10351562e-05
0.878773909 0.225574464 0.00117009136 0 0 0 6.10351562e-05
0.809030771 0.527042373 0.149047443 0 0 0 6.10351562e-05
0.441744172 -0.70230302 0.52471546 0 0 0 6.10351562e-05
-0.382772951 -0.313070522 -0.780924609 0 0 0 6.10351562e-05
-0.376743332 0.160075139 0.360716523 0 0 0 6.10351562e-05
-0.356079954 -0.0190288059 0.436670711 0 0 0 6.10351562e-05
0.239283344 -0.34241683 -0.202751876 0 0 0 6.10351562e-05
-0.379995362 -0.0793856242 -0.291156233 0 0 0 6.10351562e-05
0.0478469488 -0.172447776 0.657118969 0 0 0 6.10351562e-05
0.930321156 0.0763607639 0.259500033 0 0 0 6.10351562e-05
0.303962775 0.650919039 -0.320657491 0 0 0 6.10351562e-05
-0.292324879 -0.134414722 0.806483078 0 0 0 6.10351562e-05
-0.693232831 0.497745157 -0.281737856 0 0 0 6.10351562e-05
-0.668714416 -0.681885842 0.148476235 0 0 0 6.10351562e-05
0.506132376 0.254913929 -0.705667039 0 0 0 6.10351562e-05
-0.427653191 0.257428733 0.310590357 0 0 0 6.10351562e-05
-0.495284737 0.841324625 0.0956068866 0 0 0 6.10351562e-05
0.0021784023 0.0438235925 -0.619591998 0 0 0 6.10351562e-05
-0.359394351 0.0759665547 -0.00582884839 0 0 0 6.10351562e-05
0.26150615 0.572522236 0.0170297071 0 0 0 6.10351562e-05
-0.255646626 -0.301561911 -0.352102137 0 0 0 6.10351562e-05
0.552923437 0.572736089 0.36239807 0 0 0 6.10351562e-05
-0.0989512317 -0.836374589 0.507516321 0 0 0 6.10351562e-05
0.164529459 0.598037735 0.029971291 0 0 0 6.10351562e-05
-0.542967611 -0.292421769 -0.0915049867 0 0 0 6.10351562e-05
0.234215147 0.191037048 -0.370218372 0 0 0 6.10351562e-05
0.415289656 -0.270398849 0.468159955 0 0 0 6.10351562e-05
-0.528298924 0.246437966 0.306401965 0 0 0 6.10351562e-05
-0.0319389206 0.299936924 -0.463745601 0 0 0 6.10351562e-05
-0.508169768 -0.0849620155 0.430174876 0 0 0 6.10351562e-05
-0.0237180823 -0.0953138896 -0.562460897 0 0 0 6.10351562e-05
-0.985055292 0.10089052 0.119212024 0 0 0 6.10351562e-05
-0.683448937 0.285686431 0.389614965 0 0 0 6.10351562e-05
-0.667303491 0.0657651567 0.606545905 0 0 0 6.10351562e-05
-0.135485834 0.914166614 0.280228973 0 0 0 6.10351562e-05
0.121633238 -0.0907849844 -0.784081591 0 0 0 6.10351562e-05
-0.283492546 -0.788252759 -0.191013694 0 0 0 6.10351562e-05
-0.589379138 -0.250362703 -0.19077643 0 0 0 6.10351562e-05
0.0411506523 0.0813529854 0.686789215 0 0 0 6.10351562e-05
0.417475592 0.164020595 0.830409721 0 0 0 6.10351562e-05
-0.369209646 -0.0327796136 -0.0145831994 0 0 0 6.10351562e-05
0.478471008 0.452453216 0.101372363 0 0 0 6.10351562e-05
0.254046918 -0.301023617 -0.100568242 0 0 0 6.10351562e-05
0.862608858 0.0684103496 0.231910867 0 0 0 6.10351562e-05
0.0144191335 -0.112169554 -0.980913781 0 0 0 6.10351562e-05
0.54476771 0.171726873 0.645301013 0 0 0 6.10351562e-05
0.730957387 0.178507698 -0.150058059 0 0 0 6.10351562e-05
-0.244281567 -0.339478275 0.369503325 0 0 0 6.10351562e-05
0.503844689 0.639716595 -0.273934117 0 0 0 6.10351562e-05
0.685636449 -0.597359018 0.0677764057 0 0 0 6.10351562e-05
-0.172311515 -0.649052287 0.2197832 0 0 0 6.10351562e-05
-0.381036834 0.54486756 0.715037335 0 0 0 6.10351562e-05
-0.113847913 0.375249575 -0.786339258 0 0 0 6.10351562e-05
-0.158781616 -0.02786946 0.54172799 0 0 0 6.10351562e-05
0.6413196 -0.12859178 0.111962654 0 0 0 6.10351562e-05
0.47838404 -0.00697538899 -0.106121728 0 0 0 6.10351562e-05
-0.931059047 -0.088895114 0.184744125 0 0 0 6.10351562e-05
-0.839917944 -0.0327841108 0.0821990557 0 0 0 6.10351562e-05
-0.679317024 0.291801438 0.392847755 0 0 0 6.10351562e-05
-0.180898087 -0.648563857 0.231116593 0 0 0 6.10351562e-05
0.472879948 0.142604517 0.598450346 0 0 0 6.10351562e-05
0.160965529 0.0183256928 0.0667270443 0 0 0 6.10351562e-05
-0.323397906 0.173956946 -0.209877227 0 0 0 6.10351562e-05
0.659887294 0.243476832 0.543842721 0 0 0 6.10351562e-05
-0.153763079 0.742334998 -0.299476239 0 0 0 6.10351562e-05
0.240334997 -0.613244466 -0.405530241 0 0 0 6.10351562e-05
0.377230293 0.569048328 -0.604481405 0 0 0 6.10351562e-05
0.26269361 -0.243189258 0.0177329823 0 0 0 6.10351562e-05
-0.012282841 -0.706283431 -0.309436659 0 0 0 6.10351562e-05
0.505353752 -0.208074005 0.757328228 0 0 0 6.10351562e-05
-0.642512326 0.307707942 -0.0760878286 0 0 0 6.10351562e-05
-0.0950380103 -0.312508696 -0.380929279 0 0 0 6.10351562e-05
0.395839772 -0.190036635 -0.379794063 0 0 0 6.10351562e-05
-0.00557320355 -0.776028599 -0.212353389 0 0 0 6.10351562e-05
0.531281595 0.324146404 -0.616344492 0 0 0 6.10351562e-05
-0.0227993516 -0.0309042762 -0.255229095 0 0 0 6.10351562e-05
-0.0811193451 -0.5835789 0.205692235 0 0 0 6.10351562e-05
0.0447454973 0.524696513 0.232237858 0 0 0 6.10351562e-05
-0.268223499 -0.135473214 0.0218008466 0 0 0 6.10351562e-05
-0.055034344 -0.433619658 -0.513133611 0 0 0 6.10351562e-05
-0.383228426 -0.56358469 0.109731413 0 0 0 6.10351562e-05
0.48926011 0.380081487 0.0579526939 0 0 0 6.10351562e-05
0.341031335 0.147989881 0.0802702702 0 0 0 6.10351562e-05
-0.0661351416 0.442743614 0.754716383 0 0 0 6.10351562e-05
-0.132170346 -0.691610021 -0.269974106 0 0 0 6.10351562e-05
0.786661452 0.323075798 -0.145960863 0 0 0 6.10351562e-05
-0.79990875 -0.202957396 0.0176335647 0 0 0 6.10351562e-05
-0.162208485 0.792121746 0.566633944 0 0 0 6.10351562e-05
0.0494892964 -0.44239803 -0.212252452 0 0 0 6.10351562e-05
-0.116434132 0.200434808 0.803352738 0 0 0 6.10351562e-05
0.441822522 0.603072798 -0.432560255 0 0 0 6.10351562e-05
-0.119330833 0.254014897 -0.733448965 0 0 0 6.10351562e-05
0.795376651 0.531457809 0.1657419 0 0 0 6.10351562e-05
0.111491785 0.312018769 -0.733613631 0 0 0 6.10351562e-05
0.555752551 -0.0770410682 -0.729626466 0 0 0 6.10351562e-05
-0.0586990939 0.118990667 -0.503473192 0 0 0 6.10351562e-05
-0.428908107 0.404477058 -0.276165965 0 0 0 6.10351562e-05
-0.556233588 0.368299657 0.392589858 0 0 0 6.10351562e-05
-0.247524304 0.190509268 0.29810864 0 0 0 6.10351562e-05
-0.165485234 0.318070301 -0.330758216 0 0 0 6.10351562e-05
0.122568598 -0.584005565 0.214944677 0 0 0 6.10351562e-05
0.718837739 -0.573540587 0.363600498 0 0 0 6.10351562e-05
-0.204768195 -0.763052865 -0.0247043443 0 0 0 6.10351562e-05
0.821643186 0.293876765 -0.05431926 0 0 0 6.10351562e-05
0.271464564 0.255236765 0.166763442 0 0 0 6.10351562e-05
0.0520817565 0.165385456 -0.599259532 0 0 0 6.10351562e-05
0.0971369861 0.210249439 -0.265333037 0 0 0 6.10351562e-05
-0.267143761 -0.437177396 -0.332217545 0 0 0 6.10351562e-05
-0.112716855 0.665672451 0.291459034 0 0 0 6.10351562e-05
-0.679488822 -0.374917263 0.101113196 0 0 0 6.10351562e-05
-0.866928617 -0.463743454 0.131214673 0 0 0 6.10351562e-05
0.501052583 -0.0397147481 0.345008394 0 0 0 6.10351562e-05
-0.326619233 -0.639322907 0.360591079 0 0 0 6.10351562e-05
0.608435859 0.717061242 0.213900311 0 0 0 6.10351562e-05
-0.19994118 -0.185831843 -0.820756017 0 0 0 6.10351562e-05
-0.635212317 -0.342327372 -0.481312621 0 0 0 6.10351562e-05
0.483771666 0.500016711 0.020361917 0 0 0 6.10351562e-05
-0.269772698 0.204355015 -0.11757799 0 0 0 6.10351562e-05
0.540759438 -0.285835186 -0.723366445 0 0 0 6.10351562e-05
-0.357625807 -0.805781101 -0.0444163019 0 0 0 6.10351562e-05
-0.632818626 -0.462064162 0.114946263 0 0 0 6.10351562e-05
0.437694621 0.798036987 -0.027009111 0 0 0 6.10351562e-05
-0.149124039 0.164923023 -0.665306653 0 0 0 6.10351562e-05
0.18678196 0.177149706 0.813912588 0 0 0 6.10351562e-05
-0.18226991 0.316793052 0.814236395 0 0 0 6.10351562e-05
0.200635015 0.84590425 -0.163427732 0 0 0 6.10351562e-05
0.0843442231 0.533130063 0.212815646 0 0 0 6.10351562e-05
0.334472541 -0.492092316 0.257430496 0 0 0 6.10351562e-05
-0.10905376 -0.65503466 -0.315946664 0 0 0 6.10351562e-05
-0.0936043282 -0.585543189 -0.156441188 0 0 0 6.10351562e-05
-0.269284191 -0.039261059 0.332855444 0 0 0 6.10351562e-05
-0.171804272 -0.621580266 0.527481585 0 0 0 6.10351562e-05
0.660642894 -0.268505244 -0.551252301 0 0 0 6.10351562e-05
0.654248984 -0.504512166 -0.499164113 0 0 0 6.10351562e-05
-0.30151168 -0.773813777 0.441655971 0 0 0 6.10351562e-05
-0.25856584 0.473817314 0.401411955 0 0 0 6.10351562e-05
0.849477579 -0.0238298742 0.155780754 0 0 0 6.10351562e-05
-0.764323022 -0.215942332 -0.0393507068 0 0 0 6.10351562e-05
-0.314732752 0.285174693 -0.7885148 0 0 0 6.10351562e-05
0.426298803 -0.112823244 -0.710272446 0 0 0 6.10351562e-05
0.720778976 -0.393872873 0.0651561523 0 0 0 6.10351562e-05
-0.217830505 -0.614917449 0.450513784 0 0 0 6.10351562e-05
-0.0855649126 0.509997103 0.0779022782 0 0 0 6.10351562e-05
0.139213427 0.119344759 -0.143394292 0 0 0 6.10351562e-05
0.0519142299 0.27823436 0.414136774 0 0 0 6.10351562e-05
0.387506571 0.474742628 0.23758781 0 0 0 6.10351562e-05
-0.0532532536 -0.735698636 -0.654798093 0 0 0 6.10351562e-05
-0.115727866 -0.668232709 -0.353007723 0 0 0 6.10351562e-05
0.161501625 0.315891847 -0.478367516 0 0 0 6.10351562e-05
-0.840877103 -0.150804769 0.00884699492 0 0 0 6.10351562e-05
0.384801068 0.369200626 -0.140346051 0 0 0 6.10351562e-05
0.223391991 0.391524238 -0.0923671152 0 0 0 6.10351562e-05
0.724455694 -0.180501776 0.37919422 0 0 0 6.10351562e-05
-0.47621759 -0.0510469821 -0.492499559 0 0 0 6.10351562e-05
0.13821381 -0.746528964 -0.00818227462 0 0 0 6.10351562e-05
0.28576275 -0.233214926 0.501616094 0 0 0 6.10351562e-05
-0.404827989 -0.13336837 -0.0657480544 0 0 0 6.10351562e-05
0.395914159 0.869595978 -0.195460672 0 0 0 6.10351562e-05
-0.845470706 -0.15160504 0.237760667 0 0 0 6.10351562e-05
0.667671403 0.704198821 -0.0971215843 0 0 0 6.10351562e-05
-0.0469997962 -0.780223754 -0.601896408 0 0 0 6.10351562e-05
0.304815869 0.439672912 -0.831372533 0 0 0 6.10351562e-05
-0.480069176 0.0746041782 0.85081431 0 0 0 6.10351562e-05
-0.51331055 -0.750779959 -0.107028131 0 0 0 6.10351562e-05
0.35597717 0.0741280041 0.134021851 0 0 0 6.10351562e-05
-0.786544838 0.375592909 -0.33218758 0 0 0 6.10351562e-05
0.366040461 -0.291292351 0.367012174 0 0 0 6.10351562e-05
0.0790484396 -0.220279217 -0.341461436 0 0 0 6.10351562e-05
-0.361872268 -0.53234237 -0.029706025 0 0 0 6.10351562e-05
-0.472384708 0.52423592 0.566995661 0 0 0 6.10351562e-05
0.0734192285 -0.27501346 -0.932751304 0 0 0 6.10351562e-05
-0.0132124344 0.610417062 0.27005934 0 0 0 6.10351562e-05
0.138271311 0.466397248 0.332334802 0 0 0 6.10351562e-05
0.835157406 -0.0861112047 -0.141217742 0 0 0 6.10351562e-05
-0.237157802 -0.219635385 -0.763571905 0 0 0 6.10351562e-05
-0.243838917 -0.673939969 -0.449700446 0 0 0 6.10351562e-05
0.200222951 0.347532478 -0.296985348 0 0 0 6.10351562e-05
-0.426070854 -0.325763616 0.813265112 0 0 0 6.10351562e-05
-0.504272228 -0.0103875571 0.625190008 0 0 0 6.10351562e-05
-0.871396555 -0.249361134 -0.223631402 0 0 0 6.10351562e-05
-0.635864543 0.455014654 0.474861048 0 0 0 6.10351562e-05
-0.515724499 -0.183393814 -0.00986390889 0 0 0 6.10351562e-05
-0.459673752 0.411415723 -0.432744952 0 0 0 6.10351562e-05
-0.526300035 -0.116196115 -0.0428196721 0 0 0 6.10351562e-05
0.0344914369 -0.254266148 -0.188363503 0 0 0 6.10351562e-05
-0.0848396907 -0.0234034381 -0.614285435 0 0 0 6.10351562e-05
-0.567657583 0.718659121 0.289015315 0 0 0 6.10351562e-05
0.0959494514 -0.181098526 0.342548602 0 0 0 6.10351562e-05
-0.0806440099 0.3378041 0.168356456 0 0 0 6.10351562e-05
0.750287238 0.170812332 0.0701973661 0 0 0 6.10351562e-05
0.0131728904 0.00769129858 0.34036434 0 0 0 6.10351562e-05
0.375704007 0.218096096 -0.483302581 0 0 0 6.10351562e-05
-0.624851744 0.261607714 -0.487590405 0 0 0 6.10351562e-05
-0.228734991 -0.612121607 -0.160850186 0 0 0 6.10351562e-05
0.711271696 -0.082903289 0.655033315 0 0 0 6.10351562e-05
0.0977412947 0.146684193 0.970984145 0 0 0 6.10351562e-05
0.111128026 0.224351634 0.408673759 0 0 0 6.10351562e-05
-0.468001858 0.108203253 0.60972417 0 0 0 6.10351562e-05
-0.850875495 -0.240616235 -0.139577025 0 0 0 6.10351562e-05
-0.0406658061 0.789725531 -0.0666520431 0 0 0 6.10351562e-05
-0.794128453 -0.0322931286 0.0571294794 0 0 0 6.10351562e-05
0.0307844464 0.297337285 -0.246413997 0 0 0 6.10351562e-05
-0.351597031 -0.522376386 0.742489899 0 0 0 6.10351562e-05
0.589988394 -0.0512052766 -0.258862208 0 0 0 6.10351562e-05
-0.59924977 0.446888094 0.144020119 0 0 0 6.10351562e-05
0.251473362 0.884759078 -0.31517265 0 0 0 6.10351562e-05
-0.353299652 0.72568346 -0.163259352 0 0 0 6.10351562e-05
0.591920797 -0.442512784 0.673654767 0 0 0 6.10351562e-05
-0.0230775785 0.530027478 0.0119553963 0 0 0 6.10351562e-05
0.429386359 -0.807056435 0.379734234 0 0 0 6.10351562e-05
0.472624772 -0.613422733 0.157864638 0 0 0 6.10351562e-05
-0.33426778 -0.175662178 0.179943337 0 0 0 6.10351562e-05
-0.0427408865 0.429525903 -0.631853775 0 0 0 6.10351562e-05
0.0680015165 0.226281384 -0.0580154066 0 0 0 6.10351562e-05
-0.718840971 0.290749445 -0.127665098 0 0 0 6.10351562e-05
0.642086567 -0.727327043 -0.191870392 0 0 0 6.10351562e-05
0.304833322 -0.0891322327 0.154595009 0 0 0 6.10351562e-05
0.241901082 -0.333776553 0.633663683 0 0 0 6.10351562e-05
0.705657483 0.0478524392 -0.689696497 0 0 0 6.10351562e-05
-0.364180742 0.62351991 0.137681755 0 0 0 6.10351562e-05
-0.108730088 0.245619889 -0.742981402 0 0 0 6.10351562e-05
-0.163545972 0.288929501 -0.66979125 0 0 0 6.10351562e-05
0.342086497 -0.533110677 0.176031901 0 0 0 6.10351562e-05
0.609161662 0.0640426464 0.394622494 0 0 0 6.10351562e-05
0.427004118 -0.20943248 -0.30308601 0 0 0 6.10351562e-05
-0.156008861 0.555066986 -0.346627569 0 0 0 6.10351562e-05
-0.432908637 0.158375698 0.115046143 0 0 0 6.10351562e-05
-0.22419385 0.276628666 0.765928926 0 0 0 6.10351562e-05
0.189619652 0.489325457 0.315916567 0 0 0 6.10351562e-05
-0.188943741 0.283199167 0.00162662163 0 0 0 6.10351562e-05
-0.476895988 0.193249507 -0.534467614 0 0 0 6.10351562e-05
0.316271679 -0.441125633 -0.299104474 0 0 0 6.10351562e-05
-0.512556881 -0.0854494199 -0.546737749 0 0 0 6.10351562e-05
-0.272530679 0.302614846 0.867880421 0 0 0 6.10351562e-05
0.645827976 0.319269615 -0.0957268015 0 0 0 6.10351562e-05
-0.120123459 0.14998313 0.263270909 0 0 0 6.10351562e-05
0.144459222 0.178046724 -0.26162182 0 0 0 6.10351562e-05
-0.814113781 0.265097453 0.271395933 0 0 0 6.10351562e-05
-0.765546349 0.305970871 0.234278729 0 0 0 6.10351562e-05
-0.626231966 0.660934161 0.0899529496 0 0 0 6.10351562e-05
0.340877074 -0.394039484 0.619244671 0 0 0 6.10351562e-05
-0.185203226 0.57141505 -0.0434270483 0 0 0 6.10351562e-05
-0.389090196 -0.787267868 0.297019245 0 0 0 6.10351562e-05
-0.611505803 0.122586352 -0.659421646 0 0 0 6.10351562e-05
-0.362813616 0.220948983 -0.174030049 0 0 0 6.10351562e-05
-0.687973376 0.188492902 -0.67332781 0 0 0 6.10351562e-05
-0.00887606617 0.259357333 0.241628342 0 0 0 6.10351562e-05
0.430609902 -0.625830788 0.548944988 0 0 0 6.10351562e-05
-0.732880825 0.290562774 -0.0776188977 0 0 0 6.10351562e-05
-0.109137742 -0.251066447 -0.282600955 0 0 0 6.10351562e-05
-0.570815514 -0.026043143 -0.24276086 0 0 0 6.10351562e-05
0.680644236 0.419331153 -0.401702763 0 0 0 6.10351562e-05
-0.500771637 -0.2511892 0.0738958386 0 0 0 6.10351562e-05
-0.4088074 -0.197979197 -0.350605397 0 0 0 6.10351562e-05
0.316284878 0.349553874 0.833460103 0 0 0 6.10351562e-05
0.192826672 0.145392926 -0.845073448 0 0 0 6.10351562e-05
0.426046891 -0.601319016 -0.459667425 0 0 0 6.10351562e-05
-0.56156724 0.62327857 0.51138396 0 0 0 6.10351562e-05
-0.760742665 -0.270520337 -0.111911923 0 0 0 6.10351562e-05
0.0754118471 0.2929466 -0.768170183 0 0 0 6.10351562e-05
-0.689245724 -0.264340778 0.140658685 0 0 0 6.10351562e-05
-0.0676920056 -0.64034246 0.357806958 0 0 0 6.10351562e-05
0.12070644 -0.856394867 0.135343326 0 0 0 6.10351562e-05
-0.808506163 -0.149431253 0.561814798 0 0 0 6.10351562e-05
0.547880847 -0.587430558 -0.0657577887 0 0 0 6.10351562e-05
0.628208859 0.409482552 -0.606843311 0 0 0 6.10351562e-05
-0.370179325 0.616138762 -0.108851587 0 0 0 6.10351562e-05
-0.673800138 -0.390750993 -0.376643762 0 0 0 6.10351562e-05
0.565089783 0.404446022 0.222742377 0 0 0 6.10351562e-05
-0.628622553 -0.728066558 0.26157559 0 0 0 6.10351562e-05
-0.187877681 -0.32156542 0.828819005 0 0 0 6.10351562e-05
0.271365212 -0.517298696 -0.350680443 0 0 0 6.10351562e-05
0.252647046 -0.372975729 0.535790664 0 0 0 6.10351562e-05
0.0492393857 0.64328711 -0.406409349 0 0 0 6.10351562e-05
0.495361523 0.780032383 -0.326920374 0 0 0 6.10351562e-05
-0.0732397919 0.0024854137 0.443537448 0 0 0 6.10351562e-05
-0.933160342 -0.158118576 -0.00486052991 0 0 0 6.10351562e-05
-0.733297025 -0.13588082 0.517711732 0 0 0 6.10351562e-05
0.135564157 -0.827027299 -0.304596424 0 0 0 6.10351562e-05
-0.736443692 -0.150242407 0.417537774 0 0 0 6.10351562e-05
0.551417016 -0.495017855 -0.296696544 0 0 0 6.10351562e-05
0.109864461 0.00377407423 0.333237666 0 0 0 6.10351562e-05
0.482532664 0.255686751 -0.263831422 0 0 0 6.10351562e-05
0.422729341 -0.27047283 -0.0866903676 0 0 0 6.10351562e-05
0.199377732 -0.887740997 -0.0397849359 0 0 0 6.10351562e-05
-0.0338021576 0.00286431126 -0.44750638 0 0 0 6.10351562e-05
0.383326547 0.266364157 0.244696912 0 0 0 6.10351562e-05
0.292740194 0.722667873 -0.0997860666 0 0 0 6.10351562e-05
0.421654649 0.659711983 -0.40724232 0 0 0 6.10351562e-05
-0.27047121 -0.326831569 -0.181187314 0 0 0 6.10351562e-05
-0.468290101 0.802616129 0.253690478 0 0 0 6.10351562e-05
0.0590222069 -0.022822919 -0.722323232 0 0 0 6.10351562e-05
0.282633674 -0.358337325 -0.259941441 0 0 0 6.10351562e-05
-0.245259899 -0.392146897 -0.63301052 0 0 0 6.10351562e-05
0.288974381 -0.0878881484 -0.0168619963 0 0 0 6.10351562e-05
-0.449040597 -0.57843053 0.260747564 0 0 0 6.10351562e-05
-0.413419987 -0.23651264 0.128489393 0 0 0 6.10351562e-05
-0.469978636 -0.483942828 0.531600417 0 0 0 6.10351562e-05
0.182701332 0.0562341452 -0.852680332 0 0 0 6.10351562e-05
0.0850633818 -0.463999664 -0.444128692 0 0 0 6.10351562e-05
-0.386523547 0.413758839 0.505025831 0 0 0 6.10351562e-05
0.0477089913 0.273163448 0.274807914 0 0 0 6.10351562e-05
-0.604814653 0.074714811 0.330219783 0 0 0 6.10351562e-05
-0.0565535045 -0.405435031 0.611457345 0 0 0 6.10351562e-05
0.639256902 -0.366165359 -0.278825676 0 0 0 6.10351562e-05
-0.360837303 0.335735395 -0.706652605 0 0 0 6.10351562e-05
0.178483415 -0.225395616 -0.659424013 0 0 0 6.10351562e-05
-0.0756413996 -0.242077327 0.855088675 0 0 0 6.10351562e-05
0.265632043 0.149039063 -0.894550811 0 0 0 6.10351562e-05
0.158726063 0.0679530191 -0.403697753 0 0 0 6.10351562e-05
0.0441253735 -0.0698692206 0.758612329 0 0 0 6.10351562e-05
-0.503049186 -0.472495889 -0.498378088 0 0 0 6.10351562e-05
0.483372272 0.192992715 0.0716841194 0 0 0 6.10351562e-05
0.390468813 -0.325086784 -0.78305757 0 0 0 6.10351562e-05
0.596316691 0.101969208 0.00231759636 0 0 0 6.10351562e-05
0.335672267 -0.267921476 -0.143863183 0 0 0 6.10351562e-05
-0.63177754 0.735114197 0.0376137558 0 0 0 6.10351562e-05
-0.309173176 -0.0724330909 -0.124016559 0 0 0 6.10351562e-05
0.213554821 -0.168740766 -0.843800847 0 0 0 6.10351562e-05
0.700014658 0.41391752 0.467071714 0 0 0 6.10351562e-05
0.46803326 -0.324443615 -0.793571645 0 0 0 6.10351562e-05
0.316119698 0.0808922588 0.25426459 0 0 0 6.10351562e-05
0.280160817 -0.0228893058 -0.566616545 0 0 0 6.10351562e-05
0.384765178 -0.219031262 0.133003273 0 0 0 6.10351562e-05
0.0603239967 0.542017805 -0.153663726 0 0 0 6.10351562e-05
-0.683880014 0.0136471148 -0.273513396 0 0 0 6.10351562e-05
-0.0633341933 -0.310528272 0.428319723 0 0 0 6.10351562e-05
0.312820413 0.154629858 -0.547533217 0 0 0 6.10351562e-05
0.186007919 -0.449251339 -0.867736198 0 0 0 6.10351562e-05
-0.155000583 0.674547868 -0.265482561 0 0 0 6.10351562e-05
0.339634531 -0.720574705 0.464011474 0 0 0 6.10351562e-05
-0.628344425 0.485751477 -0.0502202053 0 0 0 6.10351562e-05
-0.0310312807 0.96192787 0.271427656 0 0 0 6.10351562e-05
-0.312840818 0.108133265 0.424373525 0 0 0 6.10351562e-05
0.796677674 -0.337263657 -0.385424325 0 0 0 6.10351562e-05
0.40386012 0.1800188 0.495024144 0 0 0 6.10351562e-05
-0.466990672 0.178749877 -0.386483174 0 0 0 6.10351562e-05
-0.588655192 -0.692730773 0.340275757 0 0 0 6.10351562e-05
-0.0123011754 0.014890348 -0.666289223 0 0 0 6.10351562e-05
0.163584102 -0.385696893 -0.578403948 0 0 0 6.10351562e-05
-0.560195911 -0.0398647141 -0.092479666 0 0 0 6.10351562e-05
0.833053981 -0.282750856 -0.278737486 0 0 0 6.10351562e-05
-0.880311113 0.246258106 -0.110062155 0 0 0 6.10351562e-05
-0.511390241 0.413091444 -0.218634733 0 0 0 6.10351562e-05
0.0193425578 0.415639118 -0.768746129 0 0 0 6.10351562e-05
0.0199559558 -0.418001491 -0.412851148 0 0 0 6.10351562e-05
-0.189841223 -0.142780619 -0.0963569155 0 0 0 6.10351562e-05
0.323821024 0.315952017 -0.0400656153 0 0 0 6.10351562e-05
-0.818249819 -0.275975702 -0.493687097 0 0 0 6.10351562e-05
-0.237728653 -0.521694807 0.0413132087 0 0 0 6.10351562e-05
0.028973581 0.650241788 0.0661348724 0 0 0 6.10351562e-05
-0.0411848683 -0.224162988 -0.604560635 0 0 0 6.10351562e-05
-0.885912904 -0.348348824 0.262055766 0 0 0 6.10351562e-05
0.130459576 -0.20031897 0.32287692 0 0 0 6.10351562e-05
-0.375021709 -0.473142496 -0.514981154 0 0 0 6.10351562e-05
0.161071719 -0.162007526 -0.726209736 0 0 0 6.10351562e-05
0.442663689 0.599336815 0.0563998261 0 0 0 6.10351562e-05
-0.719227071 -0.209575326 -0.0982103705 0 0 0 6.10351562e-05
0.752757131 -0.199461042 -0.272230892 0 0 0 6.10351562e-05
-0.662554163 -0.352722688 0.556314583 0 0 0 6.10351562e-05
0.135883366 0.427222888 -0.121321886 0 0 0 6.10351562e-05
0.167707429 -0.219492133 0.12598651 0 0 0 6.10351562e-05
-0.671441922 0.532424753 -0.482953258 0 0 0 6.10351562e-05
-0.660045675 0.358950419 -0.539088235 0 0 0 6.10351562e-05
0.0748462829 -0.224994517 0.0206698924 0 0 0 6.10351562e-05
0.972922185 0.0961160256 -0.0336014344 0 0 0 6.10351562e-05
-0.303598962 -0.658298825 -0.68205591 0 0 0 6.10351562e-05
0.260330805 -0.0417606986 -0.462604989 0 0 0 6.10351562e-05
-0.196651793 0.346546423 -0.395955117 0 0 0 6.10351562e-05
0.645818503 -0.3121596 -0.513403634 0 0 0 6.10351562e-05
-0.205864287 0.167525023 0.892959777 0 0 0 6.10351562e-05
0.465708614 0.703179273 0.467458592 0 0 0 6.10351562e-05
0.284836626 -0.660917188 -0.21587883 0 0 0 6.10351562e-05
0.213949346 -0.226823787 -0.0563196098 0 0 0 6.10351562e-05
-0.440720111 -0.801645202 0.0723617029 0 0 0 6.10351562e-05
0.749442661 -0.296309632 -0.322328021 0 0 0 6.10351562e-05
-0.939566815 0.111030812 -0.0963819908 0 0 0 6.10351562e-05
-0.369146207 0.371110049 0.823429186 0 0 0 6.10351562e-05
0.287950593 -0.634978608 0.464486659 0 0 0 6.10351562e-05
0.311185221 0.491400253 -0.601803431 0 0 0 6.10351562e-05
0.110868456 -0.0325884819 -0.679554148 0 0 0 6.10351562e-05
-0.122956502 0.30918054 0.388156137 0 0 0 6.10351562e-05
0.237618699 0.111447376 0.309220727 0 0 0 6.10351562e-05
0.573679808 0.195917048 -0.0549652154 0 0 0 6.10351562e-05
-0.257418159 0.312847594 -0.424149196 0 0 0 6.10351562e-05
-0.798257683 -0.29481392 0.0190871241 0 0 0 6.10351562e-05
-0.649782814 0.554601387 0.135066447 0 0 0 6.10351562e-05
0.734553798 -0.275844669 0.349689652 0 0 0 6.10351562e-05
0.538627996 0.59588435 -0.316806966 0 0 0 6.10351562e-05
0.725441099 0.466915964 0.329071752 0 0 0 6.10351562e-05
-0.334281807 0.509918669 0.287059939 0 0 0 6.10351562e-05
-0.0535273229 -0.128493261 0.827289193 0 0 0 6.10351562e-05
-0.566159276 0.735305992 0.352369024 0 0 0 6.10351562e-05
0.041403973 -0.113861279 0.0645176587 0 0 0 6.10351562e-05
0.493001753 0.00508859331 -0.556929796 0 0 0 6.10351562e-05
-0.83301643 0.351069885 0.396822987 0 0 0 6.10351562e-05
0.5165445 0.108414081 0.0484609865 0 0 0 6.10351562e-05
-0.452484847 0.0162053713 -0.738806204 0 0 0 6.10351562e-05
-0.684175528 -0.518228537 0.495888699 0 0 0 6.10351562e-05
0.176834572 -0.679827199 0.181785681 0 0 0 6.10351562e-05
0.127548065 0.0780002057 0.843831253 0 0 0 6.10351562e-05
0.388814552 -0.2433433 0.547105528 0 0 0 6.10351562e-05
0.102900708 -0.162212681 0.872580865 0 0 0 6.10351562e-05
-0.213954919 0.760362795 0.470086285 0 0 0 6.10351562e-05
-0.408309279 -0.517494559 -0.613209506 0 0 0 6.10351562e-05
-0.11018471 -0.6471859 -0.587777077 0 0 0 6.10351562e-05
-0.0204855862 0.538179138 -0.256790402 0 0 0 6.10351562e-05
0.825121747 -0.240941013 0.197936138 0 0 0 6.10351562e-05
0.348177386 -0.152859218 0.511983466 0 0 0 6.10351562e-05
0.0234077008 -0.39197143 -0.472826938 0 0 0 6.10351562e-05
-0.601943966 0.380703674 -0.677571135 0 0 0 6.10351562e-05
-0.0364780951 -0.0188644045 0.586848673 0 0 0 6.10351562e-05
-0.0143950705 -0.866140668 0.271262197 0 0 0 6.10351562e-05
0.796960215 -0.391289233 0.170666061 0 0 0 6.10351562e-05
-0.178961014 0.430079189 0.356918439 0 0 0 6.10351562e-05
0.116756013 -0.45247326 -0.232141817 0 0 0 6.10351562e-05
0.281611088 0.479524693 0.303938687 0 0 0 6.10351562e-05
-0.611334243 0.139951825 0.394850015 0 0 0 6.10351562e-05
0.58862466 -0.742043911 -0.0229467558 0 0 0 6.10351562e-05
0.227512555 0.0822142925 -0.325162472 0 0 0 6.10351562e-05
0.856807873 -0.155111388 -0.434217944 0 0 0 6.10351562e-05
0.397465001 -0.536919656 -0.357603046 0 0 0 6.10351562e-05
-0.18681749 -0.574460699 0.00850451705 0 0 0 6.10351562e-05
-0.54761393 -0.148115253 0.295746621 0 0 0 6.10351562e-05
0.0691062149 -0.904007537 0.235228801 0 0 0 6.10351562e-05
0.565384578 0.0576762264 -0.15939008 0 0 0 6.10351562e-05
0.592009762 0.129013801 0.770016982 0 0 0 6.10351562e-05
0.299601435 0.486600669 -0.424422169 0 0 0 6.10351562e-05
-0.234295931 -0.220592072 0.815205548 0 0 0 6.10351562e-05
0.0876722311 0.0916104919 -0.0486086908 0 0 0 6.10351562e-05
-0.331045972 0.616251651 0.119380466 0 0 0 6.10351562e-05
-0.908841284 -0.200651044 0.0567012898 0 0 0 6.10351562e-05
-0.223469109 0.550458999 -0.123455807 0 0 0 6.10351562e-05
0.878432875 -0.310265101 0.102897225 0 0 0 6.10351562e-05
0.508827995 0.0975576759 0.266689967 0 0 0 6.10351562e-05
0.374524689 -0.446198364 0.0840678244 0 0 0 6.10351562e-05
-0.202442249 -0.590135159 -0.36834117 0 0 0 6.10351562e-05
-0.58988561 -0.750112044 -0.169056833 0 0 0 6.10351562e-05
0.564558207 0.205548309 -0.136471912 0 0 0 6.10351562e-05
0.517241799 -0.160544493 -0.155792716 0 0 0 6.10351562e-05
0.95010304 -0.149024394 -0.205722405 0 0 0 6.10351562e-05
0.552295814 0.0542688474 -0.490460039 0 0 0 6.10351562e-05
-0.957961972 -0.00083580389 -0.158787515 0 0 0 6.10351562e-05
-0.697814075 0.184411628 -0.0401421259 0 0 0 6.10351562e-05
0.339626372 -0.872491954 0.325938191 0 0 0 6.10351562e-05
-0.0581847587 -0.0448474651 -0.533704422 0 0 0 6.10351562e-05
0.27558345 0.269444728 0.762120367 0 0 0 6.10351562e-05
-0.199649798 0.00744021983 0.189365686 0 0 0 6.10351562e-05
-0.32024431 0.364352887 -0.621977353 0 0 0 6.10351562e-05
0.404252223 -0.0562696903 -0.700664912 0 0 0 6.10351562e-05
0.148779579 -0.898697202 0.0191965969 0 0 0 6.10351562e-05
0.719440703 -0.565572895 -0.0160071056 0 0 0 6.10351562e-05
-0.0455787147 -0.455638502 0.373781943 0 0 0 6.10351562e-05
0.408385414 -0.0466342379 0.538742748 0 0 0 6.10351562e-05
-0.468576684 -0.0830958232 0.30265706 0 0 0 6.10351562e-05
0.532821347 -0.283158678 -0.774729252 0 0 0 6.10351562e-05
-0.201051273 -0.0441331005 -0.536377785 0 0 0 6.10351562e-05
-0.189380911 0.141302513 0.174673558 0 0 0 6.10351562e-05
-0.370410279 -0.106452886 -0.512416448 0 0 0 6.10351562e-05
0.333031094 -0.494259366 0.251188141 0 0 0 6.10351562e-05
0.521523164 0.200765786 0.818580654 0 0 0 6.10351562e-05
0.496027433 0.573496862 -0.564867235 0 0 0 6.10351562e-05
0.260264363 0.807570376 -0.0868569187 0 0 0 6.10351562e-05
0.32519129 0.320723703 -0.669082716 0 0 0 6.10351562e-05
0.486179927 -0.47126957 0.283116622 0 0 0 6.10351562e-05
0.167777825 -0.349154032 0.667439309 0 0 0 6.10351562e-05
-0.227313076 -0.268378196 -0.824516154 0 0 0 6.10351562e-05
0.100297542 0.167933193 0.883415892 0 0 0 6.10351562e-05
-0.387661149 -0.614017769 0.40670196 0 0 0 6.10351562e-05
0.440229222 -0.502349732 -0.25738977 0 0 0 6.10351562e-05
-0.180523243 -0.599319182 -0.177405577 0 0 0 6.10351562e-05
-0.504919822 -0.238533664 0.806376673 0 0 0 6.10351562e-05
-0.588244957 -0.743678717 -0.0139190915 0 0 0 6.10351562e-05
-0.0879123753 -0.369315699 -0.0175520955 0 0 0 6.10351562e-05
0.0401258938 -0.712232415 -0.272175979 0 0 0 6.10351562e-05
-0.261716926 -0.470328037 0.515533316 0 0 0 6.10351562e-05
0.28096076 0.303644405 -0.557384531 0 0 0 6.10351562e-05
0.906789378 0.219677795 0.049235786 0 0 0 6.10351562e-05
0.418580117 -0.842308387 0.233119553 0 0 0 6.10351562e-05
-0.0901697752 -0.0757724651 0.174478929 0 0 0 6.10351562e-05
0.40731464 0.532627633 -0.177603728 0 0 0 6.10351562e-05
0.866800163 0.0876610934 0.42196189 0 0 0 6.10351562e-05
0.633979901 0.419491293 0.388210157 0 0 0 6.10351562e-05
-0.854072239 0.208571471 -0.115709372 0 0 0 6.10351562e-05
-0.293003929 0.24023799 0.338426173 0 0 0 6.10351562e-05
0.477333839 -0.704735547 0.340650617 0 0 0 6.10351562e-05
0.326066945 0.134380063 0.233608874 0 0 0 6.10351562e-05
-0.651775748 0.122039096 0.446010433 0 0 0 6.10351562e-05
-0.286902725 0.644766069 0.41571921 0 0 0 6.10351562e-05
-0.00959351125 0.176906792 0.827278538 0 0 0 6.10351562e-05
0.511016542 0.0741043034 0.704848368 0 0 0 6.10351562e-05
0.312228961 0.718364552 -0.224518358 0 0 0 6.10351562e-05
0.629594324 0.448775682 0.563314829 0 0 0 6.10351562e-05
0.27430248 0.0078195278 -0.865869623 0 0 0 6.10351562e-05
-0.105004801 0.336730957 -0.323006359 0 0 0 6.10351562e-05
-0.444306794 0.151667317 0.334198533 0 0 0 6.10351562e-05
-0.659299411 -0.12693786 -0.562543122 0 0 0 6.10351562e-05
0.381206106 -0.447469551 -0.335063802 0 0 0 6.10351562e-05
-0.396470603 0.294622772 0.822812707 0 0 0 6.10351562e-05
-0.422392609 0.497080898 0.754238396 0 0 0 6.10351562e-05
0.119834057 -0.302485052 -0.421189125 0 0 0 6.10351562e-05
0.0413584332 0.190290208 -0.759269448 0 0 0 6.10351562e-05
-0.0512022221 0.145595905 -0.623878555 0 0 0 6.10351562e-05
-0.704752128 -0.342435311 0.517482684 0 0 0 6.10351562e-05
0.496635855 0.391909453 0.237858151 0 0 0 6.10351562e-05
0.474542266 0.268818759 0.0995765081 0 0 0 6.10351562e-05
0.124133553 -0.363452125 0.616312728 0 0 0 6.10351562e-05
-0.244664737 0.172554874 -0.280943104 0 0 0 6.10351562e-05
-0.422930207 -0.356854901 0.656684463 0 0 0 6.10351562e-05
0.260681629 0.298485542 0.648526749 0 0 0 6.10351562e-05
0.533460244 0.787370806 -0.0411925483 0 0 0 6.10351562e-05
-0.647600328 0.380921812 0.240649484 0 0 0 6.10351562e-05
-0.122498402 -0.758180457 -0.36246295 0 0 0 6.10351562e-05
-0.126460578 0.0167336412 0.0793413917 0 0 0 6.10351562e-05
0.328323371 -0.496374055 0.150817773 0 0 0 6.10351562e-05
0.0724984216 -0.721742301 0.152271168 0 0 0 6.10351562e-05
-0.336773953 -0.545685276 -0.122386703 0 0 0 6.10351562e-05
-0.560123599 -0.0462288098 0.717319884 0 0 0 6.10351562e-05
0.268971456 0.0403108976 -0.363367267 0 0 0 6.10351562e-05
0.632141205 -0.450201956 -0.133086879 0 0 0 6.10351562e-05
-0.518004685 0.60699032 0.000165033285 0 0 0 6.10351562e-05
-0.472380738 0.158837066 0.243041722 0 0 0 6.10351562e-05
-0.598105974 0.216378599 0.681105633 0 0 0 6.10351562e-05
0.71181437 0.161937989 -0.182331524 0 0 0 6.10351562e-05
0.858482782 -0.155626576 -0.338570765 0 0 0 6.10351562e-05
0.738260105 0.38113885 0.244498444 0 0 0 6.10351562e-05
0.0459421329 0.0813669376 0.126971547 0 0 0 6.10351562e-05
0.508895156 0.518053551 0.117667124 0 0 0 6.10351562e-05
0.332500962 -0.122643805 0.681970838 0 0 0 6.10351562e-05
0.0823933532 0.184248775 -0.197544559 0 0 0 6.10351562e-05
-0.337945009 -0.101096473 -0.891467444 0 0 0 6.10351562e-05
0.286129856 -0.821753928 -0.454435479 0 0 0 6.10351562e-05
0.513376173 -0.257773708 -0.778467958 0 0 0 6.10351562e-05
0.187733313 -0.425716179 0.159141862 0 0 0 6.10351562e-05
-0.385178738 0.361524588 -0.455488322 0 0 0 6.10351562e-05
0.534774231 -0.318359381 0.412505857 0 0 0 6.10351562e-05
0.483408745 -0.207566378 0.777881101 0 0 0 6.10351562e-05
0.637340047 -0.248035352 0.193477697 0 0 0 6.10351562e-05
-0.326880309 -0.232075476 -0.14976416 0 0 0 6.10351562e-05
-0.161108225 0.144476096 -0.945066751 0 0 0 6.10351562e-05
0.0300658567 -0.647784957 0.111311701 0 0 0 6.10351562e-05
0.780722095 0.00598114359 -0.0182596825 0 0 0 6.10351562e-05
0.222261643 0.465859196 0.790916638 0 0 0 6.10351562e-05
0.234440433 0.192145082 -0.836269903 0 0 0 6.10351562e-05
-0.436091336 0.36000807 -0.231185654 0 0 0 6.10351562e-05
-0.168953129 -0.763146096 -0.437013167 0 0 0 6.10351562e-05
0.849866393 -0.0871077966 0.244254627 0 0 0 6.10351562e-05
0.0619421452 -0.569289377 0.460946373 0 0 0 6.10351562e-05
-0.447395746 -0.0409937724 0.136631059 0 0 0 6.10351562e-05
0.452286905 -0.662499821 0.441310171 0 0 0 6.10351562e-05
0.570726421 0.708654644 -0.039691084 0 0 0 6.10351562e-05
0.0877457776 -0.321930608 0.749120766 0 0 0 6.10351562e-05
0.141006955 -0.506329461 0.550491673 0 0 0 6.10351562e-05
0.170579091 -0.128141928 0.93152913 0 0 0 6.10351562e-05
0.0403163226 0.53829243 0.697969482 0 0 0 6.10351562e-05
-0.704493107 -0.524091262 -0.0830470486 0 0 0 6.10351562e-05
-0.798877083 -0.237898132 0.428395009 0 0 0 6.10351562e-05
0.244428571 -0.762685348 -0.0398253141 0 0 0 6.10351562e-05
-0.0820322347 0.970921747 0.177023149 0 0 0 6.10351562e-05
0.631702876 -0.0734577061 0.657865012 0 0 0 6.10351562e-05
0.399772641 0.682072799 0.0563605023 0 0 0 6.10351562e-05
-0.265928783 0.691607075 0.40427403 0 0 0 6.10351562e-05
-0.0871026355 0.868594222 0.312678667 0 0 0 6.10351562e-05
0.0261350678 0.546110187 0.112889372 0 0 0 6.10351562e-05
0.296554398 -0.522692934 0.24612854 0 0 0 6.10351562e-05
0.561304684 -0.572717 -0.446077576 0 0 0 6.10351562e-05
0.308786075 0.890949975 0.315885404 0 0 0 6.10351562e-05
-0.161762809 -0.791623799 -0.157862115 0 0 0 6.10351562e-05
-0.453315045 0.474465194 0.263789692 0 0 0 6.10351562e-05
-0.488512783 0.308657677 0.728244795 0 0 0 6.10351562e-05
0.288572869 -0.0803467909 0.359877631 0 0 0 6.10351562e-05
0.772872846 0.424007685 -0.180603286 0 0 0 6.10351562e-05
-0.046572678 -0.198915302 -0.896658032 0 0 0 6.10351562e-05
0.724694082 -0.00335415534 -0.0698109742 0 0 0 6.10351562e-05
0.4547197 -0.367047941 0.196280317 0 0 0 6.10351562e-05
0.499487157 0.446836552 -0.581480821 0 0 0 6.10351562e-05
-0.383491337 0.0343326275 0.752175789 0 0 0 6.10351562e-05
-0.159314881 -0.0492672637 0.769659517 0 0 0 6.10351562e-05
0.0885324606 -0.53039257 0.0655967925 0 0 0 6.10351562e-05
0.647078513 -0.355749957 0.577442017 0 0 0 6.10351562e-05
0.86537333 -0.0125530205 -0.498052554 0 0 0 6.10351562e-05
0.516316063 -0.373189031 -0.135650524 0 0 0 6.10351562e-05
-0.574425794 -0.624502631 0.055148436 0 0 0 6.10351562e-05
0.438940898 0.695855701 -0.425493684 0 0 0 6.10351562e-05
-0.806233876 0.05959728 -0.0870993939 0 0 0 6.10351562e-05
-0.681430197 0.157231641 -0.355821603 0 0 0 6.10351562e-05
-0.885468354 -0.0642427085 -0.103688746 0 0 0 6.10351562e-05
-0.854046521 -0.0382913587 0.122063503 0 0 0 6.10351562e-05
0.161684832 0.129157923 0.844207291 0 0 0 6.10351562e-05
0.526016026 0.184447309 0.672273187 0 0 0 6.10351562e-05
-0.672695751 -0.636568388 0.116548131 0 0 0 6.10351562e-05
0.642715183 -0.357286935 0.270113392 0 0 0 6.10351562e-05
0.269627182 -0.670511989 -0.0816151702 0 0 0 6.10351562e-05
-0.180752924 -0.817652106 0.284524268 0 0 0 6.10351562e-05
0.0606534699 -0.0968481131 -0.411368329 0 0 0 6.10351562e-05
-0.540045665 -0.364559179 -0.365618016 0 0 0 6.10351562e-05
-0.568260189 0.52857337 0.345223027 0 0 0 6.10351562e-05
-0.911890155 -0.349516454 -0.139206823 0 0 0 6.10351562e-05
-0.685351563 -0.383196513 0.32093597 0 0 0 6.10351562e-05
-0.152341761 0.191183067 -0.0363940031 0 0 0 6.10351562e-05
-0.394474608 0.360642794 0.778641348 0 0 0 6.10351562e-05
-0.0455315025 -0.506505768 -0.70021546 0 0 0 6.10351562e-05
0.768326972 -0.455538585 0.406700855 0 0 0 6.10351562e-05
-0.224482821 -0.789083656 -0.42108947 0 0 0 6.10351562e-05
0.256643911 -0.0710450427 -0.740627981 0 0 0 6.10351562e-05
-0.172247874 -0.158972008 -0.352749823 0 0 0 6.10351562e-05
0.338490565 0.65554207 0.121402854 0 0 0 6.10351562e-05
-0.382092845 -0.608189074 -0.12528603 0 0 0 6.10351562e-05
-0.125535891 -0.000225722238 0.302556045 0 0 0 6.10351562e-05
0.342294494 -0.149206696 -0.0305239791 0 0 0 6.10351562e-05
-0.655684674 0.50952846 0.0650096084 0 0 0 6.10351562e-05
-0.223232304 -0.668333904 0.589983157 0 0 0 6.10351562e-05
0.612583169 -0.67883439 -0.0515073856 0 0 0 6.10351562e-05
-0.368342846 0.400850617 0.180506191 0 0 0 6.10351562e-05
0.514956221 0.288542071 -0.616144657 0 0 0 6.10351562e-05
0.683669459 -0.135472522 0.150868018 0 0 0 6.10351562e-05
-0.163605843 0.339108605 -0.893656149 0 0 0 6.10351562e-05
-0.679705295 0.166165414 0.181599609 0 0 0 6.10351562e-05
0.271034324 -0.701768667 0.524517139 0 0 0 6.10351562e-05
-0.0697644555 -0.57604032 -0.706451964 0 0 0 6.10351562e-05
0.265612969 -0.371096451 0.700443324 0 0 0 6.10351562e-05
0.532540057 -0.428685375 -0.490430061 0 0 0 6.10351562e-05
0.0710305973 -0.356166235 -0.901240947 0 0 0 6.10351562e-05
0.308167959 0.701163086 0.0953274327 0 0 0 6.10351562e-05
-0.212266231 0.514568201 -0.515080916 0 0 0 6.10351562e-05
-0.323856532 -0.536047573 -0.216682055 0 0 0 6.10351562e-05
0.621467305 -0.0910620053 -0.038680238 0 0 0 6.10351562e-05
-0.418200211 -0.0843152863 0.805842658 0 0 0 6.10351562e-05
0.112055999 -0.138072523 -0.0748286049 0 0 0 6.10351562e-05
0.0982903458 -0.153510746 -0.59335326 0 0 0 6.10351562e-05
-0.283026611 0.0744519433 -0.252001159 0 0 0 6.10351562e-05
0.282343794 -0.890920663 0.348769419 0 0 0 6.10351562e-05
-0.406481789 0.698001812 0.410851465 0 0 0 6.10351562e-05
0.138217564 0.816403934 -0.353636659 0 0 0 6.10351562e-05
-0.682028384 -0.154343502 -0.0159824082 0 0 0 6.10351562e-05
0.175138303 0.739448917 0.182009851 0 0 0 6.10351562e-05
-0.291498542 0.656317269 -0.0262849447 0 0 0 6.10351562e-05
-0.43326154 0.49853754 -0.410800187 0 0 0 6.10351562e-05
0.363764965 0.00740799802 -0.52832636 0 0 0 6.10351562e-05
-0.173553389 0.0576383913 0.125698159 0 0 0 6.10351562e-05
0.231806837 0.598309526 0.11318151 0 0 0 6.10351562e-05
-0.542458336 0.80282577 -0.210647953 0 0 0 6.10351562e-05
-0.396074593 -0.229477196 -0.397272407 0 0 0 6.10351562e-05
0.646674119 0.361071772 -0.355968073 0 0 0 6.10351562e-05
-0.243711169 -0.419362113 -0.771283767 0 0 0 6.10351562e-05
0.811031837 0.231986701 0.101933762 0 0 0 6.10351562e-05
-0.663738313 -0.115032307 0.514795961 0 0 0 6.10351562e-05
0.87975377 0.3204359 -0.0760664425 0 0 0 6.10351562e-05
0.0153224063 0.0219494083 0.333029489 0 0 0 6.10351562e-05
0.792103458 0.268995775 -0.132587793 0 0 0 6.10351562e-05
0.809616785 0.0164564238 0.483304962 0 0 0 6.10351562e-05
-0.562948509 -0.515601478 0.0983453943 0 0 0 6.10351562e-05
-0.268612035 -0.0210322802 -0.751531421 0 0 0 6.10351562e-05
0.0180844732 -0.839962044 0.272938887 0 0 0 6.10351562e-05
-0.124334083 0.818872393 -0.301832048 0 0 0 6.10351562e-05
-0.512820002 0.222411852 -0.146542879 0 0 0 6.10351562e-05
0.192950259 0.0520765751 -0.424382144 0 0 0 6.10351562e-05
0.472619368 -0.0292750562 0.481071843 0 0 0 6.10351562e-05
-0.0366446772 0.621336352 0.285912989 0 0 0 6.10351562e-05
-0.159602351 0.359642748 0.672404438 0 0 0 6.10351562e-05
-0.100881938 -0.657921347 0.699854642 0 0 0 6.10351562e-05
-0.163784255 -0.557540492 0.339482589 0 0 0 6.10351562e-05
0.141213176 -0.807936593 -0.282174932 0 0 0 6.10351562e-05
-0.242845983 0.163424531 0.748474792 0 0 0 6.10351562e-05
-0.300400558 -0.12668306 -0.716858218 0 0 0 6.10351562e-05
-0.504407992 0.21048793 -0.590600781 0 0 0 6.10351562e-05
-0.0267901388 -0.386895211 -0.859297739 0 0 0 6.10351562e-05
0.599710365 0.703434784 -0.26617693 0 0 0 6.10351562e-05
0.804826883 0.362306883 0.101701345 0 0 0 6.10351562e-05
-0.742574251 -0.1385453 0.589821952 0 0 0 6.10351562e-05
0.71515641 -0.00749481174 0.492131164 0 0 0 6.10351562e-05
0.0634126238 -0.592513098 0.377075198 0 0 0 6.10351562e-05
0.854188892 -0.101547498 0.146427742 0 0 0 6.10351562e-05
0.612149336 -0.0527167387 -0.358427896 0 0 0 6.10351562e-05
0.38068586 -0.656116732 0.413052992 0 0 0 6.10351562e-05
-0.0467164473 0.805384883 -0.245291722 0 0 0 6.10351562e-05
-0.280576391 0.222905587 0.559790227 0 0 0 6.10351562e-05
0.577429161 0.308352617 -0.129195008 0 0 0 6.10351562e-05
0.265476846 -0.775344154 0.0829562201 0 0 0 6.10351562e-05
0.263928241 0.0496373331 -0.358333244 0 0 0 6.10351562e-05
-0.350046618 -0.186977489 0.33376777 0 0 0 6.10351562e-05
0.228328139 0.32440688 0.85473803 0 0 0 6.10351562e-05
-0.500841891 -0.0763993822 -0.727903044 0 0 0 6.10351562e-05
0.0205854487 -0.355601097 -0.575615291 0 0 0 6.10351562e-05
0.338259046 0.623243572 0.0164004245 0 0 0 6.10351562e-05
0.481066054 -0.711309857 0.492177167 0 0 0 6.10351562e-05
0.195625596 0.194549852 0.369826307 0 0 0 6.10351562e-05
0.198603 0.212476623 -0.753735237 0 0 0 6.10351562e-05
-0.340079236 -0.271746213 -0.570079056 0 0 0 6.10351562e-05
-0.794458838 0.207208647 0.24662465 0 0 0 6.10351562e-05
0.570469882 -0.251065687 0.644864304 0 0 0 6.10351562e-05
-0.298388717 0.758200373 -0.201232021 0 0 0 6.10351562e-05
-0.279087489 0.849336483 0.103866713 0 0 0 6.10351562e-05
0.716616842 0.655082226 0.0584555247 0 0 0 6.10351562e-05
0.655837842 0.57590223 -0.0111715409 0 0 0 6.10351562e-05
0.476023775 0.275460786 0.739685647 0 0 0 6.10351562e-05
-0.663037963 -0.165810083 -0.00513136501 0 0 0 6.10351562e-05
-0.325008064 -0.0643981311 0.319127728 0 0 0 6.10351562e-05
0.488213095 0.453664326 0.0455340982 0 0 0 6.10351562e-05
0.666564932 0.186216897 0.542162388 0 0 0 6.10351562e-05
-0.541319754 -0.614805392 0.542666472 0 0 0 6.10351562e-05
-0.205574116 -0.48934347 -0.245776287 0 0 0 6.10351562e-05
-0.365769939 0.474237769 -0.675393561 0 0 0 6.10351562e-05
-0.200557196 0.0316521387 -0.62013446 0 0 0 6.10351562e-05
0.638886606 -0.090934063 0.435433033 0 0 0 6.10351562e-05
-0.175066741 -0.306037027 0.748396122 0 0 0 6.10351562e-05
-0.441308537 0.736133654 0.201984267 0 0 0 6.10351562e-05
0.488818449 0.122582878 -0.0339646947 0 0 0 6.10351562e-05
0.283384172 -0.600436536 0.260786674 0 0 0 6.10351562e-05
0.158789353 -0.679379267 0.124002035 0 0 0 6.10351562e-05
-0.139205897 -0.762227977 -0.441408622 0 0 0 6.10351562e-05
0.658598771 -0.348172811 0.16107401 0 0 0 6.10351562e-05
-0.227348328 0.394642859 -0.0200263457 0 0 0 6.10351562e-05
-0.864265242 -0.211586164 -0.246477881 0 0 0 6.10351562e-05
-0.747034025 -0.536122143 0.00568930176 0 0 0 6.10351562e-05
0.0532984366 0.413114874 0.0743330392 0 0 0 6.10351562e-05
-0.00127751647 0.684593805 0.512274492 0 0 0 6.10351562e-05
0.366041478 0.365433027 0.756131918 0 0 0 6.10351562e-05
0.623216123 -0.546729318 -0.00931191705 0 0 0 6.10351562e-05
-0.638387472 -0.0607574046 -0.205069088 0 0 0 6.10351562e-05
0.653650041 -0.696168708 -0.136518625 0 0 0 6.10351562e-05
-0.653441786 -0.051914745 0.220332006 0 0 0 6.10351562e-05
-0.214800954 -0.87729142 0.34058758 0 0 0 6.10351562e-05
-0.117154563 0.637152005 0.118233223 0 0 0 6.10351562e-05
0.90551917 0.340772125 -0.0469459209 0 0 0 6.10351562e-05
-0.622709838 -0.542712655 0.541306127 0 0 0 6.10351562e-05
-0.109019208 0.169789779 -0.813164849 0 0 0 6.10351562e-05
-0.366017145 -0.542909947 0.696858494 0 0 0 6.10351562e-05
0.672778237 0.3241763 0.32462425 0 0 0 6.10351562e-05
0.615328092 0.174902698 0.505098081 0 0 0 6.10351562e-05
-0.440224704 -0.508602293 -0.346910494 0 0 0 6.10351562e-05
0.307994042 -0.00304360174 -0.415318245 0 0 0 6.10351562e-05
0.434949387 -0.202680812 -0.608689778 0 0 0 6.10351562e-05
-0.256449738 -0.645894033 0.658822062 0 0 0 6.10351562e-05
0.610688984 0.0647170725 0.687552691 0 0 0 6.10351562e-05
-0.34395166 -0.616456801 0.256397189 0 0 0 6.10351562e-05
0.666692106 -0.257701787 0.472942398 0 0 0 6.10351562e-05
0.39032171 0.144747006 0.303194498 0 0 0 6.10351562e-05
0.0284573632 -0.0937048316 0.360314311 0 0 0 6.10351562e-05
-0.588265116 -0.289185588 -0.262155654 0 0 0 6.10351562e-05
0.8011497 0.134764276 -0.421346014 0 0 0 6.10351562e-05
-0.316350756 -0.376060928 0.656573045 0 0 0 6.10351562e-05
-0.251806081 -0.255272881 0.237893296 0 0 0 6.10351562e-05
-0.223149622 0.497291148 0.419672752 0 0 0 6.10351562e-05
-0.0543870171 0.722391426 0.399328434 0 0 0 6.10351562e-05
0.800489463 0.326853348 0.189303862 0 0 0 6.10351562e-05
0.454716846 -0.647604586 0.473822886 0 0 0 6.10351562e-05
-0.619294909 0.355704324 0.23569887 0 0 0 6.10351562e-05
-0.534201235 0.105882815 0.761602864 0 0 0 6.10351562e-05
0.453386516 0.658509032 0.526656682 0 0 0 6.10351562e-05
0.164824868 0.290341799 0.134793856 0 0 0 6.10351562e-05
-0.342240382 -0.900111683 0.104750932 0 0 0 6.10351562e-05
0.673719422 0.0197909382 -0.216858574 0 0 0 6.10351562e-05
-0.122327491 -0.590026258 0.160389391 0 0 0 6.10351562e-05
0.751414526 0.276213627 -0.394175646 0 0 0 6.10351562e-05
-0.676367184 -0.350629764 0.411650719 0 0 0 6.10351562e-05
-0.334941774 0.916359827 0.173151325 0 0 0 6.10351562e-05
-0.219850485 -0.163118574 0.798375632 0 0 0 6.10351562e-05
0.50335839 0.0410377228 -0.407859862 0 0 0 6.10351562e-05
-0.859606845 -0.344882867 -0.00636337914 0 0 0 6.10351562e-05
0.163731438 -0.0326232385 -0.396177405 0 0 0 6.10351562e-05
0.217210459 -0.82942688 -0.236890818 0 0 0 6.10351562e-05
0.376409946 -0.23200169 -0.425991153 0 0 0 6.10351562e-05
0.507626302 0.708154868 -0.285828951 0 0 0 6.10351562e-05
-0.646732847 -0.18134024 0.512158825 0 0 0 6.10351562e-05
0.0542169291 0.709572567 0.647400873 0 0 0 6.10351562e-05
0.141314934 -0.730946975 -0.353504287 0 0 0 6.10351562e-05
0.241096174 0.616962584 0.506736548 0 0 0 6.10351562e-05
-0.719473876 -0.357276022 0.282350916 0 0 0 6.10351562e-05
0.000205883493 -0.201684005 -0.60839596 0 0 0 6.10351562e-05
0.450150874 0.634350282 -0.517295498 0 0 0 6.10351562e-05
-0.116375291 -0.475851633 -0.798668345 0 0 0 6.10351562e-05
0.398931705 -0.274254257 0.684567345 0 0 0 6.10351562e-05
0.00289572886 -0.524024057 -0.120974627 0 0 0 6.10351562e-05
-0.321851631 0.420632721 -0.455011113 0 0 0 6.10351562e-05
0.707644738 0.232089754 -0.588132878 0 0 0 6.10351562e-05
-0.597505865 0.506927525 0.237366544 0 0 0 6.10351562e-05
0.0156380057 -0.0631840522 -0.431938057 0 0 0 6.10351562e-05
-0.510099575 -0.0207926865 -0.430636874 0 0 0 6.10351562e-05
-0.6409258 0.447888808 0.350301951 0 0 0 6.10351562e-05
0.0253337735 0.317479194 0.494435246 0 0 0 6.10351562e-05
0.137264017 0.698731314 0.236926833 0 0 0 6.10351562e-05
-0.49473731 -0.375401626 0.347157538 0 0 0 6.10351562e-05
-0.2040211 -0.759690133 0.57903263 0 0 0 6.10351562e-05
-0.355681475 0.202828684 0.102112557 0 0 0 6.10351562e-05
-0.330507676 0.69378744 0.430890851 0 0 0 6.10351562e-05
-0.130470104 -0.291974973 -0.366038525 0 0 0 6.10351562e-05
0.11372627 -0.303329045 0.69709842 0 0 0 6.10351562e-05
-0.0309175286 0.436788388 0.554898591 0 0 0 6.10351562e-05
0.0626512297 -0.683390909 -0.723424942 0 0 0 6.10351562e-05
0.405776708 0.600657589 -0.496120667 0 0 0 6.10351562e-05
-0.13859518 -0.492624186 0.0540662739 0 0 0 6.10351562e-05
0.153652806 0.197714021 -0.38673488 0 0 0 6.10351562e-05
0.400090409 -0.283311013 0.519747346 0 0 0 6.10351562e-05
-0.29392478 -0.708147239 -0.258001448 0 0 0 6.10351562e-05
0.648013695 -0.00613091601 0.645626709 0 0 0 6.10351562e-05
-0.134736751 0.459434557 0.559570408 0 0 0 6.10351562e-05
0.446806616 0.238586003 0.435639232 0 0 0 6.10351562e-05
-0.405669585 0.264808426 -0.191608583 0 0 0 6.10351562e-05
-0.388489104 0.840463497 -0.335697088 0 0 0 6.10351562e-05
-0.470921505 -0.392030345 -0.379824576 0 0 0 6.10351562e-05
0.419161544 0.299071733 0.29597959 0 0 0 6.10351562e-05
-0.223569464 0.855584065 0.103476414 0 0 0 6.10351562e-05
0.122610029 0.406726377 -0.356016241 0 0 0 6.10351562e-05
-0.409626845 0.0915333116 -0.147816469 0 0 0 6.10351562e-05
0.240583556 0.0576272277 0.641221256 0 0 0 6.10351562e-05
0.27247486 -0.277754473 0.872749556 0 0 0 6.10351562e-05
-0.164770591 -0.768459843 0.497356243 0 0 0 6.10351562e-05
-0.573658763 -0.386920297 -0.0453483214 0 0 0 6.10351562e-05
0.661719502 -0.185886749 -0.466181402 0 0 0 6.10351562e-05
-0.3484407 -0.292137438 0.448726963 0 0 0 6.10351562e-05
-0.805295796 -0.413626007 -0.132376294 0 0 0 6.10351562e-05
-0.10845692 -0.435816578 -0.892140279 0 0 0 6.10351562e-05
0.00693263218 0.0889398198 -0.965774336 0 0 0 6.10351562e-05
0.468335607 0.358275569 0.356228969 0 0 0 6.10351562e-05
-0.156696966 0.625895628 -0.691759514 0 0 0 6.10351562e-05
0.421932363 0.3249653 -0.261382766 0 0 0 6.10351562e-05
0.0285746143 -0.618273607 0.501643803 0 0 0 6.10351562e-05
0.592229047 0.688856594 -0.026331794 0 0 0 6.10351562e-05
0.06581232 -0.656011466 0.477514237 0 0 0 6.10351562e-05
-0.478870619 -0.242759817 -0.0835389416 0 0 0 6.10351562e-05
-0.162138625 -0.208880964 -0.0280205916 0 0 0 6.10351562e-05
-0.376458979 0.579183072 -0.469212438 0 0 0 6.10351562e-05
-0.269861695 -0.330431378 0.164048047 0 0 0 6.10351562e-05
0.453292784 -0.76045143 -0.245458731 0 0 0 6.10351562e-05
-0.767572841 -0.0703921607 -0.571627479 0 0 0 6.10351562e-05
0.224146781 0.426090774 0.871992166 0 0 0 6.10351562e-05
-0.460784546 0.140685642 0.0900059449 0 0 0 6.10351562e-05
-0.0327955819 0.0175724225 0.271173015 0 0 0 6.10351562e-05
-0.143348425 0.155033044 0.105030618 0 0 0 6.10351562e-05
-0.228411689 0.509036244 0.0189843941 0 0 0 6.10351562e-05
-0.662169084 0.686837531 -0.226733899 0 0 0 6.10351562e-05
-0.288534448 -0.845848948 -0.0278225363 0 0 0 6.10351562e-05
-0.19770006 -0.676249418 0.249619389 0 0 0 6.10351562e-05
0.307539971 -0.0101886834 0.105377689 0 0 0 6.10351562e-05
0.223783791 -0.0416908108 -0.627927923 0 0 0 6.10351562e-05
0.266804223 0.626636371 0.184905139 0 0 0 6.10351562e-05
0.0932636367 0.382143558 -0.615766173 0 0 0 6.10351562e-05
-0.259773827 -0.272304661 0.909248651 0 0 0 6.10351562e-05
0.204235345 0.796604881 0.429105007 0 0 0 6.10351562e-05
0.206546997 0.554902257 0.447974744 0 0 0 6.10351562e-05
-0.252653858 -0.361597235 0.755181114 0 0 0 6.10351562e-05
-0.120343782 0.31215647 0.448351735 0 0 0 6.10351562e-05
-0.862006617 -0.425382826 -0.114652193 0 0 0 6.10351562e-05
-0.333524575 -0.0290842439 0.272692153 0 0 0 6.10351562e-05
-0.405713778 0.160681685 0.804952904 0 0 0 6.10351562e-05
-0.162213037 0.622162705 0.156076525 0 0 0 6.10351562e-05
0.577676158 0.584347376 -0.267581399 0 0 0 6.10351562e-05
-0.634961757 -0.427253457 -0.441900591 0 0 0 6.10351562e-05
-0.689871173 0.384669957 -0.386306589 0 0 0 6.10351562e-05
0.627239662 -0.0949895451 -0.485184689 0 0 0 6.10351562e-05
-0.0327279922 0.530579652 0.580916264 0 0 0 6.10351562e-05
0.624683953 0.123960361 -0.338894284 0 0 0 6.10351562e-05
-0.00936703632 -0.492378947 -0.12721374 0 0 0 6.10351562e-05
-0.375652211 -0.763974421 -0.116718359 0 0 0 6.10351562e-05
-0.0198149147 0.516623385 -0.190599622 0 0 0 6.10351562e-05
0.723958222 0.0370766807 0.141724603 0 0 0 6.10351562e-05
0.149225755 -0.367777631 0.352350939 0 0 0 6.10351562e-05
0.786456142 -0.280012796 0.0338673347 0 0 0 6.10351562e-05
-0.335226319 -0.834523794 -0.379098817 0 0 0 6.10351562e-05
-0.135379208 0.042581233 0.450284898 0 0 0 6.10351562e-05
-0.226955579 -0.898907087 -0.144660125 0 0 0 6.10351562e-05
-0.559584153 -0.512991691 -0.236946068 0 0 0 6.10351562e-05
-0.63692646 -0.499728989 0.581018694 0 0 0 6.10351562e-05
0.0844564689 0.738131213 -0.310378663 0 0 0 6.10351562e-05
-0.0578762505 0.653593845 -0.00172025857 0 0 0 6.10351562e-05
-0.0663393514 -0.237252519 0.913408307 0 0 0 6.10351562e-05
-0.516268434 -0.686514797 0.1531451 0 0 0 6.10351562e-05
-0.161035183 -0.1662816 0.259186501 0 0 0 6.10351562e-05
0.541296599 -0.765120034 -0.0332063859 0 0 0 6.10351562e-05
0.120868489 0.416923863 -0.0252490418 0 0 0 6.10351562e-05
-0.635431722 -0.311634982 0.587497111 0 0 0 6.10351562e-05
0.463086877 0.370799131 0.31980585 0 0 0 6.10351562e-05
0.393932815 0.856599086 -0.0327739391 0 0 0 6.10351562e-05
-0.467165935 0.54175403 -0.674472167 0 0 0 6.10351562e-05
-0.151182463 0.591088763 0.0678803058 0 0 0 6.10351562e-05
-0.468364346 0.560738957 0.325421348 0 0 0 6.10351562e-05
-0.281622695 0.059483017 0.0722510894 0 0 0 6.10351562e-05
0.100140783 -0.479407554 0.719533932 0 0 0 6.10351562e-05
-0.575622582 0.511850282 0.265090602 0 0 0 6.10351562e-05
0.239034601 0.486455955 0.7066442 0 0 0 6.10351562e-05
-0.0495446632 0.281827232 -0.676961769 0 0 0 6.10351562e-05
-0.299712759 0.293030233 -0.484500154 0 0 0 6.10351562e-05
0.781821288 0.360554935 0.499641953 0 0 0 6.10351562e-05
0.807217876 0.211313189 -0.270652204 0 0 0 6.10351562e-05
-0.0614258916 0.783180557 -0.198685095 0 0 0 6.10351562e-05
-0.452313551 -0.0351197005 0.770944959 0 0 0 6.10351562e-05
0.88178451 0.367976106 0.269547778 0 0 0 6.10351562e-05
-0.287666764 -0.175306394 0.305092902 0 0 0 6.10351562e-05
-0.123371579 0.334260133 -0.925050059 0 0 0 6.10351562e-05
-0.252721261 0.407332011 0.680329848 0 0 0 6.10351562e-05
-0.0558206967 0.462948074 -0.335420791 0 0 0 6.10351562e-05
-0.380219649 0.145993259 0.84446378 0 0 0 6.10351562e-05
0.308136621 0.403968063 -0.79628002 0 0 0 6.10351562e-05
0.699722957 -0.374178505 -0.303842984 0 0 0 6.10351562e-05
0.31465422 -0.492132356 0.530926419 0 0 0 6.10351562e-05
0.375784865 0.0316859729 0.592834183 0 0 0 6.10351562e-05
-0.154081176 0.0935725751 0.512727875 0 0 0 6.10351562e-05
-0.705017345 0.0381176224 -0.432564525 0 0 0 6.10351562e-05
-0.438660925 -0.745875488 0.230404938 0 0 0 6.10351562e-05
-0.358657659 -0.602080176 -0.696088864 0 0 0 6.10351562e-05
0.5706617 0.17921488 -0.414299808 0 0 0 6.10351562e-05
0.513374055 0.473946017 0.564972148 0 0 0 6.10351562e-05
0.195027017 0.464107958 0.239449099 0 0 0 6.10351562e-05
-0.2201217 -0.341540468 -0.484193706 0 0 0 6.10351562e-05
-0.067334949 0.252291378 0.399862068 0 0 0 6.10351562e-05
-0.409330691 -0.180306404 0.804473491 0 0 0 6.10351562e-05
0.635536979 0.549147728 -0.357325854 0 0 0 6.10351562e-05
-0.17066459 0.0752961002 -0.556266938 0 0 0 6.10351562e-05
0.0473571473 0.16719062 0.871401674 0 0 0 6.10351562e-05
0.156178409 0.638777225 0.312912133 0 0 0 6.10351562e-05
-0.579960566 0.134122687 0.710097389 0 0 0 6.10351562e-05
-0.225406377 0.102867706 -0.712568388 0 0 0 6.10351562e-05
0.263864453 0.798366947 -0.109528645 0 0 0 6.10351562e-05
-0.300323017 0.331192175 0.832588405 0 0 0 6.10351562e-05
0.00503662991 -0.212974659 0.305087746 0 0 0 6.10351562e-05
0.653515893 -0.428344092 -0.00131706007 0 0 0 6.10351562e-05
0.120089288 -0.211350168 0.936597225 0 0 0 6.10351562e-05
-0.390312051 0.27726754 0.629982217 0 0 0 6.10351562e-05
-0.563929069 0.536043899 0.574886467 0 0 0 6.10351562e-05
0.527697632 0.354681575 0.428652121 0 0 0 6.10351562e-05
0.45313454 0.3536246 -0.372436484 0 0 0 6.10351562e-05
-0.0180819527 0.711145304 0.639440821 0 0 0 6.10351562e-05
0.144534489 0.561334318 0.49343902 0 0 0 6.10351562e-05
0.61186037 0.328285135 -0.109801674 0 0 0 6.10351562e-05
-0.391021634 0.219422068 0.417583187 0 0 0 6.10351562e-05
-0.893356564 -0.405020095 -0.0205211679 0 0 0 6.10351562e-05
-0.41150639 0.568194441 -0.200033306 0 0 0 6.10351562e-05
-0.0807416716 -0.0306816211 -0.00564058398 0 0 0 6.10351562e-05
0.390527605 0.372637431 0.249611518 0 0 0 6.10351562e-05
0.326992732 0.0872979622 0.264089524 0 0 0 6.10351562e-05
-0.409907791 0.0480667502 0.732217878 0 0 0 6.10351562e-05
0.130697001 0.224929717 -0.359635183 0 0 0 6.10351562e-05
0.731777598 -0.17095918 0.280355813 0 0 0 6.10351562e-05
-0.577770532 -0.113497938 -0.000353949814 0 0 0 6.10351562e-05
0.436914708 -0.00877044391 0.574729132 0 0 0 6.10351562e-05
0.426920526 0.062160045 0.0825664529 0 0 0 6.10351562e-05
0.504353148 -0.523821442 -0.553496262 0 0 0 6.10351562e-05
0.738912001 0.470780222 -0.459900375 0 0 0 6.10351562e-05
-0.151585105 -0.700028337 -0.407238797 0 0 0 6.10351562e-05
-0.0146316916 0.174421372 -0.906167983 0 0 0 6.10351562e-05
0.255003163 -0.584097629 -0.360601684 0 0 0 6.10351562e-05
-0.221954116 0.541662153 -0.610912637 0 0 0 6.10351562e-05
-0.468139513 -0.440363687 0.182153233 0 0 0 6.10351562e-05
-0.206493876 0.674909342 -0.179486934 0 0 0 6.10351562e-05
0.599384719 -0.0807464468 0.326885972 0 0 0 6.10351562e-05
-0.70999237 0.282146052 0.27492015 0 0 0 6.10351562e-05
-0.733088043 0.373738619 0.527370946 0 0 0 6.10351562e-05
-0.474098652 -0.288767372 0.636192112 0 0 0 6.10351562e-05
0.220190837 0.677583979 -0.267125291 0 0 0 6.10351562e-05
-0.862567414 -0.0834145296 -0.484486289 0 0 0 6.10351562e-05
0.513481039 -0.24031723 0.195987949 0 0 0 6.10351562e-05
-0.449468516 -0.490431601 -0.338823877 0 0 0 6.10351562e-05
-0.732131578 0.455643987 0.481590828 0 0 0 6.10351562e-05
0.466496994 0.198419355 0.751817044 0 0 0 6.10351562e-05
0.338098832 0.19137177 -0.561076137 0 0 0 6.10351562e-05
0.829844668 0.306608136 -0.130062063 0 0 0 6.10351562e-05
0.300034748 -0.666433866 0.544863148 0 0 0 6.10351562e-05
0.0659061535 -0.11046537 -0.460032674 0 0 0 6.10351562e-05
-0.267431648 0.665716768 -0.436061507 0 0 0 6.10351562e-05
0.564510517 0.603257886 0.385204446 0 0 0 6.10351562e-05
-0.374127359 0.528673745 0.309416071 0 0 0 6.10351562e-05
0.376355597 0.625293695 -0.370067833 0 0 0 6.10351562e-05
-0.354689135 -0.254454081 0.498359036 0 0 0 6.10351562e-05
0.0997176394 0.567313408 -0.248359557 0 0 0 6.10351562e-05
-0.146415627 0.629103177 -0.600034338 0 0 0 6.10351562e-05
-0.404854942 -0.209030995 -0.637848477 0 0 0 6.10351562e-05
0.816172362 -0.0142471695 0.393166168 0 0 0 6.10351562e-05
-0.252992833 -0.295277998 0.725881491 0 0 0 6.10351562e-05
-0.382225359 -0.631130029 -0.389165144 0 0 0 6.10351562e-05
0.126810035 0.225889278 -0.222423333 0 0 0 6.10351562e-05
0.153202743 0.0378631218 -0.683625259 0 0 0 6.10351562e-05
-0.900002813 0.0314241078 0.0358535182 0 0 0 6.10351562e-05
-0.205900226 0.511918928 0.551218262 0 0 0 6.10351562e-05
-0.484171944 0.334197333 -0.473428919 0 0 0 6.10351562e-05
-0.116970427 -0.545860974 -0.234487857 0 0 0 6.10351562e-05
0.160308936 -0.846009709 0.429005092 0 0 0 6.10351562e-05
0.372419537 -0.779092009 -0.380006538 0 0 0 6.10351562e-05
-0.512365714 0.494811292 -0.13589933 0 0 0 6.10351562e-05
-0.683095344 0.262297584 -0.400553498 0 0 0 6.10351562e-05
0.763083449 -0.254159414 -0.563819899 0 0 0 6.10351562e-05
0.333794383 0.783339832 0.406341825 0 0 0 6.10351562e-05
0.0269385672 0.193948299 0.281490528 0 0 0 6.10351562e-05
-0.202340581 0.816187422 0.210151667 0 0 0 6.10351562e-05
0.0616635887 -0.404780189 -0.126549092 0 0 0 6.10351562e-05
0.0231232482 -0.643094702 -0.0433354689 0 0 0 6.10351562e-05
-0.65306305 -0.627629485 -0.0412140701 0 0 0 6.10351562e-05
-0.0545667773 0.331045156 -0.266614477 0 0 0 6.10351562e-05
0.545111306 -0.201583854 -0.0471867647 0 0 0 6.10351562e-05
-0.181490457 0.401253814 0.528414873 0 0 0 6.10351562e-05
-0.249161161 0.737420913 -0.525567141 0 0 0 6.10351562e-05
-0.238275436 -0.385812177 -0.169552198 0 0 0 6.10351562e-05
-0.0999184583 0.976038638 -0.134472702 0 0 0 6.10351562e-05
0.230323442 -0.229362128 0.164955655 0 0 0 6.10351562e-05
-0.704514618 -0.43570996 0.178476347 0 0 0 6.10351562e-05
-0.405732975 0.51786561 -0.284715467 0 0 0 6.10351562e-05
0.423057756 0.789138382 -0.360415643 0 0 0 6.10351562e-05
0.572080266 0.406015026 0.345265489 0 0 0 6.10351562e-05
0.742788156 -0.503676046 0.196657012 0 0 0 6.10351562e-05
0.709602459 -0.0294186115 -0.473455653 0 0 0 6.10351562e-05
-0.367283455 0.211582501 -0.778075691 0 0 0 6.10351562e-05
-0.309776975 0.43452904 -0.777647709 0 0 0 6.10351562e-05
0.934772137 0.169001452 -0.297621707 0 0 0 6.10351562e-05
0.669621529 -0.040147795 -0.244667945 0 0 0 6.10351562e-05
-0.490131529 -0.0573400446 -0.186899843 0 0 0 6.10351562e-05
0.405533341 0.358453447 -0.304123892 0 0 0 6.10351562e-05
0.0834285384 0.672977063 -0.265599322 0 0 0 6.10351562e-05
-0.224458263 0.676019426 0.0214041894 0 0 0 6.10351562e-05
0.692636745 -0.564917194 -0.425983863 0 0 0 6.10351562e-05
0.622231434 -0.548381043 -0.288298402 0 0 0 6.10351562e-05
-0.749011587 -0.205227164 0.383771932 0 0 0 6.10351562e-05
0.0496008355 -0.110380236 -0.806409462 0 0 0 6.10351562e-05
0.0725308953 -0.630512595 -0.5938999 0 0 0 6.10351562e-05
-0.654342525 0.296264791 0.459971314 0 0 0 6.10351562e-05
0.338858261 -0.00241846257 0.162365343 0 0 0 6.10351562e-05
0.0746855594 0.183713943 0.851830709 0 0 0 6.10351562e-05
0.0407685215 0.25230415 -0.28067441 0 0 0 6.10351562e-05
-0.550434865 -0.257013971 0.533490476 0 0 0 6.10351562e-05
0.257658121 0.362190896 -0.0118125293 0 0 0 6.10351562e-05
0.896839355 0.146323023 -0.307489921 0 0 0 6.10351562e-05
0.552246409 -0.256653123 0.391665755 0 0 0 6.10351562e-05
0.383432323 -0.117829583 -0.671791168 0 0 0 6.10351562e-05
0.223734159 -0.105022025 0.93475453 0 0 0 6.10351562e-05
-0.0480197007 0.242978306 -0.191480366 0 0 0 6.10351562e-05
0.843782449 -0.0747975213 0.15875158 0 0 0 6.10351562e-05
-0.212241103 0.37561864 0.89657506 0 0 0 6.10351562e-05
-0.183498662 -0.485109937 0.795873278 0 0 0 6.10351562e-05
0.385787167 -0.100967483 -0.0949407487 0 0 0 6.10351562e-05
-0.285337394 0.332215941 -0.622282923 0 0 0 6.10351562e-05
-0.452475717 0.11980509 0.845649264 0 0 0 6.10351562e-05
-0.308283721 -0.377462132 -0.0366447895 0 0 0 6.10351562e-05
0.49968599 -0.319437828 0.591364536 0 0 0 6.10351562e-05
0.536360894 -0.757016626 0.362415313 0 0 0 6.10351562e-05
-0.593553327 0.300516044 -0.644931417 0 0 0 6.10351562e-05
0.207234716 0.901261967 -0.106180164 0 0 0 6.10351562e-05
-0.0569327766 -0.50037601 0.267341564 0 0 0 6.10351562e-05
0.62368814 0.661340553 0.255521731 0 0 0 6.10351562e-05
0.691530566 0.107694351 0.387574784 0 0 0 6.10351562e-05
0.0427341275 0.0579360393 -0.765282205 0 0 0 6.10351562e-05
-0.374091384 0.522161411 -0.688107952 0 0 0 6.10351562e-05
-0.0629243992 -0.331718222 0.157375839 0 0 0 6.10351562e-05
0.430455602 0.289409163 -0.853122809 0 0 0 6.10351562e-05
0.00752004824 0.971262139 -0.110311604 0 0 0 6.10351562e-05
-0.31219507 0.888576086 -0.105214106 0 0 0 6.10351562e-05
0.737296392 0.12985139 0.375751759 0 0 0 6.10351562e-05
-0.173790732 -0.0514043365 -0.139671128 0 0 0 6.10351562e-05
-0.440264287 0.104991522 0.697995513 0 0 0 6.10351562e-05
-0.102307057 -0.480341007 -0.0748017806 0 0 0 6.10351562e-05
-0.495579634 -0.858048771 -0.0548689861 0 0 0 6.10351562e-05
0.546228155 -0.049784876 0.0604242882 0 0 0 6.10351562e-05
-0.0303374683 -0.788963501 -0.500229143 0 0 0 6.10351562e-05
0.16868034 0.350979823 -0.0287612381 0 0 0 6.10351562e-05
0.677331481 0.568654782 -0.113957956 0 0 0 6.10351562e-05
0.204008329 0.0962731417 -0.543437374 0 0 0 6.10351562e-05
0.230970701 0.310718924 0.167861535 0 0 0 6.10351562e-05
0.201095527 -0.460911351 -0.199031681 0 0 0 6.10351562e-05
-0.112201855 0.342042639 -0.195110265 0 0 0 6.10351562e-05
-0.250902464 -0.660336051 0.187233871 0 0 0 6.10351562e-05
-0.417286349 0.555530281 0.359220893 0 0 0 6.10351562e-05
0.0792313252 0.363422531 -0.148436686 0 0 0 6.10351562e-05
-0.20390168 -0.527497279 -0.0421321229 0 0 0 6.10351562e-05
0.232843087 0.649201888 -0.292696018 0 0 0 6.10351562e-05
-0.726890356 0.311432125 0.412799591 0 0 0 6.10351562e-05
-0.232236383 0.56656889 0.00476943885 0 0 0 6.10351562e-05
0.262099379 -0.0149368004 -0.248812359 0 0 0 6.10351562e-05
0.287139749 -0.592347705 -0.646867867 0 0 0 6.10351562e-05
-0.0525986533 -0.362671042 -0.407086457 0 0 0 6.10351562e-05
0.102690952 0.23892524 0.198017227 0 0 0 6.10351562e-05
-0.627848155 -0.361633439 0.224553795 0 0 0 6.10351562e-05
0.340947707 -0.449560499 0.430306689 0 0 0 6.10351562e-05
-0.885336959 -0.334179256 0.197904625 0 0 0 6.10351562e-05
-0.099860389 -0.891007855 -0.332548671 0 0 0 6.10351562e-05
-0.200191415 0.415706221 0.82096094 0 0 0 6.10351562e-05
-0.857204329 0.303102771 0.217986087 0 0 0 6.10351562e-05
-0.033538549 0.0794110925 -0.179413804 0 0 0 6.10351562e-05
-0.222817379 0.603019832 -0.369221235 0 0 0 6.10351562e-05
-0.524134426 0.159735731 0.684946246 0 0 0 6.10351562e-05
-0.874349269 -0.216575426 -0.323164982 0 0 0 6.10351562e-05
0.207350128 -0.867970524 -0.317999501 0 0 0 6.10351562e-05
-0.0540441506 0.291424935 0.736409425 0 0 0 6.10351562e-05
-0.844664183 -0.443315776 0.150783579 0 0 0 6.10351562e-05
-0.926233912 -0.059571546 -0.0354834084 0 0 0 6.10351562e-05
-0.485177293 -0.335513933 -0.520530825 0 0 0 6.10351562e-05
0.614627676 -0.587991143 0.417949483 0 0 0 6.10351562e-05
-0.799481659 -0.31739423 0.0694588155 0 0 0 6.10351562e-05
0.154133455 0.0749336654 -0.0100692486 0 0 0 6.10351562e-05
0.825756353 -0.00528065059 -0.275112061 0 0 0 6.10351562e-05
-0.00449948991 0.524277838 -0.28936156 0 0 0 6.10351562e-05
-0.206602743 -0.544457781 -0.142199413 0 0 0 6.10351562e-05
-0.657317254 -0.690879173 -0.267567258 0 0 0 6.10351562e-05
0.0228670402 0.724293381 0.421612734 0 0 0 6.10351562e-05
0.73419492 0.251188169 0.460357729 0 0 0 6.10351562e-05
0.0551790158 -0.619359866 0.168011565 0 0 0 6.10351562e-05
0.110195496 0.114222512 0.295243345 0 0 0 6.10351562e-05
0.352592866 0.0283423308 -0.624284995 0 0 0 6.10351562e-05
-0.579285018 -0.311449345 -0.268928016 0 0 0 6.10351562e-05
0.209547317 -0.413969627 -0.695374865 0 0 0 6.10351562e-05
0.656050735 -0.109722952 0.471847866 0 0 0 6.10351562e-05
-0.159081206 0.52388305 0.26457245 0 0 0 6.10351562e-05
0.197228183 0.394646632 0.171186833 0 0 0 6.10351562e-05
-0.314689265 0.439950597 -0.406799685 0 0 0 6.10351562e-05
-0.276221758 0.75436957 -0.499098689 0 0 0 6.10351562e-05
-0.674800949 0.581573224 -0.286766962 0 0 0 6.10351562e-05
0.289612876 -0.15800524 -0.344727462 0 0 0 6.10351562e-05
-0.72559477 -0.273565015 -0.439523469 0 0 0 6.10351562e-05
-0.705897866 0.0993055964 0.394504465 0 0 0 6.10351562e-05
0.130037575 0.238739651 -0.311825056 0 0 0 6.10351562e-05
0.313927542 -0.0623597793 0.874697436 0 0 0 6.10351562e-05
-0.448686503 0.210755174 0.0734209666 0 0 0 6.10351562e-05
-0.211293796 -0.649904293 -0.0232459098 0 0 0 6.10351562e-05
0.139791009 0.160038469 -0.266140991 0 0 0 6.10351562e-05
0.646985063 -0.255832393 0.318584576 0 0 0 6.10351562e-05
0.543451295 0.189984056 -0.490997838 0 0 0 6.10351562e-05
-0.120315085 -0.917829747 0.243280158 0 0 0 6.10351562e-05
-0.66032539 -0.516674688 0.329916269 0 0 0 6.10351562e-05
0.306123043 0.525757224 0.285423301 0 0 0 6.10351562e-05
0.0719917134 -0.0147163488 0.190748311 0 0 0 6.10351562e-05
-0.438916236 0.0664777216 0.765802493 0 0 0 6.10351562e-05
0.490823006 0.218949052 0.375874437 0 0 0 6.10351562e-05
-0.768281647 -0.469177789 0.373733837 0 0 0 6.10351562e-05
0.224487642 -0.721491823 -0.556012558 0 0 0 6.10351562e-05
-0.365302125 0.70057897 -0.00556625812 0 0 0 6.10351562e-05
-0.136088066 0.394443606 -0.705090965 0 0 0 6.10351562e-05
0.524886301 0.373347844 -0.736420891 0 0 0 6.10351562e-05
0.425394758 0.173746224 0.142523499 0 0 0 6.10351562e-05
0.272644812 -0.257580977 -0.345495676 0 0 0 6.10351562e-05
-0.685149161 0.566825888 0.174117475 0 0 0 6.10351562e-05
0.523777133 0.158069716 0.788727748 0 0 0 6.10351562e-05
0.601463501 0.586544104 -0.181711594 0 0 0 6.10351562e-05
-0.56620291 -0.610519011 0.196539187 0 0 0 6.10351562e-05
-0.00256118146 0.763864046 0.106110473 0 0 0 6.10351562e-05
-0.0877575954 -0.598124634 0.570343726 0 0 0 6.10351562e-05
0.490035042 -0.633927034 0.129659253 0 0 0 6.10351562e-05
0.450576428 -0.353402817 0.0196053309 0 0 0 6.10351562e-05
-0.833705463 0.184483604 0.262502048 0 0 0 6.10351562e-05
0.354907069 -0.741633645 0.282363363 0 0 0 6.10351562e-05
0.856787438 -0.0863089088 0.076747366 0 0 0 6.10351562e-05
-0.283754559 0.26902274 -0.660934076 0 0 0 6.10351562e-05
0.281779906 0.0515045695 -0.0847400909 0 0 0 6.10351562e-05
0.0020172095 0.275705443 0.537725944 0 0 0 6.10351562e-05
0.579019998 0.0139804162 0.386177979 0 0 0 6.10351562e-05
0.0536836438 0.134621696 -0.460375755 0 0 0 6.10351562e-05
0.171828714 0.218251267 -0.26275085 0 0 0 6.10351562e-05
0.245845918 -0.39062377 -0.842487971 0 0 0 6.10351562e-05
-0.20778764 -0.384617623 0.565803617 0 0 0 6.10351562e-05
0.172244039 -0.0255397472 -0.525025213 0 0 0 6.10351562e-05
0.278625978 -0.850005128 -0.0968907524 0 0 0 6.10351562e-05
0.416213909 0.175090623 -0.861147092 0 0 0 6.10351562e-05
0.332443763 -0.140643643 0.529735527 0 0 0 6.10351562e-05
0.160611365 -0.14619883 0.818161631 0 0 0 6.10351562e-05
-0.103060375 -0.297535849 0.187661448 0 0 0 6.10351562e-05
-0.352501701 -0.549781773 0.619088303 0 0 0 6.10351562e-05
0.0853425903 -0.087700762 -0.351863533 0 0 0 6.10351562e-05
-0.329497 0.573107185 0.32796932 0 0 0 6.10351562e-05
0.422373099 -0.488921765 0.574577544 0 0 0 6.10351562e-05
0.0952973117 -0.237586024 0.934854533 0 0 0 6.10351562e-05
0.490656709 0.708839727 0.297150644 0 0 0 6.10351562e-05
0.0347767567 -0.0665765567 0.453314761 0 0 0 6.10351562e-05
-0.773292358 -0.0839544816 0.334348982 0 0 0 6.10351562e-05
0.666366296 0.022521222 0.64163806 0 0 0 6.10351562e-05
-0.753551781 -0.141130217 0.597325649 0 0 0 6.10351562e-05
-0.375915298 -0.0715085044 -0.330007418 0 0 0 6.10351562e-05
-0.0734334845 -0.191616727 -0.592705894 0 0 0 6.10351562e-05
-0.282716805 0.365023095 -0.609365386 0 0 0 6.10351562e-05
0.17434828 -0.136408828 0.246595001 0 0 0 6.10351562e-05
-0.253006595 0.763464012 0.0694193782 0 0 0 6.10351562e-05
0.146635924 -0.480533386 -0.224655648 0 0 0 6.10351562e-05
0.311524731 -0.397740883 0.593767048 0 0 0 6.10351562e-05
0.0975555077 -0.877849621 -0.384415158 0 0 0 6.10351562e-05
0.248945495 -0.0371733212 -0.344143429 0 0 0 6.10351562e-05
0.528502785 -0.367178685 -0.61224499 0 0 0 6.10351562e-05
0.603835234 -0.0116057879 -0.216872685 0 0 0 6.10351562e-05
-0.49991737 0.656531021 0.281172268 0 0 0 6.10351562e-05
-0.0551181078 -0.438878009 -0.59203521 0 0 0 6.10351562e-05
-0.120267751 0.181575356 -0.342786485 0 0 0 6.10351562e-05
0.627280404 -0.195363956 0.488334035 0 0 0 6.10351562e-05
0.182375924 -0.613546527 0.743786643 0 0 0 6.10351562e-05
-0.947446547 0.0884192057 -0.197396199 0 0 0 6.10351562e-05
-0.209022528 -0.170059474 -0.575203639 0 0 0 6.10351562e-05
0.68939817 -0.107874971 0.398710896 0 0 0 6.10351562e-05
-0.0706868908 0.861859583 -0.118306812 0 0 0 6.10351562e-05
0.493119908 0.203486298 0.821152318 0 0 0 6.10351562e-05
0.212669878 -0.841395315 -0.0377781715 0 0 0 6.10351562e-05
-0.602386982 -0.525968964 0.532076222 0 0 0 6.10351562e-05
0.114803938 0.281390991 -0.540653276 0 0 0 6.10351562e-05
-0.818862664 0.339264778 -0.00432965333 0 0 0 6.10351562e-05
0.678739791 0.440371872 -0.582788655 0 0 0 6.10351562e-05
0.441974555 -0.742731585 -0.434042676 0 0 0 6.10351562e-05
0.945584107 0.0836080803 0.0607361938 0 0 0 6.10351562e-05
0.264872965 0.0846850149 -0.936092765 0 0 0 6.10351562e-05
0.257623291 0.085205723 -0.777793363 0 0 0 6.10351562e-05
0.679241368 -0.306594062 -0.059900031 0 0 0 6.10351562e-05
0.0280758787 0.7294339 0.268885541 0 0 0 6.10351562e-05
-0.00115292279 0.618857132 0.468800468 0 0 0 6.10351562e-05
0.523894463 0.714884126 0.00616377146 0 0 0 6.10351562e-05
-0.858095251 0.125724027 0.453545715 0 0 0 6.10351562e-05
0.317241262 0.0282642086 0.854791467 0 0 0 6.10351562e-05
-0.15147041 -0.733463224 -0.423155702 0 0 0 6.10351562e-05
0.5707496 -0.257794996 0.652870503 0 0 0 6.10351562e-05
0.343912214 0.533644161 -0.197354404 0 0 0 6.10351562e-05
-0.452510373 0.488462733 -0.73243505 0 0 0 6.10351562e-05
0.598251733 -0.645666996 0.0399208731 0 0 0 6.10351562e-05
-0.575441503 -0.0435484757 -0.144434522 0 0 0 6.10351562e-05
0.258558777 -0.189294761 0.6114412 0 0 0 6.10351562e-05
-0.0502591794 0.0720877741 -0.919954638 0 0 0 6.10351562e-05
0.6298 0.721392477 -0.00262995499 0 0 0 6.10351562e-05
-0.27153493 0.0566925893 0.440033011 0 0 0 6.10351562e-05
0.570534862 0.203176476 0.771658036 0 0 0 6.10351562e-05
0.550584021 -0.272187206 0.474895473 0 0 0 6.10351562e-05
-0.615448002 -0.360254 -0.312400486 0 0 0 6.10351562e-05
0.948830237 0.100710471 -0.0975798218 0 0 0 6.10351562e-05
0.260881948 0.792772366 0.323990589 0 0 0 6.10351562e-05
-0.105319858 -0.655879045 -0.156484818 0 0 0 6.10351562e-05
0.891593611 0.332988296 0.291036298 0 0 0 6.10351562e-05
-0.772713022 -0.169335704 -0.488101864 0 0 0 6.10351562e-05
0.505830551 0.595766203 -0.31088079 0 0 0 6.10351562e-05
0.609747057 -0.120732002 -0.630624708 0 0 0 6.10351562e-05
-0.485448706 -0.337819552 -0.444477391 0 0 0 6.10351562e-05
-0.187976341 0.661225241 0.71502929 0 0 0 6.10351562e-05
-0.447721669 0.593113185 0.289030307 0 0 0 6.10351562e-05
0.544101683 0.166083376 -0.701948425 0 0 0 6.10351562e-05
-0.0132680833 -0.0278687408 -0.930023577 0 0 0 6.10351562e-05
0.369681879 0.509720741 0.654839052 0 0 0 6.10351562e-05
-0.245710914 -0.14494276 0.719208447 0 0 0 6.10351562e-05
0.319905579 0.0547304759 0.249487036 0 0 0 6.10351562e-05
0.355203525 0.652723639 0.135816041 0 0 0 6.10351562e-05
-0.428984835 0.151313419 -0.89020734 0 0 0 6.10351562e-05
0.110894601 -0.666905759 0.506494583 0 0 0 6.10351562e-05
-0.279709076 -0.530304929 0.301346008 0 0 0 6.10351562e-05
0.84999919 -0.166990462 -0.0606960422 0 0 0 6.10351562e-05
-0.291785691 -0.922761955 0.181230475 0 0 0 6.10351562e-05
0.307021107 -0.43226802 0.423514965 0 0 0 6.10351562e-05
-0.58468289 0.488269335 0.0669527846 0 0 0 6.10351562e-05
-0.378944572 0.0228730051 0.686511369 0 0 0 6.10351562e-05
0.893266075 -0.0528572626 -0.352821022 0 0 0 6.10351562e-05
0.34833881 -0.320284989 -0.0928324222 0 0 0 6.10351562e-05
-0.31991959 -0.42391242 -0.435470863 0 0 0 6.10351562e-05
0.793237926 0.282896241 -0.408717135 0 0 0 6.10351562e-05
0.135817926 -0.431144259 -0.00471215721 0 0 0 6.10351562e-05
0.327488847 -0.486963627 -0.129448694 0 0 0 6.10351562e-05
-0.50917853 -0.125893133 -0.211671441 0 0 0 6.10351562e-05
-0.491418243 -0.128150293 0.163208276 0 0 0 6.10351562e-05
-0.278628658 0.0451597132 0.709967065 0 0 0 6.10351562e-05
-0.935171382 -0.0680062322 -0.32717988 0 0 0 6.10351562e-05
0.468407518 0.364077742 -0.171551772 0 0 0 6.10351562e-05
0.262645812 -0.323311734 -0.0255685245 0 0 0 6.10351562e-05
0.17306567 -0.576762288 0.394993036 0 0 0 6.10351562e-05
-0.117236118 -0.197513419 -0.0242434652 0 0 0 6.10351562e-05
0.082369903 0.538619325 0.19822949 0 0 0 6.10351562e-05
0.835942219 0.0992747423 0.455583195 0 0 0 6.10351562e-05
0.039563786 -0.428280039 0.39149453 0 0 0 6.10351562e-05
-0.023898656 -0.791654628 0.062768923 0 0 0 6.10351562e-05
0.263353601 -0.247549856 -0.0028934177 0 0 0 6.10351562e-05
-0.449582852 0.0274836483 0.0533981743 0 0 0 6.10351562e-05
0.140732081 -0.20783633 -0.0188997928 0 0 0 6.10351562e-05
-0.503524891 -0.246908963 0.700712167 0 0 0 6.10351562e-05
-0.052016779 -0.389066704 -0.0882436286 0 0 0 6.10351562e-05
0.867345749 0.102038107 0.0964719139 0 0 0 6.10351562e-05
-0.000836504019 -0.0979216728 -0.446313003 0 0 0 6.10351562e-05
-0.90212995 0.27085617 -0.177715467 0 0 0 6.10351562e-05
0.198243948 -0.442218452 0.595910819 0 0 0 6.10351562e-05
0.156869508 -0.960698788 -0.0374613031 0 0 0 6.10351562e-05
0.283484213 -0.297050187 -0.734596993 0 0 0 6.10351562e-05
-0.358019794 0.43392671 -0.720431719 0 0 0 6.10351562e-05
0.615955213 0.636449948 -0.391032786 0 0 0 6.10351562e-05
-0.380094408 -0.3914284 0.0139071125 0 0 0 6.10351562e-05
0.349111912 0.563223229 0.628228273 0 0 0 6.10351562e-05
0.0821389749 0.640584782 -0.654836518 0 0 0 6.10351562e-05
0.0572775052 -0.86751697 -0.0832537783 0 0 0 6.10351562e-05
-0.0880437001 -0.768303541 -0.192402282 0 0 0 6.10351562e-05
0.635984178 -0.478640467 0.361640186 0 0 0 6.10351562e-05
0.850787955 0.0894132433 -0.476892129 0 0 0 6.10351562e-05
0.0766771503 -0.712597477 0.552085469 0 0 0 6.10351562e-05
0.824823519 0.377483718 -0.250135256 0 0 0 6.10351562e-05
-0.372241132 -0.578902171 0.466707432 0 0 0 6.10351562e-05
0.515312119 0.146034031 -0.75527137 0 0 0 6.10351562e-05
-0.383978381 -0.11134062 0.864839079 0 0 0 6.10351562e-05
0.360563407 -0.458821448 -0.529579012 0 0 0 6.10351562e-05
-0.112999344 -0.511055887 0.220816185 0 0 0 6.10351562e-05
0.804020064 0.120242798 -0.445299423 0 0 0 6.10351562e-05
0.0254647023 -0.321611399 -0.230188975 0 0 0 6.10351562e-05
0.041708576 -0.744560853 -0.61750991 0 0 0 6.10351562e-05
-0.529308187 -0.480876763 -0.203300617 0 0 0 6.10351562e-05
-0.961704372 0.0416524679 -0.191926518 0 0 0 6.10351562e-05
-0.110922101 0.346163645 -0.326138077 0 0 0 6.10351562e-05
0.56829491 0.164794318 -0.377675975 0 0 0 6.10351562e-05
-0.158344688 -0.482007594 -0.518790091 0 0 0 6.10351562e-05
0.138663119 0.462405788 0.611369792 0 0 0 6.10351562e-05
0.117455594 -0.151274712 0.960573747 0 0 0 6.10351562e-05
-0.808390424 -0.276797855 -0.00444763863 0 0 0 6.10351562e-05
-0.0182236033 -0.143376232 0.402404773 0 0 0 6.10351562e-05
0.37899629 0.111548961 -0.775888933 0 0 0 6.10351562e-05
0.613305063 -0.140389569 -0.685773876 0 0 0 6.10351562e-05
0.344534788 0.912538821 0.0453371987 0 0 0 6.10351562e-05
0.438412248 0.395892321 0.529034245 0 0 0 6.10351562e-05
-0.661595089 0.346267459 0.341741867 0 0 0 6.10351562e-05
0.229290393 -0.516360216 -0.729159985 0 0 0 6.10351562e-05
-0.359294162 0.85376328 -0.0891706214 0 0 0 6.10351562e-05
-0.220715601 0.437176287 0.186281648 0 0 0 6.10351562e-05
-0.130397832 0.316739698 0.689469124 0 0 0 6.10351562e-05
-0.885927404 -0.138897115 -0.0613686666 0 0 0 6.10351562e-05
0.120408509 0.185542327 0.704526239 0 0 0 6.10351562e-05
0.467271905 0.188573706 0.46251465 0 0 0 6.10351562e-05
0.358021865 0.476930794 0.141678966 0 0 0 6.10351562e-05
0.318787431 -0.295693132 0.634967733 0 0 0 6.10351562e-05
0.0900499964 -0.264291515 0.335443028 0 0 0 6.10351562e-05
0.442128923 0.828314526 -0.148663313 0 0 0 6.10351562e-05
-0.752741386 0.333190654 -0.35792857 0 0 0 6.10351562e-05
-0.522585632 -0.185269571 0.468683132 0 0 0 6.10351562e-05
0.177422684 -0.328601913 -0.824796318 0 0 0 6.10351562e-05
0.126087679 0.448474635 0.733988026 0 0 0 6.10351562e-05
0.83603424 0.0669415505 -0.538947407 0 0 0 6.10351562e-05
0.265164105 0.758628231 0.104126611 0 0 0 6.10351562e-05
-0.322206773 0.169981518 0.920681472 0 0 0 6.10351562e-05
-0.412527244 -0.0463341208 -0.23143105 0 0 0 6.10351562e-05
-0.144233994 0.789933336 0.345192108 0 0 0 6.10351562e-05
-0.531961673 0.271115018 -0.600026438 0 0 0 6.10351562e-05
-0.491325907 -0.830544563 -0.00646215242 0 0 0 6.10351562e-05
-0.776774043 -0.170369919 -0.465443181 0 0 0 6.10351562e-05
-0.56326356 0.101845689 0.0589338184 0 0 0 6.10351562e-05
-0.155230717 -0.781567943 -0.113578886 0 0 0 6.10351562e-05
-0.842466905 0.237745301 -0.227826533 0 0 0 6.10351562e-05
-0.739778008 -0.620363475 -0.0329194524 0 0 0 6.10351562e-05
-0.722990934 -0.414199367 -0.0146392438 0 0 0 6.10351562e-05
0.311853286 -0.882719372 -0.323291115 0 0 0 6.10351562e-05
-0.605888334 -0.0961163941 -0.788093802 0 0 0 6.10351562e-05
0.343090118 0.738169219 -0.170244007 0 0 0 6.10351562e-05
0.732431814 0.259030032 0.385236022 0 0 0 6.10351562e-05
-0.504798165 -0.717527358 0.0287848416 0 0 0 6.10351562e-05
-0.175400859 -0.897951303 -0.0799075586 0 0 0 6.10351562e-05
0.0104683306 -0.5483893 -0.0508024836 0 0 0 6.10351562e-05
-0.343425492 -0.666286964 0.384790805 0 0 0 6.10351562e-05
-0.422444426 0.069112674 -0.668354838 0 0 0 6.10351562e-05
0.811936211 -0.0633030187 0.136172913 0 0 0 6.10351562e-05
0.857268209 0.228462873 -0.0947469496 0 0 0 6.10351562e-05
-0.963551695 0.161456716 -0.0994329619 0 0 0 6.10351562e-05
0.550882734 0.625117166 -0.355323308 0 0 0 6.10351562e-05
-0.698131524 0.297766518 -0.00146845186 0 0 0 6.10351562e-05
-0.108547593 0.404823816 0.364541399 0 0 0 6.10351562e-05
0.18487571 0.584307527 0.117808089 0 0 0 6.10351562e-05
-0.465218637 0.33771559 0.419940566 0 0 0 6.10351562e-05
-0.174958414 0.191516179 -0.0682125107 0 0 0 6.10351562e-05
-0.221955868 -0.483165516 0.101751649 0 0 0 6.10351562e-05
-0.234323201 -0.906070893 -0.0997776232 0 0 0 6.10351562e-05
0.665239522 -0.287248632 -0.040497606 0 0 0 6.10351562e-05
0.0443097959 -0.510172811 -0.792684558 0 0 0 6.10351562e-05
-0.0996204501 0.460470576 0.52592989 0 0 0 6.10351562e-05
0.0725845243 -0.185982619 -0.409100372 0 0 0 6.10351562e-05
-0.329241199 0.603205683 -0.280676596 0 0 0 6.10351562e-05
-0.272222647 -0.757735148 -0.422881519 0 0 0 6.10351562e-05
-0.464345227 -0.111688036 -0.359758603 0 0 0 6.10351562e-05
0.540807828 -0.168692597 0.531365798 0 0 0 6.10351562e-05
-0.389878724 -0.689236089 -0.274338412 0 0 0 6.10351562e-05
-0.458932059 0.320803937 -0.357529278 0 0 0 6.10351562e-05
0.280254986 -0.349807107 0.614209901 0 0 0 6.10351562e-05
-0.108397846 -0.158090997 -0.841583411 0 0 0 6.10351562e-05
0.282898798 -0.449655618 0.369095355 0 0 0 6.10351562e-05
0.344182597 0.500461042 -0.114157396 0 0 0 6.10351562e-05
-0.561602708 -0.517760099 -0.112695536 0 0 0 6.10351562e-05
-0.721970218 -0.207532655 -0.510502883 0 0 0 6.10351562e-05
-0.0292296781 -0.693073536 -0.599478651 0 0 0 6.10351562e-05
-0.407415728 -0.199025394 -0.169955342 0 0 0 6.10351562e-05
-0.77686214 -0.512596513 0.203263221 0 0 0 6.10351562e-05
-0.572201223 0.690575135 -0.212918003 0 0 0 6.10351562e-05
0.0673604506 0.724370478 -0.21924798 0 0 0 6.10351562e-05
-0.0997663274 -0.64854598 0.164519289 0 0 0 6.10351562e-05
-0.568989886 0.331204579 -0.702063088 0 0 0 6.10351562e-05
0.244618932 0.353539832 0.104985904 0 0 0 6.10351562e-05
-0.0507709461 0.285867662 -0.598864606 0 0 0 6.10351562e-05
0.59750092 -0.503520156 0.183993713 0 0 0 6.10351562e-05
-0.376036567 -0.812214157 0.394709045 0 0 0 6.10351562e-05
-0.0100596642 0.571633882 -0.622523056 0 0 0 6.10351562e-05
0.0303114655 -0.969512393 -0.0463254171 0 0 0 6.10351562e-05
-0.127921988 -0.356433183 -0.862489416 0 0 0 6.10351562e-05
-0.42582441 -0.23279596 0.549815077 0 0 0 6.10351562e-05
0.242812932 0.394823234 0.310952271 0 0 0 6.10351562e-05
-0.353327141 -0.298582165 -0.0909037222 0 0 0 6.10351562e-05
0.650220749 -0.581402263 0.278136758 0 0 0 6.10351562e-05
0.416493416 -0.0574497073 0.482443669 0 0 0 6.10351562e-05
-0.621525166 0.0267665241 -0.337369453 0 0 0 6.10351562e-05
-0.497355833 0.484467802 0.0537414469 0 0 0 6.10351562e-05
0.464296045 0.405871597 0.56793538 0 0 0 6.10351562e-05
-0.47018933 0.394661661 0.787559821 0 0 0 6.10351562e-05
-0.257123386 -0.432482418 0.561622444 0 0 0 6.10351562e-05
0.348016964 -0.286243539 -0.732677544 0 0 0 6.10351562e-05
0.325058677 0.658104951 0.0338223348 0 0 0 6.10351562e-05
-0.4458663 -0.194556212 0.121955641 0 0 0 6.10351562e-05
0.155250279 0.825436627 -0.524942949 0 0 0 6.10351562e-05
-0.0429711999 0.902773613 0.384472628 0 0 0 6.10351562e-05
0.199475622 -0.849984515 -0.481380159 0 0 0 6.10351562e-05
0.0821963209 0.902250877 0.367698148 0 0 0 6.10351562e-05
-0.400875276 0.681740629 -0.441801244 0 0 0 6.10351562e-05
0.0933099643 0.651795419 -0.13086566 0 0 0 6.10351562e-05
-0.859420198 0.322507265 -0.134172944 0 0 0 6.10351562e-05
0.134518815 -0.882946954 -0.0758965646 0 0 0 6.10351562e-05
0.192678687 0.303821689 -0.923162343 0 0 0 6.10351562e-05
0.639723855 0.323311934 0.581764098 0 0 0 6.10351562e-05
0.0992598076 0.602679826 -0.406307009 0 0 0 6.10351562e-05
-0.282397566 -0.0917643785 0.765293355 0 0 0 6.10351562e-05
-0.54531492 -0.00610334948 -0.392632682 0 0 0 6.10351562e-05
0.0685878164 -0.801705657 0.392643337 0 0 0 6.10351562e-05
-0.792224586 0.0503141717 0.379614369 0 0 0 6.10351562e-05
0.309674536 -0.0242457169 -0.194973077 0 0 0 6.10351562e-05
-0.427824596 0.0512750621 -0.831782194 0 0 0 6.10351562e-05
0.162632113 -0.46230852 0.542693135 0 0 0 6.10351562e-05
-0.461720961 0.701741785 -0.415945464 0 0 0 6.10351562e-05
-0.610788933 -0.463793502 0.0987127411 0 0 0 6.10351562e-05
-0.0135273698 0.150930939 0.0313297508 0 0 0 6.10351562e-05
0.636073529 -0.0908553237 0.667492258 0 0 0 6.10351562e-05
0.18319474 -0.103751431 0.64133044 0 0 0 6.10351562e-05
-0.977528032 -0.0539222839 0.177015147 0 0 0 6.10351562e-05
0.0389949262 0.780393877 0.256057128 0 0 0 6.10351562e-05
-0.275947807 -0.722821266 0.373898935 0 0 0 6.10351562e-05
-0.312204793 0.451346367 0.511713697 0 0 0 6.10351562e-05
0.667789575 0.41063482 -0.34872774 0 0 0 6.10351562e-05
-0.744155093 0.0526681181 -0.308298346 0 0 0 6.10351562e-05
0.307164873 0.230528589 0.0484916912 0 0 0 6.10351562e-05
0.56730189 0.669377149 0.175455673 0 0 0 6.10351562e-05
0.516210363 0.816013409 -0.050242086 0 0 0 6.10351562e-05
0.695276533 0.216589058 0.381195563 0 0 0 6.10351562e-05
-0.433447853 -0.576556481 0.500854985 0 0 0 6.10351562e-05
-0.0988203856 -0.745667135 0.630715569 0 0 0 6.10351562e-05
0.307605203 0.561376686 0.0834585862 0 0 0 6.10351562e-05
0.120683924 0.393307277 -0.122096576 0 0 0 6.10351562e-05
0.456661131 0.606251361 0.35736589 0 0 0 6.10351562e-05
-0.623684012 -0.167916939 0.231411279 0 0 0 6.10351562e-05
0.376481214 -0.174768785 0.495989748 0 0 0 6.10351562e-05
-0.186817067 0.744657362 0.461880588 0 0 0 6.10351562e-05
0.868019014 -0.298420895 -0.250134506 0 0 0 6.10351562e-05
0.783100271 0.0732139395 0.0631587022 0 0 0 6.10351562e-05
-0.087923915 0.191624963 -0.716239039 0 0 0 6.10351562e-05
0.468128658 0.352226643 0.0375195662 0 0 0 6.10351562e-05
0.278874425 -0.458696155 -0.758953117 0 0 0 6.10351562e-05
0.446518538 0.465303899 0.204531653 0 0 0 6.10351562e-05
0.542243276 -0.3589802 0.686810254 0 0 0 6.10351562e-05
-0.365618545 0.225437853 0.728884325 0 0 0 6.10351562e-05
-0.749758664 0.442733964 -0.217437302 0 0 0 6.10351562e-05
0.570609939 -0.344642316 -0.422565034 0 0 0 6.10351562e-05
-0.272576376 -0.37489236 -0.18400726 0 0 0 6.10351562e-05
-0.272943077 -0.472332385 -0.188293897 0 0 0 6.10351562e-05
-0.226385258 -0.82297244 -0.0618343022 0 0 0 6.10351562e-05
-0.557807929 -0.223470353 0.0278193731 0 0 0 6.10351562e-05
-0.680627446 -0.65078867 0.0205985587 0 0 0 6.10351562e-05
0.246672563 -0.91677358 0.200231326 0 0 0 6.10351562e-05
-0.26806457 0.344137259 0.469060517 0 0 0 6.10351562e-05
-0.758299093 0.275706459 -0.347568111 0 0 0 6.10351562e-05
-0.511051947 -0.770994596 -0.335653485 0 0 0 6.10351562e-05
-0.123507128 0.807081544 -0.140475468 0 0 0 6.10351562e-05
-0.576846302 -0.372846312 0.117666617 0 0 0 6.10351562e-05
0.753163405 -0.0237291236 0.35117937 0 0 0 6.10351562e-05
0.0159377186 0.223064505 0.240514948 0 0 0 6.10351562e-05
-0.314176876 -0.261670461 0.023777924 0 0 0 6.10351562e-05
0.371938582 0.682233152 -0.548103474 0 0 0 6.10351562e-05
0.202484055 -0.673739461 -0.231033978 0 0 0 6.10351562e-05
-0.129344834 0.234023702 0.117594301 0 0 0 6.10351562e-05
-0.467484637 0.143060815 0.759906473 0 0 0 6.10351562e-05
0.663564208 -0.287528324 0.54988322 0 0 0 6.10351562e-05
0.045553249 0.0692345094 0.246850855 0 0 0 6.10351562e-05
-0.741270596 0.243363299 0.240725064 0 0 0 6.10351562e-05
0.368568102 0.0181680526 0.369361514 0 0 0 6.10351562e-05
-0.634522155 0.460866996 -0.139170658 0 0 0 6.10351562e-05
0.470204392 -0.705225869 -0.330551866 0 0 0 6.10351562e-05
0.0492286178 -0.474477063 -0.0563006726 0 0 0 6.10351562e-05
0.138538507 -0.652849945 -0.689094248 0 0 0 6.10351562e-05
0.218843051 -0.945170829 -0.0203761765 0 0 0 6.10351562e-05
0.0624175686 0.843895742 0.439916936 0 0 0 6.10351562e-05
0.552771527 -0.412186575 -0.131287489 0 0 0 6.10351562e-05
0.663443681 0.115862007 -0.593203255 0 0 0 6.10351562e-05
0.139926462 -0.224811495 -0.194444451 0 0 0 6.10351562e-05
-0.508328446 -0.361559965 -0.69439792 0 0 0 6.10351562e-05
0.286452621 0.45121308 -0.25613476 0 0 0 6.10351562e-05
-0.181688506 0.549303487 -0.159066075 0 0 0 6.10351562e-05
0.187648354 -0.729922386 -0.171811028 0 0 0 6.10351562e-05
0.520977899 -0.337936135 -0.727166433 0 0 0 6.10351562e-05
-0.235923306 -0.473578989 -0.530099353 0 0 0 6.10351562e-05
0.72694126 0.48669067 -0.0861186996 0 0 0 6.10351562e-05
0.0262021404 -0.177202814 -0.611830763 0 0 0 6.10351562e-05
0.0177864986 0.565287289 -0.243854574 0 0 0 6.10351562e-05
0.831287405 0.0775699874 -0.236608109 0 0 0 6.10351562e-05
-0.282297092 -0.370467808 0.335358268 0 0 0 6.10351562e-05
-0.656862499 -0.0829172204 -0.715975794 0 0 0 6.10351562e-05
0.285914013 -0.811657034 -0.382457168 0 0 0 6.10351562e-05
-0.0505553704 0.117997216 0.208044976 0 0 0 6.10351562e-05
-0.606094287 0.422636928 0.0198173646 0 0 0 6.10351562e-05
-0.636768001 -0.0907262456 -0.315137713 0 0 0 6.10351562e-05
-0.895321308 -0.00394999245 -0.202417762 0 0 0 6.10351562e-05
0.335703229 0.11741667 0.778372067 0 0 0 6.10351562e-05
0.0666945525 0.594621903 -0.257501897 0 0 0 6.10351562e-05
0.75046822 -0.207515104 0.461483556 0 0 0 6.10351562e-05
0.356812099 -0.449518193 -0.308088802 0 0 0 6.10351562e-05
-0.235116256 0.531065993 -0.0237535565 0 0 0 6.10351562e-05
-0.13527153 -0.370974525 0.885648064 0 0 0 6.10351562e-05
0.298787851 0.371792126 -0.168034223 0 0 0 6.10351562e-05
0.328507488 0.619407038 0.493169628 0 0 0 6.10351562e-05
-0.44052554 0.610845392 0.200924536 0 0 0 6.10351562e-05
-0.40547349 0.539648197 0.718061426 0 0 0 6.10351562e-05
-0.608271565 -0.549267031 0.227127875 0 0 0 6.10351562e-05
0.720488028 -0.191215898 0.503639476 0 0 0 6.10351562e-05
0.573849925 0.366560607 0.686817303 0 0 0 6.10351562e-05
-0.327985681 -0.569137311 -0.0376446468 0 0 0 6.10351562e-05
0.230739652 0.263542475 0.886445635 0 0 0 6.10351562e-05
0.396282156 0.702643412 0.167037182 0 0 0 6.10351562e-05
0.68684019 -0.321390031 0.306486732 0 0 0 6.10351562e-05
0.23282302 -0.593894866 0.0601544593 0 0 0 6.10351562e-05
-0.615751404 0.0677590189 0.514260275 0 0 0 6.10351562e-05
0.238077231 -0.677378993 0.542561708 0 0 0 6.10351562e-05
0.504009303 -0.307730366 -0.444686871 0 0 0 6.10351562e-05
0.224931795 -0.0394707632 0.962910184 0 0 0 6.10351562e-05
0.151017803 -0.54577942 -0.182788448 0 0 0 6.10351562e-05
0.220574804 -0.192102827 -0.897328473 0 0 0 6.10351562e-05
-0.148442345 -0.283963223 0.899285788 0 0 0 6.10351562e-05
-0.365918313 -0.0600920401 -0.182862907 0 0 0 6.10351562e-05
-0.0318303682 0.241461085 0.757040952 0 0 0 6.10351562e-05
0.133678693 0.300255041 -0.247569732 0 0 0 6.10351562e-05
0.831868413 -0.29309345 -0.0987760809 0 0 0 6.10351562e-05
-0.108377138 -0.356005648 -0.539099906 0 0 0 6.10351562e-05
-0.533602361 0.138922671 0.63109228 0 0 0 6.10351562e-05
-0.39709612 -0.0620699092 -0.865315267 0 0 0 6.10351562e-05
0.0970974656 -0.574868289 -0.811217846 0 0 0 6.10351562e-05
0.476788821 -0.327814585 0.435934876 0 0 0 6.10351562e-05
-0.889209674 -0.304429897 0.332551715 0 0 0 6.10351562e-05
0.904541335 -0.100555956 -0.0179524266 0 0 0 6.10351562e-05
-0.336597728 -0.566083306 -0.147716771 0 0 0 6.10351562e-05
-0.213326361 -0.517347542 -0.790182822 0 0 0 6.10351562e-05
0.523980832 0.13119293 0.544320506 0 0 0 6.10351562e-05
-0.144586588 0.0299983953 -0.262108835 0 0 0 6.10351562e-05
0.282160535 0.722616824 0.10849358 0 0 0 6.10351562e-05
-0.0524810984 0.0665674524 -0.00362815155 0 0 0 6.10351562e-05
-0.594476431 0.50470109 -0.107041032 0 0 0 6.10351562e-05
0.395949774 0.39069635 -0.70830922 0 0 0 6.10351562e-05
-0.269998142 0.468857011 -0.774329199 0 0 0 6.10351562e-05
-0.00243066528 -0.730040897 0.248935115 0 0 0 6.10351562e-05
0.395261618 0.255927134 -0.502294545 0 0 0 6.10351562e-05
-0.296517867 -0.389090706 -0.845493287 0 0 0 6.10351562e-05
0.327357339 0.0825891355 0.108517095 0 0 0 6.10351562e-05
-0.423554168 0.466719841 0.696137887 0 0 0 6.10351562e-05
0.785072396 0.522137305 0.0453155589 0 0 0 6.10351562e-05
0.714452986 0.356387533 0.201611024 0 0 0 6.10351562e-05
-0.564119395 -0.796167951 0.211247685 0 0 0 6.10351562e-05
-0.290711097 -0.684800013 0.0490938011 0 0 0 6.10351562e-05
0.15634456 -0.96263121 0.0950130233 0 0 0 6.10351562e-05
-0.279346811 0.0520201477 -0.0924091085 0 0 0 6.10351562e-05
-0.689970709 0.107888074 -0.0758107215 0 0 0 6.10351562e-05
0.893534693 0.207160664 0.368672067 0 0 0 6.10351562e-05
0.701124382 0.572909097 -0.406654009 0 0 0 6.10351562e-05
0.783197086 0.511194938 0.0194788264 0 0 0 6.10351562e-05
-0.782794162 0.251509349 0.0239057457 0 0 0 6.10351562e-05
-0.0605508913 0.132649905 -0.354822558 0 0 0 6.10351562e-05
0.554857584 -0.517812848 -0.12588175 0 0 0 6.10351562e-05
0.276053438 0.121837975 -0.909840584 0 0 0 6.10351562e-05
-0.782916648 -0.105124443 -0.251155884 0 0 0 6.10351562e-05
-0.387152151 -0.608291667 -0.0910455845 0 0 0 6.10351562e-05
0.167623362 0.827161936 -0.426357311 0 0 0 6.10351562e-05
-0.616312827 -0.340772281 0.138672886 0 0 0 6.10351562e-05
0.428825551 -0.6598631 0.245552426 0 0 0 6.10351562e-05
-0.0197139081 -0.0351969532 0.594805731 0 0 0 6.10351562e-05
-0.53953667 0.607651686 0.0743689865 0 0 0 6.10351562e-05
0.327149303 0.181986842 -0.528090663 0 0 0 6.10351562e-05
0.165476047 -0.545864484 -0.0656445505 0 0 0 6.10351562e-05
0.1521148 0.299577172 0.393151416 0 0 0 6.10351562e-05
-0.720715288 0.618491887 0.0913400284 0 0 0 6.10351562e-05
0.509740939 -0.361546645 -0.0513162984 0 0 0 6.10351562e-05
0.981095408 -0.0946963179 0.0749356479 0 0 0 6.10351562e-05
0.250922105 0.906105346 -0.185325266 0 0 0 6.10351562e-05
0.515734654 0.326698182 0.434181952 0 0 0 6.10351562e-05
-0.289044925 -0.212460899 0.720445292 0 0 0 6.10351562e-05
0.914903015 -0.135093233 -0.327103765 0 0 0 6.10351562e-05
0.480777515 0.183904033 -0.668469381 0 0 0 6.10351562e-05
-0.890908332 0.265267098 0.0956973036 0 0 0 6.10351562e-05
0.382543607 0.00363610219 -0.43456311 0 0 0 6.10351562e-05
-0.290447734 -0.392225266 -0.866497561 0 0 0 6.10351562e-05
-0.25175432 -0.412402958 0.534437288 0 0 0 6.10351562e-05
-0.314709028 -0.268452922 -0.115372396 0 0 0 6.10351562e-05
0.263335601 -0.150594705 -0.013264271 0 0 0 6.10351562e-05
0.630344828 -0.278258478 -0.0821260185 0 0 0 6.10351562e-05
-0.461057238 0.0654756767 -0.0520026468 0 0 0 6.10351562e-05
0.309733012 0.715219396 -0.151763016 0 0 0 6.10351562e-05
-0.661078973 -0.576969368 -0.214685273 0 0 0 6.10351562e-05
0.148686827 0.118934393 -0.949997003 0 0 0 6.10351562e-05
0.511031238 0.370243403 -0.557354389 0 0 0 6.10351562e-05
-0.730786763 -0.0593886755 -0.129722359 0 0 0 6.10351562e-05
0.0694406543 -0.125943949 0.2228977 0 0 0 6.10351562e-05
0.372119648 0.155738547 0.88931999 0 0 0 6.10351562e-05
0.0784909305 0.797544712 -0.334009915 0 0 0 6.10351562e-05
-0.46178983 0.342270905 -0.80428342 0 0 0 6.10351562e-05
-0.198378929 0.22182482 0.0686202727 0 0 0 6.10351562e-05
-0.0919796608 -0.547508797 0.342785341 0 0 0 6.10351562e-05
0.242107761 -0.0477912637 0.634417333 0 0 0 6.10351562e-05
0.47358774 -0.539591969 0.500684938 0 0 0 6.10351562e-05
0.611565009 0.139209704 -0.687281213 0 0 0 6.10351562e-05
-0.190450326 -0.334510184 0.125535734 0 0 0 6.10351562e-05
0.200511811 -0.115559751 -0.638876756 0 0 0 6.10351562e-05
-0.00922110668 -0.591071329 -0.699432191 0 0 0 6.10351562e-05
0.349787642 -0.00294296764 0.0977332234 0 0 0 6.10351562e-05
-0.35364254 -0.887241621 -0.114899516 0 0 0 6.10351562e-05
0.767090293 0.34313515 -0.411363763 0 0 0 6.10351562e-05
0.365382128 -0.689377016 0.232749377 0 0 0 6.10351562e-05
-0.596941744 0.360300691 0.378232503 0 0 0 6.10351562e-05
0.897847868 0.0987319931 -0.111605424 0 0 0 6.10351562e-05
0.204884952 0.682151132 0.559098033 0 0 0 6.10351562e-05
0.367647334 0.362667998 -0.0603846813 0 0 0 6.10351562e-05
0.692997597 0.550008591 -0.103875345 0 0 0 6.10351562e-05
0.314591795 -0.562962438 0.119784096 0 0 0 6.10351562e-05
-0.1965734 -0.543435442 0.629849882 0 0 0 6.10351562e-05
0.0147547974 -0.868541125 -0.0165432431 0 0 0 6.10351562e-05
-0.10077864 0.41619059 -0.0792089855 0 0 0 6.10351562e-05
0.367169829 -0.177649094 -0.472634283 0 0 0 6.10351562e-05
0.798989842 0.312165458 -0.500806217 0 0 0 6.10351562e-05
0.837969579 0.153963516 -0.126908314 0 0 0 6.10351562e-05
-0.265809022 -0.558371748 -0.423881817 0 0 0 6.10351562e-05
0.206900403 -0.457727122 -0.198001166 0 0 0 6.10351562e-05
0.0657391291 -0.185010131 -0.194457755 0 0 0 6.10351562e-05
-0.13031875 -0.941465606 0.267806606 0 0 0 6.10351562e-05
-0.54080816 -0.0148418146 0.223146802 0 0 0 6.10351562e-05
0.400617389 -0.462227879 0.0236828733 0 0 0 6.10351562e-05
-0.0899721249 -0.237268955 -0.0282111315 0 0 0 6.10351562e-05
-0.115384285 -0.214930561 0.179765032 0 0 0 6.10351562e-05
-0.569627403 0.760530018 0.0430673855 0 0 0 6.10351562e-05
-0.575203049 0.454783083 -0.0103084738 0 0 0 6.10351562e-05
0.776243709 -0.09316736 -0.308323352 0 0 0 6.10351562e-05
0.661308765 -0.199309706 -0.254150892 0 0 0 6.10351562e-05
0.569485846 0.355156796 -0.051994915 0 0 0 6.10351562e-05
-0.101898907 0.199480509 0.927113963 0 0 0 6.10351562e-05
-0.0430946446 -0.288297184 -0.057721756 0 0 0 6.10351562e-05
0.0884676573 0.117886827 -0.801501031 0 0 0 6.10351562e-05
-0.310836391 -0.455125875 -0.394411805 0 0 0 6.10351562e-05
-0.524866651 -0.430454085 -0.311785328 0 0 0 6.10351562e-05
0.217459834 -0.812815423 -0.521952102 0 0 0 6.10351562e-05
0.101491255 0.382227803 -0.220256641 0 0 0 6.10351562e-05
-0.495623938 0.281576264 -0.610193042 0 0 0 6.10351562e-05
0.386214913 0.030450192 0.541031415 0 0 0 6.10351562e-05
-0.537586475 -0.745793821 0.2619413 0 0 0 6.10351562e-05
-0.539810712 0.252509397 -0.255635883 0 0 0 6.10351562e-05
0.116378217 0.0203131507 0.225544213 0 0 0 6.10351562e-05
-0.558787071 0.21331983 0.14649909 0 0 0 6.10351562e-05
-0.528226834 0.360310044 0.153252393 0 0 0 6.10351562e-05
-0.05264429 0.24390799 0.651843884 0 0 0 6.10351562e-05
0.503776266 0.155876813 0.0266204766 0 0 0 6.10351562e-05
-0.789426034 0.383059498 0.224830202 0 0 0 6.10351562e-05
-0.0514000083 0.0326313556 -0.222957751 0 0 0 6.10351562e-05
-0.080998573 -0.599090792 -0.0528305723 0 0 0 6.10351562e-05
0.0442284695 -0.481703197 -0.818699423 0 0 0 6.10351562e-05
0.182426601 -0.407888493 -0.825657537 0 0 0 6.10351562e-05
-0.315038837 0.512910106 -0.0322990907 0 0 0 6.10351562e-05
0.548161521 -0.780932905 -0.0533209163 0 0 0 6.10351562e-05
0.534483017 -0.272556032 0.520689921 0 0 0 6.10351562e-05
-0.520621676 -0.580194034 -0.327666471 0 0 0 6.10351562e-05
-0.155443676 0.818887029 0.346058522 0 0 0 6.10351562e-05
0.169506481 -0.00791014425 0.605034214 0 0 0 6.10351562e-05
-0.286807092 -0.0215799504 0.437252131 0 0 0 6.10351562e-05
-0.234517926 0.886823202 -0.0194273832 0 0 0 6.10351562e-05
-0.091019303 -0.725289937 -0.114814057 0 0 0 6.10351562e-05
0.471346958 -0.664323584 -0.27815721 0 0 0 6.10351562e-05
0.0172989922 -0.841236092 -0.0176488923 0 0 0 6.10351562e-05
-0.568857754 -0.256169916 -0.436380144 0 0 0 6.10351562e-05
0.0893276715 0.266480984 -0.533850296 0 0 0 6.10351562e-05
-0.493756841 -0.250036738 0.668758274 0 0 0 6.10351562e-05
-0.416224674 -0.452677912 0.254111088 0 0 0 6.10351562e-05
-0.50281596 -0.568686443 0.0159227248 0 0 0 6.10351562e-05
0.0646737304 -0.571210445 0.338230018 0 0 0 6.10351562e-05
-0.486828954 -0.653476089 0.144163271 0 0 0 6.10351562e-05
-0.0530818211 0.568859396 0.019982952 0 0 0 6.10351562e-05
-0.401512909 0.526454794 0.733608954 0 0 0 6.10351562e-05
-0.512502794 0.597965198 -0.139037104 0 0 0 6.10351562e-05
0.632392251 0.651184003 -0.0829204154 0 0 0 6.10351562e-05
-0.0801329295 0.236037557 -0.0117270554 0 0 0 6.10351562e-05
0.558905561 -0.351829435 0.0175793289 0 0 0 6.10351562e-05
0.019533854 0.638805757 0.575810825 0 0 0 6.10351562e-05
-0.189125823 -0.253296156 0.0370062429 0 0 0 6.10351562e-05
0.608511928 0.413548906 0.0217801336 0 0 0 6.10351562e-05
0.322389291 -0.190388261 -0.502034634 0 0 0 6.10351562e-05
0.160906848 0.244532907 -0.194150677 0 0 0 6.10351562e-05
-0.424535481 -0.25421136 -0.0612464413 0 0 0 6.10351562e-05
0.624438921 0.0939982379 0.674573525 0 0 0 6.10351562e-05
0.393045916 0.375769802 -0.0850640666 0 0 0 6.10351562e-05
-0.162044528 0.391583673 0.136971086 0 0 0 6.10351562e-05
-0.171787785 -0.229317585 0.591112328 0 0 0 6.10351562e-05
0.531695644 0.305168317 0.770510132 0 0 0 6.10351562e-05
-0.733029966 -0.235688816 0.316586751 0 0 0 6.10351562e-05
-0.0183774347 -0.509015871 0.619200195 0 0 0 6.10351562e-05
0.604858522 -0.716098531 0.0510364744 0 0 0 6.10351562e-05
-0.477137753 -0.647607866 -0.533709658 0 0 0 6.10351562e-05
-0.201519894 0.094202532 0.493939414 0 0 0 6.10351562e-05
-0.77561719 0.185770389 -0.559939682 0 0 0 6.10351562e-05
0.34436052 -0.386818707 0.699870881 0 0 0 6.10351562e-05
0.855900526 -0.05636498 -0.456807104 0 0 0 6.10351562e-05
0.416632217 -0.746099428 -0.266166295 0 0 0 6.10351562e-05
0.438847314 -0.24004034 -0.0858053737 0 0 0 6.10351562e-05
-0.862134949 -0.393834108 0.0410767326 0 0 0 6.10351562e-05
-0.560933023 0.318817659 0.481168533 0 0 0 6.10351562e-05
-0.462546141 0.316993004 -0.372037069 0 0 0 6.10351562e-05
0.180480302 0.101175286 -0.838198683 0 0 0 6.10351562e-05
0.467773558 0.392834764 -0.452678407 0 0 0 6.10351562e-05
-0.289706611 -0.452667002 -0.0361489936 0 0 0 6.10351562e-05
-0.63499272 -0.26256485 -0.519286007 0 0 0 6.10351562e-05
0.430606903 0.592117484 0.677496711 0 0 0 6.10351562e-05
0.203325365 0.153579309 0.164980949 0 0 0 6.10351562e-05
0.756305661 -0.120949196 0.578568999 0 0 0 6.10351562e-05
0.406428631 0.816306699 0.228720892 0 0 0 6.10351562e-05
-0.0693900339 -0.215552508 0.251747303 0 0 0 6.10351562e-05
0.560623642 -0.255789213 -0.30236368 0 0 0 6.10351562e-05
-0.550874037 0.448839501 0.104320223 0 0 0 6.10351562e-05
-0.458213142 0.19136963 0.562542531 0 0 0 6.10351562e-05
-0.038507516 0.197432654 -0.795347984 0 0 0 6.10351562e-05
0.0442594398 0.789587083 0.436286094 0 0 0 6.10351562e-05
-0.329447577 -0.139649362 0.374294373 0 0 0 6.10351562e-05
0.144444697 0.631494573 0.240679316 0 0 0 6.10351562e-05
-0.570748674 -0.5983051 0.288885643 0 0 0 6.10351562e-05
0.060084643 -0.911228144 -0.282453012 0 0 0 6.10351562e-05
0.470727767 0.0854368384 0.622089235 0 0 0 6.10351562e-05
-0.242965138 -0.344023124 0.205347834 0 0 0 6.10351562e-05
0.787435969 0.295433474 -0.132097298 0 0 0 6.10351562e-05
0.0768548233 0.263916396 0.256740804 0 0 0 6.10351562e-05
0.663654602 0.378788745 0.088220639 0 0 0 6.10351562e-05
0.298318169 -0.448062389 0.518013419 0 0 0 6.10351562e-05
0.492942283 0.53516993 -0.39504742 0 0 0 6.10351562e-05
-0.0500775086 -0.553666304 -0.45229546 0 0 0 6.10351562e-05
-0.0650678168 -0.131421674 -0.736446485 0 0 0 6.10351562e-05
0.664687057 0.506502719 0.086095113 0 0 0 6.10351562e-05
0.121030024 0.819938636 -0.105479679 0 0 0 6.10351562e-05
0.209401797 0.744160092 -0.182819996 0 0 0 6.10351562e-05
-0.719952232 0.0901697914 0.241039407 0 0 0 6.10351562e-05
0.0965416081 -0.946422921 -0.188692166 0 0 0 6.10351562e-05
0.793564355 -0.416560022 -0.203791313 0 0 0 6.10351562e-05
-0.196684256 -0.326142434 0.48066656 0 0 0 6.10351562e-05
-0.369026663 -0.708352999 0.0862557511 0 0 0 6.10351562e-05
0.302019324 0.0235627855 0.43236259 0 0 0 6.10351562e-05
0.0174525917 -0.286818838 -0.739525551 0 0 0 6.10351562e-05
0.125053752 -0.703517672 -0.418790926 0 0 0 6.10351562e-05
0.672866601 0.138394748 0.093844519 0 0 0 6.10351562e-05
0.245637024 0.397309276 -0.707034983 0 0 0 6.10351562e-05
-0.507592921 -0.740961161 -0.0243034094 0 0 0 6.10351562e-05
-0.0886792265 0.618313359 0.333005511 0 0 0 6.10351562e-05
-0.440803732 -0.416726909 0.48588802 0 0 0 6.10351562e-05
0.305313886 0.138768263 0.337371217 0 0 0 6.10351562e-05
0.425406695 -0.395619332 -0.125463721 0 0 0 6.10351562e-05
-0.177447235 -0.191679847 0.859548355 0 0 0 6.10351562e-05
-0.0518881528 -0.439457767 -0.890255409 0 0 0 6.10351562e-05
-0.0994380309 -0.396293946 0.253033975 0 0 0 6.10351562e-05
-0.383229501 0.0654877686 -0.194919363 0 0 0 6.10351562e-05
0.391078187 0.644643296 0.320434902 0 0 0 6.10351562e-05
0.0780497137 0.554547484 -0.151811068 0 0 0 6.10351562e-05
-0.669508026 -0.346263342 -0.212567229 0 0 0 6.10351562e-05
-0.608554071 0.417320936 -0.377056232 0 0 0 6.10351562e-05
0.48493097 0.349088527 0.132695645 0 0 0 6.10351562e-05
-0.424292667 0.749385455 -0.229306476 0 0 0 6.10351562e-05
-0.296909281 0.00643404753 0.492158377 0 0 0 6.10351562e-05
-0.0788497998 0.734620331 0.499486533 0 0 0 6.10351562e-05
-0.113932827 -0.908096253 -0.249013945 0 0 0 6.10351562e-05
0.683832103 0.410870984 0.238148127 0 0 0 6.10351562e-05
-0.108256572 0.179641419 0.279692213 0 0 0 6.10351562e-05
-0.0838454489 0.249174445 0.35606093 0 0 0 6.10351562e-05
-0.4075006 -0.792490725 -0.150656468 0 0 0 6.10351562e-05
-0.472261641 0.398641034 0.596676975 0 0 0 6.10351562e-05
0.87265948 0.291759608 -0.194291422 0 0 0 6.10351562e-05
-0.98731143 -0.0133571905 -0.148842028 0 0 0 6.10351562e-05
0.0153447517 -0.318709434 0.209624806 0 0 0 6.10351562e-05
-0.272239852 0.214077174 0.21661924 0 0 0 6.10351562e-05
-0.581346899 0.085644549 0.189562367 0 0 0 6.10351562e-05
0.409518217 -0.439378652 -0.0277147237 0 0 0 6.10351562e-05
-0.109183739 0.075808951 -0.336023189 0 0 0 6.10351562e-05
0.338880409 0.192208768 -0.514398826 0 0 0 6.10351562e-05
0.172064682 0.446600518 -0.668615871 0 0 0 6.10351562e-05
-0.764508122 -0.395357531 -0.276248619 0 0 0 6.10351562e-05
0.372475648 -0.169944329 0.139039517 0 0 0 6.10351562e-05
-0.322456781 0.411621253 -0.656183412 0 0 0 6.10351562e-05
-0.145671182 0.423602748 -0.591151316 0 0 0 6.10351562e-05
-0.255790788 0.671239823 -0.154494786 0 0 0 6.10351562e-05
-0.419080342 -0.285857503 0.705753963 0 0 0 6.10351562e-05
-0.113280991 -0.18466129 0.00138484778 0 0 0 6.10351562e-05
-0.230225304 0.335035412 -0.349374359 0 0 0 6.10351562e-05
0.652925731 0.223462939 -0.655723554 0 0 0 6.10351562e-05
-0.134740316 0.354898931 -0.727711943 0 0 0 6.10351562e-05
-0.0683936604 0.168746302 0.783344605 0 0 0 6.10351562e-05
0.0682532118 -0.371490594 0.401930731 0 0 0 6.10351562e-05
0.26861498 0.0955642723 -0.152868671 0 0 0 6.10351562e-05
0.108519971 0.393983985 -0.0866881856 0 0 0 6.10351562e-05
-0.0113255817 -0.616886779 0.624040403 0 0 0 6.10351562e-05
0.57313939 0.0842448007 0.630500821 0 0 0 6.10351562e-05
-0.272284489 -0.761621693 0.554682231 0 0 0 6.10351562e-05
-0.280807849 -0.674321917 0.663192861 0 0 0 6.10351562e-05
0.749068853 0.27221296 0.364912143 0 0 0 6.10351562e-05
0.338904595 -0.667377514 -0.471486911 0 0 0 6.10351562e-05
0.346409356 0.116019724 -0.173565625 0 0 0 6.10351562e-05
0.197778904 0.309155095 0.669526488 0 0 0 6.10351562e-05
0.50717791 0.0366421209 -0.393620182 0 0 0 6.10351562e-05
0.00564697617 -0.461474398 -0.0533325336 0 0 0 6.10351562e-05
-0.40685691 0.62313254 -0.56933334 0 0 0 6.10351562e-05
0.609375061 0.659841038 0.0382216393 0 0 0 6.10351562e-05
0.0394293402 0.255329442 0.588716654 0 0 0 6.10351562e-05
-0.360508588 0.789760697 -0.210524114 0 0 0 6.10351562e-05
0.016072232 -0.583070883 -0.307381636 0 0 0 6.10351562e-05
-0.110375475 0.301358787 -0.473384995 0 0 0 6.10351562e-05
-0.931562478 0.125073112 0.0951860938 0 0 0 6.10351562e-05
-0.0819446423 0.677518673 0.172675433 0 0 0 6.10351562e-05
-0.406447413 -0.146415892 0.332704783 0 0 0 6.10351562e-05
0.0502313736 -0.505655062 0.432698997 0 0 0 6.10351562e-05
-0.0992088323 -0.121397005 0.235925358 0 0 0 6.10351562e-05
0.3687827 0.53952372 0.539962943 0 0 0 6.10351562e-05
-0.332523624 0.0980257853 -0.317863352 0 0 0 6.10351562e-05
-0.566126449 -0.562534836 -0.185583079 0 0 0 6.10351562e-05
-0.199642499 -0.385705629 -0.819973871 0 0 0 6.10351562e-05
-0.464908689 -0.385623153 -0.136516625 0 0 0 6.10351562e-05
0.473960101 -0.41543396 0.538087403 0 0 0 6.10351562e-05
0.343145492 -0.472822961 -0.504821337 0 0 0 6.10351562e-05
0.381483993 0.0778911301 0.861319497 0 0 0 6.10351562e-05
-0.452348695 0.54515561 -0.579033632 0 0 0 6.10351562e-05
0.328525433 -0.391787592 -0.549548035 0 0 0 6.10351562e-05
-0.766857677 0.229065752 -0.00188834403 0 0 0 6.10351562e-05
0.00594156212 -0.384121579 0.0585775227 0 0 0 6.10351562e-05
-0.782132211 0.405230194 0.231650803 0 0 0 6.10351562e-05
-0.436914468 -0.0632553839 0.266412109 0 0 0 6.10351562e-05
-0.513166691 -0.786225978 -0.23516089 0 0 0 6.10351562e-05
-0.689007121 0.308835121 0.0555674765 0 0 0 6.10351562e-05
0.405509411 -0.525850201 0.44663013 0 0 0 6.10351562e-05
0.222202991 0.0068061664 0.944815422 0 0 0 6.10351562e-05
0.598081211 0.168152839 0.726611887 0 0 0 6.10351562e-05
0.445830564 0.564631435 0.00346188395 0 0 0 6.10351562e-05
0.205870763 0.0567694747 0.0665359534 0 0 0 6.10351562e-05
-0.241059283 0.786809681 0.103085567 0 0 0 6.10351562e-05
-0.467632426 0.617745968 0.502748579 0 0 0 6.10351562e-05
0.194311539 -0.242588391 -0.632128331 0 0 0 6.10351562e-05
-0.710070063 0.12630371 -0.338627367 0 0 0 6.10351562e-05
0.120956127 -0.305318505 -0.340967479 0 0 0 6.10351562e-05
-0.243606023 -0.92549965 -0.27900287 0 0 0 6.10351562e-05
0.341620112 -0.698480991 0.450740302 0 0 0 6.10351562e-05
0.496836218 -0.470990136 -0.02573287 0 0 0 6.10351562e-05
0.137131551 0.190317895 -0.671552379 0 0 0 6.10351562e-05
0.191550201 -0.381272336 0.659274147 0 0 0 6.10351562e-05
0.486561547 -0.290666467 0.497017124 0 0 0 6.10351562e-05
0.393212318 0.542513757 -0.596141431 0 0 0 6.10351562e-05
-0.154186485 -0.138017059 -0.485224607 0 0 0 6.10351562e-05
0.293752522 -0.265829339 0.601879787 0 0 0 6.10351562e-05
0.0330634727 -0.0550048705 0.110286182 0 0 0 6.10351562e-05
0.0746384743 -0.608470225 -0.3888877 0 0 0 6.10351562e-05
0.285169467 0.777518882 -0.445803348 0 0 0 6.10351562e-05
-0.529231737 -0.659330343 -0.158395445 0 0 0 6.10351562e-05
0.304366731 0.702113415 -0.580387974 0 0 0 6.10351562e-05
-0.623899726 -0.0461917845 0.155203528 0 0 0 6.10351562e-05
0.449609477 -0.631578073 0.0941673489 0 0 0 6.10351562e-05
0.729350436 0.60408361 -0.271143961 0 0 0 6.10351562e-05
0.0953089926 0.844991606 -0.482582699 0 0 0 6.10351562e-05
-0.0813027302 0.398199663 -0.214382274 0 0 0 6.10351562e-05
-0.786299999 -0.378733556 -0.23220272 0 0 0 6.10351562e-05
-0.221051724 0.430576116 -0.289162687 0 0 0 6.10351562e-05
-0.764569348 -0.148897442 0.275930424 0 0 0 6.10351562e-05
-0.0935972568 0.128806107 -0.0136395462 0 0 0 6.10351562e-05
0.622053531 0.179721577 0.370485801 0 0 0 6.10351562e-05
-0.0163204512 0.556856008 -0.0329071201 0 0 0 6.10351562e-05
-0.0131811931 -0.0270552361 -0.146382046 0 0 0 6.10351562e-05
-0.656370067 -0.0866838837 -0.317284699 0 0 0 6.10351562e-05
0.719979881 0.38568584 0.132005799 0 0 0 6.10351562e-05
-0.65723832 0.651534176 0.368491077 0 0 0 6.10351562e-05
0.139732895 0.299987138 -0.552738431 0 0 0 6.10351562e-05
0.690873137 0.00172736648 -0.241822654 0 0 0 6.10351562e-05
0.471807843 -0.431936057 0.657387425 0 0 0 6.10351562e-05
0.178993896 -0.612604481 -0.717751422 0 0 0 6.10351562e-05
0.557072405 -0.0800895981 -0.805290634 0 0 0 6.10351562e-05
0.120479009 -0.604746425 -0.4359572 0 0 0 6.10351562e-05
0.486824944 0.801773501 -0.178756883 0 0 0 6.10351562e-05
-0.246948063 -0.303011215 0.461260938 0 0 0 6.10351562e-05
-0.250406668 0.18111561 -0.944534946 0 0 0 6.10351562e-05
0.138307851 0.306070618 0.545128878 0 0 0 6.10351562e-05
0.614010048 -0.446304391 0.0584874348 0 0 0 6.10351562e-05
-0.865208123 0.0920922098 0.0563516384 0 0 0 6.10351562e-05
0.0920189494 0.495493371 -0.714960257 0 0 0 6.10351562e-05
0.150187988 0.6077688 -0.447691483 0 0 0 6.10351562e-05
0.130801047 0.22628561 -0.308570122 0 0 0 6.10351562e-05
-0.365142811 0.295887695 -0.441611258 0 0 0 6.10351562e-05
-0.518418818 0.287293219 -0.193394451 0 0 0 6.10351562e-05
-0.600367701 0.612007525 0.31331953 0 0 0 6.10351562e-05
0.386570707 -0.378131074 0.75395872 0 0 0 6.10351562e-05
-0.308906986 0.234625459 -0.0251955884 0 0 0 6.10351562e-05
-0.540996927 -0.705349734 -0.250309798 0 0 0 6.10351562e-05
0.824668203 -0.220307992 0.243065459 0 0 0 6.10351562e-05
0.350181549 -0.256630683 -0.213003474 0 0 0 6.10351562e-05
0.0936667416 0.530712932 0.669583272 0 0 0 6.10351562e-05
-0.48142461 0.574024884 0.289667221 0 0 0 6.10351562e-05
-0.170778854 -0.934650448 -0.22642639 0 0 0 6.10351562e-05
0.111342488 -0.50586485 -0.352649897 0 0 0 6.10351562e-05
0.953469002 0.14744011 -0.123040974 0 0 0 6.10351562e-05
0.327769492 -0.0691752717 0.804603814 0 0 0 6.10351562e-05
-0.377343889 -0.409340763 -0.357926456 0 0 0 6.10351562e-05
-0.000158758422 -0.0845376599 0.75065218 0 0 0 6.10351562e-05
0.445804637 0.021237695 -0.540772155 0 0 0 6.10351562e-05
0.479326038 0.359511755 -0.368486341 0 0 0 6.10351562e-05
-0.388545385 -0.232699287 0.843845795 0 0 0 6.10351562e-05
-0.061426813 0.981363096 -0.00524594966 0 0 0 6.10351562e-05
-0.335758509 -0.524396229 -0.135294652 0 0 0 6.10351562e-05
0.386044241 0.128905449 0.835452204 0 0 0 6.10351562e-05
0.242714888 -0.352968575 -0.864803873 0 0 0 6.10351562e-05
0.207610219 0.504678811 0.0403611456 0 0 0 6.10351562e-05
0.266841743 0.804558607 -0.0816204915 0 0 0 6.10351562e-05
0.109898945 0.0576170237 0.425613728 0 0 0 6.10351562e-05
-0.875410497 -0.257481788 -0.17412832 0 0 0 6.10351562e-05
-0.723535979 -0.395187777 -0.467837038 0 0 0 6.10351562e-05
-0.00875684584 -0.165432759 -0.360029958 0 0 0 6.10351562e-05
-0.609168281 0.461396533 0.26655994 0 0 0 6.10351562e-05
0.774030643 -0.0627433079 -0.0874310403 0 0 0 6.10351562e-05
-0.197612753 -0.445323399 -0.509941634 0 0 0 6.10351562e-05
0.278853935 0.286994468 -0.895140892 0 0 0 6.10351562e-05
-0.573049705 0.126471701 -0.608109587 0 0 0 6.10351562e-05
0.0167032972 -0.762689961 -0.168274308 0 0 0 6.10351562e-05
0.406691867 -0.80145524 -0.0285778379 0 0 0 6.10351562e-05
-0.646245216 0.399267272 0.26408801 0 0 0 6.10351562e-05
-0.283594495 -0.714138361 -0.0967794842 0 0 0 6.10351562e-05
0.805458722 0.175107058 0.00541457374 0 0 0 6.10351562e-05
-0.55125703 -0.583299483 0.157734582 0 0 0 6.10351562e-05
-0.0867186191 -0.349226973 0.594042975 0 0 0 6.10351562e-05
0.378368406 -0.208749031 0.365719228 0 0 0 6.10351562e-05
0.453546276 0.556396362 -0.557714891 0 0 0 6.10351562e-05
-0.0492600178 0.697033613 -0.442774788 0 0 0 6.10351562e-05
0.292123107 -0.627020082 -0.420768392 0 0 0 6.10351562e-05
-0.21714174 0.626483634 0.617867569 0 0 0 6.10351562e-05
0.234075031 -0.665392436 -0.0870567425 0 0 0 6.10351562e-05
-0.024711671 -0.655001094 0.645531711 0 0 0 6.10351562e-05
0.456444514 0.745439643 -0.168204291 0 0 0 6.10351562e-05
-0.459398113 0.0771858332 0.789880744 0 0 0 6.10351562e-05
0.350064144 0.192679078 -0.442893108 0 0 0 6.10351562e-05
-0.180179935 -0.345021271 0.00192521302 0 0 0 6.10351562e-05
0.0928692634 -0.487368258 0.548173223 0 0 0 6.10351562e-05
0.226599501 -0.465278629 -0.274268346 0 0 0 6.10351562e-05
0.75843955 0.0742569524 0.217867643 0 0 0 6.10351562e-05
-0.0640182279 -0.55243822 -0.0461197919 0 0 0 6.10351562e-05
0.168087251 0.300687812 0.37492236 0 0 0 6.10351562e-05
0.161813811 -0.580447037 0.495313087 0 0 0 6.10351562e-05
0.298089058 -0.150752826 -0.401124126 0 0 0 6.10351562e-05
0.364870011 0.446087823 -0.382247993 0 0 0 6.10351562e-05
0.037570996 0.840244907 0.209330372 0 0 0 6.10351562e-05
-0.457064065 0.505919152 -0.249105923 0 0 0 6.10351562e-05
0.382465256 -0.743928111 -0.219112206 0 0 0 6.10351562e-05
0.336469588 -0.589557529 -0.0319270102 0 0 0 6.10351562e-05
0.295967477 0.201395235 -0.460858991 0 0 0 6.10351562e-05
-0.272372667 0.23556535 0.577169899 0 0 0 6.10351562e-05
0.612847602 0.0353634418 -0.456920285 0 0 0 6.10351562e-05
-0.555437468 0.638291798 0.399494937 0 0 0 6.10351562e-05
-0.0190240757 0.609201397 -0.582102717 0 0 0 6.10351562e-05
-0.436948656 -0.0797249843 0.777669044 0 0 0 6.10351562e-05
0.112602789 -0.339647788 0.604348152 0 0 0 6.10351562e-05
0.130395433 -0.592372967 -0.73757779 0 0 0 6.10351562e-05
-0.574642252 0.275805081 -0.187938078 0 0 0 6.10351562e-05
-0.605533713 0.285743361 0.726031412 0 0 0 6.10351562e-05
-0.644428679 -0.303987233 -0.564295771 0 0 0 6.10351562e-05
-0.318506401 0.479968694 0.800475365 0 0 0 6.10351562e-05
-0.11401272 -0.22831311 -0.389778143 0 0 0 6.10351562e-05
-0.404274455 0.449764725 0.788192744 0 0 0 6.10351562e-05
-0.805695025 0.157238107 -0.554432505 0 0 0 6.10351562e-05
-0.796524861 -0.19513468 -0.0387044905 0 0 0 6.10351562e-05
0.121964767 -0.0448263169 -0.499415405 0 0 0 6.10351562e-05
0.815320972 0.0251754071 -0.322753897 0 0 0 6.10351562e-05
0.488774058 -0.79626464 -0.312417721 0 0 0 6.10351562e-05
-0.791952965 -0.430052018 0.0615037921 0 0 0 6.10351562e-05
0.341932531 -0.828543509 0.338499362 0 0 0 6.10351562e-05
0.487882491 0.157747868 0.241149986 0 0 0 6.10351562e-05
-0.331148864 -0.0169050436 0.663775577 0 0 0 6.10351562e-05
0.268231688 -0.26581212 0.100831231 0 0 0 6.10351562e-05
0.101270338 0.437341993 0.216561331 0 0 0 6.10351562e-05
0.407269364 0.727885062 0.414690682 0 0 0 6.10351562e-05
0.445283114 -0.759717446 -0.170178196 0 0 0 6.10351562e-05
0.0413889022 0.0709115201 -0.0216803463 0 0 0 6.10351562e-05
-0.843035592 -0.262339419 -0.202338679 0 0 0 6.10351562e-05
-0.0280168762 0.345114402 -0.853108005 0 0 0 6.10351562e-05
0.360797883 -0.244494788 -0.897786865 0 0 0 6.10351562e-05
-0.0315184088 0.0147377621 0.992458028 0 0 0 6.10351562e-05
-0.166435525 -0.366078447 0.3749438 0 0 0 6.10351562e-05
-0.173619308 0.0988842347 -0.967550329 0 0 0 6.10351562e-05
0.227691458 0.228670279 0.855857754 0 0 0 6.10351562e-05
-0.683424422 -0.432586612 0.263330745 0 0 0 6.10351562e-05
-0.336765731 -0.124569917 0.730475464 0 0 0 6.10351562e-05
-0.337790393 0.0651306739 -0.0259693246 0 0 0 6.10351562e-05
0.406458458 -0.0448644044 -0.649519965 0 0 0 6.10351562e-05
0.270958169 0.483867529 -0.507374237 0 0 0 6.10351562e-05
0.490902594 -0.0983382604 -0.547423903 0 0 0 6.10351562e-05
-0.512656895 -0.570126111 0.46530758 0 0 0 6.10351562e-05
-0.362124988 0.0865089715 0.582615867 0 0 0 6.10351562e-05
-0.618037661 -0.256249438 -0.445225155 0 0 0 6.10351562e-05
-0.349656001 0.0261576819 -0.425813899 0 0 0 6.10351562e-05
0.434829226 0.29222105 -0.478327848 0 0 0 6.10351562e-05
-0.323016347 -0.279802819 -0.257941921 0 0 0 6.10351562e-05
-0.0602716645 0.256703492 -0.242009916 0 0 0 6.10351562e-05
-0.428780973 0.626363703 0.116603533 0 0 0 6.10351562e-05
-0.948730447 -0.289080666 -0.0491500465 0 0 0 6.10351562e-05
0.0553293783 0.0399262655 -0.206119276 0 0 0 6.10351562e-05
-0.786386081 0.0465664907 0.347934751 0 0 0 6.10351562e-05
0.200880713 0.0627637874 -0.194530938 0 0 0 6.10351562e-05
-0.613305188 0.257865677 -0.265490543 0 0 0 6.10351562e-05
-0.251935888 -0.0246013495 -0.667104916 0 0 0 6.10351562e-05
-0.10097238 0.800422667 0.527226173 0 0 0 6.10351562e-05
0.0716008194 0.808648226 0.142479832 0 0 0 6.10351562e-05
-0.378683654 0.860082945 0.116302861 0 0 0 6.10351562e-05
0.43732199 -0.109207401 -0.50877955 0 0 0 6.10351562e-05
-0.306310614 -0.193297943 -0.338491525 0 0 0 6.10351562e-05
0.41390791 0.11107625 0.531493558 0 0 0 6.10351562e-05
-0.559198353 0.381273766 0.663423874 0 0 0 6.10351562e-05
-0.318182479 0.0357712558 -0.75682926 0 0 0 6.10351562e-05
0.414231469 -0.0275225328 -0.227727244 0 0 0 6.10351562e-05
-0.180791828 0.0895342186 -0.754626995 0 0 0 6.10351562e-05
-0.331420565 -0.835729125 0.0852625849 0 0 0 6.10351562e-05
-0.603702932 -0.502582847 0.075015882 0 0 0 6.10351562e-05
0.490708796 0.459196024 0.642630271 0 0 0 6.10351562e-05
-0.2309009 -0.176086845 0.408511566 0 0 0 6.10351562e-05
0.844153696 -0.486144997 -0.0218147131 0 0 0 6.10351562e-05
-0.34033137 0.507115722 -0.145621248 0 0 0 6.10351562e-05
-0.153233307 0.00295737707 -0.562742088 0 0 0 6.10351562e-05
-0.72783745 -0.517615186 -0.0492687616 0 0 0 6.10351562e-05
0.123006824 -0.445541769 -0.503297586 0 0 0 6.10351562e-05
-0.380627473 0.809884755 -0.126430261 0 0 0 6.10351562e-05
-0.01943177 0.0656975291 0.376147296 0 0 0 6.10351562e-05
0.309624167 0.461650106 -0.436120254 0 0 0 6.10351562e-05
0.348041252 -0.552950234 -0.396251252 0 0 0 6.10351562e-05
-0.418655364 0.150120259 0.819434861 0 0 0 6.10351562e-05
-0.149359508 0.228378418 -0.524087308 0 0 0 6.10351562e-05
-0.30736455 0.786351874 -0.0813722687 0 0 0 6.10351562e-05
-0.539449176 0.731284952 0.381120843 0 0 0 6.10351562e-05
-0.0410632725 -0.684118417 0.340518071 0 0 0 6.10351562e-05
-0.417861734 -0.758196982 -0.333688001 0 0 0 6.10351562e-05
0.827883335 0.261363913 -0.472622766 0 0 0 6.10351562e-05
0.270566112 0.292900409 -0.870790378 0 0 0 6.10351562e-05
0.256083118 -0.357502552 -0.460924772 0 0 0 6.10351562e-05
-0.221775549 -0.162995684 0.0672883015 0 0 0 6.10351562e-05
0.170171565 -0.895671654 -0.236723158 0 0 0 6.10351562e-05
-0.350393476 0.695556923 -0.500577109 0 0 0 6.10351562e-05
-0.142939291 -0.800673362 0.0909875816 0 0 0 6.10351562e-05
-0.148809344 0.489763436 -0.680532106 0 0 0 6.10351562e-05
0.490917276 0.473786086 0.239838248 0 0 0 6.10351562e-05
-0.0834060256 0.743198434 0.488246334 0 0 0 6.10351562e-05
0.711564878 0.105259357 0.0681282004 0 0 0 6.10351562e-05
0.636405929 0.456631551 0.440858281 0 0 0 6.10351562e-05
0.0707013062 -0.0364636336 0.574524152 0 0 0 6.10351562e-05
-0.431447735 -0.298683626 -0.151807017 0 0 0 6.10351562e-05
-0.45497778 0.0598380987 0.529483988 0 0 0 6.10351562e-05
0.00213767095 -0.526856935 0.402495396 0 0 0 6.10351562e-05
-0.57443883 0.596009531 -0.0174993238 0 0 0 6.10351562e-05
-0.0177099043 -0.32796621 0.122442507 0 0 0 6.10351562e-05
-0.0107835228 0.540800443 0.677860768 0 0 0 6.10351562e-05
0.359182902 0.495994877 -0.498815541 0 0 0 6.10351562e-05
-0.534642716 0.403129159 -0.503681588 0 0 0 6.10351562e-05
0.524141149 -0.296356031 -0.0761604851 0 0 0 6.10351562e-05
-0.866271836 0.422020138 0.133820372 0 0 0 6.10351562e-05
-0.778986337 -0.166277994 -0.457622301 0 0 0 6.10351562e-05
0.134761283 0.482099784 0.665406012 0 0 0 6.10351562e-05
-0.391052448 -0.0718617429 -0.424202 0 0 0 6.10351562e-05
-0.237624378 0.0231901182 -0.275055745 0 0 0 6.10351562e-05
0.628651155 -0.59779733 0.270713489 0 0 0 6.10351562e-05
-0.528744998 0.324274629 0.386855489 0 0 0 6.10351562e-05
0.782778903 -0.163495647 -0.342481348 0 0 0 6.10351562e-05
-0.369684391 0.280254458 0.66333379 0 0 0 6.10351562e-05
0.140346438 -0.855950117 0.299284595 0 0 0 6.10351562e-05
0.311047849 0.745509519 0.556297137 0 0 0 6.10351562e-05
-0.615136565 0.416439043 -0.431503207 0 0 0 6.10351562e-05
0.342977026 -0.451913779 0.523038462 0 0 0 6.10351562e-05
0.653518179 -0.476449468 0.308446559 0 0 0 6.10351562e-05
-0.362233632 0.324508973 0.406549524 0 0 0 6.10351562e-05
-0.0729216032 -0.453452489 -0.0151974047 0 0 0 6.10351562e-05
0.296016027 0.584912386 0.122028547 0 0 0 6.10351562e-05
0.0814698465 -0.674701598 -0.316937821 0 0 0 6.10351562e-05
0.141592571 -0.332114706 0.846041255 0 0 0 6.10351562e-05
0.16972619 -0.661098614 -0.496838701 0 0 0 6.10351562e-05
0.122003066 0.481555396 -0.633711024 0 0 0 6.10351562e-05
0.1044378 -0.81940862 -0.434931174 0 0 0 6.10351562e-05
0.31134142 0.0432940087 0.842245629 0 0 0 6.10351562e-05
0.296769168 0.770024792 -0.0135219697 0 0 0 6.10351562e-05
0.321261881 -0.0897946982 -0.293670845 0 0 0 6.10351562e-05
-0.551280259 -0.552861966 -0.379156208 0 0 0 6.10351562e-05
-0.648210116 -0.49966443 0.357742468 0 0 0 6.10351562e-05
-0.609486102 -0.348911521 0.0908217102 0 0 0 6.10351562e-05
-0.103269509 -0.749078372 0.479255127 0 0 0 6.10351562e-05
-0.100480956 0.574004218 0.351774578 0 0 0 6.10351562e-05
-0.473961422 0.174466498 -0.776846864 0 0 0 6.10351562e-05
-0.156200596 0.654795324 0.539269665 0 0 0 6.10351562e-05
-0.6815846 -0.0384443272 -0.48600011 0 0 0 6.10351562e-05
-0.334750536 0.149013698 0.789334597 0 0 0 6.10351562e-05
-0.0412686676 -0.51055942 -0.324026047 0 0 0 6.10351562e-05
-0.281485776 -0.398651417 0.0524223079 0 0 0 6.10351562e-05
-0.334646953 0.365422326 -0.679645484 0 0 0 6.10351562e-05
0.507954223 0.0454972098 -0.459946347 0 0 0 6.10351562e-05
0.609999851 0.245578965 0.325418536 0 0 0 6.10351562e-05
0.277765344 0.824485852 -0.454705126 0 0 0 6.10351562e-05
0.40832204 0.839516743 0.318207772 0 0 0 6.10351562e-05
0.0794260148 -0.6135737 -0.418832055 0 0 0 6.10351562e-05
0.130526614 0.011934191 -0.917984429 0 0 0 6.10351562e-05
-0.502788129 -0.431465363 0.620170666 0 0 0 6.10351562e-05
-0.637723802 0.141170577 0.122951211 0 0 0 6.10351562e-05
0.312560512 -0.888603297 0.0329804977 0 0 0 6.10351562e-05
-0.102544428 -0.828830228 0.528480537 0 0 0 6.10351562e-05
-0.125447474 -0.387188454 -0.190119473 0 0 0 6.10351562e-05
0.69928605 -0.207425484 -0.561413582 0 0 0 6.10351562e-05
-0.260507329 -0.174943216 -0.403141423 0 0 0 6.10351562e-05
-0.833529813 -0.0873665869 -0.381683835 0 0 0 6.10351562e-05
0.123855722 -0.393204103 0.854856407 0 0 0 6.10351562e-05
-0.684115106 0.0286091079 -0.12994717 0 0 0 6.10351562e-05
0.303635343 0.254402845 0.424965719 0 0 0 6.10351562e-05
-0.658519295 -0.649647101 -0.349172121 0 0 0 6.10351562e-05
-0.220940678 0.760025907 0.593154565 0 0 0 6.10351562e-05
-0.0210236236 0.207729698 0.0577715997 0 0 0 6.10351562e-05
-0.32317981 -0.122252605 0.823864862 0 0 0 6.10351562e-05
0.647744052 -0.258498981 -0.153862553 0 0 0 6.10351562e-05
0.287799134 0.876956012 -0.328709334 0 0 0 6.10351562e-05
-0.0194013581 0.439335765 -0.303613944 0 0 0 6.10351562e-05
0.215994968 0.234543545 0.554791056 0 0 0 6.10351562e-05
-0.705393139 -0.464231094 -0.025798235 0 0 0 6.10351562e-05
-0.432365134 -0.0938658956 0.204589093 0 0 0 6.10351562e-05
0.00142419487 -0.174738391 0.52512646 0 0 0 6.10351562e-05
-0.27416607 -0.478761184 0.0599144482 0 0 0 6.10351562e-05
-0.376647853 0.370508879 0.388768484 0 0 0 6.10351562e-05
-0.718424538 0.302641212 -0.158785471 0 0 0 6.10351562e-05
-0.147596058 -0.329243825 0.155488601 0 0 0 6.10351562e-05
-0.523575726 0.0832017094 0.206409278 0 0 0 6.10351562e-05
-0.846309846 -0.130888815 -0.0550874068 0 0 0 6.10351562e-05
-0.394536952 0.401503237 -0.692033597 0 0 0 6.10351562e-05
0.101409062 -0.501960865 -0.481335803 0 0 0 6.10351562e-05
0.339219936 0.178407207 -0.050729543 0 0 0 6.10351562e-05
-0.547158901 -0.188755379 0.363413764 0 0 0 6.10351562e-05
-0.0443908532 0.336004123 -0.152194092 0 0 0 6.10351562e-05
0.636585197 -0.281639757 -0.310629743 0 0 0 6.10351562e-05
0.140712429 -0.0647556195 -0.462611921 0 0 0 6.10351562e-05
0.424467961 0.734706952 0.115808322 0 0 0 6.10351562e-05
0.18525177 -0.501184201 0.368185787 0 0 0 6.10351562e-05
-0.171402396 -0.632193606 -0.507271341 0 0 0 6.10351562e-05
0.371774369 -0.157120728 0.284459155 0 0 0 6.10351562e-05
0.187109856 0.287298257 0.420238163 0 0 0 6.10351562e-05
-0.056892197 -0.913205553 -0.044705352 0 0 0 6.10351562e-05
0.226413005 0.12569904 0.560774609 0 0 0 6.10351562e-05
-0.105693278 -0.42814392 0.76643188 0 0 0 6.10351562e-05
-0.613615165 -0.547442574 0.190421617 0 0 0 6.10351562e-05
-0.910503698 0.00498646661 -0.170839569 0 0 0 6.10351562e-05
-0.483777017 -0.588766056 -0.335076907 0 0 0 6.10351562e-05
-0.678917314 0.472432244 -0.160020991 0 0 0 6.10351562e-05
0.410316657 -0.0422809824 -0.262890649 0 0 0 6.10351562e-05
0.0931200845 -0.346329811 0.342918375 0 0 0 6.10351562e-05
-0.441210246 -0.697300739 0.405442663 0 0 0 6.10351562e-05
-0.420247721 -0.107080899 0.83046607 0 0 0 6.10351562e-05
0.289352756 0.0733967822 0.15413265 0 0 0 6.10351562e-05
0.143606645 -0.310419115 -0.563887404 0 0 0 6.10351562e-05
-0.545543939 0.282036628 -0.321433879 0 0 0 6.10351562e-05
0.134743389 -0.0619476972 -0.0194920109 0 0 0 6.10351562e-05
-0.793125093 0.240401018 -0.189122187 0 0 0 6.10351562e-05
0.188868218 -0.11147067 0.592760766 0 0 0 6.10351562e-05
0.679839149 -0.221116494 0.222883417 0 0 0 6.10351562e-05
0.334742687 -0.0416042065 -0.497823891 0 0 0 6.10351562e-05
-0.394894125 0.301068704 -0.420978891 0 0 0 6.10351562e-05
0.775245371 -0.273591538 -0.515821607 0 0 0 6.10351562e-05
-0.157001797 0.982157016 0.0587268381 0 0 0 6.10351562e-05
0.252153291 0.409240774 0.407775514 0 0 0 6.10351562e-05
0.616506784 -0.517678624 -0.559202244 0 0 0 6.10351562e-05
-0.243879771 0.209210113 0.817972209 0 0 0 6.10351562e-05
0.462310382 -0.20259631 0.293816092 0 0 0 6.10351562e-05
-0.58242761 -0.325577996 -0.0316568561 0 0 0 6.10351562e-05
-0.464171688 0.334627186 0.559119477 0 0 0 6.10351562e-05
-0.305505136 -0.129229182 0.705760605 0 0 0 6.10351562e-05
0.700439623 0.510847837 0.328002891 0 0 0 6.10351562e-05
0.111141977 -0.133137359 0.324284783 0 0 0 6.10351562e-05
0.354102308 0.692662947 0.131707221 0 0 0 6.10351562e-05
0.475826248 0.57161657 0.44391634 0 0 0 6.10351562e-05
-0.0468455378 -0.0218563457 -0.303629328 0 0 0 6.10351562e-05
-0.537824771 -0.378411041 -0.0283529723 0 0 0 6.10351562e-05
-0.631939857 0.510856179 0.541298455 0 0 0 6.10351562e-05
0.131648447 -0.0680221043 -0.796187627 0 0 0 6.10351562e-05
0.428223476 0.0396580933 -0.755447403 0 0 0 6.10351562e-05
0.233946128 -0.568188598 0.03811615 0 0 0 6.10351562e-05
0.214240651 -0.61618595 -0.695989771 0 0 0 6.10351562e-05
-0.434904241 -0.749845848 0.0894356321 0 0 0 6.10351562e-05
-0.338621388 0.168730669 0.260689635 0 0 0 6.10351562e-05
-0.1918056 -0.847743199 -0.48592045 0 0 0 6.10351562e-05
0.552821151 -0.231035076 0.0372692199 0 0 0 6.10351562e-05
-0.677106782 0.039871266 0.236164084 0 0 0 6.10351562e-05
0.559981165 0.164307992 -0.724821074 0 0 0 6.10351562e-05
-0.253800707 -0.270384131 0.342946897 0 0 0 6.10351562e-05
-0.607777412 -0.0383981397 -0.287155207 0 0 0 6.10351562e-05
0.222008826 0.671361847 -0.0249948592 0 0 0 6.10351562e-05
-0.207949071 -0.32345887 0.382403152 0 0 0 6.10351562e-05
0.741179206 -0.0495310837 0.21555766 0 0 0 6.10351562e-05
0.798916681 -0.296805884 0.415840225 0 0 0 6.10351562e-05
0.159065745 -0.835571146 -0.271064709 0 0 0 6.10351562e-05
0.610868318 0.498140345 -0.0900783573 0 0 0 6.10351562e-05
-0.384492815 -0.409355832 0.108085067 0 0 0 6.10351562e-05
-0.439119068 -0.52841504 0.220996279 0 0 0 6.10351562e-05
0.300445553 -0.631317446 0.0759020748 0 0 0 6.10351562e-05
-0.0656992037 -0.108891192 0.949599323 0 0 0 6.10351562e-05
-0.84328185 -0.173062969 -0.148198462 0 0 0 6.10351562e-05
-0.0444529081 -0.170555795 -0.639383014 0 0 0 6.10351562e-05
0.038598148 0.332931594 -0.500435544 0 0 0 6.10351562e-05
-0.287528396 0.287674633 -0.0705089294 0 0 0 6.10351562e-05
-0.80234762 -0.245280072 -0.00187732121 0 0 0 6.10351562e-05
0.391450557 -0.202660329 -0.15675891 0 0 0 6.10351562e-05
-0.888584503 0.184897054 -0.355132098 0 0 0 6.10351562e-05
-0.196512659 -0.279290755 0.459124116 0 0 0 6.10351562e-05
0.393711351 -0.579562 0.234243191 0 0 0 6.10351562e-05
-0.583931541 0.295926873 0.206988215 0 0 0 6.10351562e-05
0.340372913 0.450686514 -0.572592495 0 0 0 6.10351562e-05
-0.155649796 -0.70780803 -0.0503029778 0 0 0 6.10351562e-05
-0.225011666 0.0933452991 -0.770099804 0 0 0 6.10351562e-05
-0.78084938 -0.285298484 0.0139275935 0 0 0 6.10351562e-05
-0.774278594 0.57355591 0.0987621181 0 0 0 6.10351562e-05
-0.112424884 0.501665285 0.193183633 0 0 0 6.10351562e-05
0.20423023 0.205522325 0.454827251 0 0 0 6.10351562e-05
0.600833956 -0.134298154 0.0877166556 0 0 0 6.10351562e-05
0.585512326 -0.391386402 -0.125676102 0 0 0 6.10351562e-05
-0.165013269 0.494788947 -0.614874212 0 0 0 6.10351562e-05
-0.580130738 -0.151485617 -0.0299322931 0 0 0 6.10351562e-05
0.491080711 -0.192887655 0.335388647 0 0 0 6.10351562e-05
0.112953533 -0.0359669025 0.350721668 0 0 0 6.10351562e-05
0.490409322 0.652130451 -0.146399874 0 0 0 6.10351562e-05
0.426366523 -0.525242471 -0.521457398 0 0 0 6.10351562e-05
-0.484661222 -0.13738032 -0.701503209 0 0 0 6.10351562e-05
-0.221389613 0.632811146 -0.690489965 0 0 0 6.10351562e-05
-0.426617038 0.840575659 -0.167932433 0 0 0 6.10351562e-05
-0.780605305 0.38000158 0.124037276 0 0 0 6.10351562e-05
-0.0201158254 -0.241633569 -0.0332791381 0 0 0 6.10351562e-05
0.323114107 -0.50752564 0.10107554 0 0 0 6.10351562e-05
0.104087457 0.0644451897 -0.848625146 0 0 0 6.10351562e-05
0.00659020688 -0.379096972 0.741616661 0 0 0 6.10351562e-05
0.827116672 0.498337367 -0.0592652573 0 0 0 6.10351562e-05
0.0341297634 0.465929551 0.00421366858 0 0 0 6.10351562e-05
-0.305129155 -0.0556847936 0.417355111 0 0 0 6.10351562e-05
-0.800171757 0.0459375959 -0.564923211 0 0 0 6.10351562e-05
-0.159119575 0.109839939 0.360918853 0 0 0 6.10351562e-05
0.434689495 -0.0681958116 0.0942965757 0 0 0 6.10351562e-05
-0.0399389863 -0.42540911 -0.456377578 0 0 0 6.10351562e-05
0.408205173 -0.102591658 -0.628457333 0 0 0 6.10351562e-05
0.0945429191 0.959612283 -0.166977433 0 0 0 6.10351562e-05
-0.42345177 -0.673318343 -0.0341735161 0 0 0 6.10351562e-05
0.776679747 -0.307886132 -0.297460421 0 0 0 6.10351562e-05
-0.248964932 0.610442708 0.0396662756 0 0 0 6.10351562e-05
-0.446421419 -0.339473136 0.256162642 0 0 0 6.10351562e-05
-0.0358650038 -0.362592176 0.826281376 0 0 0 6.10351562e-05
0.411904997 0.323298462 0.379234887 0 0 0 6.10351562e-05
-0.125080522 -0.212427715 0.30609434 0 0 0 6.10351562e-05
-0.107710242 0.312786715 0.893818881 0 0 0 6.10351562e-05
0.0695396308 -0.875420456 0.172922408 0 0 0 6.10351562e-05
-0.0430950496 -0.0863131431 0.484970969 0 0 0 6.10351562e-05
-0.053040631 0.176292474 -0.57228318 0 0 0 6.10351562e-05
0.302704153 -0.810140297 -0.0976854992 0 0 0 6.10351562e-05
-0.703281378 -0.2812085 0.450402414 0 0 0 6.10351562e-05
0.218273897 0.27015336 -0.762248394 0 0 0 6.10351562e-05
-0.340536572 0.7227369 0.481842327 0 0 0 6.10351562e-05
0.234499318 0.250409983 -0.294234574 0 0 0 6.10351562e-05
0.410763295 0.247103557 0.844953836 0 0 0 6.10351562e-05
0.190927988 0.669840468 -0.216433963 0 0 0 6.10351562e-05
0.58875371 -0.692570839 0.0780191239 0 0 0 6.10351562e-05
0.265432247 0.633096984 0.00447803298 0 0 0 6.10351562e-05
-0.27180018 -0.545058124 0.199000404 0 0 0 6.10351562e-05
0.0767074716 -0.459978866 -0.789837745 0 0 0 6.10351562e-05
0.587554034 0.601061315 0.0771512761 0 0 0 6.10351562e-05
0.00873345419 0.60062918 -0.422599175 0 0 0 6.10351562e-05
-0.470462394 -0.325563488 0.527085216 0 0 0 6.10351562e-05
-0.235089849 0.395418081 0.159058499 0 0 0 6.10351562e-05
0.0666207704 -0.264006951 0.618654051 0 0 0 6.10351562e-05
-0.183595619 0.228186041 -0.307373851 0 0 0 6.10351562e-05
-0.0421560059 0.741297466 0.325970703 0 0 0 6.10351562e-05
0.126715935 0.395095378 -0.697059826 0 0 0 6.10351562e-05
0.384199718 -0.0465069566 0.73444154 0 0 0 6.10351562e-05
0.348687005 0.392947681 0.170775243 0 0 0 6.10351562e-05
-0.314524759 -0.431596083 0.343825444 0 0 0 6.10351562e-05
0.289196321 -0.0789548178 0.3908472 0 0 0 6.10351562e-05
0.384357302 -0.500014156 -0.717718435 0 0 0 6.10351562e-05
0.327280494 -0.314261931 -0.296919943 0 0 0 6.10351562e-05
-0.341344034 -0.326417483 -0.845415567 0 0 0 6.10351562e-05
0.0225944105 0.0439014375 -0.665689441 0 0 0 6.10351562e-05
0.362508341 -0.457135377 0.241310924 0 0 0 6.10351562e-05
0.351586382 0.49607574 -0.528940265 0 0 0 6.10351562e-05
-0.933836098 0.183440307 -0.15663602 0 0 0 6.10351562e-05
0.595641939 0.302330392 -0.594060906 0 0 0 6.10351562e-05
0.104525581 0.352934673 0.637117171 0 0 0 6.10351562e-05
0.447363384 0.0122546157 0.022122817 0 0 0 6.10351562e-05
-0.519904685 -0.729050748 0.329068257 0 0 0 6.10351562e-05
0.859493125 0.473751172 -0.026618348 0 0 0 6.10351562e-05
-0.327894496 -0.402207005 -0.165793449 0 0 0 6.10351562e-05
-0.919159557 0.169783816 -0.338574895 0 0 0 6.10351562e-05
0.253339547 0.386478302 0.704524277 0 0 0 6.10351562e-05
-0.475730258 0.0276829062 -0.381626731 0 0 0 6.10351562e-05
0.783693411 -0.10823511 -0.297998822 0 0 0 6.10351562e-05
-0.416155319 0.618992447 -0.531085436 0 0 0 6.10351562e-05
-0.723395895 -0.114749106 0.13425471 0 0 0 6.10351562e-05
-0.0995293201 0.17335313 0.36330884 0 0 0 6.10351562e-05
0.0636347825 -0.841191872 0.178625531 0 0 0 6.10351562e-05
0.847201123 -0.458636932 0.0324585895 0 0 0 6.10351562e-05
0.190891035 -0.499165474 -0.455430202 0 0 0 6.10351562e-05
0.668205065 -0.0308953945 -0.00394121912 0 0 0 6.10351562e-05
0.530987719 -0.254698693 -0.566911549 0 0 0 6.10351562e-05
-0.445795618 -0.842198327 0.0180876344 0 0 0 6.10351562e-05
-0.016355698 0.0635086172 0.251752176 0 0 0 6.10351562e-05
-0.115556089 -0.542928089 0.0806700578 0 0 0 6.10351562e-05
-0.491624104 -0.627162653 -0.156626755 0 0 0 6.10351562e-05
-0.685317683 0.42615549 -1.61204224e-05 0 0 0 6.10351562e-05
0.0614426288 0.235865573 -0.821915779 0 0 0 6.10351562e-05
-0.778132355 0.324255184 0.233931995 0 0 0 6.10351562e-05
0.414957888 -0.69902985 -0.0341908006 0 0 0 6.10351562e-05
0.491459288 0.664128811 0.0598120859 0 0 0 6.10351562e-05
-0.49531775 -0.228728828 -0.465576466 0 0 0 6.10351562e-05
0.254189835 0.133800968 -0.4732763 0 0 0 6.10351562e-05
0.37258446 -0.131657861 0.636607313 0 0 0 6.10351562e-05
-0.903960115 -0.00686548304 -0.0954130377 0 0 0 6.10351562e-05
-0.365988321 0.597942448 -0.311711311 0 0 0 6.10351562e-05
0.551934936 -0.392025457 0.169266716 0 0 0 6.10351562e-05
0.260340639 0.848182221 0.379161289 0 0 0 6.10351562e-05
0.341595765 -0.560223893 0.636234868 0 0 0 6.10351562e-05
0.20193444 -0.872870129 0.18977422 0 0 0 6.10351562e-05
-0.188147297 -0.634756828 -0.646147542 0 0 0 6.10351562e-05
-0.204572856 -0.0324610162 -0.0119122095 0 0 0 6.10351562e-05
-0.231026927 -0.330116642 0.153488054 0 0 0 6.10351562e-05
-0.941163776 -0.0186962222 -0.314800432 0 0 0 6.10351562e-05
-0.292535837 -0.0302259043 -0.279211148 0 0 0 6.10351562e-05
-0.43200982 -0.449835887 -0.535207915 0 0 0 6.10351562e-05
0.122468208 0.539043628 0.585836977 0 0 0 6.10351562e-05
-0.583421133 -0.590558762 -0.352473754 0 0 0 6.10351562e-05
-0.224263409 -0.0235861865 0.079295183 0 0 0 6.10351562e-05
0.673060513 0.431252594 0.350758143 0 0 0 6.10351562e-05
-0.748978469 -0.185065053 0.520578884 0 0 0 6.10351562e-05
0.209991522 -0.702133949 0.666008344 0 0 0 6.10351562e-05
0.761634392 -0.563251658 0.105614526 0 0 0 6.10351562e-05
0.946817164 -0.253256886 0.198256786 0 0 0 6.10351562e-05
-0.606575196 0.460959867 -0.423574024 0 0 0 6.10351562e-05
-0.354869747 -0.393114217 0.265179586 0 0 0 6.10351562e-05
0.00201767658 -0.124868498 0.111722699 0 0 0 6.10351562e-05
0.314457863 -0.543495997 -0.413338516 0 0 0 6.10351562e-05
-0.696692718 -0.244435425 0.671686557 0 0 0 6.10351562e-05
0.261030286 -0.518681164 0.0842916764 0 0 0 6.10351562e-05
0.370389227 0.233605936 -0.643632559 0 0 0 6.10351562e-05
-0.0131967125 0.638163522 0.759463294 0 0 0 6.10351562e-05
-0.402499249 -0.885640707 0.127831966 0 0 0 6.10351562e-05
0.0189215882 0.0482771426 0.387074788 0 0 0 6.10351562e-05
0.307798872 0.657900695 -0.248043329 0 0 0 6.10351562e-05
0.802853462 0.290016108 -0.491053671 0 0 0 6.10351562e-05
0.451008273 -0.640680972 -0.331590053 0 0 0 6.10351562e-05
0.0551081153 -0.641220263 0.698554357 0 0 0 6.10351562e-05
0.606533883 -0.316721792 -0.374316009 0 0 0 6.10351562e-05
0.299202427 -0.354995779 0.770586453 0 0 0 6.10351562e-05
-0.0801948993 -0.613519983 -0.396336951 0 0 0 6.10351562e-05
-0.125433437 0.593043282 -0.724518918 0 0 0 6.10351562e-05
-0.209586873 -0.594508164 -0.58928313 0 0 0 6.10351562e-05
-0.400824457 -0.228223365 -0.0037285206 0 0 0 6.10351562e-05
0.458972968 -0.820063029 0.166750095 0 0 0 6.10351562e-05
0.114310045 -0.764716628 0.165600811 0 0 0 6.10351562e-05
0.0482336046 0.45674893 0.444207706 0 0 0 6.10351562e-05
0.648403022 -0.643397253 -0.0518124215 0 0 0 6.10351562e-05
0.260549652 0.51436839 0.249764738 0 0 0 6.10351562e-05
0.141225347 0.0246445048 -0.225929585 0 0 0 6.10351562e-05
0.792873952 0.126762976 0.575127145 0 0 0 6.10351562e-05
0.216046195 -0.897632411 -0.0773054934 0 0 0 6.10351562e-05
-0.0433648297 -0.438779351 -0.526532781 0 0 0 6.10351562e-05
-0.348199631 0.171151456 0.913648425 0 0 0 6.10351562e-05
0.0291257849 0.782558081 -0.427112516 0 0 0 6.10351562e-05
0.248184941 -0.477100495 -0.586695616 0 0 0 6.10351562e-05
0.534624332 0.246262166 0.294713863 0 0 0 6.10351562e-05
0.333039777 -0.417171379 0.412975571 0 0 0 6.10351562e-05
-0.143882532 -0.380146786 -0.670068186 0 0 0 6.10351562e-05
-0.0586816962 -0.342519239 -0.540068993 0 0 0 6.10351562e-05
-0.708269305 -0.250936054 0.342513583 0 0 0 6.10351562e-05
-0.339373107 0.41640917 -0.34189213 0 0 0 6.10351562e-05
-0.945696795 0.146026312 0.176888592 0 0 0 6.10351562e-05
0.0138045081 0.179535218 0.275517631 0 0 0 6.10351562e-05
-0.203991048 -0.798120562 -0.00419799536 0 0 0 6.10351562e-05
-0.858619723 -0.142898761 0.452381786 0 0 0 6.10351562e-05
-0.206864715 0.497406795 -0.664369804 0 0 0 6.10351562e-05
-0.334774005 -0.0166265194 0.331788261 0 0 0 6.10351562e-05
-0.322123324 0.666021267 -0.102421867 0 0 0 6.10351562e-05
-0.219741371 0.639897448 -0.142864237 0 0 0 6.10351562e-05
-0.710825283 -0.286992747 0.619882433 0 0 0 6.10351562e-05
-0.687331741 -0.168767305 0.0308438328 0 0 0 6.10351562e-05
-0.2355712 -0.726003259 -0.201284456 0 0 0 6.10351562e-05
0.509136155 -0.555228533 0.432666078 0 0 0 6.10351562e-05
-0.450412497 0.623184112 0.485073426 0 0 0 6.10351562e-05
-0.281098058 -0.0790139813 -0.914276035 0 0 0 6.10351562e-05
0.804910559 -0.264483186 0.128958795 0 0 0 6.10351562e-05
0.542922949 -0.170978573 0.572865342 0 0 0 6.10351562e-05
0.0967463383 -0.0392199699 0.324861323 0 0 0 6.10351562e-05
-0.275222553 0.164588207 -0.753727869 0 0 0 6.10351562e-05
0.77811828 -0.209917354 -0.323224704 0 0 0 6.10351562e-05
0.010377777 -0.453577392 0.827620784 0 0 0 6.10351562e-05
-0.592762368 0.366542729 -0.405550712 0 0 0 6.10351562e-05
-0.840503888 0.247707232 -0.25262998 0 0 0 6.10351562e-05
0.172642917 -0.593379348 0.547122281 0 0 0 6.10351562e-05
0.675709449 -0.186705023 -0.467133533 0 0 0 6.10351562e-05
0.146951149 -0.0733697814 -0.77801752 0 0 0 6.10351562e-05
-0.165296428 -0.598467245 -0.475762893 0 0 0 6.10351562e-05
0.607425524 0.293586995 -0.637382364 0 0 0 6.10351562e-05
-0.908302018 -0.011933384 -0.398686141 0 0 0 6.10351562e-05
-0.385072478 0.726504225 -0.0111875374 0 0 0 6.10351562e-05
0.446752305 -0.0820169187 -0.231852733 0 0 0 6.10351562e-05
0.0654125313 0.93775468 -0.0925339706 0 0 0 6.10351562e-05
-0.111849742 0.731176592 -0.494181681 0 0 0 6.10351562e-05
-0.839933101 0.160823451 -0.378407512 0 0 0 6.10351562e-05
0.623720445 0.532629437 -0.0430267275 0 0 0 6.10351562e-05
-0.236165444 -0.30209881 -0.763507736 0 0 0 6.10351562e-05
0.598896352 -0.566388296 0.54491925 0 0 0 6.10351562e-05
0.167625356 -0.0860034036 -0.307877158 0 0 0 6.10351562e-05
0.295783838 0.887406102 -0.250862836 0 0 0 6.10351562e-05
0.443207145 0.588462738 0.0938485776 0 0 0 6.10351562e-05
-0.63147384 -0.176050515 -0.455183393 0 0 0 6.10351562e-05
0.35585123 -0.172685028 0.793321343 0 0 0 6.10351562e-05
-0.245438338 0.438666668 -0.605535183 0 0 0 6.10351562e-05
-0.0820048121 0.0791907385 0.381384832 0 0 0 6.10351562e-05
0.00374280437 0.575588046 0.368603368 0 0 0 6.10351562e-05
-0.0867134119 0.458534358 -0.44376595 0 0 0 6.10351562e-05
-0.332862123 0.719313206 -0.165812121 0 0 0 6.10351562e-05
-0.236363042 -0.029126941 0.3595906 0 0 0 6.10351562e-05
0.469287705 0.203688849 -0.38374565 0 0 0 6.10351562e-05
0.353505164 0.233624356 -0.31911479 0 0 0 6.10351562e-05
-0.219212608 0.462692192 0.372485648 0 0 0 6.10351562e-05
0.306631266 -0.7357678 -0.442393231 0 0 0 6.10351562e-05
0.36138428 -0.113369162 0.883446679 0 0 0 6.10351562e-05
0.387148685 -0.367607514 0.455217784 0 0 0 6.10351562e-05
0.15089128 0.0199244453 -0.647252567 0 0 0 6.10351562e-05
-0.86798719 -0.325487958 0.0490141861 0 0 0 6.10351562e-05
-0.0325015963 -0.265364111 0.309018161 0 0 0 6.10351562e-05
0.137781448 -0.231739255 0.711054573 0 0 0 6.10351562e-05
0.757785288 -0.174871017 0.449531786 0 0 0 6.10351562e-05
0.294181816 -0.733153418 -0.368892959 0 0 0 6.10351562e-05
-0.177710038 -0.166230492 -0.679846004 0 0 0 6.10351562e-05
-0.805576869 -0.177420174 0.553025032 0 0 0 6.10351562e-05
-0.384817791 -0.0463664923 -0.515003555 0 0 0 6.10351562e-05
0.160354341 -0.421238943 0.149911475 0 0 0 6.10351562e-05
0.25648933 -0.690146011 0.539001739 0 0 0 6.10351562e-05
-0.193045479 0.695760125 0.440854126 0 0 0 6.10351562e-05
0.594446801 -0.403002118 -0.248707597 0 0 0 6.10351562e-05
-0.514193666 -0.152752988 0.0373162006 0 0 0 6.10351562e-05
-0.0946078522 -0.261673093 0.34301655 0 0 0 6.10351562e-05
-0.758486504 -0.269602383 0.0527700393 0 0 0 6.10351562e-05
-0.0650582318 0.572144562 0.720679279 0 0 0 6.10351562e-05
0.104582563 0.378230179 0.562411065 0 0 0 6.10351562e-05
-0.0611135777 -0.498748364 -0.680668078 0 0 0 6.10351562e-05
0.647668832 0.442243453 -0.295319863 0 0 0 6.10351562e-05
0.354148023 0.3972677 0.0635239118 0 0 0 6.10351562e-05
0.280243465 0.483456079 0.571708588 0 0 0 6.10351562e-05
-0.18628585 0.433312116 0.19848257 0 0 0 6.10351562e-05
-0.473362198 0.335765984 0.154182386 0 0 0 6.10351562e-05
0.183941844 -0.604376057 0.123881536 0 0 0 6.10351562e-05
0.510548215 0.348021175 0.433817469 0 0 0 6.10351562e-05
0.582016074 0.286426224 -0.591213229 0 0 0 6.10351562e-05
-0.485318948 -0.758631582 -0.317625961 0 0 0 6.10351562e-05
0.0824812682 0.595268265 -0.499462241 0 0 0 6.10351562e-05
0.847599236 -0.00920103257 0.519232369 0 0 0 6.10351562e-05
0.740669947 -0.538445907 -0.295760261 0 0 0 6.10351562e-05
-0.0946149572 -0.635669333 -0.168391452 0 0 0 6.10351562e-05
0.162877439 0.606489463 0.0828035427 0 0 0 6.10351562e-05
-0.729981894 0.515466722 0.284359552 0 0 0 6.10351562e-05
0.299876493 -0.301288956 0.785332328 0 0 0 6.10351562e-05
-0.28466958 -0.256344631 0.850184314 0 0 0 6.10351562e-05
-0.209753726 0.459327684 -0.182042075 0 0 0 6.10351562e-05
0.10934485 0.745900262 -0.503086586 0 0 0 6.10351562e-05
0.137198268 -0.00531831415 -0.00311903037 0 0 0 6.10351562e-05
0.650288677 -0.505086732 -0.346456809 0 0 0 6.10351562e-05
-0.354269024 -0.705100871 -0.359417979 0 0 0 6.10351562e-05
-0.698742995 -0.238058431 0.230643554 0 0 0 6.10351562e-05
-0.44298746 0.730354297 -0.251236708 0 0 0 6.10351562e-05
0.223811288 0.486953313 -0.314836098 0 0 0 6.10351562e-05
0.331793334 0.593301423 -0.429163106 0 0 0 6.10351562e-05
0.744499816 -0.224798907 0.231640771 0 0 0 6.10351562e-05
0.464674483 -0.251679076 0.0518564967 0 0 0 6.10351562e-05
-0.0777586081 -0.851056582 0.140123368 0 0 0 6.10351562e-05
-0.0341773586 -0.580498686 0.606820988 0 0 0 6.10351562e-05
0.0343192985 0.719182629 -0.264550736 0 0 0 6.10351562e-05
-0.689562636 -0.267247824 0.0733797806 0 0 0 6.10351562e-05
0.0162702929 -0.353815299 0.499269972 0 0 0 6.10351562e-05
-0.396801361 -0.659148749 -0.636143161 0 0 0 6.10351562e-05
-0.226427857 0.667052806 0.502081417 0 0 0 6.10351562e-05
0.7159143 0.0349786237 0.398252443 0 0 0 6.10351562e-05
0.205318003 -0.524425198 -0.461408296 0 0 0 6.10351562e-05
-0.678299719 -0.505494902 0.365440991 0 0 0 6.10351562e-05
0.166138773 0.762573385 -0.0979562577 0 0 0 6.10351562e-05
0.190398001 0.116925988 -0.655397893 0 0 0 6.10351562e-05
0.419206687 0.205561587 -0.219462522 0 0 0 6.10351562e-05
-0.170423271 0.519018848 -0.0541746032 0 0 0 6.10351562e-05
0.00194944669 -0.590039325 -0.405242626 0 0 0 6.10351562e-05
-0.379753625 -0.407936182 -0.0412217407 0 0 0 6.10351562e-05
0.256650091 -0.469813312 0.627161468 0 0 0 6.10351562e-05
0.275689203 0.918449886 0.0577501059 0 0 0 6.10351562e-05
0.202092894 -0.041326657 -0.585964977 0 0 0 6.10351562e-05
-0.168058025 -0.513870134 -0.666394014 0 0 0 6.10351562e-05
0.74430425 -0.460428755 0.26683566 0 0 0 6.10351562e-05
-0.259076797 -0.206264011 0.223901051 0 0 0 6.10351562e-05
-0.437637848 -0.148956523 -0.0565188839 0 0 0 6.10351562e-05
-0.121956669 0.199339939 0.260081042 0 0 0 6.10351562e-05
-0.226349187 0.216200178 -0.129981398 0 0 0 6.10351562e-05
-0.0549142746 -0.275145637 0.0326642161 0 0 0 6.10351562e-05
-0.495507056 -0.164663666 0.324971772 0 0 0 6.10351562e-05
-0.798572663 0.170940144 -0.484161802 0 0 0 6.10351562e-05
-0.368147543 0.0927818434 -0.84443518 0 0 0 6.10351562e-05
0.0270845853 0.107915605 -0.198876871 0 0 0 6.10351562e-05
-0.192083164 -0.0819234468 -0.0460666012 0 0 0 6.10351562e-05
0.246222591 -0.389337512 -0.450410718 0 0 0 6.10351562e-05
0.240189606 -0.481236738 -0.425069557 0 0 0 6.10351562e-05
-0.450742741 0.347187014 -0.331785376 0 0 0 6.10351562e-05
0.450542799 -0.145746545 0.807635884 0 0 0 6.10351562e-05
0.156268538 0.792443943 -0.280784144 0 0 0 6.10351562e-05
-0.00813444545 0.160123597 -0.265146947 0 0 0 6.10351562e-05
0.476531774 -0.424745964 -0.212930853 0 0 0 6.10351562e-05
-0.445516968 -0.366317154 -0.421010241 0 0 0 6.10351562e-05
0.396593905 0.361115501 -0.36188352 0 0 0 6.10351562e-05
0.444945348 0.770223028 -0.189862068 0 0 0 6.10351562e-05
-0.243539394 0.0995240372 -0.809909738 0 0 0 6.10351562e-05
-0.0188413413 0.770803848 0.220934029 0 0 0 6.10351562e-05
0.56213911 0.621959504 -0.402137332 0 0 0 6.10351562e-05
-0.0934725855 -0.747758832 0.093946856 0 0 0 6.10351562e-05
0.150341749 -0.501381325 -0.778268862 0 0 0 6.10351562e-05
0.380250562 -0.289253277 -0.781574458 0 0 0 6.10351562e-05
-0.459735528 0.374630972 0.305567208 0 0 0 6.10351562e-05
0.198145665 -0.39327434 -0.310832076 0 0 0 6.10351562e-05
0.220575437 0.699507372 -0.488634244 0 0 0 6.10351562e-05
-0.105203694 -0.414575295 0.763308714 0 0 0 6.10351562e-05
-0.572455061 -0.419554369 0.0529335943 0 0 0 6.10351562e-05
-0.629188229 0.117836953 0.00300694369 0 0 0 6.10351562e-05
-0.400720403 -0.402473839 0.38837658 0 0 0 6.10351562e-05
-0.22719796 0.696168351 0.0179458801 0 0 0 6.10351562e-05
0.183426393 -0.892482079 0.354723644 0 0 0 6.10351562e-05
-0.298851062 -0.0011010048 0.488505578 0 0 0 6.10351562e-05
-0.389640225 0.769266631 -0.458509397 0 0 0 6.10351562e-05
0.0527992036 0.0128378155 0.751740787 0 0 0 6.10351562e-05
0.624398322 0.599116818 -0.295557328 0 0 0 6.10351562e-05
-0.684399311 0.294063978 0.39451845 0 0 0 6.10351562e-05
-0.0928204836 -0.317244997 -0.182773682 0 0 0 6.10351562e-05
-0.0433040999 0.542254946 -0.0504568073 0 0 0 6.10351562e-05
-0.62769119 0.113174988 0.171923349 0 0 0 6.10351562e-05
-0.502654367 -0.0981074552 0.786105276 0 0 0 6.10351562e-05
0.426262893 0.398340534 0.281160243 0 0 0 6.10351562e-05
-0.484656483 -0.664099995 -0.0259281694 0 0 0 6.10351562e-05
-0.0275644345 0.501049994 -0.447527943 0 0 0 6.10351562e-05
-0.690588578 -0.109803331 0.11615779 0 0 0 6.10351562e-05
-0.25000779 -0.387336715 0.095114495 0 0 0 6.10351562e-05
0.129901473 0.623232558 -0.277072693 0 0 0 6.10351562e-05
-0.477449385 -0.43089516 0.712980998 0 0 0 6.10351562e-05
-0.291551528 -0.434749396 0.580691393 0 0 0 6.10351562e-05
-0.493879664 0.315681208 -0.282688851 0 0 0 6.10351562e-05
0.407641669 0.635911129 0.0454175168 0 0 0 6.10351562e-05
0.259560613 0.1657603 0.229072898 0 0 0 6.10351562e-05
0.594362336 -0.172761614 -0.162530599 0 0 0 6.10351562e-05
-0.212644327 -0.276541022 -0.692867166 0 0 0 6.10351562e-05
0.77365301 0.150976232 -0.403781289 0 0 0 6.10351562e-05
-0.0870315888 -0.453297492 -0.541349994 0 0 0 6.10351562e-05
-0.144694339 0.798459849 -0.0390996738 0 0 0 6.10351562e-05
-0.731609766 0.222080174 -0.296481107 0 0 0 6.10351562e-05
0.661448318 0.67823101 0.0203098289 0 0 0 6.10351562e-05
0.59379377 0.736525042 0.117549096 0 0 0 6.10351562e-05
0.421996274 0.252391209 0.0210739547 0 0 0 6.10351562e-05
-0.150169439 0.487876223 -0.250895089 0 0 0 6.10351562e-05
-0.141256222 0.181094403 -0.548497111 0 0 0 6.10351562e-05
0.00114532956 0.433694941 -0.3479759 0 0 0 6.10351562e-05
0.334386472 0.131616667 0.82529069 0 0 0 6.10351562e-05
0.671797833 -0.0855241373 -0.109557714 0 0 0 6.10351562e-05
0.0710829754 -0.884581747 0.271714791 0 0 0 6.10351562e-05
0.373250861 0.460373551 -0.500413738 0 0 0 6.10351562e-05
-0.101496928 0.45201985 -0.353627989 0 0 0 6.10351562e-05
-0.366699352 -0.182142757 -0.87400579 0 0 0 6.10351562e-05
-0.16331407 0.0904606136 0.331872513 0 0 0 6.10351562e-05
-0.716108302 0.112533267 -0.0164338486 0 0 0 6.10351562e-05
0.0312256195 0.310995982 0.84155566 0 0 0 6.10351562e-05
-0.578753212 -0.777778246 -0.0925145804 0 0 0 6.10351562e-05
0.117709903 0.788875847 0.259399206 0 0 0 6.10351562e-05
-0.730830537 -0.494780974 0.0426010097 0 0 0 6.10351562e-05
-0.240439566 -0.364826439 -0.200516838 0 0 0 6.10351562e-05
0.446101889 -0.540637847 -0.128534714 0 0 0 6.10351562e-05
0.338702974 -0.178878926 0.422159345 0 0 0 6.10351562e-05
0.625495451 0.548470118 -0.282200696 0 0 0 6.10351562e-05
-0.0925091449 -0.00988611215 0.227126182 0 0 0 6.10351562e-05
0.10876764 -0.239169897 -0.3977167 0 0 0 6.10351562e-05
0.543972344 0.130996653 -0.75741254 0 0 0 6.10351562e-05
0.677725629 0.112699315 -0.641241553 0 0 0 6.10351562e-05
0.0428763003 0.352908754 0.838610676 0 0 0 6.10351562e-05
0.258452061 0.244665295 0.201908255 0 0 0 6.10351562e-05
-0.47889428 -0.685486322 -0.35016949 0 0 0 6.10351562e-05
0.353893101 0.831913383 -0.279968648 0 0 0 6.10351562e-05
-0.255719678 0.514961737 -0.544473067 0 0 0 6.10351562e-05
0.701747943 -0.0132301591 0.574724239 0 0 0 6.10351562e-05
-0.601848039 -0.591797534 0.306419911 0 0 0 6.10351562e-05
0.559413696 0.508172363 -0.600811027 0 0 0 6.10351562e-05
-0.625360394 -0.724710582 0.112643539 0 0 0 6.10351562e-05
-0.474224582 -0.367865608 -0.244976666 0 0 0 6.10351562e-05
-0.830006503 -0.128595205 -0.126444818 0 0 0 6.10351562e-05
0.733613575 -0.51022867 -0.188000782 0 0 0 6.10351562e-05
-0.0723057847 0.726079265 0.562314095 0 0 0 6.10351562e-05
-0.89843298 -0.172922311 0.129504121 0 0 0 6.10351562e-05
0.384042873 -0.0429668268 0.806629454 0 0 0 6.10351562e-05
-0.507958605 0.499305863 0.176567663 0 0 0 6.10351562e-05
-0.477315703 0.35512436 0.106158624 0 0 0 6.10351562e-05
0.656576736 0.176740064 -0.644712505 0 0 0 6.10351562e-05
-0.450675466 0.202016711 -0.719268592 0 0 0 6.10351562e-05
0.83979688 0.50882196 0.0857279975 0 0 0 6.10351562e-05
0.356053485 -0.559277689 0.678105087 0 0 0 6.10351562e-05
0.49014288 -0.113917318 -0.430425095 0 0 0 6.10351562e-05
-0.0219981002 -0.256700203 -0.524090023 0 0 0 6.10351562e-05
-0.373403454 0.152408087 0.00149862862 0 0 0 6.10351562e-05
-0.725256598 -0.0777419892 0.179863628 0 0 0 6.10351562e-05
-0.371425784 0.845027282 -0.258922367 0 0 0 6.10351562e-05
-0.889261255 0.295609592 -0.102877405 0 0 0 6.10351562e-05
0.195044167 0.548470864 0.242137715 0 0 0 6.10351562e-05
0.837250983 0.127910736 -0.0298412172 0 0 0 6.10351562e-05
-0.284932025 0.0380676705 0.164917303 0 0 0 6.10351562e-05
0.710470387 0.577962157 0.0734365822 0 0 0 6.10351562e-05
0.452570311 -0.763937314 0.25184362 0 0 0 6.10351562e-05
-0.425766306 -0.685205009 0.319036073 0 0 0 6.10351562e-05
-0.188344261 -0.307244346 -0.400234696 0 0 0 6.10351562e-05
0.693803588 0.559074326 0.208977166 0 0 0 6.10351562e-05
-0.116609773 0.613928306 0.468202572 0 0 0 6.10351562e-05
0.146143868 -0.480267412 0.616387006 0 0 0 6.10351562e-05
-0.622548151 -0.0943679235 0.677222472 0 0 0 6.10351562e-05
0.167106613 -0.499545406 0.741247049 0 0 0 6.10351562e-05
0.480050117 -0.237991483 -0.379085778 0 0 0 6.10351562e-05
-0.923053127 0.169511603 -0.00533448715 0 0 0 6.10351562e-05
0.38371981 0.556304037 -0.34567537 0 0 0 6.10351562e-05
0.486015118 -0.289885904 -0.489482722 0 0 0 6.10351562e-05
-0.460577105 0.671273785 -0.14651276 0 0 0 6.10351562e-05
0.397747394 -0.11273605 0.475531264 0 0 0 6.10351562e-05
0.387605342 0.439062321 -0.736154953 0 0 0 6.10351562e-05
0.0774339948 0.418259012 -0.806207765 0 0 0 6.10351562e-05
-0.15339359 0.235237519 0.309792102 0 0 0 6.10351562e-05
-0.0209900429 0.682281538 0.458610103 0 0 0 6.10351562e-05
0.443737301 -0.760605699 0.120688369 0 0 0 6.10351562e-05
-0.596445541 0.136941657 0.336043689 0 0 0 6.10351562e-05
-0.00319621916 0.742360296 -0.506695546 0 0 0 6.10351562e-05
-0.0393666741 -0.73566977 -0.177189329 0 0 0 6.10351562e-05
0.580150423 0.167484846 0.357971071 0 0 0 6.10351562e-05
-0.0349042406 0.865412774 0.428124647 0 0 0 6.10351562e-05
0.411679992 0.554350341 0.424854995 0 0 0 6.10351562e-05
0.472233554 -0.30269912 0.644535232 0 0 0 6.10351562e-05
-0.606926046 0.244380159 0.155716176 0 0 0 6.10351562e-05
-0.17996571 -0.763199839 0.499244217 0 0 0 6.10351562e-05
-0.633444771 -0.203725793 -0.249933201 0 0 0 6.10351562e-05
0.0241005526 -0.92069018 -0.0252791277 0 0 0 6.10351562e-05
-0.681163275 0.351247033 -0.00632330103 0 0 0 6.10351562e-05
0.350282254 0.0167093814 0.856555188 0 0 0 6.10351562e-05
0.24378229 -0.0274497813 0.648718817 0 0 0 6.10351562e-05
-0.275781386 0.413851888 0.789638103 0 0 0 6.10351562e-05
0.00499540845 0.356443972 0.137742626 0 0 0 6.10351562e-05
0.0138171728 0.472707147 -0.812236302 0 0 0 6.10351562e-05
0.334726501 -0.52970246 -0.537133343 0 0 0 6.10351562e-05
0.172464219 -0.0468060768 -0.105893031 0 0 0 6.10351562e-05
0.621710978 0.709811301 0.110459798 0 0 0 6.10351562e-05
-0.554161912 0.133360891 -0.736615247 0 0 0 6.10351562e-05
0.224948757 0.352004603 -0.372579957 0 0 0 6.10351562e-05
0.0131396836 0.00492754391 -0.865490707 0 0 0 6.10351562e-05
0.643318614 0.359246434 -0.471383185 0 0 0 6.10351562e-05
-0.226921643 -0.687077053 0.151283019 0 0 0 6.10351562e-05
-0.381880638 -0.516573419 -0.19673005 0 0 0 6.10351562e-05
0.206463257 -0.257600534 0.14935959 0 0 0 6.10351562e-05
-0.463614042 -0.595069634 -0.514291118 0 0 0 6.10351562e-05
-0.415566393 0.425894617 -0.766393511 0 0 0 6.10351562e-05
0.584463343 0.632335913 -0.253885682 0 0 0 6.10351562e-05
0.83131411 0.0845524085 -0.270691169 0 0 0 6.10351562e-05
-0.14519638 -0.925627343 -0.0766700348 0 0 0 6.10351562e-05
0.451386683 -0.00611919842 0.541568629 0 0 0 6.10351562e-05
-0.0682610147 0.737068703 0.543790822 0 0 0 6.10351562e-05
-0.46464797 0.612921653 0.566338775 0 0 0 6.10351562e-05
-0.617906322 -0.00889548867 0.196960449 0 0 0 6.10351562e-05
0.538817696 0.466278799 0.0455074615 0 0 0 6.10351562e-05
0.208649432 0.48835932 -0.482567104 0 0 0 6.10351562e-05
-0.685334166 -0.471620193 0.091128943 0 0 0 6.10351562e-05
0.641011424 0.377869768 0.291930242 0 0 0 6.10351562e-05
0.148780814 -0.264358989 0.417710076 0 0 0 6.10351562e-05
0.696255028 -0.403167792 -0.476787347 0 0 0 6.10351562e-05
-0.447284892 0.549770242 -0.181871318 0 0 0 6.10351562e-05
0.122403677 -0.249901299 -0.204026273 0 0 0 6.10351562e-05
0.473789539 0.308979038 -0.71917549 0 0 0 6.10351562e-05
-0.698217072 0.0210789909 0.453539181 0 0 0 6.10351562e-05
0.367826774 -0.121139311 -0.160160773 0 0 0 6.10351562e-05
0.742323034 0.404411166 0.469090092 0 0 0 6.10351562e-05
-0.262112921 -0.693063161 0.325585656 0 0 0 6.10351562e-05
0.660020593 -0.0663354338 0.156068057 0 0 0 6.10351562e-05
-0.0503343016 -0.622724216 0.732451272 0 0 0 6.10351562e-05
0.728216237 -0.124417524 0.351933259 0 0 0 6.10351562e-05
0.389010443 0.0705322656 0.247491193 0 0 0 6.10351562e-05
-0.370388688 -0.0105810102 0.285359285 0 0 0 6.10351562e-05
0.0564681951 0.220188012 0.57084762 0 0 0 6.10351562e-05
0.476830664 0.585692156 0.623979742 0 0 0 6.10351562e-05
-0.498318131 0.281510047 0.364201759 0 0 0 6.10351562e-05
-0.159010881 0.838609384 0.276603943 0 0 0 6.10351562e-05
-0.00737354443 -0.501961778 -0.0893755862 0 0 0 6.10351562e-05
0.638349326 0.389237687 0.228311582 0 0 0 6.10351562e-05
0.064888025 -0.835147412 -0.0758187279 0 0 0 6.10351562e-05
0.72622194 -0.0061506185 -0.505899115 0 0 0 6.10351562e-05
0.0957061685 0.505281256 -0.819723927 0 0 0 6.10351562e-05
-0.727213164 -0.0222198669 0.462010852 0 0 0 6.10351562e-05
-0.120791012 -0.68613922 -0.301222807 0 0 0 6.10351562e-05
-0.440303512 -0.352235252 -0.47481256 0 0 0 6.10351562e-05
-0.550231867 -0.321897201 -0.522136967 0 0 0 6.10351562e-05
0.630513109 0.103642629 -0.535692609 0 0 0 6.10351562e-05
-0.42438529 -0.0425319301 -0.25255528 0 0 0 6.10351562e-05
-0.0119501698 -0.59646804 0.292498101 0 0 0 6.10351562e-05
0.31117012 0.129863963 0.455615691 0 0 0 6.10351562e-05
-0.314930326 0.391511308 -0.243865123 0 0 0 6.10351562e-05
0.773118593 0.163872461 0.201774004 0 0 0 6.10351562e-05
-0.357183465 -0.0289540237 0.706199442 0 0 0 6.10351562e-05
0.438975511 0.0590870047 -0.863466316 0 0 0 6.10351562e-05
0.465688203 0.08411281 0.86452983 0 0 0 6.10351562e-05
-0.12063646 0.975666912 0.0558108828 0 0 0 6.10351562e-05
0.140207386 -0.856224621 0.0766745137 0 0 0 6.10351562e-05
-0.88025699 0.342782782 -0.0219077306 0 0 0 6.10351562e-05
-0.068607923 -0.117520263 -0.616112935 0 0 0 6.10351562e-05
0.0499333295 -0.55924634 -0.17722949 0 0 0 6.10351562e-05
0.129739339 0.398752203 0.159258537 0 0 0 6.10351562e-05
-0.805905565 0.0440016386 0.554600567 0 0 0 6.10351562e-05
-0.622511234 -0.106355457 0.689998095 0 0 0 6.10351562e-05
-0.391033933 0.718013024 0.324891251 0 0 0 6.10351562e-05
-0.118393071 -0.00627885515 0.956236296 0 0 0 6.10351562e-05
0.744601934 0.377359446 0.285440651 0 0 0 6.10351562e-05
-0.209205549 -0.539723487 0.197137505 0 0 0 6.10351562e-05
0.360129029 0.0358577498 -0.397012555 0 0 0 6.10351562e-05
0.155541174 0.199833557 -0.247254903 0 0 0 6.10351562e-05
0.365091937 -0.881041653 0.296430048 0 0 0 6.10351562e-05
-0.300351493 -0.0388817678 -0.292653519 0 0 0 6.10351562e-05
-0.338456483 0.620443416 -0.0276429117 0 0 0 6.10351562e-05
0.194884283 -0.250616648 -0.0192263663 0 0 0 6.10351562e-05
-0.600753336 -0.347329637 -0.475039446 0 0 0 6.10351562e-05
-0.406254607 -0.451965468 0.689202223 0 0 0 6.10351562e-05
-0.243460123 -0.434482999 0.721935335 0 0 0 6.10351562e-05
0.742532607 0.232151063 -0.455007778 0 0 0 6.10351562e-05
0.530108737 0.27713228 0.525651925 0 0 0 6.10351562e-05
-0.674595508 0.491866213 0.303127692 0 0 0 6.10351562e-05
0.213896331 -0.171387261 0.563243543 0 0 0 6.10351562e-05
-0.348531702 -0.497350468 -0.332476759 0 0 0 6.10351562e-05
-0.540486896 0.366605327 0.501186961 0 0 0 6.10351562e-05
0.578389838 0.0607998907 -0.32823965 0 0 0 6.10351562e-05
-0.171493487 -0.294997912 0.915311971 0 0 0 6.10351562e-05
-0.375313712 -0.372841396 -0.607476925 0 0 0 6.10351562e-05
-0.415532674 0.175835272 -0.813925391 0 0 0 6.10351562e-05
0.133149701 0.708336143 -0.618774194 0 0 0 6.10351562e-05
0.565018416 -0.30484859 0.680875126 0 0 0 6.10351562e-05
0.438228499 -0.221760632 0.132571336 0 0 0 6.10351562e-05
-0.310177699 0.277922219 0.0480644018 0 0 0 6.10351562e-05
-0.0584936586 0.862292037 0.192038709 0 0 0 6.10351562e-05
0.400139157 0.456729327 -0.407702347 0 0 0 6.10351562e-05
-0.570199771 0.175499757 -0.34411137 0 0 0 6.10351562e-05
-0.408040691 -0.248170694 -0.678300193 0 0 0 6.10351562e-05
0.29364189 0.154653641 -0.255771751 0 0 0 6.10351562e-05
0.218322403 0.468410186 -0.050907776 0 0 0 6.10351562e-05
-0.415804859 0.45283773 0.154813856 0 0 0 6.10351562e-05
-0.660472342 -0.00101479682 0.0840481685 0 0 0 6.10351562e-05
0.67719259 0.0228014603 0.539939975 0 0 0 6.10351562e-05
-0.207618462 0.936655165 -0.139489279 0 0 0 6.10351562e-05
-0.20283991 -0.558183713 -0.514929854 0 0 0 6.10351562e-05
0.145031025 -0.0325523991 0.559031972 0 0 0 6.10351562e-05
-0.266390521 -0.165432737 -0.183331443 0 0 0 6.10351562e-05
-0.607572828 -0.149968321 0.0611313866 0 0 0 6.10351562e-05
0.492504813 0.295598728 -0.345637271 0 0 0 6.10351562e-05
0.0773368874 0.846696149 0.29500408 0 0 0 6.10351562e-05
0.222918643 0.127076521 -0.848239964 0 0 0 6.10351562e-05
0.491297635 -0.484147021 0.272859657 0 0 0 6.10351562e-05
-0.606394794 0.488938016 -0.527318142 0 0 0 6.10351562e-05
0.0742622353 -0.460492631 0.702893572 0 0 0 6.10351562e-05
0.975764745 0.0623202684 -0.119746448 0 0 0 6.10351562e-05
0.415310699 0.627632499 0.458829623 0 0 0 6.10351562e-05
0.513967908 -0.492339457 -0.603457488 0 0 0 6.10351562e-05
-0.286464523 -0.13779039 -0.426183989 0 0 0 6.10351562e-05
-0.472756741 0.491602978 -0.657652213 0 0 0 6.10351562e-05
0.420894592 0.476873574 -0.443476502 0 0 0 6.10351562e-05
0.570522323 -0.151840797 -0.707474468 0 0 0 6.10351562e-05
-0.309012328 0.37129394 -0.0354859941 0 0 0 6.10351562e-05
0.0697943342 0.513119059 0.0908388755 0 0 0 6.10351562e-05
0.874188032 0.0903262144 0.434114687 0 0 0 6.10351562e-05
0.589974854 -0.413514284 0.392965743 0 0 0 6.10351562e-05
-0.201585914 0.509259218 0.24408126 0 0 0 6.10351562e-05
0.151243529 -0.800298318 -0.379293956 0 0 0 6.10351562e-05
0.216540165 0.440120826 0.656953267 0 0 0 6.10351562e-05
0.0429202987 -0.701989793 -0.0174357323 0 0 0 6.10351562e-05
0.83248169 0.148441786 0.216785882 0 0 0 6.10351562e-05
-0.130953114 -0.630556771 -0.234815356 0 0 0 6.10351562e-05
-0.465316122 0.770826771 0.352079933 0 0 0 6.10351562e-05
0.745586567 -0.0136367147 0.201604634 0 0 0 6.10351562e-05
-0.471432817 0.162632088 0.163118398 0 0 0 6.10351562e-05
-0.615906378 0.18476306 0.20058103 0 0 0 6.10351562e-05
0.588125621 0.468331039 -0.0799858778 0 0 0 6.10351562e-05
-0.0147382079 -0.703369936 0.0600365472 0 0 0 6.10351562e-05
-0.731021501 -0.320204374 -0.40296011 0 0 0 6.10351562e-05
-0.265117755 0.147959101 -0.400266281 0 0 0 6.10351562e-05
-0.635893952 0.251646066 0.189728603 0 0 0 6.10351562e-05
0.133296677 -0.251743117 0.511563517 0 0 0 6.10351562e-05
0.630775251 0.157247634 0.222944304 0 0 0 6.10351562e-05
-0.232856653 -0.723829629 0.576926405 0 0 0 6.10351562e-05
0.328468641 -0.89075693 0.15346444 0 0 0 6.10351562e-05
-0.186124325 -0.260397603 -0.583230503 0 0 0 6.10351562e-05
0.631025321 0.218200929 -0.641165592 0 0 0 6.10351562e-05
-0.277783941 0.221779016 -0.265612856 0 0 0 6.10351562e-05
-0.0568479265 0.767201378 -0.00327240706 0 0 0 6.10351562e-05
-0.259859857 -0.618516614 -0.396707717 0 0 0 6.10351562e-05
-0.691688662 -0.337356004 0.0987297271 0 0 0 6.10351562e-05
-0.584274666 -0.113861857 -0.51201514 0 0 0 6.10351562e-05
0.262931541 -0.201888932 -0.272279524 0 0 0 6.10351562e-05
-0.0373565911 0.299318685 -0.540145792 0 0 0 6.10351562e-05
0.273525604 -0.00589807098 0.388111999 0 0 0 6.10351562e-05
-0.679660395 0.405998571 0.0790716578 0 0 0 6.10351562e-05
0.549556918 -0.0741289014 -0.612306107 0 0 0 6.10351562e-05
0.554939431 -0.792424235 -0.198819984 0 0 0 6.10351562e-05
0.333060614 0.28413136 0.221998797 0 0 0 6.10351562e-05
0.665940254 -0.501659615 -0.0875944748 0 0 0 6.10351562e-05
0.283675872 -0.569339556 -0.437261099 0 0 0 6.10351562e-05
0.0984923101 -0.290078521 -0.745907886 0 0 0 6.10351562e-05
0.077039074 0.362565584 0.678867813 0 0 0 6.10351562e-05
0.27665669 0.890439669 -0.238973375 0 0 0 6.10351562e-05
-0.820406254 0.34954247 0.4275964 0 0 0 6.10351562e-05
0.0242864413 -0.159600691 -0.957942967 0 0 0 6.10351562e-05
0.161141075 0.327924874 -0.459988108 0 0 0 6.10351562e-05
0.662730618 0.0494490636 0.668969246 0 0 0 6.10351562e-05
0.456304973 0.337286188 -0.571630052 0 0 0 6.10351562e-05
-0.166318664 -0.585168287 0.593850811 0 0 0 6.10351562e-05
-0.349729972 -0.0792320995 0.233773329 0 0 0 6.10351562e-05
0.467337875 -0.528873952 0.133765411 0 0 0 6.10351562e-05
0.475540795 0.580243518 -0.0787014804 0 0 0 6.10351562e-05
-0.564682363 0.542177 -0.490848861 0 0 0 6.10351562e-05
0.586052305 -0.101988882 0.214520835 0 0 0 6.10351562e-05
-0.684503152 -0.423037825 -0.511651787 0 0 0 6.10351562e-05
-0.364101286 0.249489638 0.613435543 0 0 0 6.10351562e-05
0.151926889 -0.254564247 -0.0944872935 0 0 0 6.10351562e-05
-0.782031279 0.0133606729 -0.588831832 0 0 0 6.10351562e-05
0.307067901 -0.247974977 0.048985963 0 0 0 6.10351562e-05
-0.218801287 -0.530388654 -0.208529158 0 0 0 6.10351562e-05
-0.865153812 -0.0268238186 0.0269772658 0 0 0 6.10351562e-05
-0.484306794 0.0763196364 0.145676549 0 0 0 6.10351562e-05
0.0665976728 -0.510698029 0.495767318 0 0 0 6.10351562e-05
-0.39005737 0.702086679 0.347643025 0 0 0 6.10351562e-05
0.0905768799 -0.813842034 -0.309981055 0 0 0 6.10351562e-05
-0.636925495 0.618096022 -0.365815398 0 0 0 6.10351562e-05
-0.17139744 0.800547123 0.0660629528 0 0 0 6.10351562e-05
0.324145375 0.0236055768 0.637843178 0 0 0 6.10351562e-05
0.593348102 0.204493559 0.41563847 0 0 0 6.10351562e-05
-0.576083794 0.120136633 -0.57174417 0 0 0 6.10351562e-05
0.00378039727 -0.615938153 -0.0569925536 0 0 0 6.10351562e-05
-0.153245503 0.479197798 0.666020467 0 0 0 6.10351562e-05
-0.237451486 -0.510447705 -0.622347135 0 0 0 6.10351562e-05
-0.129533316 0.225011845 0.532337325 0 0 0 6.10351562e-05
0.369763111 0.765992024 0.360547086 0 0 0 6.10351562e-05
0.00955705014 -0.574704255 -0.43507198 0 0 0 6.10351562e-05
0.251806411 0.281781522 0.168150867 0 0 0 6.10351562e-05
-0.194498494 -0.388530134 -0.424215248 0 0 0 6.10351562e-05
-0.168783665 0.128313547 -0.0128071875 0 0 0 6.10351562e-05
-0.00372777407 -0.0131201938 0.0943874595 0 0 0 6.10351562e-05
0.275406978 0.0475467594 -0.292630206 0 0 0 6.10351562e-05
0.269048481 -0.845296977 -0.338997177 0 0 0 6.10351562e-05
-0.143079019 0.55911603 0.380955032 0 0 0 6.10351562e-05
0.0106180321 -0.775484413 -0.613719664 0 0 0 6.10351562e-05
0.377665596 0.546425481 -0.740818046 0 0 0 6.10351562e-05
0.534287389 0.152873038 0.677262494 0 0 0 6.10351562e-05
0.641996904 0.276811193 0.234368449 0 0 0 6.10351562e-05
-0.547738311 -0.522600982 0.253001595 0 0 0 6.10351562e-05
0.103005856 -0.203047839 0.219116993 0 0 0 6.10351562e-05
-0.357799879 -0.397877664 0.756376205 0 0 0 6.10351562e-05
0.257374031 0.330979664 0.0581220941 0 0 0 6.10351562e-05
-0.396357103 -0.254698271 0.0862968586 0 0 0 6.10351562e-05
-0.233852474 0.590784306 0.226228801 0 0 0 6.10351562e-05
0.243823981 0.180938275 -0.902005102 0 0 0 6.10351562e-05
0.00368546031 -0.293233075 0.385932408 0 0 0 6.10351562e-05
0.902642913 0.291295254 -0.145438859 0 0 0 6.10351562e-05
0.302916902 0.777690022 -0.156068022 0 0 0 6.10351562e-05
0.246436235 -0.457804241 -0.78419491 0 0 0 6.10351562e-05
0.348080584 -0.375827072 -0.153279747 0 0 0 6.10351562e-05
-0.448544339 -0.486479648 0.428464212 0 0 0 6.10351562e-05
-0.258965455 0.00513415858 0.249739494 0 0 0 6.10351562e-05
0.417414578 0.516313822 0.696479684 0 0 0 6.10351562e-05
-0.439906058 -0.332011446 -0.125846597 0 0 0 6.10351562e-05
0.94667269 0.116243616 0.156538122 0 0 0 6.10351562e-05
-0.274825391 -0.627785156 0.617182025 0 0 0 6.10351562e-05
-0.312161223 -0.0641045936 -0.93621542 0 0 0 6.10351562e-05
-0.38713767 -0.0811632324 0.185563639 0 0 0 6.10351562e-05
-0.395176959 0.390305092 -0.59815613 0 0 0 6.10351562e-05
-0.254152513 -0.548005237 0.594063988 0 0 0 6.10351562e-05
-0.282945374 -0.476660433 0.685846136 0 0 0 6.10351562e-05
-0.194665624 0.66183957 -0.429277437 0 0 0 6.10351562e-05
0.451719601 -0.547960391 -0.446897423 0 0 0 6.10351562e-05
-0.175658786 0.848676651 0.365194884 0 0 0 6.10351562e-05
-0.125966124 0.506281608 0.113010636 0 0 0 6.10351562e-05
-0.133658772 0.884834183 0.103285256 0 0 0 6.10351562e-05
0.0565813963 0.416763876 0.0876939508 0 0 0 6.10351562e-05
0.0540961958 -0.246528633 -0.123056512 0 0 0 6.10351562e-05
0.0178178622 0.390537173 -0.629958616 0 0 0 6.10351562e-05
0.200036204 -0.56596745 -0.697104782 0 0 0 6.10351562e-05
-0.254243675 -0.542471052 -0.467890089 0 0 0 6.10351562e-05
-0.459812934 0.341718786 0.442437547 0 0 0 6.10351562e-05
-0.787494834 -0.219724214 -0.377709128 0 0 0 6.10351562e-05
-0.225288436 0.27463411 0.510841947 0 0 0 6.10351562e-05
-0.87453651 -0.18747073 0.165338566 0 0 0 6.10351562e-05
-0.820324004 0.323236972 -0.311912554 0 0 0 6.10351562e-05
0.434050811 -0.547844766 0.419895427 0 0 0 6.10351562e-05
-0.950347431 0.183582855 0.044824796 0 0 0 6.10351562e-05
-0.0141118848 0.406895301 -0.326122162 0 0 0 6.10351562e-05
-0.702802179 -0.570434636 -0.214189673 0 0 0 6.10351562e-05
-0.028356688 -0.640061866 0.255578404 0 0 0 6.10351562e-05
0.106388962 -0.860646791 0.430970898 0 0 0 6.10351562e-05
0.453259171 0.165833382 -0.811813826 0 0 0 6.10351562e-05
0.099390941 0.710593506 -0.0685193375 0 0 0 6.10351562e-05
0.138640801 0.651931648 -0.432728747 0 0 0 6.10351562e-05
-0.619933018 0.21909772 -0.29987553 0 0 0 6.10351562e-05
0.629607509 -0.15571495 0.338310375 0 0 0 6.10351562e-05
0.508830397 -0.386486723 -0.594446208 0 0 0 6.10351562e-05
-0.407323324 0.277877664 0.320928911 0 0 0 6.10351562e-05
0.188631769 0.0668110556 -0.684071159 0 0 0 6.10351562e-05
0.162528404 -0.00535904658 -0.0621479565 0 0 0 6.10351562e-05
-0.0482741723 0.203761593 -0.542045519 0 0 0 6.10351562e-05
0.0580830048 0.669164582 -0.476599504 0 0 0 6.10351562e-05
-0.0258078255 -0.740647606 0.358695447 0 0 0 6.10351562e-05
0.41771013 -0.471269199 -0.223271756 0 0 0 6.10351562e-05
-0.180921281 0.613069028 -0.558411013 0 0 0 6.10351562e-05
0.37564171 0.765642879 0.270940275 0 0 0 6.10351562e-05
-0.772002097 0.370332373 0.476958487 0 0 0 6.10351562e-05
0.858470076 -0.181438677 -0.0772269522 0 0 0 6.10351562e-05
-0.308756918 0.850847363 0.30304153 0 0 0 6.10351562e-05
-0.489619775 -0.449719321 0.222541744 0 0 0 6.10351562e-05
0.089082333 0.41979211 -0.887727543 0 0 0 6.10351562e-05
0.172839454 0.600070144 0.515943462 0 0 0 6.10351562e-05
0.147956125 -0.400083942 -0.572958377 0 0 0 6.10351562e-05
-0.903805229 0.0223554836 0.344982818 0 0 0 6.10351562e-05
0.609107364 0.00921353938 -0.39359403 0 0 0 6.10351562e-05
0.0206751247 -0.26895563 -0.150828651 0 0 0 6.10351562e-05
-0.436009906 0.860323381 -0.225858826 0 0 0 6.10351562e-05
-0.134898927 0.629738163 0.263190601 0 0 0 6.10351562e-05
0.709407603 0.200949556 -0.632197345 0 0 0 6.10351562e-05
0.163306724 0.0917101083 -0.900977977 0 0 0 6.10351562e-05
0.192769718 0.352224874 -0.154854381 0 0 0 6.10351562e-05
0.661972471 -0.154758315 0.719730553 0 0 0 6.10351562e-05
0.697355183 0.189996317 0.589106706 0 0 0 6.10351562e-05
0.559491446 0.521692477 -0.597293056 0 0 0 6.10351562e-05
0.529825658 0.655621701 -0.398049837 0 0 0 6.10351562e-05
-0.285156694 0.940113288 -0.0699610108 0 0 0 6.10351562e-05
-0.611754923 0.241139635 0.139602982 0 0 0 6.10351562e-05
0.708295682 0.202851914 0.135420579 0 0 0 6.10351562e-05
-0.0810544637 -0.0714017466 -0.150641777 0 0 0 6.10351562e-05
0.700673096 -0.598367296 -0.173389337 0 0 0 6.10351562e-05
-0.0471021945 0.576501128 0.165936501 0 0 0 6.10351562e-05
-0.351628646 0.597913993 -0.277875446 0 0 0 6.10351562e-05
-0.474746034 -0.553144303 -0.21269184 0 0 0 6.10351562e-05
-0.145575225 0.0249580509 -0.586368888 0 0 0 6.10351562e-05
-0.185519863 0.0440181735 0.755471067 0 0 0 6.10351562e-05
-0.380226871 -0.44985082 0.1924474 0 0 0 6.10351562e-05
-0.417413603 0.183222581 0.227524504 0 0 0 6.10351562e-05
-0.747270096 0.133844475 -0.567690106 0 0 0 6.10351562e-05
0.121737616 -0.495861473 0.703030877 0 0 0 6.10351562e-05
0.82545229 -0.282404842 -0.235264814 0 0 0 6.10351562e-05
0.425580909 0.442756638 0.085707074 0 0 0 6.10351562e-05
-0.178193454 0.353952798 0.268961676 0 0 0 6.10351562e-05
0.17207769 0.870475412 -0.0633567761 0 0 0 6.10351562e-05
0.617935179 0.467515813 0.123653887 0 0 0 6.10351562e-05
-0.730868591 -0.157403074 -0.0627343118 0 0 0 6.10351562e-05
-0.115617209 0.592564122 -0.194861145 0 0 0 6.10351562e-05
-0.396064138 -0.274974963 0.0741340295 0 0 0 6.10351562e-05
-0.483919383 0.116208284 -0.510957323 0 0 0 6.10351562e-05
0.661303476 0.22554851 0.542994022 0 0 0 6.10351562e-05
-0.0791216197 -0.270831952 -0.675270231 0 0 0 6.10351562e-05
0.44975615 -0.508977989 -0.43355115 0 0 0 6.10351562e-05
0.364370587 0.0460749528 0.457447324 0 0 0 6.10351562e-05
0.329987302 -0.689136847 0.101958875 0 0 0 6.10351562e-05
-0.527087638 0.00308451663 -0.644891541 0 0 0 6.10351562e-05
-0.449619413 -0.185129772 -0.389468496 0 0 0 6.10351562e-05
-0.541592511 -0.171266761 -0.536450987 0 0 0 6.10351562e-05
-0.299484593 -0.675478595 -0.246285219 0 0 0 6.10351562e-05
-0.725772852 -0.400865003 0.409906158 0 0 0 6.10351562e-05
0.141815486 -0.283832052 -0.0577036172 0 0 0 6.10351562e-05
-0.567430169 -0.161545876 -0.563688367 0 0 0 6.10351562e-05
0.171650016 0.794371913 0.344189639 0 0 0 6.10351562e-05
-0.589014271 0.43545998 0.233721299 0 0 0 6.10351562e-05
0.649042575 0.42554704 -0.585454675 0 0 0 6.10351562e-05
-0.515585864 -0.713532929 -0.24582001 0 0 0 6.10351562e-05
0.188651182 0.152970733 0.682830177 0 0 0 6.10351562e-05
-0.0664609621 0.246541998 0.60223365 0 0 0 6.10351562e-05
0.575772106 -0.100507195 0.381469247 0 0 0 6.10351562e-05
0.223186229 0.448487256 -0.523069652 0 0 0 6.10351562e-05
-0.328132244 -0.110388628 -0.80522481 0 0 0 6.10351562e-05
0.136629212 -0.243676715 0.108685441 0 0 0 6.10351562e-05
0.531768779 -0.303164735 -0.33989538 0 0 0 6.10351562e-05
0.449263558 -0.586544767 -0.328844528 0 0 0 6.10351562e-05
-0.138535772 -0.166793482 0.0321084659 0 0 0 6.10351562e-05
0.744901013 0.210600269 -0.136843082 0 0 0 6.10351562e-05
-0.408370523 0.0216698888 0.0319979893 0 0 0 6.10351562e-05
0.542477911 -0.0328480748 -0.424263304 0 0 0 6.10351562e-05
-0.734619866 -0.245717347 0.0827670143 0 0 0 6.10351562e-05
0.569709541 0.0548527747 -0.527067984 0 0 0 6.10351562e-05
-0.00572582869 -0.345717963 0.329398804 0 0 0 6.10351562e-05
-0.0824496493 -0.18830702 -0.425420027 0 0 0 6.10351562e-05
0.374602672 0.495593802 -0.281668961 0 0 0 6.10351562e-05
0.0460474937 0.330813878 -0.72052125 0 0 0 6.10351562e-05
0.474562675 0.641097242 -0.450435462 0 0 0 6.10351562e-05
0.295900731 -0.588765608 -0.555497554 0 0 0 6.10351562e-05
0.135488658 0.577367032 0.530313629 0 0 0 6.10351562e-05
0.432959316 -0.383978148 -0.759698241 0 0 0 6.10351562e-05
0.383670317 0.561755685 -0.171182285 0 0 0 6.10351562e-05
-0.213593081 0.19907428 0.126167748 0 0 0 6.10351562e-05
0.122239375 0.82338412 -0.395197353 0 0 0 6.10351562e-05
-0.844290554 -0.426579161 0.21559901 0 0 0 6.10351562e-05
-0.499242297 -0.308366009 -0.374778383 0 0 0 6.10351562e-05
-0.132151577 0.491258155 -0.589962677 0 0 0 6.10351562e-05
0.022192402 0.899308365 -0.181070988 0 0 0 6.10351562e-05
-0.644113197 -0.43196013 0.308865552 0 0 0 6.10351562e-05
-0.283537375 0.812676148 0.279980281 0 0 0 6.10351562e-05
-0.159091242 0.275908232 0.178033801 0 0 0 6.10351562e-05
-0.0788292148 -0.957446292 -0.17107114 0 0 0 6.10351562e-05
-0.254509747 -0.622804429 0.728216252 0 0 0 6.10351562e-05
0.10693877 0.131744201 0.480951157 0 0 0 6.10351562e-05
0.478225973 0.440855979 0.256290021 0 0 0 6.10351562e-05
0.142383971 0.619942228 -0.757568569 0 0 0 6.10351562e-05
-0.483926188 -0.656129525 -0.341789623 0 0 0 6.10351562e-05
-0.282540324 0.90021484 0.300169186 0 0 0 6.10351562e-05
-0.557657689 -0.294596133 -0.708055651 0 0 0 6.10351562e-05
0.140031343 0.165933078 0.524390021 0 0 0 6.10351562e-05
0.56123303 -0.0526174164 -0.226863701 0 0 0 6.10351562e-05
-0.310663553 0.120220893 0.774180715 0 0 0 6.10351562e-05
0.160536297 0.359141466 -0.901422598 0 0 0 6.10351562e-05
-0.245623608 -0.0828701565 -0.958940896 0 0 0 6.10351562e-05
-0.464714212 0.213789508 -0.12416644 0 0 0 6.10351562e-05
0.395421771 0.22509033 0.56226725 0 0 0 6.10351562e-05
-0.484527994 -0.681747266 0.139144149 0 0 0 6.10351562e-05
0.206215146 -0.508559876 0.525456905 0 0 0 6.10351562e-05
-0.801612233 -0.392719967 0.0724875141 0 0 0 6.10351562e-05
-0.480133781 0.258826317 -0.204582743 0 0 0 6.10351562e-05
0.558543646 0.552017384 0.101510137 0 0 0 6.10351562e-05
0.0628430241 -0.552061194 0.389407998 0 0 0 6.10351562e-05
0.512163319 0.428955921 -0.289287221 0 0 0 6.10351562e-05
-0.33149946 0.440836431 0.112619117 0 0 0 6.10351562e-05
0.0428989703 -0.373354739 0.596118333 0 0 0 6.10351562e-05
0.430110061 0.647598225 -0.153184049 0 0 0 6.10351562e-05
-0.0931276483 -0.0472227107 -0.236250211 0 0 0 6.10351562e-05
0.188742986 0.806374132 0.249366381 0 0 0 6.10351562e-05
0.19178604 -0.741484348 0.318723033 0 0 0 6.10351562e-05
0.52839806 0.490048497 0.259374631 0 0 0 6.10351562e-05
-0.145155925 -0.0874298866 0.434276152 0 0 0 6.10351562e-05
0.931331389 0.307856825 0.0337215718 0 0 0 6.10351562e-05
0.0250873129 0.4920597 -0.346923879 0 0 0 6.10351562e-05
-0.324603276 -0.647142216 0.121293587 0 0 0 6.10351562e-05
-0.396307222 -0.238839172 -0.82973247 0 0 0 6.10351562e-05
-0.335340846 0.0701220361 -0.264139274 0 0 0 6.10351562e-05
-0.382199575 -0.442176524 0.104232644 0 0 0 6.10351562e-05
0.404271065 0.228366185 0.166985465 0 0 0 6.10351562e-05
0.666797572 -0.407609189 -0.324556367 0 0 0 6.10351562e-05
0.440726362 0.420477564 -0.00720439672 0 0 0 6.10351562e-05
-0.657028718 -0.457399695 -0.202770957 0 0 0 6.10351562e-05
-0.802242331 -0.1405639 0.279864025 0 0 0 6.10351562e-05
0.700939963 0.657042997 -0.209773961 0 0 0 6.10351562e-05
-0.51777539 0.241795675 0.242201581 0 0 0 6.10351562e-05
0.92596147 0.187094159 0.0717800072 0 0 0 6.10351562e-05
0.0424689213 -0.14095484 -0.429917905 0 0 0 6.10351562e-05
0.460873133 0.0897748821 -0.741296292 0 0 0 6.10351562e-05
-0.712620926 0.612875456 -0.0438378822 0 0 0 6.10351562e-05
-0.436345104 0.620460871 0.239086295 0 0 0 6.10351562e-05
-0.526526847 0.431046804 0.563989694 0 0 0 6.10351562e-05
0.196649768 -0.11667538 0.238037415 0 0 0 6.10351562e-05
0.730466813 -0.333156777 -0.577720445 0 0 0 6.10351562e-05
0.332446305 0.0553690947 -0.0334855737 0 0 0 6.10351562e-05
-0.312620779 0.471760183 -0.592471634 0 0 0 6.10351562e-05
0.12893132 -0.434506093 -0.881796708 0 0 0 6.10351562e-05
-0.511697591 0.31979463 0.20789426 0 0 0 6.10351562e-05
0.706342358 0.641604153 -0.2868108 0 0 0 6.10351562e-05
0.28935438 0.685949389 0.519026379 0 0 0 6.10351562e-05
0.813728073 -0.0680500439 -0.35878069 0 0 0 6.10351562e-05
-0.511700246 0.509249182 -0.131477764 0 0 0 6.10351562e-05
0.266097154 0.0751513643 0.370174944 0 0 0 6.10351562e-05
-0.138595931 0.340066953 0.693255455 0 0 0 6.10351562e-05
0.462343262 0.208177456 -0.252555319 0 0 0 6.10351562e-05
0.850503972 -0.291042171 0.0359510104 0 0 0 6.10351562e-05
0.326171593 0.366964883 0.773503909 0 0 0 6.10351562e-05
-0.254087059 0.399839734 0.777214867 0 0 0 6.10351562e-05
-0.413692926 -0.0195323818 0.447908701 0 0 0 6.10351562e-05
-0.583176384 -0.386139695 0.443765994 0 0 0 6.10351562e-05
0.737014511 0.515551833 0.353898774 0 0 0 6.10351562e-05
0.158057245 0.213044214 -0.756902405 0 0 0 6.10351562e-05
0.123136329 0.0459862084 0.241420929 0 0 0 6.10351562e-05
0.141051767 0.656919397 -0.197782036 0 0 0 6.10351562e-05
0.714865373 -0.560731041 0.083241704 0 0 0 6.10351562e-05
-0.159702788 -0.317949689 -0.0122965807 0 0 0 6.10351562e-05
-0.397751095 -0.30956732 0.218029216 0 0 0 6.10351562e-05
0.71045082 -0.273530895 0.315325269 0 0 0 6.10351562e-05
-0.150851312 -0.133565621 0.415733389 0 0 0 6.10351562e-05
-0.47999124 -0.775315794 0.272166303 0 0 0 6.10351562e-05
-0.127089017 0.197428319 0.304136958 0 0 0 6.10351562e-05
0.705496322 -0.331566596 0.368575599 0 0 0 6.10351562e-05
0.551152726 0.0291670502 -0.0120750217 0 0 0 6.10351562e-05
0.727815743 -0.553557617 -0.0164163674 0 0 0 6.10351562e-05
-0.0358503152 0.393196014 -0.102312767 0 0 0 6.10351562e-05
-0.50439246 0.108556863 -0.438735284 0 0 0 6.10351562e-05
-0.626003118 -0.745385535 -0.0490781581 0 0 0 6.10351562e-05
-0.0457221578 0.000491147068 0.786381269 0 0 0 6.10351562e-05
0.226592591 -0.531696503 -0.489489625 0 0 0 6.10351562e-05
-0.728221948 0.021750869 -0.200263951 0 0 0 6.10351562e-05
0.550715023 -0.101488354 -0.532237931 0 0 0 6.10351562e-05
-0.347828702 0.633804432 0.283425759 0 0 0 6.10351562e-05
0.667129 0.0561373005 -0.0355744433 0 0 0 6.10351562e-05
-0.244415262 0.613327989 0.43546903 0 0 0 6.10351562e-05
0.470049354 0.479431753 -0.520021467 0 0 0 6.10351562e-05
0.175305841 0.431959031 0.736840675 0 0 0 6.10351562e-05
0.144174311 0.203927883 -0.501134368 0 0 0 6.10351562e-05
0.687428029 0.396681907 -0.190298822 0 0 0 6.10351562e-05
0.230965155 0.142982701 0.675478029 0 0 0 6.10351562e-05
0.129731018 -0.799035992 -0.202834036 0 0 0 6.10351562e-05
-0.0785942234 0.742632657 0.23352362 0 0 0 6.10351562e-05
0.434566234 0.205752821 -0.624901738 0 0 0 6.10351562e-05
-0.446584715 -0.126491854 0.547978774 0 0 0 6.10351562e-05
-0.0814442894 0.253207812 0.869165882 0 0 0 6.10351562e-05
-0.901809067 -0.109145908 0.309235874 0 0 0 6.10351562e-05
-0.328111302 -0.432379577 0.483382051 0 0 0 6.10351562e-05
0.27298859 0.31167695 0.877830411 0 0 0 6.10351562e-05
-0.0676508456 -0.463324989 0.763734924 0 0 0 6.10351562e-05
-0.780689046 0.464413205 0.0697422927 0 0 0 6.10351562e-05
-0.202648394 -0.22050298 -0.664900897 0 0 0 6.10351562e-05
0.616062123 0.192172151 -0.277834015 0 0 0 6.10351562e-05
-0.394789952 -0.136358955 -0.853719489 0 0 0 6.10351562e-05
-0.320288891 0.307686948 -0.613934828 0 0 0 6.10351562e-05
0.0974449957 -0.256076301 0.707600703 0 0 0 6.10351562e-05
-0.112109223 0.75477425 -0.552754682 0 0 0 6.10351562e-05
0.105705784 0.82554618 0.503308296 0 0 0 6.10351562e-05
0.617541977 -0.228135771 -0.307111502 0 0 0 6.10351562e-05
-0.151871397 -0.816850581 0.330754673 0 0 0 6.10351562e-05
-0.871970939 0.451267993 -0.113742214 0 0 0 6.10351562e-05
0.0973994054 -0.613461526 -0.591690848 0 0 0 6.10351562e-05
-0.785057657 -0.160221744 0.358379814 0 0 0 6.10351562e-05
0.0456415293 -0.0692973741 -0.469799807 0 0 0 6.10351562e-05
-0.32620533 0.328091187 -0.865463709 0 0 0 6.10351562e-05
-0.416197955 -0.216995508 0.664800902 0 0 0 6.10351562e-05
-0.574321178 -0.101556548 0.430158163 0 0 0 6.10351562e-05
-0.350688475 -0.262318543 -0.436452914 0 0 0 6.10351562e-05
0.304978853 -0.384401286 -0.56688218 0 0 0 6.10351562e-05
0.557432537 0.19013304 0.699826368 0 0 0 6.10351562e-05
-0.399988374 0.805030433 0.161981366 0 0 0 6.10351562e-05
0.0107883656 0.242155116 0.14436784 0 0 0 6.10351562e-05
-0.0287029384 0.509001666 0.580141213 0 0 0 6.10351562e-05
-0.204368866 -0.556653117 -0.308368513 0 0 0 6.10351562e-05
0.43226952 0.355061817 0.0034242657 0 0 0 6.10351562e-05
-0.89870349 0.185499559 -0.208204241 0 0 0 6.10351562e-05
-0.256229967 0.0778909033 0.101709314 0 0 0 6.10351562e-05
0.207907714 0.255336035 0.934079351 0 0 0 6.10351562e-05
-0.0882282095 -0.0359123432 -0.258079357 0 0 0 6.10351562e-05
0.776062295 0.356917886 -0.144603159 0 0 0 6.10351562e-05
-0.0713072639 -0.209567329 0.437536017 0 0 0 6.10351562e-05
-0.682329461 0.12308984 0.137873487 0 0 0 6.10351562e-05
0.789575424 0.446313146 -0.281206275 0 0 0 6.10351562e-05
0.714982333 -0.0460810009 0.548367059 0 0 0 6.10351562e-05
0.568489859 -0.564246197 -0.112834644 0 0 0 6.10351562e-05
-0.299380859 0.0128161191 -0.160329097 0 0 0 6.10351562e-05
0.801160551 -0.0897801762 -0.29826646 0 0 0 6.10351562e-05
-0.293523787 -0.683223592 -0.452322099 0 0 0 6.10351562e-05
0.0171806281 -0.471176947 0.487839526 0 0 0 6.10351562e-05
-0.957718131 -0.170471885 0.141149442 0 0 0 6.10351562e-05
0.504179725 0.138950768 -0.46339385 0 0 0 6.10351562e-05
0.650838652 0.228844948 -0.185991532 0 0 0 6.10351562e-05
0.674119101 0.0697850434 0.102909599 0 0 0 6.10351562e-05
0.644640954 0.614377715 -0.384541202 0 0 0 6.10351562e-05
-0.0514329652 -0.442639016 -0.287691852 0 0 0 6.10351562e-05
0.156188368 -0.475536476 0.185550724 0 0 0 6.10351562e-05
-0.0127987251 0.2057622 0.536384534 0 0 0 6.10351562e-05
0.618292987 0.303645805 -0.250699833 0 0 0 6.10351562e-05
-0.304560318 0.473514882 -0.424722611 0 0 0 6.10351562e-05
0.598979325 0.166438138 0.364369319 0 0 0 6.10351562e-05
-0.746637258 -0.325321803 -0.31263355 0 0 0 6.10351562e-05
0.0245821965 -0.434476787 -0.866122942 0 0 0 6.10351562e-05
0.885744351 0.413064422 0.134138244 0 0 0 6.10351562e-05
0.113736707 0.278680037 0.784690971 0 0 0 6.10351562e-05
0.262230629 0.710505631 -0.568978453 0 0 0 6.10351562e-05
0.894149991 -0.294728872 0.0858314785 0 0 0 6.10351562e-05
-0.33908223 0.442922691 -0.444765466 0 0 0 6.10351562e-05
-0.0638023692 -0.768807096 -0.0579130122 0 0 0 6.10351562e-05
0.843650556 0.30032932 -0.384609897 0 0 0 6.10351562e-05
0.284194155 -0.516178424 -0.251854699 0 0 0 6.10351562e-05
0.464667409 0.454878816 0.372346862 0 0 0 6.10351562e-05
-0.104207272 0.344311792 -0.170401402 0 0 0 6.10351562e-05
0.505296896 -0.0625007286 0.578669081 0 0 0 6.10351562e-05
0.150277717 0.15585881 0.344725484 0 0 0 6.10351562e-05
-0.460567136 -0.471453124 -0.631784389 0 0 0 6.10351562e-05
-0.597967766 0.138105665 -0.268713208 0 0 0 6.10351562e-05
-0.41524024 0.13221772 0.0864300885 0 0 0 6.10351562e-05
-0.176068868 -0.0874208492 -0.804339471 0 0 0 6.10351562e-05
-0.692060759 0.682115778 -0.2343085 0 0 0 6.10351562e-05
0.615296614 -0.012030445 0.55214212 0 0 0 6.10351562e-05
0.501559952 0.689704944 0.0295629991 0 0 0 6.10351562e-05
-0.452212558 0.011383299 0.0136730753 0 0 0 6.10351562e-05
0.564202933 0.510282624 -0.553887704 0 0 0 6.10351562e-05
-0.790425647 0.00431474504 -0.247454609 0 0 0 6.10351562e-05
-0.7968608 0.319021007 0.0666380268 0 0 0 6.10351562e-05
0.793917489 0.320187397 0.202867285 0 0 0 6.10351562e-05
-0.0799693942 -0.507653545 0.61048535 0 0 0 6.10351562e-05
-0.221997639 -0.613411749 -0.212511699 0 0 0 6.10351562e-05
0.322217775 -0.716761465 -0.0865505515 0 0 0 6.10351562e-05
-0.160469917 -0.733616765 0.0750255154 0 0 0 6.10351562e-05
-0.766501125 -0.0260131104 -0.509381293 0 0 0 6.10351562e-05
-0.172266202 -0.463217114 -0.331154496 0 0 0 6.10351562e-05
0.613133108 0.12686425 0.132239034 0 0 0 6.10351562e-05
0.388101579 0.431618479 -0.465845857 0 0 0 6.10351562e-05
-0.344829946 -0.551846936 0.322302816 0 0 0 6.10351562e-05
-0.058289932 0.559376711 -0.808955837 0 0 0 6.10351562e-05
-0.108469333 -0.0109101792 -0.425155108 0 0 0 6.10351562e-05
0.106724584 0.348420984 -0.604772859 0 0 0 6.10351562e-05
-0.527995441 -0.0660038457 0.0938554657 0 0 0 6.10351562e-05
0.82783628 -0.251207729 -0.080192473 0 0 0 6.10351562e-05
0.183105218 0.486470257 0.31159823 0 0 0 6.10351562e-05
-0.390941962 -0.390538438 -0.686332799 0 0 0 6.10351562e-05
-0.339125341 -0.233671873 0.490370975 0 0 0 6.10351562e-05
0.263137394 -0.00503971949 -0.668817856 0 0 0 6.10351562e-05
0.124622045 -0.448792184 0.858137189 0 0 0 6.10351562e-05
-0.214149993 -0.731556649 0.100392536 0 0 0 6.10351562e-05
0.0919637757 0.212526457 0.849014859 0 0 0 6.10351562e-05
-0.526185994 0.725791463 0.366409807 0 0 0 6.10351562e-05
0.118864861 0.518874065 -0.187469785 0 0 0 6.10351562e-05
0.316496146 -0.469717259 -0.501023798 0 0 0 6.10351562e-05
-0.639208764 -0.259940069 0.702643289 0 0 0 6.10351562e-05
0.643249293 0.157170047 0.128073847 0 0 0 6.10351562e-05
0.951073716 -0.182297069 -0.217941095 0 0 0 6.10351562e-05
0.690606691 -0.144463093 0.390839725 0 0 0 6.10351562e-05
0.385862264 0.373220955 -0.166843265 0 0 0 6.10351562e-05
0.86799335 0.195915021 -0.448198516 0 0 0 6.10351562e-05
-0.261491614 -0.0952520639 0.574027986 0 0 0 6.10351562e-05
0.491431607 -0.421077715 0.203348786 0 0 0 6.10351562e-05
0.561163376 -0.611438144 0.479062487 0 0 0 6.10351562e-05
-0.588128018 -0.133186077 -0.431450331 0 0 0 6.10351562e-05
-0.342686314 0.28567998 0.755723037 0 0 0 6.10351562e-05
-0.232536515 -0.490238872 -0.0235436787 0 0 0 6.10351562e-05
0.110649969 -0.792237226 0.0509836616 0 0 0 6.10351562e-05
0.180774833 -0.340068022 -0.724159592 0 0 0 6.10351562e-05
0.578470449 0.168918307 -0.257142032 0 0 0 6.10351562e-05
0.694607809 -0.0818766148 -0.548898445 0 0 0 6.10351562e-05
0.983849345 -0.0933613962 -0.126706802 0 0 0 6.10351562e-05
-0.116387612 -0.518071927 -0.518405775 0 0 0 6.10351562e-05
-0.732071597 0.11105059 -0.147310965 0 0 0 6.10351562e-05
-0.711729072 -0.0878269366 -0.351278289 0 0 0 6.10351562e-05
0.199757643 -0.488541391 -0.475838614 0 0 0 6.10351562e-05
-0.801295045 -0.0784911674 0.150070209 0 0 0 6.10351562e-05
0.774863541 0.00264305525 0.273434952 0 0 0 6.10351562e-05
0.00736266406 0.730781079 -0.381007441 0 0 0 6.10351562e-05
-0.435983028 -0.631957021 0.63933808 0 0 0 6.10351562e-05
0.636023591 -0.236574199 0.372525225 0 0 0 6.10351562e-05
-0.403725304 0.0410139745 0.460675151 0 0 0 6.10351562e-05
0.175444531 -0.0782526187 -0.116594785 0 0 0 6.10351562e-05
-0.0750708166 -0.287660452 0.462238452 0 0 0 6.10351562e-05
-0.10256805 0.566596792 0.530226458 0 0 0 6.10351562e-05
-0.0422483087 0.41025137 0.900136326 0 0 0 6.10351562e-05
-0.361978151 0.473721321 0.752029598 0 0 0 6.10351562e-05
-0.485186564 0.494463529 0.414769737 0 0 0 6.10351562e-05
-0.653005621 0.0654191145 -0.215884111 0 0 0 6.10351562e-05
-0.0769619398 0.642139962 0.620282185 0 0 0 6.10351562e-05
-0.218976525 0.822712373 0.315591249 0 0 0 6.10351562e-05
-0.601225988 0.106154605 0.612658626 0 0 0 6.10351562e-05
-0.330764115 0.440361259 -0.480015489 0 0 0 6.10351562e-05
0.471831617 -0.365911033 0.401668128 0 0 0 6.10351562e-05
-0.843223025 -0.303227546 -0.432885302 0 0 0 6.10351562e-05
-0.258419223 0.388761657 -0.275069355 0 0 0 6.10351562e-05
0.260571717 -0.640861446 -0.482182861 0 0 0 6.10351562e-05
-0.44373025 0.648911063 -0.292740813 0 0 0 6.10351562e-05
0.048781464 -0.708909022 -0.0281792313 0 0 0 6.10351562e-05
0.0529718612 -0.569421084 -0.427171088 0 0 0 6.10351562e-05
-0.849637129 0.0752978013 0.096048815 0 0 0 6.10351562e-05
0.344719876 -0.227061687 0.906429295 0 0 0 6.10351562e-05
-0.177139269 0.468667456 -0.667171851 0 0 0 6.10351562e-05
0.701525435 0.357483964 -0.370079907 0 0 0 6.10351562e-05
0.290674803 -0.717160963 -0.627346972 0 0 0 6.10351562e-05
-0.0148654298 -0.186375921 0.845357011 0 0 0 6.10351562e-05
-0.585750863 -0.164366233 -0.333840346 0 0 0 6.10351562e-05
0.167850914 -0.63416575 0.238958416 0 0 0 6.10351562e-05
-0.478192994 0.390284648 0.301400179 0 0 0 6.10351562e-05
0.270482056 -0.0868591069 -0.302829675 0 0 0 6.10351562e-05
-0.216807911 0.698522829 -0.639430732 0 0 0 6.10351562e-05
-0.391870832 0.0984337208 0.0253993586 0 0 0 6.10351562e-05
0.563190936 -0.012813825 -0.20124141 0 0 0 6.10351562e-05
0.152291511 -0.444261751 -0.428745161 0 0 0 6.10351562e-05
0.145563535 0.172371832 0.620087947 0 0 0 6.10351562e-05
-0.361501047 -0.091495455 -0.676681674 0 0 0 6.10351562e-05
0.0546173817 0.429398567 -0.845799994 0 0 0 6.10351562e-05
-0.66044275 -0.417827971 0.228847826 0 0 0 6.10351562e-05
0.643972632 -0.468171549 0.271024906 0 0 0 6.10351562e-05
-0.0916390656 -0.36409198 0.16238474 0 0 0 6.10351562e-05
0.414263469 -0.783052967 -0.0194729486 0 0 0 6.10351562e-05
-0.414512338 -0.687802282 -0.304613483 0 0 0 6.10351562e-05
-0.140992679 0.882367337 -0.0819075956 0 0 0 6.10351562e-05
-0.863030929 -0.265599151 0.156698409 0 0 0 6.10351562e-05
-0.00543196586 -0.315276458 -0.61961966 0 0 0 6.10351562e-05
0.0892351877 0.0590614111 -0.910349649 0 0 0 6.10351562e-05
0.788629197 0.251715206 -0.423327017 0 0 0 6.10351562e-05
-0.496812286 0.516048862 -0.255377751 0 0 0 6.10351562e-05
-0.262019982 -0.478420162 -0.73688888 0 0 0 6.10351562e-05
0.270530336 0.0118073254 0.714651059 0 0 0 6.10351562e-05
0.717063018 0.185546561 0.181021302 0 0 0 6.10351562e-05
-0.305602407 0.856199219 0.215003887 0 0 0 6.10351562e-05
-0.389983116 0.73696118 0.334074872 0 0 0 6.10351562e-05
-0.0916384175 0.152259882 -0.444805085 0 0 0 6.10351562e-05
-0.122609492 0.0698056444 0.224558625 0 0 0 6.10351562e-05
0.467339317 0.495311548 -0.102634111 0 0 0 6.10351562e-05
-0.108870884 0.0697328159 0.697285413 0 0 0 6.10351562e-05
0.00241043464 -0.614772777 -0.324134472 0 0 0 6.10351562e-05
-0.503445828 -0.66255072 0.00915236358 0 0 0 6.10351562e-05
0.212882285 -0.29961302 -0.92423436 0 0 0 6.10351562e-05
0.524715824 0.25083048 0.737514512 0 0 0 6.10351562e-05
-0.860829282 -0.4917173 -0.00639551079 0 0 0 6.10351562e-05
0.190684755 0.294555255 -0.636265765 0 0 0 6.10351562e-05
-0.922272646 0.0829717168 0.168163553 0 0 0 6.10351562e-05
-0.271195422 -0.0833761002 0.540305508 0 0 0 6.10351562e-05
0.920073439 -0.177654216 -0.151297047 0 0 0 6.10351562e-05
-0.126279811 -0.0793916982 -0.203254588 0 0 0 6.10351562e-05
0.00677304467 0.865416298 0.221395634 0 0 0 6.10351562e-05
0.361912182 0.0716635846 -0.107753427 0 0 0 6.10351562e-05
-0.152487889 0.0618924514 0.86767229 0 0 0 6.10351562e-05
0.268135407 0.675537466 -0.513673855 0 0 0 6.10351562e-05
0.265123833 0.0958071115 0.123423173 0 0 0 6.10351562e-05
0.512354143 0.156215731 0.748121771 0 0 0 6.10351562e-05
-0.515146786 0.290945876 0.163747501 0 0 0 6.10351562e-05
0.565043354 0.386969605 0.663915845 0 0 0 6.10351562e-05
0.673300764 -0.648523868 0.0472629771 0 0 0 6.10351562e-05
0.200748895 -0.586329656 0.335035439 0 0 0 6.10351562e-05
0.0595497731 -0.348627723 0.468853057 0 0 0 6.10351562e-05
0.294851293 -0.578964351 -0.180018882 0 0 0 6.10351562e-05
-0.0235895446 0.544118488 0.48763788 0 0 0 6.10351562e-05
-0.432509081 -0.0986526206 0.873729167 0 0 0 6.10351562e-05
-0.503787529 -0.374672885 0.131565907 0 0 0 6.10351562e-05
-0.43375482 0.482169745 -0.313082172 0 0 0 6.10351562e-05
-0.0750210821 -0.918451813 0.183307692 0 0 0 6.10351562e-05
0.0666326827 -0.931362617 -0.128834283 0 0 0 6.10351562e-05
0.000670943829 -0.334900934 -0.743398725 0 0 0 6.10351562e-05
0.0204745133 -0.855151787 -0.169495279 0 0 0 6.10351562e-05
-0.917179378 0.139459146 -0.253951693 0 0 0 6.10351562e-05
0.532135242 0.800587748 0.271142326 0 0 0 6.10351562e-05
-0.948104727 -0.211336398 -0.141403863 0 0 0 6.10351562e-05
0.652545501 5.03611991e-05 0.47878742 0 0 0 6.10351562e-05
-0.395961639 0.233269137 0.418537558 0 0 0 6.10351562e-05
-0.151677447 -0.5337092 0.828585275 0 0 0 6.10351562e-05
0.296047218 -0.903489629 -0.308460232 0 0 0 6.10351562e-05
0.415219744 0.525123015 -0.0212882947 0 0 0 6.10351562e-05
0.372303147 -0.0813675946 -0.705557958 0 0 0 6.10351562e-05
-0.114372708 -0.484585628 -0.152044704 0 0 0 6.10351562e-05
-0.403544885 -0.0915682425 -0.703495443 0 0 0 6.10351562e-05
0.339120601 0.571357497 0.315222515 0 0 0 6.10351562e-05
-0.703285398 -0.0849932872 -0.229653584 0 0 0 6.10351562e-05
-0.498607209 -0.719881599 0.347741472 0 0 0 6.10351562e-05
0.563585334 0.225540717 0.561171444 0 0 0 6.10351562e-05
-0.612929622 -0.0728051726 -0.257799565 0 0 0 6.10351562e-05
-0.376824998 0.0359643081 -0.326231261 0 0 0 6.10351562e-05
0.531720087 0.00856803527 -0.341164052 0 0 0 6.10351562e-05
-0.12232175 -0.0844638977 0.673234005 0 0 0 6.10351562e-05
0.557961846 -0.700091977 0.0287911851 0 0 0 6.10351562e-05
-0.366347554 0.234666727 0.694256327 0 0 0 6.10351562e-05
0.337242401 -0.224675226 0.512282001 0 0 0 6.10351562e-05
0.277122481 0.49821908 0.209433428 0 0 0 6.10351562e-05
-0.526469117 -0.641268239 -0.025268567 0 0 0 6.10351562e-05
-0.157179373 0.573181109 -0.127352374 0 0 0 6.10351562e-05
0.27307146 0.638147107 0.250772125 0 0 0 6.10351562e-05
0.731832188 -0.415308125 0.482319703 0 0 0 6.10351562e-05
0.205054148 0.366197251 -0.023035767 0 0 0 6.10351562e-05
0.678906005 -0.0433110304 -0.0653338352 0 0 0 6.10351562e-05
0.420096608 -0.423783282 0.343885182 0 0 0 6.10351562e-05
-0.496009553 0.169081081 0.351636971 0 0 0 6.10351562e-05
0.578835606 -0.038227893 0.101657461 0 0 0 6.10351562e-05
0.874666871 -0.257896256 0.392109962 0 0 0 6.10351562e-05
-0.421502879 -0.731202564 0.338049377 0 0 0 6.10351562e-05
-0.570988709 0.332378059 0.438902666 0 0 0 6.10351562e-05
0.186380737 -0.0597112352 -0.281617762 0 0 0 6.10351562e-05
0.255224033 0.0632564689 -0.450747566 0 0 0 6.10351562e-05
0.113203812 -0.207476941 -0.00847599439 0 0 0 6.10351562e-05
-0.655421485 0.585141432 -0.188858824 0 0 0 6.10351562e-05
-0.330997417 0.615575943 0.482870176 0 0 0 6.10351562e-05
0.313675001 0.56081275 0.0901931448 0 0 0 6.10351562e-05
0.262026385 -0.202883505 0.230018157 0 0 0 6.10351562e-05
0.293723545 0.176548786 -0.511983454 0 0 0 6.10351562e-05
0.732247198 0.238056406 -0.177318892 0 0 0 6.10351562e-05
0.745453697 0.0487014848 0.502127286 0 0 0 6.10351562e-05
-0.323370881 0.521460707 0.47728828 0 0 0 6.10351562e-05
-0.778244275 -0.519460434 0.0528413637 0 0 0 6.10351562e-05
0.153974475 0.685851978 0.0112405347 0 0 0 6.10351562e-05
0.760109971 -0.296907645 0.215092628 0 0 0 6.10351562e-05
-0.489386597 0.209991475 -0.365498208 0 0 0 6.10351562e-05
-0.195641178 -0.476551516 0.820766299 0 0 0 6.10351562e-05
-0.449216201 0.709846181 0.286688745 0 0 0 6.10351562e-05
-0.133835877 0.865864437 -0.228809258 0 0 0 6.10351562e-05
0.800495713 -0.334188964 -0.278897852 0 0 0 6.10351562e-05
0.120899103 -0.118412083 -0.907269712 0 0 0 6.10351562e-05
-0.108857407 0.327143463 0.551727669 0 0 0 6.10351562e-05
-0.290620612 0.32522667 0.182288966 0 0 0 6.10351562e-05
-0.00285003901 0.583354417 0.0107224892 0 0 0 6.10351562e-05
-0.302624873 0.144927729 -0.772379435 0 0 0 6.10351562e-05
0.147446069 0.11146876 0.425101463 0 0 0 6.10351562e-05
-0.11017452 -0.571976737 0.670549066 0 0 0 6.10351562e-05
-0.802244579 -0.418951662 -0.228159004 0 0 0 6.10351562e-05
0.473079531 -0.0223169564 -0.0425538347 0 0 0 6.10351562e-05
-0.147513185 0.541115199 -0.60371648 0 0 0 6.10351562e-05
0.753643147 0.109099493 0.591366969 0 0 0 6.10351562e-05
-0.222019694 -0.6592123 0.0411677482 0 0 0 6.10351562e-05
-0.263411104 -0.0607932192 0.548263463 0 0 0 6.10351562e-05
0.124149492 0.123984843 0.501220845 0 0 0 6.10351562e-05
0.175696954 -0.330243606 0.618885247 0 0 0 6.10351562e-05
-0.471071427 -0.742830569 0.254567068 0 0 0 6.10351562e-05
-0.504685728 0.763333126 -0.199358389 0 0 0 6.10351562e-05
-0.467350843 0.320192158 0.447331842 0 0 0 6.10351562e-05
-0.719518047 -0.652855863 0.112436249 0 0 0 6.10351562e-05
-0.500449618 -0.645830988 -0.531279338 0 0 0 6.10351562e-05
0.780126414 -0.0527414691 0.486666319 0 0 0 6.10351562e-05
-0.458553826 0.349716312 0.0102494504 0 0 0 6.10351562e-05
-0.239920832 -0.116781062 -0.0583721146 0 0 0 6.10351562e-05
0.752191573 0.097738241 0.478130799 0 0 0 6.10351562e-05
0.546521393 0.617891455 0.0726161046 0 0 0 6.10351562e-05
-0.0659799886 -0.492447706 -0.252428768 0 0 0 6.10351562e-05
-0.549427835 0.361708652 0.294764426 0 0 0 6.10351562e-05
-0.2824757 -0.224108314 0.679152835 0 0 0 6.10351562e-05
-0.391901063 -0.176595429 -0.5578182 0 0 0 6.10351562e-05
-0.619822542 -0.247412363 0.56300072 0 0 0 6.10351562e-05
-0.748656186 -0.452006973 0.0902462239 0 0 0 6.10351562e-05
0.371437105 -0.0211945628 -0.442451462 0 0 0 6.10351562e-05
-0.530707292 0.197533632 0.340108292 0 0 0 6.10351562e-05
0.372747802 -0.0521296223 -0.647694213 0 0 0 6.10351562e-05
-0.716355899 0.371933658 -0.106561384 0 0 0 6.10351562e-05
-0.587201707 -0.151051979 -0.248750224 0 0 0 6.10351562e-05
-0.527138116 -0.167198072 0.0620480558 0 0 0 6.10351562e-05
-0.696784066 0.0207547356 0.10927686 0 0 0 6.10351562e-05
-0.42286493 0.315249406 0.261631165 0 0 0 6.10351562e-05
0.287641078 0.572360094 -0.131647696 0 0 0 6.10351562e-05
-0.0493154657 -0.0442367978 0.00762404943 0 0 0 6.10351562e-05
-0.53411566 -0.358119044 0.394284024 0 0 0 6.10351562e-05
0.27159068 -0.568924877 -0.0320494489 0 0 0 6.10351562e-05
-0.254894078 -0.139981034 -0.350114862 0 0 0 6.10351562e-05
-0.0434722461 -0.198580491 0.10767875 0 0 0 6.10351562e-05
0.321069191 -0.00477121245 0.790459139 0 0 0 6.10351562e-05
-0.209398488 0.356672419 0.723034874 0 0 0 6.10351562e-05
-0.565446135 0.089906038 0.496596788 0 0 0 6.10351562e-05
-0.313130683 0.617826279 -0.605605781 0 0 0 6.10351562e-05
-0.236822296 0.0469784647 -0.219886837 0 0 0 6.10351562e-05
-0.549377963 0.28539026 0.0510246653 0 0 0 6.10351562e-05
-0.580338745 0.573664408 0.402717249 0 0 0 6.10351562e-05
0.574519747 -0.397614494 -0.306597285 0 0 0 6.10351562e-05
0.247511962 0.609265072 0.0783154501 0 0 0 6.10351562e-05
-0.279957518 0.280531547 0.351093597 0 0 0 6.10351562e-05
0.166674769 0.516080331 0.00881571761 0 0 0 6.10351562e-05
-0.237885277 0.0088877349 0.951454703 0 0 0 6.10351562e-05
0.291782857 -0.148936861 0.927652572 0 0 0 6.10351562e-05
-0.696504236 -0.630824961 -0.000497927466 0 0 0 6.10351562e-05
-0.736908954 0.0760526745 0.183322207 0 0 0 6.10351562e-05
0.39334451 -0.4643809 -0.441899157 0 0 0 6.10351562e-05
-0.406103709 -0.854735419 -0.317866921 0 0 0 6.10351562e-05
-0.58998354 0.662960738 -0.0634526616 0 0 0 6.10351562e-05
-0.00669534781 -0.117988308 0.0905887253 0 0 0 6.10351562e-05
0.455168212 -0.459266106 -0.017070797 0 0 0 6.10351562e-05
-0.624319001 -0.369311902 0.373692592 0 0 0 6.10351562e-05
-0.355423729 -0.136300934 -0.258579691 0 0 0 6.10351562e-05
-0.1183383 -0.94818769 -0.093033687 0 0 0 6.10351562e-05
0.25244539 -0.644422947 -0.380041441 0 0 0 6.10351562e-05
-0.836990295 -0.190636888 -0.255274032 0 0 0 6.10351562e-05
-0.391908112 0.427029152 -0.301574252 0 0 0 6.10351562e-05
0.376724309 -0.705330499 0.186356606 0 0 0 6.10351562e-05
-0.00767088769 0.394215884 0.4257822 0 0 0 6.10351562e-05
0.412099591 0.0692719785 -0.275148832 0 0 0 6.10351562e-05
-0.456554415 0.137540213 -0.851232067 0 0 0 6.10351562e-05
-0.0238829046 0.00875830519 -0.46956684 0 0 0 6.10351562e-05
0.135390084 -0.700005388 -0.237143244 0 0 0 6.10351562e-05
-0.641880171 -0.102130319 -0.129171189 0 0 0 6.10351562e-05
0.779724366 -0.529322122 -0.273428846 0 0 0 6.10351562e-05
-0.79161765 0.298579149 -0.448542996 0 0 0 6.10351562e-05
0.0904119825 0.129224216 0.417573745 0 0 0 6.10351562e-05
0.487330025 -0.403100768 0.328571789 0 0 0 6.10351562e-05
0.216738609 -0.393885199 0.366210197 0 0 0 6.10351562e-05
-0.544766275 0.0197761846 0.15791086 0 0 0 6.10351562e-05
-0.533960813 0.138823695 0.0742846427 0 0 0 6.10351562e-05
-0.26457139 0.542060856 0.259284452 0 0 0 6.10351562e-05
0.267014612 0.796411621 0.114941187 0 0 0 6.10351562e-05
-0.346205116 0.697763193 -0.606111197 0 0 0 6.10351562e-05
0.824258578 -0.552421155 -0.0154961778 0 0 0 6.10351562e-05
0.0809708961 0.596022055 -0.618259256 0 0 0 6.10351562e-05
0.248319481 -0.235269409 0.700753571 0 0 0 6.10351562e-05
-0.395817696 0.186011776 0.562884962 0 0 0 6.10351562e-05
-0.0392678357 0.0683208479 0.700268744 0 0 0 6.10351562e-05
-0.341122983 0.484309221 0.298327116 0 0 0 6.10351562e-05
-0.0820694783 0.0475681559 0.786199311 0 0 0 6.10351562e-05
-0.0784063613 0.894988497 0.372157762 0 0 0 6.10351562e-05
-0.778298084 -0.0362958351 -0.167423632 0 0 0 6.10351562e-05
-0.159027513 -0.545966314 -0.711298891 0 0 0 6.10351562e-05
-0.489761448 -0.339154463 0.256613124 0 0 0 6.10351562e-05
0.336005192 0.574727945 0.110872835 0 0 0 6.10351562e-05
-0.67959376 -0.648815822 -0.166638098 0 0 0 6.10351562e-05
0.168614432 -0.789727572 0.0121804874 0 0 0 6.10351562e-05
-0.308827165 -0.192629744 0.15823478 0 0 0 6.10351562e-05
-0.527873924 -0.273590637 0.618545002 0 0 0 6.10351562e-05
0.296288768 0.128224375 -0.35031152 0 0 0 6.10351562e-05
0.630487042 -0.125425646 -0.347456207 0 0 0 6.10351562e-05
-0.816898164 0.284546994 -0.443530231 0 0 0 6.10351562e-05
-0.221132949 -0.424489985 -0.688625653 0 0 0 6.10351562e-05
-0.773262745 -0.445691044 0.190846195 0 0 0 6.10351562e-05
0.0379125527 0.416821438 -0.0400874333 0 0 0 6.10351562e-05
-0.555610956 0.204746938 0.178091215 0 0 0 6.10351562e-05
-0.867756991 -0.0197947774 0.43247022 0 0 0 6.10351562e-05
0.474155949 -0.0623777201 -0.381281021 0 0 0 6.10351562e-05
-0.556616184 -0.610510072 0.0749834717 0 0 0 6.10351562e-05
0.213860826 0.31327504 0.485308169 0 0 0 6.10351562e-05
0.188296574 0.180735855 -0.0392461587 0 0 0 6.10351562e-05
0.556880456 -0.0109382091 -0.256582526 0 0 0 6.10351562e-05
0.00819552002 0.424673973 0.795425555 0 0 0 6.10351562e-05
0.431172056 -0.0889995937 -0.126487273 0 0 0 6.10351562e-05
-0.0740517148 0.169479518 0.181355915 0 0 0 6.10351562e-05
-0.124542758 -0.659978052 -0.199277972 0 0 0 6.10351562e-05
0.194017657 0.924259609 0.29489367 0 0 0 6.10351562e-05
-0.286774399 -0.025988786 -0.00222321525 0 0 0 6.10351562e-05
-0.365004491 0.879774233 0.0941773282 0 0 0 6.10351562e-05
0.708439342 -0.304779845 0.597350072 0 0 0 6.10351562e-05
-0.229029195 0.568104443 0.4429022 0 0 0 6.10351562e-05
0.162776356 0.615056186 0.260505097 0 0 0 6.10351562e-05
-0.961332086 -0.0798641186 0.0380245991 0 0 0 6.10351562e-05
-0.499109206 -0.20883434 -0.347788808 0 0 0 6.10351562e-05
0.607964462 -0.267819343 0.258189832 0 0 0 6.10351562e-05
-0.327082677 -0.0559571826 0.116510362 0 0 0 6.10351562e-05
0.400746126 0.18564565 0.595861669 0 0 0 6.10351562e-05
0.78931065 -0.256404498 -0.0720749874 0 0 0 6.10351562e-05
0.693030843 0.351171071 0.085557601 0 0 0 6.10351562e-05
-0.271165193 -0.0216338508 0.534646477 0 0 0 6.10351562e-05
0.208854163 -0.284991814 -0.761112973 0 0 0 6.10351562e-05
-0.46447291 0.0269937606 -0.595453422 0 0 0 6.10351562e-05
0.107193405 0.136677028 0.362492485 0 0 0 6.10351562e-05
-0.0950420457 -0.0298915397 -0.781709143 0 0 0 6.10351562e-05
-0.140890732 0.564210412 -0.438228122 0 0 0 6.10351562e-05
0.468769289 0.69436295 -0.20650729 0 0 0 6.10351562e-05
0.633407844 -0.182751971 -0.254419437 0 0 0 6.10351562e-05
0.114721309 -0.43424646 -0.35322567 0 0 0 6.10351562e-05
0.00345131168 -0.312691847 0.231798606 0 0 0 6.10351562e-05
0.434401239 -0.063158964 -0.562887328 0 0 0 6.10351562e-05
0.226321158 -0.653656196 -0.692390385 0 0 0 6.10351562e-05
-0.356363909 0.0442539864 0.201316795 0 0 0 6.10351562e-05
-0.123779802 0.632907801 -0.45769883 0 0 0 6.10351562e-05
0.126597642 -0.240090257 0.853605693 0 0 0 6.10351562e-05
-0.668110938 0.68716717 0.0149601146 0 0 0 6.10351562e-05
-0.153453611 0.252859171 -0.558796865 0 0 0 6.10351562e-05
0.820352198 -0.333955904 -0.445649525 0 0 0 6.10351562e-05
-0.640217765 -0.0202863302 0.173444435 0 0 0 6.10351562e-05
0.400348703 -0.399681893 -0.609960471 0 0 0 6.10351562e-05
-0.6564013 -0.180577451 -0.662389044 0 0 0 6.10351562e-05
0.812176641 -0.0948820746 -0.128581654 0 0 0 6.10351562e-05
0.31967326 -0.00701588054 -0.681423436 0 0 0 6.10351562e-05
-0.661347827 0.29800857 0.429115085 0 0 0 6.10351562e-05
-0.183217288 -0.865936928 0.416241206 0 0 0 6.10351562e-05
0.783739074 -0.11235203 -0.253052379 0 0 0 6.10351562e-05
0.877782501 -0.0262252839 0.18594456 0 0 0 6.10351562e-05
-0.0122833003 0.381252987 -0.633188677 0 0 0 6.10351562e-05
0.88797855 0.161949946 0.143453202 0 0 0 6.10351562e-05
0.109435578 0.275832672 -0.0800335941 0 0 0 6.10351562e-05
-0.311605188 -0.707277747 -0.551647004 0 0 0 6.10351562e-05
-0.384125913 -0.668645582 0.468340497 0 0 0 6.10351562e-05
0.896101206 -0.0934276605 0.195327922 0 0 0 6.10351562e-05
0.246611906 0.126747511 -0.889676178 0 0 0 6.10351562e-05
-0.47188865 0.346739072 -0.231127053 0 0 0 6.10351562e-05
0.462056874 0.810612303 0.272647431 0 0 0 6.10351562e-05
-0.424274268 0.646864186 0.397561114 0 0 0 6.10351562e-05
-0.370811859 -0.603399398 -0.586827696 0 0 0 6.10351562e-05
-0.479743067 0.275687379 0.376186756 0 0 0 6.10351562e-05
-0.496558734 -0.635129958 -0.0795869605 0 0 0 6.10351562e-05
0.962366903 -0.0123603392 0.0486208543 0 0 0 6.10351562e-05
-0.334587089 -0.322297633 -0.418992756 0 0 0 6.10351562e-05
-0.376891381 0.777741844 -0.168376915 0 0 0 6.10351562e-05
-0.183744935 -0.711317415 -0.354095156 0 0 0 6.10351562e-05
-0.756720477 0.297096333 0.319730871 0 0 0 6.10351562e-05
-0.554098136 -0.639148984 -0.163927451 0 0 0 6.10351562e-05
-0.08427217 -0.615368713 0.738890192 0 0 0 6.10351562e-05
-0.34818914 -0.161340661 -0.867698718 0 0 0 6.10351562e-05
0.488626292 -0.595623 -0.488692356 0 0 0 6.10351562e-05
0.233370245 0.404867815 0.86776248 0 0 0 6.10351562e-05
0.594073302 0.441039008 -0.361226908 0 0 0 6.10351562e-05
-0.0289280918 0.887219289 -0.0765303259 0 0 0 6.10351562e-05
-0.000924149266 0.437870993 0.118172716 0 0 0 6.10351562e-05
-0.253070917 -0.162329037 0.528362334 0 0 0 6.10351562e-05
-0.879505616 -0.231504855 0.343060739 0 0 0 6.10351562e-05
0.813629326 0.301111843 0.357219009 0 0 0 6.10351562e-05
0.662069021 -0.0951766318 0.224561121 0 0 0 6.10351562e-05
0.153651149 0.487210798 0.704867674 0 0 0 6.10351562e-05
-0.881072853 -0.113152997 0.111403269 0 0 0 6.10351562e-05
0.44210062 -0.549937938 -0.125720397 0 0 0 6.10351562e-05
-0.464654338 -0.437728577 0.531625521 0 0 0 6.10351562e-05
-0.391794932 0.730142406 0.483156948 0 0 0 6.10351562e-05
-0.248486711 -0.153455683 -0.153010225 0 0 0 6.10351562e-05
0.348260116 0.137118956 -0.739380831 0 0 0 6.10351562e-05
0.0460231493 -0.000135900774 0.333785653 0 0 0 6.10351562e-05
0.411773978 0.390279663 -0.170000066 0 0 0 6.10351562e-05
0.681102192 -0.724293354 0.0337828036 0 0 0 6.10351562e-05
-0.668226333 -0.595466348 -0.100384055 0 0 0 6.10351562e-05
0.366261523 -0.41154622 0.733907401 0 0 0 6.10351562e-05
-0.605817294 -0.15459603 0.412961834 0 0 0 6.10351562e-05
-0.140349691 0.515348853 0.344660729 0 0 0 6.10351562e-05
0.0789964194 -0.784992896 -0.472416207 0 0 0 6.10351562e-05
0.904998599 -0.238326107 0.331151123 0 0 0 6.10351562e-05
0.0893056555 -0.628314418 0.654032787 0 0 0 6.10351562e-05
0.0245187623 0.691067015 0.455631942 0 0 0 6.10351562e-05
0.517747362 -0.40213552 -0.58182589 0 0 0 6.10351562e-05
-0.742187883 0.00248382911 0.489722521 0 0 0 6.10351562e-05
0.406935729 -0.641871865 0.54680162 0 0 0 6.10351562e-05
-0.274282854 -0.668233762 0.185861862 0 0 0 6.10351562e-05
-0.35929525 0.205958 -0.480824229 0 0 0 6.10351562e-05
0.0216703163 0.276945465 0.848506657 0 0 0 6.10351562e-05
-0.407836403 0.379993088 -0.684273156 0 0 0 6.10351562e-05
-0.775091303 -0.0756001469 -0.261177977 0 0 0 6.10351562e-05
-0.709599381 -0.348767922 0.167828953 0 0 0 6.10351562e-05
0.00400675624 -0.438006474 -0.73647028 0 0 0 6.10351562e-05
0.403144248 -0.221351516 -0.218219527 0 0 0 6.10351562e-05
-0.643235093 -0.200651357 -0.264160988 0 0 0 6.10351562e-05
0.62243931 0.0978643306 -0.260371912 0 0 0 6.10351562e-05
0.846180298 -0.289884946 -0.368968349 0 0 0 6.10351562e-05
0.223328037 0.546554814 0.400529474 0 0 0 6.10351562e-05
0.610171864 -0.534410583 0.149254537 0 0 0 6.10351562e-05
0.378062828 -0.798991993 -0.285889593 0 0 0 6.10351562e-05
-0.327416332 0.577438048 0.0163361818 0 0 0 6.10351562e-05
-0.556227923 0.218633436 -0.251276327 0 0 0 6.10351562e-05
-0.295482988 0.0825758268 0.93242698 0 0 0 6.10351562e-05
-0.0480917623 -0.29792591 -0.11780593 0 0 0 6.10351562e-05
-0.227933179 0.905223547 0.12288357 0 0 0 6.10351562e-05
0.119661377 -0.219558153 0.776432913 0 0 0 6.10351562e-05
-0.724391628 -0.382333435 -0.442133958 0 0 0 6.10351562e-05
-0.380668316 0.497850357 -0.167621816 0 0 0 6.10351562e-05
0.169351827 -0.192220715 0.897734296 0 0 0 6.10351562e-05
-0.79902698 0.487742786 0.296815102 0 0 0 6.10351562e-05
0.619888231 -0.39177484 0.194945457 0 0 0 6.10351562e-05
0.68767277 0.0310251379 0.229515932 0 0 0 6.10351562e-05
-0.0130543296 -0.464057338 0.864621148 0 0 0 6.10351562e-05
0.617912091 0.45460064 0.406486735 0 0 0 6.10351562e-05
0.244390835 0.121618209 0.878186893 0 0 0 6.10351562e-05
-0.329317583 0.686204778 -0.588970125 0 0 0 6.10351562e-05
0.642182579 -0.225400858 0.141373588 0 0 0 6.10351562e-05
-0.373691674 0.687880585 -0.586849299 0 0 0 6.10351562e-05
0.133979822 0.78101188 0.558488238 0 0 0 6.10351562e-05
0.116309394 0.031537549 -0.286839722 0 0 0 6.10351562e-05
-0.507090453 0.0215742416 0.346665347 0 0 0 6.10351562e-05
0.800636826 -0.587148502 -0.00125121605 0 0 0 6.10351562e-05
0.441867988 0.157440047 -0.0727072865 0 0 0 6.10351562e-05
0.682614245 -0.512241645 -0.254106583 0 0 0 6.10351562e-05
-0.817049506 -0.135344192 0.19677232 0 0 0 6.10351562e-05
-0.153987752 -0.70770264 0.626007167 0 0 0 6.10351562e-05
-0.833676819 0.28026257 0.168232111 0 0 0 6.10351562e-05
0.335426229 -0.64105391 0.63884833 0 0 0 6.10351562e-05
0.276847762 -0.0275298669 0.765305627 0 0 0 6.10351562e-05
-0.556403255 0.376262823 0.257335689 0 0 0 6.10351562e-05
-0.472194724 0.473877514 0.3073569 0 0 0 6.10351562e-05
-0.0124401346 -0.100084508 -0.10023982 0 0 0 6.10351562e-05
0.206254276 -0.088512194 -0.214230723 0 0 0 6.10351562e-05
-0.656108413 -0.153044824 0.1854858 0 0 0 6.10351562e-05
0.0839748019 -0.092568654 -0.733016301 0 0 0 6.10351562e-05
0.371883662 0.268530513 -0.236893752 0 0 0 6.10351562e-05
-0.404431535 -0.471727554 -0.292553797 0 0 0 6.10351562e-05
-0.206841936 -0.0306670901 -0.701082147 0 0 0 6.10351562e-05
0.60527339 -0.298651777 0.565904797 0 0 0 6.10351562e-05
-0.512704424 0.629560899 0.445081577 0 0 0 6.10351562e-05
-0.513256309 -0.643428995 0.496822735 0 0 0 6.10351562e-05
-0.435295968 -0.605718535 0.585057832 0 0 0 6.10351562e-05
-0.418107611 -0.794184182 -0.398869996 0 0 0 6.10351562e-05
0.548973398 0.290298286 -0.742795161 0 0 0 6.10351562e-05
-0.42482217 0.482339501 -0.282765238 0 0 0 6.10351562e-05
-0.416567088 0.485821151 0.316419749 0 0 0 6.10351562e-05
-0.020160114 -0.345705258 0.0855344544 0 0 0 6.10351562e-05
0.338866558 -0.577263352 -0.0402452069 0 0 0 6.10351562e-05
0.814960902 -0.14205416 -0.303185863 0 0 0 6.10351562e-05
0.321150928 -0.237501008 0.895207971 0 0 0 6.10351562e-05
0.414637513 0.493220348 0.013642386 0 0 0 6.10351562e-05
-0.104585211 0.55428436 -0.64170647 0 0 0 6.10351562e-05
-0.669290132 -0.350453277 0.403680347 0 0 0 6.10351562e-05
-0.0290866202 0.503150213 -0.0147108244 0 0 0 6.10351562e-05
-0.33421544 -0.558606797 -0.460745832 0 0 0 6.10351562e-05
0.197655664 0.355478346 0.314246265 0 0 0 6.10351562e-05
